datetime,open_interest
2024-06-13 04:00:00,61591.14
2024-06-13 05:00:00,61642.711
2024-06-13 06:00:00,61383.38
2024-06-13 07:00:00,61431.415
2024-06-13 08:00:00,62354.796
2024-06-13 09:00:00,62890.996
2024-06-13 10:00:00,63484.43
2024-06-13 11:00:00,63454.683
2024-06-13 12:00:00,63834.485
2024-06-13 13:00:00,63646.981
2024-06-13 14:00:00,63645.218
2024-06-13 15:00:00,63898.549
2024-06-13 16:00:00,63892.542
2024-06-13 17:00:00,63582.934
2024-06-13 18:00:00,63427.545
2024-06-13 19:00:00,63468.457
2024-06-13 20:00:00,63650.563
2024-06-13 21:00:00,64145.15
2024-06-13 22:00:00,63977.856
2024-06-13 23:00:00,64100.564
2024-06-14 00:00:00,64222.277
2024-06-14 01:00:00,63945.09
2024-06-14 02:00:00,63392.911
2024-06-14 03:00:00,63393.831
2024-06-14 04:00:00,63343.87
2024-06-14 05:00:00,63610.629
2024-06-14 06:00:00,63539.902
2024-06-14 07:00:00,63560.583
2024-06-14 08:00:00,63640.915
2024-06-14 09:00:00,63878.805
2024-06-14 10:00:00,63771.606
2024-06-14 11:00:00,64006.971
2024-06-14 12:00:00,64003.903
2024-06-14 13:00:00,63807.922
2024-06-14 14:00:00,64240.207
2024-06-14 15:00:00,64095.64
2024-06-14 16:00:00,64176.8
2024-06-14 17:00:00,65128.169
2024-06-14 18:00:00,65454.729
2024-06-14 19:00:00,65245.647
2024-06-14 20:00:00,64891.403
2024-06-14 21:00:00,64248.091
2024-06-14 22:00:00,64109.965
2024-06-14 23:00:00,64244.386
2024-06-15 00:00:00,64868.914
2024-06-15 01:00:00,64722.422
2024-06-15 02:00:00,63231.726
2024-06-15 03:00:00,63060.096
2024-06-15 04:00:00,63302.834
2024-06-15 05:00:00,63082.274
2024-06-15 06:00:00,63184.402
2024-06-15 07:00:00,63142.7
2024-06-15 08:00:00,63318.265
2024-06-15 09:00:00,63832.858
2024-06-15 10:00:00,63888.588
2024-06-15 11:00:00,64019.844
2024-06-15 12:00:00,64283.872
2024-06-15 13:00:00,64220.743
2024-06-15 14:00:00,64368.019
2024-06-15 15:00:00,64303.389
2024-06-15 16:00:00,64313.801
2024-06-15 17:00:00,64301.237
2024-06-15 18:00:00,64180.637
2024-06-15 19:00:00,64208.102
2024-06-15 20:00:00,64435.069
2024-06-15 21:00:00,64337.884
2024-06-15 22:00:00,64317.121
2024-06-15 23:00:00,64321.027
2024-06-16 00:00:00,64268.727
2024-06-16 01:00:00,64305.972
2024-06-16 02:00:00,64307.127
2024-06-16 03:00:00,64303.829
2024-06-16 04:00:00,64037.922
2024-06-16 05:00:00,64049.146
2024-06-16 06:00:00,64064.153
2024-06-16 07:00:00,64062.299
2024-06-16 08:00:00,64126.309
2024-06-16 09:00:00,64041.871
2024-06-16 10:00:00,64066.647
2024-06-16 11:00:00,64061.365
2024-06-16 12:00:00,64170.097
2024-06-16 13:00:00,64153.414
2024-06-16 14:00:00,64277.891
2024-06-16 15:00:00,63963.14
2024-06-16 16:00:00,63893.066
2024-06-16 17:00:00,63932.355
2024-06-16 18:00:00,64154.049
2024-06-16 19:00:00,64248.801
2024-06-16 20:00:00,64122.79
2024-06-16 21:00:00,64272.34
2024-06-16 22:00:00,64331.212
2024-06-16 23:00:00,64308.99
2024-06-17 00:00:00,64500.018
2024-06-17 01:00:00,64394.264
2024-06-17 02:00:00,64262.718
2024-06-17 03:00:00,64482.154
2024-06-17 04:00:00,64295.206
2024-06-17 05:00:00,64056.299
2024-06-17 06:00:00,64048.629
2024-06-17 07:00:00,63640.118
2024-06-17 08:00:00,63606.477
2024-06-17 09:00:00,64238.755
2024-06-17 10:00:00,64329.416
2024-06-17 11:00:00,63785.743
2024-06-17 12:00:00,63383.483
2024-06-17 13:00:00,63461.391
2024-06-17 14:00:00,63234.675
2024-06-17 15:00:00,63694.453
2024-06-17 16:00:00,63961.271
2024-06-17 17:00:00,63965.234
2024-06-17 18:00:00,64165.197
2024-06-17 19:00:00,64000.852
2024-06-17 20:00:00,63886.786
2024-06-17 21:00:00,63969.288
2024-06-17 22:00:00,63521.979
2024-06-17 23:00:00,63833.602
2024-06-18 00:00:00,63399.606
2024-06-18 01:00:00,63738.115
2024-06-18 02:00:00,63351.69
2024-06-18 03:00:00,63531.035
2024-06-18 04:00:00,63539.661
2024-06-18 05:00:00,62071.639
2024-06-18 06:00:00,61689.814
2024-06-18 07:00:00,62304.19
2024-06-18 08:00:00,62842.586
2024-06-18 09:00:00,62786.399
2024-06-18 10:00:00,63053.835
2024-06-18 11:00:00,63546.226
2024-06-18 12:00:00,63259.857
2024-06-18 13:00:00,63271.806
2024-06-18 14:00:00,62963.17
2024-06-18 15:00:00,62700.048
2024-06-18 16:00:00,62651.415
2024-06-18 17:00:00,62893.298
2024-06-18 18:00:00,63671.379
2024-06-18 19:00:00,63323.281
2024-06-18 20:00:00,63863.313
2024-06-18 21:00:00,63979.619
2024-06-18 22:00:00,64170.126
2024-06-18 23:00:00,64195.018
2024-06-19 00:00:00,63382.655
2024-06-19 01:00:00,63890.37
2024-06-19 02:00:00,63882.718
2024-06-19 03:00:00,63998.857
2024-06-19 04:00:00,64016.365
2024-06-19 05:00:00,64188.929
2024-06-19 06:00:00,64455.974
2024-06-19 07:00:00,64477.071
2024-06-19 08:00:00,64467.512
2024-06-19 09:00:00,64108.902
2024-06-19 10:00:00,64352.41
2024-06-19 11:00:00,64459.985
2024-06-19 12:00:00,65666.75199999
2024-06-19 13:00:00,65827.609
2024-06-19 14:00:00,65680.84
2024-06-19 15:00:00,65229.934
2024-06-19 16:00:00,64638.283
2024-06-19 17:00:00,64939.731
2024-06-19 18:00:00,65073.103
2024-06-19 19:00:00,65170.063
2024-06-19 20:00:00,65563.383
2024-06-19 21:00:00,65539.061
2024-06-19 22:00:00,65449.87
2024-06-19 23:00:00,65338.659
2024-06-20 00:00:00,65429.974
2024-06-20 01:00:00,65656.846
2024-06-20 02:00:00,65395.22
2024-06-20 03:00:00,65360.988
2024-06-20 04:00:00,65438.165
2024-06-20 05:00:00,65421.347
2024-06-20 06:00:00,65316.17
2024-06-20 07:00:00,65267.661
2024-06-20 08:00:00,65211.116
2024-06-20 09:00:00,65195.896
2024-06-20 10:00:00,65131.136
2024-06-20 11:00:00,65080.229
2024-06-20 12:00:00,64781.54
2024-06-20 13:00:00,64660.663
2024-06-20 14:00:00,64851.038
2024-06-20 15:00:00,64170.518
2024-06-20 16:00:00,64632.022
2024-06-20 17:00:00,65036.753
2024-06-20 18:00:00,65389.771
2024-06-20 19:00:00,65285.827
2024-06-20 20:00:00,65916.85799999
2024-06-20 21:00:00,65528.796
2024-06-20 22:00:00,65638.2
2024-06-20 23:00:00,65343.097
2024-06-21 00:00:00,65557.144
2024-06-21 01:00:00,65393.251
2024-06-21 02:00:00,65239.559
2024-06-21 03:00:00,64938.961
2024-06-21 04:00:00,65241.028
2024-06-21 05:00:00,65314.802
2024-06-21 06:00:00,65633.004
2024-06-21 07:00:00,65884.947
2024-06-21 08:00:00,65433.813
2024-06-21 09:00:00,66298.865
2024-06-21 10:00:00,66314.914
2024-06-21 11:00:00,65971.35099999
2024-06-21 12:00:00,67043.444
2024-06-21 13:00:00,65389.634
2024-06-21 14:00:00,64697.442
2024-06-21 15:00:00,65105.888
2024-06-21 16:00:00,65165.1
2024-06-21 17:00:00,65666.69
2024-06-21 18:00:00,67143.52499999
2024-06-21 19:00:00,66093.455
2024-06-21 20:00:00,65786.464
2024-06-21 21:00:00,66075.341
2024-06-21 22:00:00,66118.96799999
2024-06-21 23:00:00,65406.842
2024-06-22 00:00:00,65675.297
2024-06-22 01:00:00,65160.667
2024-06-22 02:00:00,65180.472
2024-06-22 03:00:00,65091.372
2024-06-22 04:00:00,65102.665
2024-06-22 05:00:00,64794.065
2024-06-22 06:00:00,64637.886
2024-06-22 07:00:00,64811.139
2024-06-22 08:00:00,64779.552
2024-06-22 09:00:00,64757.724
2024-06-22 10:00:00,64744.952
2024-06-22 11:00:00,64727.93
2024-06-22 12:00:00,64681.437
2024-06-22 13:00:00,64856.701
2024-06-22 14:00:00,65034.642
2024-06-22 15:00:00,65064.458
2024-06-22 16:00:00,65177.702
2024-06-22 17:00:00,65202.132
2024-06-22 18:00:00,65221.849
2024-06-22 19:00:00,65147.711
2024-06-22 20:00:00,65217.561
2024-06-22 21:00:00,65288.098
2024-06-22 22:00:00,65374.361
2024-06-22 23:00:00,65296.342
2024-06-23 00:00:00,65165.926
2024-06-23 01:00:00,65202.086
2024-06-23 02:00:00,65077.41
2024-06-23 03:00:00,65131.798
2024-06-23 04:00:00,65167.351
2024-06-23 05:00:00,65279.254
2024-06-23 06:00:00,65686.50999999
2024-06-23 07:00:00,65764.258
2024-06-23 08:00:00,65930.056
2024-06-23 09:00:00,65981.577
2024-06-23 10:00:00,65996.339
2024-06-23 11:00:00,65893.99
2024-06-23 12:00:00,65847.416
2024-06-23 13:00:00,65915.205
2024-06-23 14:00:00,65908.84699999
2024-06-23 15:00:00,65908.019
2024-06-23 16:00:00,65872.13499999
2024-06-23 17:00:00,65834.928
2024-06-23 18:00:00,65917.307
2024-06-23 19:00:00,66258.662
2024-06-23 20:00:00,66456.546
2024-06-23 21:00:00,66319.155
2024-06-23 22:00:00,66239.432
2024-06-23 23:00:00,66275.186
2024-06-24 00:00:00,66324.327
2024-06-24 01:00:00,65944.855
2024-06-24 02:00:00,66304.86599999
2024-06-24 03:00:00,66620.537
2024-06-24 04:00:00,65796.952
2024-06-24 05:00:00,66245.806
2024-06-24 06:00:00,66343.75599999
2024-06-24 07:00:00,66019.672
2024-06-24 08:00:00,66291.84299999
2024-06-24 09:00:00,66776.33199999
2024-06-24 10:00:00,66041.507
2024-06-24 11:00:00,66308.102
2024-06-24 12:00:00,66920.605
2024-06-24 13:00:00,67674.659
2024-06-24 14:00:00,65392.471
2024-06-24 15:00:00,65881.645
2024-06-24 16:00:00,66143.268
2024-06-24 17:00:00,65801.3
2024-06-24 18:00:00,65758.187
2024-06-24 19:00:00,66729.339
2024-06-24 20:00:00,66267.049
2024-06-24 21:00:00,65829.306
2024-06-24 22:00:00,66062.675
2024-06-24 23:00:00,65590.016
2024-06-25 00:00:00,64763.586
2024-06-25 01:00:00,64168.748
2024-06-25 02:00:00,64296.918
2024-06-25 03:00:00,64293.516
2024-06-25 04:00:00,64199.099
2024-06-25 05:00:00,63825.969
2024-06-25 06:00:00,63880.648
2024-06-25 07:00:00,63672.488
2024-06-25 08:00:00,63504.134
2024-06-25 09:00:00,63698.161
2024-06-25 10:00:00,63369.914
2024-06-25 11:00:00,63661.186
2024-06-25 12:00:00,65006.043
2024-06-25 13:00:00,65616.014
2024-06-25 14:00:00,64746.98
2024-06-25 15:00:00,64859.012
2024-06-25 16:00:00,64759.095
2024-06-25 17:00:00,64827.242
2024-06-25 18:00:00,64529.815
2024-06-25 19:00:00,64079.03
2024-06-25 20:00:00,64354.586
2024-06-25 21:00:00,64671.264
2024-06-25 22:00:00,64846.753
2024-06-25 23:00:00,65101.077
2024-06-26 00:00:00,65246.105
2024-06-26 01:00:00,65259.203
2024-06-26 02:00:00,64687.991
2024-06-26 03:00:00,64749.878
2024-06-26 04:00:00,64258.319
2024-06-26 05:00:00,64447.601
2024-06-26 06:00:00,64478.348
2024-06-26 07:00:00,64603.611
2024-06-26 08:00:00,64698.99
2024-06-26 09:00:00,65932.217
2024-06-26 10:00:00,65632.672
2024-06-26 11:00:00,65688.422
2024-06-26 12:00:00,65793.25
2024-06-26 13:00:00,65506.352
2024-06-26 14:00:00,65946.97199999
2024-06-26 15:00:00,66241.412
2024-06-26 16:00:00,66298.62699999
2024-06-26 17:00:00,66170.45
2024-06-26 18:00:00,66043.84
2024-06-26 19:00:00,65658.395
2024-06-26 20:00:00,66107.028
2024-06-26 21:00:00,67063.97199999
2024-06-26 22:00:00,65570.008
2024-06-26 23:00:00,65505.863
2024-06-27 00:00:00,65109.491
2024-06-27 01:00:00,65393.011
2024-06-27 02:00:00,65184.043
2024-06-27 03:00:00,64944.611
2024-06-27 04:00:00,64871.555
2024-06-27 05:00:00,64949.463
2024-06-27 06:00:00,65256.906
2024-06-27 07:00:00,65042.634
2024-06-27 08:00:00,64613.353
2024-06-27 09:00:00,64562.785
2024-06-27 10:00:00,64066.407
2024-06-27 11:00:00,64823.061
2024-06-27 12:00:00,64979.738
2024-06-27 13:00:00,65444.938
2024-06-27 14:00:00,65002.399
2024-06-27 15:00:00,65027.122
2024-06-27 16:00:00,65110.029
2024-06-27 17:00:00,65120.747
2024-06-27 18:00:00,64337.44
2024-06-27 19:00:00,65048.535
2024-06-27 20:00:00,64726.759
2024-06-27 21:00:00,64586.506
2024-06-27 22:00:00,64782.019
2024-06-27 23:00:00,64543.819
2024-06-28 00:00:00,63835.501
2024-06-28 01:00:00,63975.78
2024-06-28 02:00:00,64004.016
2024-06-28 03:00:00,64080.233
2024-06-28 04:00:00,64364.056
2024-06-28 05:00:00,64479.753
2024-06-28 06:00:00,64300.585
2024-06-28 07:00:00,64143.26
2024-06-28 08:00:00,64135.915
2024-06-28 09:00:00,64319.929
2024-06-28 10:00:00,64458.039
2024-06-28 11:00:00,64604.31
2024-06-28 12:00:00,64028.459
2024-06-28 13:00:00,64310.261
2024-06-28 14:00:00,64439.996
2024-06-28 15:00:00,64464.783
2024-06-28 16:00:00,63975.278
2024-06-28 17:00:00,64535.991
2024-06-28 18:00:00,64598.753
2024-06-28 19:00:00,64526.365
2024-06-28 20:00:00,65289.346
2024-06-28 21:00:00,65731.09
2024-06-28 22:00:00,65739.865
2024-06-28 23:00:00,65963.852
2024-06-29 00:00:00,65846.281
2024-06-29 01:00:00,65971.018
2024-06-29 02:00:00,65828.888
2024-06-29 03:00:00,65795.432
2024-06-29 04:00:00,65755.675
2024-06-29 05:00:00,65765.906
2024-06-29 06:00:00,66032.887
2024-06-29 07:00:00,66220.678
2024-06-29 08:00:00,66115.095
2024-06-29 09:00:00,66016.14999999
2024-06-29 10:00:00,66011.335
2024-06-29 11:00:00,66090.482
2024-06-29 12:00:00,65784.103
2024-06-29 13:00:00,65621.414
2024-06-29 14:00:00,65668.19899999
2024-06-29 15:00:00,65657.269
2024-06-29 16:00:00,65772.096
2024-06-29 17:00:00,65653.458
2024-06-29 18:00:00,65752.545
2024-06-29 19:00:00,66006.85799999
2024-06-29 20:00:00,66057.562
2024-06-29 21:00:00,65830.151
2024-06-29 22:00:00,65806.047
2024-06-29 23:00:00,65845.906
2024-06-30 00:00:00,65845.356
2024-06-30 01:00:00,65795.629
2024-06-30 02:00:00,65937.314
2024-06-30 03:00:00,65948.81
2024-06-30 04:00:00,65884.06299999
2024-06-30 05:00:00,66024.687
2024-06-30 06:00:00,65964.879
2024-06-30 07:00:00,65872.386
2024-06-30 08:00:00,66072.33199999
2024-06-30 09:00:00,66112.527
2024-06-30 10:00:00,66218.45
2024-06-30 11:00:00,66834.10099999
2024-06-30 12:00:00,66422.504
2024-06-30 13:00:00,66590.10099999
2024-06-30 14:00:00,66253.456
2024-06-30 15:00:00,66585.083
2024-06-30 16:00:00,67031.70699999
2024-06-30 17:00:00,67213.841
2024-06-30 18:00:00,67676.45299999
2024-06-30 19:00:00,67584.977
2024-06-30 20:00:00,67839.986
2024-06-30 21:00:00,67788.46
2024-06-30 22:00:00,67967.182
2024-06-30 23:00:00,67355.644
2024-07-01 00:00:00,67667.567
2024-07-01 01:00:00,67162.527
2024-07-01 02:00:00,66449.706
2024-07-01 03:00:00,67587.693
2024-07-01 04:00:00,67336.30499999
2024-07-01 05:00:00,66762.43799999
2024-07-01 06:00:00,65925.905
2024-07-01 07:00:00,65307.012
2024-07-01 08:00:00,65529.509
2024-07-01 09:00:00,65221.842
2024-07-01 10:00:00,65310.726
2024-07-01 11:00:00,65654.967
2024-07-01 12:00:00,66224.838
2024-07-01 13:00:00,65892.585
2024-07-01 14:00:00,65785.637
2024-07-01 15:00:00,65719.194
2024-07-01 16:00:00,66079.926
2024-07-01 17:00:00,65800.42999999
2024-07-01 18:00:00,66035.02899999
2024-07-01 19:00:00,66069.59
2024-07-01 20:00:00,66078.182
2024-07-01 21:00:00,66672.907
2024-07-01 22:00:00,66400.725
2024-07-01 23:00:00,65896.20299999
2024-07-02 00:00:00,65387.087
2024-07-02 01:00:00,65251.99
2024-07-02 02:00:00,64818.016
2024-07-02 03:00:00,64483.645
2024-07-02 04:00:00,65302.637
2024-07-02 05:00:00,65543.038
2024-07-02 06:00:00,65443.29
2024-07-02 07:00:00,65434.891
2024-07-02 08:00:00,65552.97599999
2024-07-02 09:00:00,65757.83
2024-07-02 10:00:00,65832.289
2024-07-02 11:00:00,65632.998
2024-07-02 12:00:00,65301.569
2024-07-02 13:00:00,65576.791
2024-07-02 14:00:00,65845.315
2024-07-02 15:00:00,66173.522
2024-07-02 16:00:00,66258.849
2024-07-02 17:00:00,66303.215
2024-07-02 18:00:00,66307.217
2024-07-02 19:00:00,67264.292
2024-07-02 20:00:00,67002.431
2024-07-02 21:00:00,67128.16499999
2024-07-02 22:00:00,67346.94
2024-07-02 23:00:00,66492.955
2024-07-03 00:00:00,65745.49
2024-07-03 01:00:00,65679.49099999
2024-07-03 02:00:00,67061.761
2024-07-03 03:00:00,67273.114
2024-07-03 04:00:00,67428.728
2024-07-03 05:00:00,67605.14
2024-07-03 06:00:00,67197.143
2024-07-03 07:00:00,67684.03
2024-07-03 08:00:00,66187.925
2024-07-03 09:00:00,66431.075
2024-07-03 10:00:00,66729.897
2024-07-03 11:00:00,66155.907
2024-07-03 12:00:00,66308.482
2024-07-03 13:00:00,66156.783
2024-07-03 14:00:00,66493.507
2024-07-03 15:00:00,64870.021
2024-07-03 16:00:00,65295.417
2024-07-03 17:00:00,66232.621
2024-07-03 18:00:00,66288.158
2024-07-03 19:00:00,66212.868
2024-07-03 20:00:00,65688.148
2024-07-03 21:00:00,65607.97599999
2024-07-03 22:00:00,65497.425
2024-07-03 23:00:00,65497.353
2024-07-04 00:00:00,66017.65399999
2024-07-04 01:00:00,66196.009
2024-07-04 02:00:00,66063.167
2024-07-04 03:00:00,66078.283
2024-07-04 04:00:00,65853.564
2024-07-04 05:00:00,66072.149
2024-07-04 06:00:00,63319.322
2024-07-04 07:00:00,63058.29
2024-07-04 08:00:00,63236.217
2024-07-04 09:00:00,63778.666
2024-07-04 10:00:00,63745.889
2024-07-04 11:00:00,63200.845
2024-07-04 12:00:00,64460.067
2024-07-04 13:00:00,64163.613
2024-07-04 14:00:00,63294.096
2024-07-04 15:00:00,62952.41
2024-07-04 16:00:00,62579.704
2024-07-04 17:00:00,62647.445
2024-07-04 18:00:00,61802.735
2024-07-04 19:00:00,62581.026
2024-07-04 20:00:00,62618.19
2024-07-04 21:00:00,62768.001
2024-07-04 22:00:00,63142.268
2024-07-04 23:00:00,62633.683
2024-07-05 00:00:00,62364.901
2024-07-05 01:00:00,62152.121
2024-07-05 02:00:00,62410.409
2024-07-05 03:00:00,62122.724
2024-07-05 04:00:00,60905.946
2024-07-05 05:00:00,60921.37
2024-07-05 06:00:00,61172.535
2024-07-05 07:00:00,59156.794
2024-07-05 08:00:00,59051.52
2024-07-05 09:00:00,56698.281
2024-07-05 10:00:00,56299.316
2024-07-05 11:00:00,55487.523
2024-07-05 12:00:00,55723.503
2024-07-05 13:00:00,55374.082
2024-07-05 14:00:00,56056.187
2024-07-05 15:00:00,55502.092
2024-07-05 16:00:00,54850.187
2024-07-05 17:00:00,54750.548
2024-07-05 18:00:00,54888.318
2024-07-05 19:00:00,54983.28
2024-07-05 20:00:00,54402.356
2024-07-05 21:00:00,54908.95
2024-07-05 22:00:00,55262.25
2024-07-05 23:00:00,54712.878
2024-07-06 00:00:00,54756.393
2024-07-06 01:00:00,54706.724
2024-07-06 02:00:00,54440.315
2024-07-06 03:00:00,54733.744
2024-07-06 04:00:00,54919.995
2024-07-06 05:00:00,54970.152
2024-07-06 06:00:00,55016.558
2024-07-06 07:00:00,55019.173
2024-07-06 08:00:00,54985.321
2024-07-06 09:00:00,54830.136
2024-07-06 10:00:00,54793.597
2024-07-06 11:00:00,54809.982
2024-07-06 12:00:00,54734.427
2024-07-06 13:00:00,54800.859
2024-07-06 14:00:00,55022.901
2024-07-06 15:00:00,55094.282
2024-07-06 16:00:00,55265.064
2024-07-06 17:00:00,55197.159
2024-07-06 18:00:00,55251.519
2024-07-06 19:00:00,55391.911
2024-07-06 20:00:00,55475.329
2024-07-06 21:00:00,56029.095
2024-07-06 22:00:00,56132.483
2024-07-06 23:00:00,56049.184
2024-07-07 00:00:00,56325.945
2024-07-07 01:00:00,56258.346
2024-07-07 02:00:00,56417.271
2024-07-07 03:00:00,56600.238
2024-07-07 04:00:00,57119.53
2024-07-07 05:00:00,57378.51
2024-07-07 06:00:00,57082.718
2024-07-07 07:00:00,56710.192
2024-07-07 08:00:00,57088.84
2024-07-07 09:00:00,56444.066
2024-07-07 10:00:00,56442.06
2024-07-07 11:00:00,56589.573
2024-07-07 12:00:00,56388.62
2024-07-07 13:00:00,57472.722
2024-07-07 14:00:00,57696.829
2024-07-07 15:00:00,57359.397
2024-07-07 16:00:00,56930.289
2024-07-07 17:00:00,56797.303
2024-07-07 18:00:00,57273.098
2024-07-07 19:00:00,57819.895
2024-07-07 20:00:00,57360.616
2024-07-07 21:00:00,57349.685
2024-07-07 22:00:00,57377.625
2024-07-07 23:00:00,56189.353
2024-07-08 00:00:00,55945.185
2024-07-08 01:00:00,56083.639
2024-07-08 02:00:00,57330.43
2024-07-08 03:00:00,57755.247
2024-07-08 04:00:00,57922.155
2024-07-08 05:00:00,57608.137
2024-07-08 06:00:00,58006.344
2024-07-08 07:00:00,57606.027
2024-07-08 08:00:00,57560.162
2024-07-08 09:00:00,57213.273
2024-07-08 10:00:00,57186.307
2024-07-08 11:00:00,57317.915
2024-07-08 12:00:00,57229.055
2024-07-08 13:00:00,56062.196
2024-07-08 14:00:00,56668.741
2024-07-08 15:00:00,55964.712
2024-07-08 16:00:00,55887.779
2024-07-08 17:00:00,55685.914
2024-07-08 18:00:00,56621.765
2024-07-08 19:00:00,55341.145
2024-07-08 20:00:00,55900.528
2024-07-08 21:00:00,55898.898
2024-07-08 22:00:00,55020.133
2024-07-08 23:00:00,55379.298
2024-07-09 00:00:00,55605.024
2024-07-09 01:00:00,55518.697
2024-07-09 02:00:00,53793.247
2024-07-09 03:00:00,53843.894
2024-07-09 04:00:00,53982.286
2024-07-09 05:00:00,54329.388
2024-07-09 06:00:00,54278.8
2024-07-09 07:00:00,54227.137
2024-07-09 08:00:00,54660.998
2024-07-09 09:00:00,55558.362
2024-07-09 10:00:00,55800.08
2024-07-09 11:00:00,55966.759
2024-07-09 12:00:00,56226.04
2024-07-09 13:00:00,56066.733
2024-07-09 14:00:00,55999.223
2024-07-09 15:00:00,56171.984
2024-07-09 16:00:00,55910.377
2024-07-09 17:00:00,55937.102
2024-07-09 18:00:00,56903.711
2024-07-09 19:00:00,57089.805
2024-07-09 20:00:00,56675.922
2024-07-09 21:00:00,56562.048
2024-07-09 22:00:00,56823.243
2024-07-09 23:00:00,56711.382
2024-07-10 00:00:00,57025.961
2024-07-10 01:00:00,57104.227
2024-07-10 02:00:00,57117.023
2024-07-10 03:00:00,57638.632
2024-07-10 04:00:00,57721.714
2024-07-10 05:00:00,56679.153
2024-07-10 06:00:00,57080.22
2024-07-10 07:00:00,57230.554
2024-07-10 08:00:00,57246.537
2024-07-10 09:00:00,57450.87
2024-07-10 10:00:00,58031.745
2024-07-10 11:00:00,58256.935
2024-07-10 12:00:00,58799.343
2024-07-10 13:00:00,58222.756
2024-07-10 14:00:00,57782.555
2024-07-10 15:00:00,57031.543
2024-07-10 16:00:00,57423.044
2024-07-10 17:00:00,57579.625
2024-07-10 18:00:00,57454.681
2024-07-10 19:00:00,57528.951
2024-07-10 20:00:00,56957.473
2024-07-10 21:00:00,56942.534
2024-07-10 22:00:00,56685.964
2024-07-10 23:00:00,56866.595
2024-07-11 00:00:00,57838.442
2024-07-11 01:00:00,57337.088
2024-07-11 02:00:00,57357.523
2024-07-11 03:00:00,56758.03
2024-07-11 04:00:00,56636.18
2024-07-11 05:00:00,56369.328
2024-07-11 06:00:00,56124.525
2024-07-11 07:00:00,56170.736
2024-07-11 08:00:00,55763.995
2024-07-11 09:00:00,55979.423
2024-07-11 10:00:00,55861.742
2024-07-11 11:00:00,56030.153
2024-07-11 12:00:00,56130.364
2024-07-11 13:00:00,56494.548
2024-07-11 14:00:00,56704.031
2024-07-11 15:00:00,57033.737
2024-07-11 16:00:00,57487.631
2024-07-11 17:00:00,58356.954
2024-07-11 18:00:00,58456.996
2024-07-11 19:00:00,58378.442
2024-07-11 20:00:00,57983.841
2024-07-11 21:00:00,58492.818
2024-07-11 22:00:00,58416.335
2024-07-11 23:00:00,58357.128
2024-07-12 00:00:00,58535.479
2024-07-12 01:00:00,58250.529
2024-07-12 02:00:00,58494.977
2024-07-12 03:00:00,58732.061
2024-07-12 04:00:00,59021.953
2024-07-12 05:00:00,59278.076
2024-07-12 06:00:00,58334.748
2024-07-12 07:00:00,58175.603
2024-07-12 08:00:00,58079.502
2024-07-12 09:00:00,57972.201
2024-07-12 10:00:00,57894.595
2024-07-12 11:00:00,57557.125
2024-07-12 12:00:00,57082.45
2024-07-12 13:00:00,57225.259
2024-07-12 14:00:00,56962.409
2024-07-12 15:00:00,57260.314
2024-07-12 16:00:00,57363.811
2024-07-12 17:00:00,57765.167
2024-07-12 18:00:00,57068.214
2024-07-12 19:00:00,57646.112
2024-07-12 20:00:00,57092.897
2024-07-12 21:00:00,57160.709
2024-07-12 22:00:00,57191.108
2024-07-12 23:00:00,57488.696
2024-07-13 00:00:00,57057.021
2024-07-13 01:00:00,56817.278
2024-07-13 02:00:00,56581.559
2024-07-13 03:00:00,56441.841
2024-07-13 04:00:00,56090.975
2024-07-13 05:00:00,56408.418
2024-07-13 06:00:00,56469.811
2024-07-13 07:00:00,56490.834
2024-07-13 08:00:00,56528.992
2024-07-13 09:00:00,56374.72
2024-07-13 10:00:00,56208.715
2024-07-13 11:00:00,56400.657
2024-07-13 12:00:00,56426.926
2024-07-13 13:00:00,56418.397
2024-07-13 14:00:00,55868.289
2024-07-13 15:00:00,55589.541
2024-07-13 16:00:00,55549.623
2024-07-13 17:00:00,55636.23
2024-07-13 18:00:00,55893.986
2024-07-13 19:00:00,55870.708
2024-07-13 20:00:00,55795.797
2024-07-13 21:00:00,55793.944
2024-07-13 22:00:00,56022.477
2024-07-13 23:00:00,56202.067
2024-07-14 00:00:00,56256.113
2024-07-14 01:00:00,56371.436
2024-07-14 02:00:00,56250.314
2024-07-14 03:00:00,56665.838
2024-07-14 04:00:00,57250.805
2024-07-14 05:00:00,58125.245
2024-07-14 06:00:00,58361.865
2024-07-14 07:00:00,58820.113
2024-07-14 08:00:00,58843.436
2024-07-14 09:00:00,58561.721
2024-07-14 10:00:00,58081.364
2024-07-14 11:00:00,57964.726
2024-07-14 12:00:00,57770.56
2024-07-14 13:00:00,58406.812
2024-07-14 14:00:00,59031.361
2024-07-14 15:00:00,59491.18
2024-07-14 16:00:00,59521.784
2024-07-14 17:00:00,59631.73
2024-07-14 18:00:00,59958.23
2024-07-14 19:00:00,59926.743
2024-07-14 20:00:00,60477.112
2024-07-14 21:00:00,60378.249
2024-07-14 22:00:00,60251.744
2024-07-14 23:00:00,60387.785
2024-07-15 00:00:00,60466.1
2024-07-15 01:00:00,60424.998
2024-07-15 02:00:00,61030.805
2024-07-15 03:00:00,61459.455
2024-07-15 04:00:00,61022.82
2024-07-15 05:00:00,60550.615
2024-07-15 06:00:00,60700.044
2024-07-15 07:00:00,60747.388
2024-07-15 08:00:00,61662.766
2024-07-15 09:00:00,61263.789
2024-07-15 10:00:00,60943.51
2024-07-15 11:00:00,61375.354
2024-07-15 12:00:00,61815.687
2024-07-15 13:00:00,61272.419
2024-07-15 14:00:00,61840.455
2024-07-15 15:00:00,61592.073
2024-07-15 16:00:00,62157.394
2024-07-15 17:00:00,61989.704
2024-07-15 18:00:00,60842.584
2024-07-15 19:00:00,61009.019
2024-07-15 20:00:00,60774.891
2024-07-15 21:00:00,61163.785
2024-07-15 22:00:00,60481.811
2024-07-15 23:00:00,59711.471
2024-07-16 00:00:00,59393.328
2024-07-16 01:00:00,58940.258
2024-07-16 02:00:00,58970.851
2024-07-16 03:00:00,59372.47
2024-07-16 04:00:00,58071.714
2024-07-16 05:00:00,57968.193
2024-07-16 06:00:00,58002.537
2024-07-16 07:00:00,58201.138
2024-07-16 08:00:00,58317.714
2024-07-16 09:00:00,58449.78
2024-07-16 10:00:00,57200.999
2024-07-16 11:00:00,57079.898
2024-07-16 12:00:00,57356.548
2024-07-16 13:00:00,57711.026
2024-07-16 14:00:00,57186.184
2024-07-16 15:00:00,57251.278
2024-07-16 16:00:00,57333.887
2024-07-16 17:00:00,58041.96
2024-07-16 18:00:00,57516.614
2024-07-16 19:00:00,56798.718
2024-07-16 20:00:00,57185.113
2024-07-16 21:00:00,56915.623
2024-07-16 22:00:00,56955.386
2024-07-16 23:00:00,57059.595
2024-07-17 00:00:00,56758.058
2024-07-17 01:00:00,57249.486
2024-07-17 02:00:00,57399.019
2024-07-17 03:00:00,57548.81
2024-07-17 04:00:00,57740.183
2024-07-17 05:00:00,57446.044
2024-07-17 06:00:00,57531.22
2024-07-17 07:00:00,57635.31
2024-07-17 08:00:00,57329.878
2024-07-17 09:00:00,57417.108
2024-07-17 10:00:00,57795.992
2024-07-17 11:00:00,57937.118
2024-07-17 12:00:00,57631.898
2024-07-17 13:00:00,57553.865
2024-07-17 14:00:00,57755.794
2024-07-17 15:00:00,57802.753
2024-07-17 16:00:00,57868.265
2024-07-17 17:00:00,58015.098
2024-07-17 18:00:00,57685.924
2024-07-17 19:00:00,57643.125
2024-07-17 20:00:00,57165.632
2024-07-17 21:00:00,56481.8
2024-07-17 22:00:00,56523.273
2024-07-17 23:00:00,56408.326
2024-07-18 00:00:00,56458.705
2024-07-18 01:00:00,56838.128
2024-07-18 02:00:00,56695.545
2024-07-18 03:00:00,56781.444
2024-07-18 04:00:00,56975.455
2024-07-18 05:00:00,57831.23
2024-07-18 06:00:00,58031.488
2024-07-18 07:00:00,57423.876
2024-07-18 08:00:00,57345.367
2024-07-18 09:00:00,57460.186
2024-07-18 10:00:00,57400.502
2024-07-18 11:00:00,57774.158
2024-07-18 12:00:00,57861.455
2024-07-18 13:00:00,58142.511
2024-07-18 14:00:00,58308.032
2024-07-18 15:00:00,58271.768
2024-07-18 16:00:00,58570.439
2024-07-18 17:00:00,59070.789
2024-07-18 18:00:00,58910.789
2024-07-18 19:00:00,58721.83
2024-07-18 20:00:00,58076.664
2024-07-18 21:00:00,58155.799
2024-07-18 22:00:00,58319.508
2024-07-18 23:00:00,58927.426
2024-07-19 00:00:00,58217.37
2024-07-19 01:00:00,58582.065
2024-07-19 02:00:00,58584.807
2024-07-19 03:00:00,58700.303
2024-07-19 04:00:00,58666.099
2024-07-19 05:00:00,58239.488
2024-07-19 06:00:00,58290.795
2024-07-19 07:00:00,58819.368
2024-07-19 08:00:00,58770.204
2024-07-19 09:00:00,59172.922
2024-07-19 10:00:00,59347.693
2024-07-19 11:00:00,59039.762
2024-07-19 12:00:00,58729.59
2024-07-19 13:00:00,58675.791
2024-07-19 14:00:00,58725.829
2024-07-19 15:00:00,59221.826
2024-07-19 16:00:00,59322.259
2024-07-19 17:00:00,59497.099
2024-07-19 18:00:00,59674.22
2024-07-19 19:00:00,59621.981
2024-07-19 20:00:00,59869.328
2024-07-19 21:00:00,60899.683
2024-07-19 22:00:00,61859.492
2024-07-19 23:00:00,61985.146
2024-07-20 00:00:00,60825.103
2024-07-20 01:00:00,61201.654
2024-07-20 02:00:00,61374.192
2024-07-20 03:00:00,61761.329
2024-07-20 04:00:00,61900.173
2024-07-20 05:00:00,61599.416
2024-07-20 06:00:00,61385.524
2024-07-20 07:00:00,61429.211
2024-07-20 08:00:00,61420.069
2024-07-20 09:00:00,61476.83
2024-07-20 10:00:00,61607.963
2024-07-20 11:00:00,61522.357
2024-07-20 12:00:00,61011.204
2024-07-20 13:00:00,61427.433
2024-07-20 14:00:00,61163.408
2024-07-20 15:00:00,61024.961
2024-07-20 16:00:00,61068.55
2024-07-20 17:00:00,61174.283
2024-07-20 18:00:00,61033.824
2024-07-20 19:00:00,61156.074
2024-07-20 20:00:00,60847.806
2024-07-20 21:00:00,60625.979
2024-07-20 22:00:00,60571.706
2024-07-20 23:00:00,60759.805
2024-07-21 00:00:00,60804.063
2024-07-21 01:00:00,60620.871
2024-07-21 02:00:00,60882.082
2024-07-21 03:00:00,60593.907
2024-07-21 04:00:00,60705.033
2024-07-21 05:00:00,60490.119
2024-07-21 06:00:00,60797.488
2024-07-21 07:00:00,60818.617
2024-07-21 08:00:00,60823.033
2024-07-21 09:00:00,60907.823
2024-07-21 10:00:00,61091.479
2024-07-21 11:00:00,60662.998
2024-07-21 12:00:00,60563.783
2024-07-21 13:00:00,60712.73
2024-07-21 14:00:00,60665.623
2024-07-21 15:00:00,60862.831
2024-07-21 16:00:00,60947.388
2024-07-21 17:00:00,60975.042
2024-07-21 18:00:00,61246.662
2024-07-21 19:00:00,61867.274
2024-07-21 20:00:00,61581.121
2024-07-21 21:00:00,61385.393
2024-07-21 22:00:00,60005.948
2024-07-21 23:00:00,60872.834
2024-07-22 00:00:00,59675.877
2024-07-22 01:00:00,60347.359
2024-07-22 02:00:00,60443.126
2024-07-22 03:00:00,60500.998
2024-07-22 04:00:00,61018.697
2024-07-22 05:00:00,61134.919
2024-07-22 06:00:00,61032.512
2024-07-22 07:00:00,61306.618
2024-07-22 08:00:00,61476.784
2024-07-22 09:00:00,61587.843
2024-07-22 10:00:00,61116.923
2024-07-22 11:00:00,60698.931
2024-07-22 12:00:00,60499.44
2024-07-22 13:00:00,60631.317
2024-07-22 14:00:00,60912.535
2024-07-22 15:00:00,61262.217
2024-07-22 16:00:00,61638.965
2024-07-22 17:00:00,61910.396
2024-07-22 18:00:00,61659.998
2024-07-22 19:00:00,62307.978
2024-07-22 20:00:00,62861.541
2024-07-22 21:00:00,63073.767
2024-07-22 22:00:00,62636.612
2024-07-22 23:00:00,62145.989
2024-07-23 00:00:00,61306.363
2024-07-23 01:00:00,61194.27
2024-07-23 02:00:00,60736.79
2024-07-23 03:00:00,60957.806
2024-07-23 04:00:00,60726.546
2024-07-23 05:00:00,60560.813
2024-07-23 06:00:00,61003.611
2024-07-23 07:00:00,60594.455
2024-07-23 08:00:00,60376.602
2024-07-23 09:00:00,60533.832
2024-07-23 10:00:00,60043.2
2024-07-23 11:00:00,59879.025
2024-07-23 12:00:00,60245.105
2024-07-23 13:00:00,60627.012
2024-07-23 14:00:00,60372.358
2024-07-23 15:00:00,60338.711
2024-07-23 16:00:00,60274.593
2024-07-23 17:00:00,60186.937
2024-07-23 18:00:00,60379.344
2024-07-23 19:00:00,60415.486
2024-07-23 20:00:00,59008.713
2024-07-23 21:00:00,60364.815
2024-07-23 22:00:00,60150.212
2024-07-23 23:00:00,59679.303
2024-07-24 00:00:00,58696.926
2024-07-24 01:00:00,59143.486
2024-07-24 02:00:00,59236.067
2024-07-24 03:00:00,59040.489
2024-07-24 04:00:00,58900.804
2024-07-24 05:00:00,59022.22
2024-07-24 06:00:00,59117.561
2024-07-24 07:00:00,58793.178
2024-07-24 08:00:00,58666.11
2024-07-24 09:00:00,58866.817
2024-07-24 10:00:00,58729.892
2024-07-24 11:00:00,58783.399
2024-07-24 12:00:00,58937.163
2024-07-24 13:00:00,59231.388
2024-07-24 14:00:00,59540.05
2024-07-24 15:00:00,60184.901
2024-07-24 16:00:00,60514.193
2024-07-24 17:00:00,60926.224
2024-07-24 18:00:00,61287.966
2024-07-24 19:00:00,61974.707
2024-07-24 20:00:00,61605.264
2024-07-24 21:00:00,61662.559
2024-07-24 22:00:00,61509.029
2024-07-24 23:00:00,61680.729
2024-07-25 00:00:00,62157.845
2024-07-25 01:00:00,62022.434
2024-07-25 02:00:00,60589.394
2024-07-25 03:00:00,60835.271
2024-07-25 04:00:00,61105.975
2024-07-25 05:00:00,60886.622
2024-07-25 06:00:00,61848.764
2024-07-25 07:00:00,61594.5
2024-07-25 08:00:00,61946.974
2024-07-25 09:00:00,62175.398
2024-07-25 10:00:00,62116.988
2024-07-25 11:00:00,62159.381
2024-07-25 12:00:00,62399.898
2024-07-25 13:00:00,63193.678
2024-07-25 14:00:00,63335.727
2024-07-25 15:00:00,63344.748
2024-07-25 16:00:00,62887.468
2024-07-25 17:00:00,62152.302
2024-07-25 18:00:00,62481.601
2024-07-25 19:00:00,62915.051
2024-07-25 20:00:00,62282.847
2024-07-25 21:00:00,61444.149
2024-07-25 22:00:00,61336.902
2024-07-25 23:00:00,61095.108
2024-07-26 00:00:00,61141.867
2024-07-26 01:00:00,61053.501
2024-07-26 02:00:00,59428.273
2024-07-26 03:00:00,60283.839
2024-07-26 04:00:00,60238.561
2024-07-26 05:00:00,60821.285
2024-07-26 06:00:00,60940.392
2024-07-26 07:00:00,58845.764
2024-07-26 08:00:00,60068.631
2024-07-26 09:00:00,60630.443
2024-07-26 10:00:00,60672.924
2024-07-26 11:00:00,60670.965
2024-07-26 12:00:00,61138.219
2024-07-26 13:00:00,61320.112
2024-07-26 14:00:00,62261.669
2024-07-26 15:00:00,63311.343
2024-07-26 16:00:00,63358.914
2024-07-26 17:00:00,63178.706
2024-07-26 18:00:00,62287.943
2024-07-26 19:00:00,62555.159
2024-07-26 20:00:00,62773.825
2024-07-26 21:00:00,62642.141
2024-07-26 22:00:00,62578.13
2024-07-26 23:00:00,62836.417
2024-07-27 00:00:00,62512.328
2024-07-27 01:00:00,63138.776
2024-07-27 02:00:00,62758.563
2024-07-27 03:00:00,63005.83
2024-07-27 04:00:00,62747.309
2024-07-27 05:00:00,63092.558
2024-07-27 06:00:00,62878.737
2024-07-27 07:00:00,62854.318
2024-07-27 08:00:00,62949.09
2024-07-27 09:00:00,62878.793
2024-07-27 10:00:00,62853.947
2024-07-27 11:00:00,63217.93
2024-07-27 12:00:00,63505.027
2024-07-27 13:00:00,63715.439
2024-07-27 14:00:00,63863.289
2024-07-27 15:00:00,64056.606
2024-07-27 16:00:00,64112.464
2024-07-27 17:00:00,64253.277
2024-07-27 18:00:00,64733.642
2024-07-27 19:00:00,64486.475
2024-07-27 20:00:00,64416.044
2024-07-27 21:00:00,64507.722
2024-07-27 22:00:00,63252.339
2024-07-27 23:00:00,63170.818
2024-07-28 00:00:00,63237.207
2024-07-28 01:00:00,65282.555
2024-07-28 02:00:00,66567.62699999
2024-07-28 03:00:00,66156.765
2024-07-28 04:00:00,65673.372
2024-07-28 05:00:00,66195.441
2024-07-28 06:00:00,66725.859
2024-07-28 07:00:00,66834.05899999
2024-07-28 08:00:00,67064.374
2024-07-28 09:00:00,66081.856
2024-07-28 10:00:00,64643.85
2024-07-28 11:00:00,64713.785
2024-07-28 12:00:00,64727.015
2024-07-28 13:00:00,64686.352
2024-07-28 14:00:00,65419.891
2024-07-28 15:00:00,65508.036
2024-07-28 16:00:00,65167.813
2024-07-28 17:00:00,65672.965
2024-07-28 18:00:00,66278.206
2024-07-28 19:00:00,66531.02099999
2024-07-28 20:00:00,66525.216
2024-07-28 21:00:00,66469.7
2024-07-28 22:00:00,66448.45299999
2024-07-28 23:00:00,67164.83
2024-07-29 00:00:00,67895.57799999
2024-07-29 01:00:00,67878.977
2024-07-29 02:00:00,67858.479
2024-07-29 03:00:00,68319.333
2024-07-29 04:00:00,68309.82799999
2024-07-29 05:00:00,68970.533
2024-07-29 06:00:00,69387.868
2024-07-29 07:00:00,69697.944
2024-07-29 08:00:00,69787.452
2024-07-29 09:00:00,69849.15399999
2024-07-29 10:00:00,69880.686
2024-07-29 11:00:00,71330.454
2024-07-29 12:00:00,71249.148
2024-07-29 13:00:00,71368.445
2024-07-29 14:00:00,71252.07399999
2024-07-29 15:00:00,71475.564
2024-07-29 16:00:00,71801.497
2024-07-29 17:00:00,71545.97599999
2024-07-29 18:00:00,71747.60799999
2024-07-29 19:00:00,71226.43799999
2024-07-29 20:00:00,70615.61199999
2024-07-29 21:00:00,69822.53
2024-07-29 22:00:00,69677.56299999
2024-07-29 23:00:00,69146.47199999
2024-07-30 00:00:00,68787.456
2024-07-30 01:00:00,68755.821
2024-07-30 02:00:00,68405.644
2024-07-30 03:00:00,68358.205
2024-07-30 04:00:00,68143.224
2024-07-30 05:00:00,66621.02899999
2024-07-30 06:00:00,65498.511
2024-07-30 07:00:00,66220.211
2024-07-30 08:00:00,66456.5
2024-07-30 09:00:00,66421.037
2024-07-30 10:00:00,66196.518
2024-07-30 11:00:00,66190.128
2024-07-30 12:00:00,66387.295
2024-07-30 13:00:00,66467.77099999
2024-07-30 14:00:00,66453.632
2024-07-30 15:00:00,66467.941
2024-07-30 16:00:00,66504.952
2024-07-30 17:00:00,66176.25999999
2024-07-30 18:00:00,66215.607
2024-07-30 19:00:00,66013.467
2024-07-30 20:00:00,67064.07
2024-07-30 21:00:00,67169.478
2024-07-30 22:00:00,66863.278
2024-07-30 23:00:00,66592.117
2024-07-31 00:00:00,67107.989
2024-07-31 01:00:00,66486.96799999
2024-07-31 02:00:00,66716.40399999
2024-07-31 03:00:00,66741.587
2024-07-31 04:00:00,66899.219
2024-07-31 05:00:00,66790.658
2024-07-31 06:00:00,66847.397
2024-07-31 07:00:00,66779.846
2024-07-31 08:00:00,67216.041
2024-07-31 09:00:00,66984.859
2024-07-31 10:00:00,67261.242
2024-07-31 11:00:00,67391.959
2024-07-31 12:00:00,67396.258
2024-07-31 13:00:00,66843.975
2024-07-31 14:00:00,66963.552
2024-07-31 15:00:00,66873.16099999
2024-07-31 16:00:00,66961.34699999
2024-07-31 17:00:00,67055.126
2024-07-31 18:00:00,67364.63099999
2024-07-31 19:00:00,66952.696
2024-07-31 20:00:00,66905.922
2024-07-31 21:00:00,66657.196
2024-07-31 22:00:00,66032.23
2024-07-31 23:00:00,65639.503
2024-08-01 00:00:00,65712.258
2024-08-01 01:00:00,66143.857
2024-08-01 02:00:00,65936.371
2024-08-01 03:00:00,65867.38099999
2024-08-01 04:00:00,66326.072
2024-08-01 05:00:00,66716.14999999
2024-08-01 06:00:00,66654.697
2024-08-01 07:00:00,66837.484
2024-08-01 08:00:00,66574.372
2024-08-01 09:00:00,66726.171
2024-08-01 10:00:00,66169.418
2024-08-01 11:00:00,66046.039
2024-08-01 12:00:00,66716.441
2024-08-01 13:00:00,67134.436
2024-08-01 14:00:00,66554.024
2024-08-01 15:00:00,67296.90399999
2024-08-01 16:00:00,67157.023
2024-08-01 17:00:00,68200.638
2024-08-01 18:00:00,67926.33199999
2024-08-01 19:00:00,67186.984
2024-08-01 20:00:00,67140.5
2024-08-01 21:00:00,66810.155
2024-08-01 22:00:00,66002.496
2024-08-01 23:00:00,66299.00999999
2024-08-02 00:00:00,66198.865
2024-08-02 01:00:00,64943.623
2024-08-02 02:00:00,64285.927
2024-08-02 03:00:00,64193.723
2024-08-02 04:00:00,64025.865
2024-08-02 05:00:00,63237.29
2024-08-02 06:00:00,63828.421
2024-08-02 07:00:00,63010.249
2024-08-02 08:00:00,63048.3
2024-08-02 09:00:00,63364.13
2024-08-02 10:00:00,63673.58
2024-08-02 11:00:00,63597.916
2024-08-02 12:00:00,63677.855
2024-08-02 13:00:00,63992.447
2024-08-02 14:00:00,64243.228
2024-08-02 15:00:00,64609.985
2024-08-02 16:00:00,65119.598
2024-08-02 17:00:00,64534.719
2024-08-02 18:00:00,65145.056
2024-08-02 19:00:00,64186.404
2024-08-02 20:00:00,64027.611
2024-08-02 21:00:00,63261.041
2024-08-02 22:00:00,63950.787
2024-08-02 23:00:00,63812.28
2024-08-03 00:00:00,63457.237
2024-08-03 01:00:00,62344.812
2024-08-03 02:00:00,62354.662
2024-08-03 03:00:00,62325.753
2024-08-03 04:00:00,62738.519
2024-08-03 05:00:00,62027.104
2024-08-03 06:00:00,61766.082
2024-08-03 07:00:00,60745.146
2024-08-03 08:00:00,61018.119
2024-08-03 09:00:00,60749.705
2024-08-03 10:00:00,60775.289
2024-08-03 11:00:00,60749.761
2024-08-03 12:00:00,60959.18
2024-08-03 13:00:00,60655.865
2024-08-03 14:00:00,60736.514
2024-08-03 15:00:00,60858.854
2024-08-03 16:00:00,60949.133
2024-08-03 17:00:00,61388.199
2024-08-03 18:00:00,60876.603
2024-08-03 19:00:00,61631.502
2024-08-03 20:00:00,60369.838
2024-08-03 21:00:00,61613.29
2024-08-03 22:00:00,61509.328
2024-08-03 23:00:00,62608.925
2024-08-04 00:00:00,61238.389
2024-08-04 01:00:00,60862.265
2024-08-04 02:00:00,60863.199
2024-08-04 03:00:00,60719.914
2024-08-04 04:00:00,60877.778
2024-08-04 05:00:00,60755.922
2024-08-04 06:00:00,61003.465
2024-08-04 07:00:00,60895.779
2024-08-04 08:00:00,60928.086
2024-08-04 09:00:00,60625.234
2024-08-04 10:00:00,59950.266
2024-08-04 11:00:00,60023.706
2024-08-04 12:00:00,60424.874
2024-08-04 13:00:00,60417.523
2024-08-04 14:00:00,60656.11
2024-08-04 15:00:00,60780.541
2024-08-04 16:00:00,61331.026
2024-08-04 17:00:00,61480.178
2024-08-04 18:00:00,61644.017
2024-08-04 19:00:00,60693.482
2024-08-04 20:00:00,60461.881
2024-08-04 21:00:00,60608.563
2024-08-04 22:00:00,61215.526
2024-08-04 23:00:00,60962.201
2024-08-05 00:00:00,60506.79
2024-08-05 01:00:00,60342.395
2024-08-05 02:00:00,60142.864
2024-08-05 03:00:00,61015.783
2024-08-05 04:00:00,59972.52
2024-08-05 05:00:00,56096.851
2024-08-05 06:00:00,51892.66
2024-08-05 07:00:00,51994.792
2024-08-05 08:00:00,52357.097
2024-08-05 09:00:00,52387.309
2024-08-05 10:00:00,52986.549
2024-08-05 11:00:00,52215.12
2024-08-05 12:00:00,51480.931
2024-08-05 13:00:00,51333.248
2024-08-05 14:00:00,51025.663
2024-08-05 15:00:00,51153.674
2024-08-05 16:00:00,51295.94
2024-08-05 17:00:00,50803.055
2024-08-05 18:00:00,52315.515
2024-08-05 19:00:00,51545.484
2024-08-05 20:00:00,50192.48
2024-08-05 21:00:00,50764.281
2024-08-05 22:00:00,51056.433
2024-08-05 23:00:00,49822.239
2024-08-06 00:00:00,49712.084
2024-08-06 01:00:00,49709.779
2024-08-06 02:00:00,49424.239
2024-08-06 03:00:00,49323.69
2024-08-06 04:00:00,48612.045
2024-08-06 05:00:00,48891.619
2024-08-06 06:00:00,48968.149
2024-08-06 07:00:00,49081.117
2024-08-06 08:00:00,48991.191
2024-08-06 09:00:00,48792.678
2024-08-06 10:00:00,49182.914
2024-08-06 11:00:00,49311.494
2024-08-06 12:00:00,49451.613
2024-08-06 13:00:00,48804.245
2024-08-06 14:00:00,49405.595
2024-08-06 15:00:00,49726.282
2024-08-06 16:00:00,50077.3
2024-08-06 17:00:00,51148.475
2024-08-06 18:00:00,51111.471
2024-08-06 19:00:00,50307.111
2024-08-06 20:00:00,51021.574
2024-08-06 21:00:00,51697.925
2024-08-06 22:00:00,51429.881
2024-08-06 23:00:00,51858.396
2024-08-07 00:00:00,51507.258
2024-08-07 01:00:00,50911.834
2024-08-07 02:00:00,50743.048
2024-08-07 03:00:00,50716.697
2024-08-07 04:00:00,51059.39
2024-08-07 05:00:00,50575.049
2024-08-07 06:00:00,50833.524
2024-08-07 07:00:00,50043.909
2024-08-07 08:00:00,50067.354
2024-08-07 09:00:00,51717.075
2024-08-07 10:00:00,51647.229
2024-08-07 11:00:00,51808.277
2024-08-07 12:00:00,51844.292
2024-08-07 13:00:00,52418.547
2024-08-07 14:00:00,53257.711
2024-08-07 15:00:00,53399.001
2024-08-07 16:00:00,53915.814
2024-08-07 17:00:00,54572.95
2024-08-07 18:00:00,55101.657
2024-08-07 19:00:00,55199.382
2024-08-07 20:00:00,55396.514
2024-08-07 21:00:00,55176.244
2024-08-07 22:00:00,54721.905
2024-08-07 23:00:00,53884.229
2024-08-08 00:00:00,53691.098
2024-08-08 01:00:00,53265.043
2024-08-08 02:00:00,52958.742
2024-08-08 03:00:00,53278.247
2024-08-08 04:00:00,53280.649
2024-08-08 05:00:00,52716.906
2024-08-08 06:00:00,52457.352
2024-08-08 07:00:00,52914.274
2024-08-08 08:00:00,53543.202
2024-08-08 09:00:00,53145.513
2024-08-08 10:00:00,53384.18
2024-08-08 11:00:00,53395.067
2024-08-08 12:00:00,53784.815
2024-08-08 13:00:00,54181.488
2024-08-08 14:00:00,53656.747
2024-08-08 15:00:00,53897.175
2024-08-08 16:00:00,53985.296
2024-08-08 17:00:00,53413.094
2024-08-08 18:00:00,53004.865
2024-08-08 19:00:00,53026.18
2024-08-08 20:00:00,53660.148
2024-08-08 21:00:00,53637.133
2024-08-08 22:00:00,53661.388
2024-08-08 23:00:00,53616.708
2024-08-09 00:00:00,53265.617
2024-08-09 01:00:00,53103.571
2024-08-09 02:00:00,51193.614
2024-08-09 03:00:00,51494.68
2024-08-09 04:00:00,51056.657
2024-08-09 05:00:00,50202.309
2024-08-09 06:00:00,49642.733
2024-08-09 07:00:00,49674.567
2024-08-09 08:00:00,49951.477
2024-08-09 09:00:00,49945.443
2024-08-09 10:00:00,50420.59
2024-08-09 11:00:00,50656.299
2024-08-09 12:00:00,50521.781
2024-08-09 13:00:00,51080.663
2024-08-09 14:00:00,51191.664
2024-08-09 15:00:00,51187.356
2024-08-09 16:00:00,51343.734
2024-08-09 17:00:00,51402.802
2024-08-09 18:00:00,51076.859
2024-08-09 19:00:00,50339.341
2024-08-09 20:00:00,50676.567
2024-08-09 21:00:00,50455.111
2024-08-09 22:00:00,51133.681
2024-08-09 23:00:00,50603.153
2024-08-10 00:00:00,50828.273
2024-08-10 01:00:00,50852.276
2024-08-10 02:00:00,50636.345
2024-08-10 03:00:00,50663.008
2024-08-10 04:00:00,50937.357
2024-08-10 05:00:00,50274.887
2024-08-10 06:00:00,50927.875
2024-08-10 07:00:00,50817.827
2024-08-10 08:00:00,50957.399
2024-08-10 09:00:00,51235.618
2024-08-10 10:00:00,51193.95
2024-08-10 11:00:00,51423.469
2024-08-10 12:00:00,51328.499
2024-08-10 13:00:00,51349.049
2024-08-10 14:00:00,51593.206
2024-08-10 15:00:00,51471.991
2024-08-10 16:00:00,51517.213
2024-08-10 17:00:00,51573.639
2024-08-10 18:00:00,51733.531
2024-08-10 19:00:00,51638.778
2024-08-10 20:00:00,51612.159
2024-08-10 21:00:00,51453.316
2024-08-10 22:00:00,51476.1
2024-08-10 23:00:00,51694.899
2024-08-11 00:00:00,51614.81
2024-08-11 01:00:00,51522.589
2024-08-11 02:00:00,51557.367
2024-08-11 03:00:00,51527.047
2024-08-11 04:00:00,51467.382
2024-08-11 05:00:00,51621.556
2024-08-11 06:00:00,51636.118
2024-08-11 07:00:00,51691.417
2024-08-11 08:00:00,51704.596
2024-08-11 09:00:00,51621.234
2024-08-11 10:00:00,51591.206
2024-08-11 11:00:00,52083.786
2024-08-11 12:00:00,52218.16
2024-08-11 13:00:00,52624.369
2024-08-11 14:00:00,52448.154
2024-08-11 15:00:00,52694.174
2024-08-11 16:00:00,52714.939
2024-08-11 17:00:00,52800.184
2024-08-11 18:00:00,52577.974
2024-08-11 19:00:00,52612.839
2024-08-11 20:00:00,52825.077
2024-08-11 21:00:00,52927.41
2024-08-11 22:00:00,52923.751
2024-08-11 23:00:00,52834.035
2024-08-12 00:00:00,51812.271
2024-08-12 01:00:00,52921.415
2024-08-12 02:00:00,53239.254
2024-08-12 03:00:00,53492.822
2024-08-12 04:00:00,53603.83
2024-08-12 05:00:00,52726.962
2024-08-12 06:00:00,52581.767
2024-08-12 07:00:00,52906.373
2024-08-12 08:00:00,52870.742
2024-08-12 09:00:00,53137.208
2024-08-12 10:00:00,53413.519
2024-08-12 11:00:00,53523.23
2024-08-12 12:00:00,54639.787
2024-08-12 13:00:00,54516.926
2024-08-12 14:00:00,55249.131
2024-08-12 15:00:00,55222.118
2024-08-12 16:00:00,54888.944
2024-08-12 17:00:00,54498.966
2024-08-12 18:00:00,53716.76
2024-08-12 19:00:00,53113.8
2024-08-12 20:00:00,52980.038
2024-08-12 21:00:00,52938.69
2024-08-12 22:00:00,52604.238
2024-08-12 23:00:00,51544.521
2024-08-13 00:00:00,51097.833
2024-08-13 01:00:00,51500.737
2024-08-13 02:00:00,50668.689
2024-08-13 03:00:00,50549.288
2024-08-13 04:00:00,50279.211
2024-08-13 05:00:00,51836.988
2024-08-13 06:00:00,51986.602
2024-08-13 07:00:00,51770.263
2024-08-13 08:00:00,52254.117
2024-08-13 09:00:00,52393.655
2024-08-13 10:00:00,52378.182
2024-08-13 11:00:00,52462.996
2024-08-13 12:00:00,52495.677
2024-08-13 13:00:00,52715.598
2024-08-13 14:00:00,52761.256
2024-08-13 15:00:00,52845.559
2024-08-13 16:00:00,52830.546
2024-08-13 17:00:00,52889.635
2024-08-13 18:00:00,53165.986
2024-08-13 19:00:00,53434.89
2024-08-13 20:00:00,54130.397
2024-08-13 21:00:00,54838.163
2024-08-13 22:00:00,55725.507
2024-08-13 23:00:00,54613.179
2024-08-14 00:00:00,54551.842
2024-08-14 01:00:00,54244.349
2024-08-14 02:00:00,54129.946
2024-08-14 03:00:00,54282.312
2024-08-14 04:00:00,53965.344
2024-08-14 05:00:00,54465.183
2024-08-14 06:00:00,54405.327
2024-08-14 07:00:00,54274.631
2024-08-14 08:00:00,54114.017
2024-08-14 09:00:00,54237.879
2024-08-14 10:00:00,54284.718
2024-08-14 11:00:00,54454.666
2024-08-14 12:00:00,54441.472
2024-08-14 13:00:00,54255.084
2024-08-14 14:00:00,54350.59
2024-08-14 15:00:00,54204.165
2024-08-14 16:00:00,53948.321
2024-08-14 17:00:00,54519.179
2024-08-14 18:00:00,54484.867
2024-08-14 19:00:00,54085.172
2024-08-14 20:00:00,53212.279
2024-08-14 21:00:00,53249.801
2024-08-14 22:00:00,53666.052
2024-08-14 23:00:00,53413.758
2024-08-15 00:00:00,53622.85
2024-08-15 01:00:00,53212.843
2024-08-15 02:00:00,53096.568
2024-08-15 03:00:00,53609.364
2024-08-15 04:00:00,53630.533
2024-08-15 05:00:00,53695.527
2024-08-15 06:00:00,53594.974
2024-08-15 07:00:00,53739.796
2024-08-15 08:00:00,53850.636
2024-08-15 09:00:00,53514.575
2024-08-15 10:00:00,53578.095
2024-08-15 11:00:00,53782.27
2024-08-15 12:00:00,54424.473
2024-08-15 13:00:00,53818.539
2024-08-15 14:00:00,54143.173
2024-08-15 15:00:00,54309.961
2024-08-15 16:00:00,54707.216
2024-08-15 17:00:00,55240.856
2024-08-15 18:00:00,55908.412
2024-08-15 19:00:00,55574.23
2024-08-15 20:00:00,55549.654
2024-08-15 21:00:00,55652.015
2024-08-15 22:00:00,54188.84
2024-08-15 23:00:00,54024.32
2024-08-16 00:00:00,55506.56
2024-08-16 01:00:00,53782.704
2024-08-16 02:00:00,54777.959
2024-08-16 03:00:00,54589.477
2024-08-16 04:00:00,54923.743
2024-08-16 05:00:00,54777.001
2024-08-16 06:00:00,54705.037
2024-08-16 07:00:00,54567.837
2024-08-16 08:00:00,54409.635
2024-08-16 09:00:00,54331.975
2024-08-16 10:00:00,54997.046
2024-08-16 11:00:00,54603.005
2024-08-16 12:00:00,54983.818
2024-08-16 13:00:00,55203.77
2024-08-16 14:00:00,54940.701
2024-08-16 15:00:00,55309.427
2024-08-16 16:00:00,54717.771
2024-08-16 17:00:00,54266.583
2024-08-16 18:00:00,54358.833
2024-08-16 19:00:00,54678.326
2024-08-16 20:00:00,54675.777
2024-08-16 21:00:00,54552.241
2024-08-16 22:00:00,54149.184
2024-08-16 23:00:00,53238.561
2024-08-17 00:00:00,53609.817
2024-08-17 01:00:00,52997.772
2024-08-17 02:00:00,52768.01
2024-08-17 03:00:00,52681.068
2024-08-17 04:00:00,52434.437
2024-08-17 05:00:00,52466.098
2024-08-17 06:00:00,52627.087
2024-08-17 07:00:00,52878.54
2024-08-17 08:00:00,52733.953
2024-08-17 09:00:00,52865.299
2024-08-17 10:00:00,53014.876
2024-08-17 11:00:00,53003.714
2024-08-17 12:00:00,52990.412
2024-08-17 13:00:00,53199.102
2024-08-17 14:00:00,53388.721
2024-08-17 15:00:00,53783.397
2024-08-17 16:00:00,53275.94
2024-08-17 17:00:00,53175.887
2024-08-17 18:00:00,54147.884
2024-08-17 19:00:00,54365.008
2024-08-17 20:00:00,54535.553
2024-08-17 21:00:00,54487.326
2024-08-17 22:00:00,54628.085
2024-08-17 23:00:00,54247.461
2024-08-18 00:00:00,54285.681
2024-08-18 01:00:00,54333.882
2024-08-18 02:00:00,54026.592
2024-08-18 03:00:00,54117.787
2024-08-18 04:00:00,54145.786
2024-08-18 05:00:00,54730.507
2024-08-18 06:00:00,54928.12
2024-08-18 07:00:00,54481.209
2024-08-18 08:00:00,54385.016
2024-08-18 09:00:00,54600.494
2024-08-18 10:00:00,54600.06
2024-08-18 11:00:00,54595.131
2024-08-18 12:00:00,54442.06
2024-08-18 13:00:00,54691.403
2024-08-18 14:00:00,54658.131
2024-08-18 15:00:00,54604.474
2024-08-18 16:00:00,54965.625
2024-08-18 17:00:00,55189.126
2024-08-18 18:00:00,55088.254
2024-08-18 19:00:00,55107.835
2024-08-18 20:00:00,55263.156
2024-08-18 21:00:00,55412.004
2024-08-18 22:00:00,55648.959
2024-08-18 23:00:00,55814.552
2024-08-19 00:00:00,55689.675
2024-08-19 01:00:00,55634.316
2024-08-19 02:00:00,54866.286
2024-08-19 03:00:00,54968.519
2024-08-19 04:00:00,54079.528
2024-08-19 05:00:00,53301.743
2024-08-19 06:00:00,53535.144
2024-08-19 07:00:00,53824.276
2024-08-19 08:00:00,54034.685
2024-08-19 09:00:00,54502.176
2024-08-19 10:00:00,55242.545
2024-08-19 11:00:00,55839.863
2024-08-19 12:00:00,55822.043
2024-08-19 13:00:00,55787.116
2024-08-19 14:00:00,54859.147
2024-08-19 15:00:00,55429.659
2024-08-19 16:00:00,55182.815
2024-08-19 17:00:00,55813.124
2024-08-19 18:00:00,55246.591
2024-08-19 19:00:00,55589.727
2024-08-19 20:00:00,56063.978
2024-08-19 21:00:00,55820.202
2024-08-19 22:00:00,56571.349
2024-08-19 23:00:00,56754.994
2024-08-20 00:00:00,56378.639
2024-08-20 01:00:00,55918.894
2024-08-20 02:00:00,56090.949
2024-08-20 03:00:00,55999.648
2024-08-20 04:00:00,55816.698
2024-08-20 05:00:00,54409.931
2024-08-20 06:00:00,54946.412
2024-08-20 07:00:00,54884.934
2024-08-20 08:00:00,55074.291
2024-08-20 09:00:00,55478.896
2024-08-20 10:00:00,55604.031
2024-08-20 11:00:00,56158.446
2024-08-20 12:00:00,56590.47
2024-08-20 13:00:00,56201.509
2024-08-20 14:00:00,56406.616
2024-08-20 15:00:00,56387.338
2024-08-20 16:00:00,56951.373
2024-08-20 17:00:00,57116.573
2024-08-20 18:00:00,56630.749
2024-08-20 19:00:00,57427.763
2024-08-20 20:00:00,56267.767
2024-08-20 21:00:00,55160.477
2024-08-20 22:00:00,55399.86
2024-08-20 23:00:00,55916.561
2024-08-21 00:00:00,55702.743
2024-08-21 01:00:00,55778.864
2024-08-21 02:00:00,55068.643
2024-08-21 03:00:00,54966.859
2024-08-21 04:00:00,55222.899
2024-08-21 05:00:00,55022.152
2024-08-21 06:00:00,54962.64
2024-08-21 07:00:00,55121.261
2024-08-21 08:00:00,55096.083
2024-08-21 09:00:00,55168.129
2024-08-21 10:00:00,55106.589
2024-08-21 11:00:00,56013.855
2024-08-21 12:00:00,56912.199
2024-08-21 13:00:00,56128.174
2024-08-21 14:00:00,55843.808
2024-08-21 15:00:00,55841.483
2024-08-21 16:00:00,55847.115
2024-08-21 17:00:00,56068.497
2024-08-21 18:00:00,54817.002
2024-08-21 19:00:00,55596.437
2024-08-21 20:00:00,55278.383
2024-08-21 21:00:00,55684.979
2024-08-21 22:00:00,55971.797
2024-08-21 23:00:00,55788.413
2024-08-22 00:00:00,56688.878
2024-08-22 01:00:00,57382.517
2024-08-22 02:00:00,56925.189
2024-08-22 03:00:00,57202.957
2024-08-22 04:00:00,56903.897
2024-08-22 05:00:00,57332.37
2024-08-22 06:00:00,57496.461
2024-08-22 07:00:00,56123.508
2024-08-22 08:00:00,56358.322
2024-08-22 09:00:00,56488.135
2024-08-22 10:00:00,56805.966
2024-08-22 11:00:00,57170.679
2024-08-22 12:00:00,56546.249
2024-08-22 13:00:00,56879.433
2024-08-22 14:00:00,57353.39
2024-08-22 15:00:00,57743.441
2024-08-22 16:00:00,57902.168
2024-08-22 17:00:00,57790.874
2024-08-22 18:00:00,57843.373
2024-08-22 19:00:00,58511.303
2024-08-22 20:00:00,59279.258
2024-08-22 21:00:00,59169.525
2024-08-22 22:00:00,58864.808
2024-08-22 23:00:00,58655.805
2024-08-23 00:00:00,59019.042
2024-08-23 01:00:00,59319.627
2024-08-23 02:00:00,59309.347
2024-08-23 03:00:00,58997.485
2024-08-23 04:00:00,58899.329
2024-08-23 05:00:00,58652.756
2024-08-23 06:00:00,58577.318
2024-08-23 07:00:00,58783.247
2024-08-23 08:00:00,58632.152
2024-08-23 09:00:00,58679.519
2024-08-23 10:00:00,58576.986
2024-08-23 11:00:00,58375.076
2024-08-23 12:00:00,58423.587
2024-08-23 13:00:00,58785.328
2024-08-23 14:00:00,58921.631
2024-08-23 15:00:00,58990.936
2024-08-23 16:00:00,58855.521
2024-08-23 17:00:00,58405.826
2024-08-23 18:00:00,58610.605
2024-08-23 19:00:00,58695.319
2024-08-23 20:00:00,59843.714
2024-08-23 21:00:00,59814.823
2024-08-23 22:00:00,58371.704
2024-08-23 23:00:00,60175.519
2024-08-24 00:00:00,59457.342
2024-08-24 01:00:00,59885.173
2024-08-24 02:00:00,57087.406
2024-08-24 03:00:00,56814.786
2024-08-24 04:00:00,56734.739
2024-08-24 05:00:00,56921.356
2024-08-24 06:00:00,56916.908
2024-08-24 07:00:00,56870.805
2024-08-24 08:00:00,56854.827
2024-08-24 09:00:00,57082.459
2024-08-24 10:00:00,56975.335
2024-08-24 11:00:00,56794.388
2024-08-24 12:00:00,57169.374
2024-08-24 13:00:00,57470.827
2024-08-24 14:00:00,57841.999
2024-08-24 15:00:00,57491.824
2024-08-24 16:00:00,57734.487
2024-08-24 17:00:00,57726.359
2024-08-24 18:00:00,57898.339
2024-08-24 19:00:00,57976.415
2024-08-24 20:00:00,57947.231
2024-08-24 21:00:00,57912.702
2024-08-24 22:00:00,57698.116
2024-08-24 23:00:00,57690.419
2024-08-25 00:00:00,57847.81
2024-08-25 01:00:00,57821.544
2024-08-25 02:00:00,57497.871
2024-08-25 03:00:00,58146.04
2024-08-25 04:00:00,58199.134
2024-08-25 05:00:00,57347.479
2024-08-25 06:00:00,57993.331
2024-08-25 07:00:00,58124.808
2024-08-25 08:00:00,58200.307
2024-08-25 09:00:00,58424.081
2024-08-25 10:00:00,58123.0
2024-08-25 11:00:00,58192.359
2024-08-25 12:00:00,58367.372
2024-08-25 13:00:00,58417.501
2024-08-25 14:00:00,58169.371
2024-08-25 15:00:00,58883.42
2024-08-25 16:00:00,59399.382
2024-08-25 17:00:00,59248.367
2024-08-25 18:00:00,58868.831
2024-08-25 19:00:00,59012.686
2024-08-25 20:00:00,59017.857
2024-08-25 21:00:00,59649.575
2024-08-25 22:00:00,59588.657
2024-08-25 23:00:00,59424.909
2024-08-26 00:00:00,59434.807
2024-08-26 01:00:00,59462.178
2024-08-26 02:00:00,59341.603
2024-08-26 03:00:00,59687.697
2024-08-26 04:00:00,59817.632
2024-08-26 05:00:00,59330.926
2024-08-26 06:00:00,60071.675
2024-08-26 07:00:00,60063.574
2024-08-26 08:00:00,60137.051
2024-08-26 09:00:00,59979.516
2024-08-26 10:00:00,60113.045
2024-08-26 11:00:00,60468.232
2024-08-26 12:00:00,60893.175
2024-08-26 13:00:00,61056.466
2024-08-26 14:00:00,60818.884
2024-08-26 15:00:00,60829.632
2024-08-26 16:00:00,60971.585
2024-08-26 17:00:00,60703.224
2024-08-26 18:00:00,61494.376
2024-08-26 19:00:00,60364.277
2024-08-26 20:00:00,60700.046
2024-08-26 21:00:00,59969.813
2024-08-26 22:00:00,59413.5
2024-08-26 23:00:00,59378.967
2024-08-27 00:00:00,58879.02
2024-08-27 01:00:00,58898.197
2024-08-27 02:00:00,58411.3
2024-08-27 03:00:00,58301.81
2024-08-27 04:00:00,58507.191
2024-08-27 05:00:00,59065.334
2024-08-27 06:00:00,59010.015
2024-08-27 07:00:00,58843.504
2024-08-27 08:00:00,58819.386
2024-08-27 09:00:00,59072.392
2024-08-27 10:00:00,59298.839
2024-08-27 11:00:00,59850.839
2024-08-27 12:00:00,59424.898
2024-08-27 13:00:00,59725.254
2024-08-27 14:00:00,59301.062
2024-08-27 15:00:00,60631.605
2024-08-27 16:00:00,60212.634
2024-08-27 17:00:00,59936.342
2024-08-27 18:00:00,60700.766
2024-08-27 19:00:00,62267.437
2024-08-27 20:00:00,63656.978
2024-08-27 21:00:00,63543.996
2024-08-27 22:00:00,64014.936
2024-08-27 23:00:00,64189.264
2024-08-28 00:00:00,64056.367
2024-08-28 01:00:00,63741.882
2024-08-28 02:00:00,59183.484
2024-08-28 03:00:00,55719.578
2024-08-28 04:00:00,56525.352
2024-08-28 05:00:00,56871.26
2024-08-28 06:00:00,56609.327
2024-08-28 07:00:00,56597.988
2024-08-28 08:00:00,56850.033
2024-08-28 09:00:00,56868.249
2024-08-28 10:00:00,56976.312
2024-08-28 11:00:00,57129.791
2024-08-28 12:00:00,57230.16
2024-08-28 13:00:00,57461.103
2024-08-28 14:00:00,57780.532
2024-08-28 15:00:00,58033.583
2024-08-28 16:00:00,58201.378
2024-08-28 17:00:00,58241.033
2024-08-28 18:00:00,57756.233
2024-08-28 19:00:00,56892.307
2024-08-28 20:00:00,55687.276
2024-08-28 21:00:00,55721.225
2024-08-28 22:00:00,55182.446
2024-08-28 23:00:00,55774.727
2024-08-29 00:00:00,55469.492
2024-08-29 01:00:00,55634.499
2024-08-29 02:00:00,55304.112
2024-08-29 03:00:00,55186.101
2024-08-29 04:00:00,55251.487
2024-08-29 05:00:00,55419.478
2024-08-29 06:00:00,55592.939
2024-08-29 07:00:00,55442.339
2024-08-29 08:00:00,55612.064
2024-08-29 09:00:00,55310.927
2024-08-29 10:00:00,55653.753
2024-08-29 11:00:00,56166.964
2024-08-29 12:00:00,56166.231
2024-08-29 13:00:00,55761.674
2024-08-29 14:00:00,56725.246
2024-08-29 15:00:00,56692.876
2024-08-29 16:00:00,56272.07
2024-08-29 17:00:00,56450.684
2024-08-29 18:00:00,57069.37
2024-08-29 19:00:00,56784.726
2024-08-29 20:00:00,57412.537
2024-08-29 21:00:00,56397.878
2024-08-29 22:00:00,57021.241
2024-08-29 23:00:00,56840.031
2024-08-30 00:00:00,56704.655
2024-08-30 01:00:00,56326.469
2024-08-30 02:00:00,56966.807
2024-08-30 03:00:00,56602.959
2024-08-30 04:00:00,56486.948
2024-08-30 05:00:00,56861.323
2024-08-30 06:00:00,56784.723
2024-08-30 07:00:00,56751.828
2024-08-30 08:00:00,56601.094
2024-08-30 09:00:00,56745.992
2024-08-30 10:00:00,56616.271
2024-08-30 11:00:00,56576.182
2024-08-30 12:00:00,56202.079
2024-08-30 13:00:00,56296.937
2024-08-30 14:00:00,56517.997
2024-08-30 15:00:00,56145.214
2024-08-30 16:00:00,56094.237
2024-08-30 17:00:00,56142.776
2024-08-30 18:00:00,55735.964
2024-08-30 19:00:00,55372.241
2024-08-30 20:00:00,56526.975
2024-08-30 21:00:00,55651.824
2024-08-30 22:00:00,56025.032
2024-08-30 23:00:00,55721.325
2024-08-31 00:00:00,55360.113
2024-08-31 01:00:00,55404.682
2024-08-31 02:00:00,55336.611
2024-08-31 03:00:00,55032.647
2024-08-31 04:00:00,54933.3
2024-08-31 05:00:00,54699.498
2024-08-31 06:00:00,54705.873
2024-08-31 07:00:00,54728.831
2024-08-31 08:00:00,54721.891
2024-08-31 09:00:00,54682.835
2024-08-31 10:00:00,54831.776
2024-08-31 11:00:00,54842.778
2024-08-31 12:00:00,54830.979
2024-08-31 13:00:00,55109.325
2024-08-31 14:00:00,55767.37
2024-08-31 15:00:00,55496.906
2024-08-31 16:00:00,55593.134
2024-08-31 17:00:00,55841.605
2024-08-31 18:00:00,55892.134
2024-08-31 19:00:00,56092.043
2024-08-31 20:00:00,55966.366
2024-08-31 21:00:00,56011.151
2024-08-31 22:00:00,55472.68
2024-08-31 23:00:00,55433.329
2024-09-01 00:00:00,55547.137
2024-09-01 01:00:00,55341.744
2024-09-01 02:00:00,55221.835
2024-09-01 03:00:00,55238.753
2024-09-01 04:00:00,55300.547
2024-09-01 05:00:00,55184.468
2024-09-01 06:00:00,55115.53
2024-09-01 07:00:00,54873.266
2024-09-01 08:00:00,54909.14
2024-09-01 09:00:00,55038.469
2024-09-01 10:00:00,55871.065
2024-09-01 11:00:00,56072.171
2024-09-01 12:00:00,56291.512
2024-09-01 13:00:00,56319.607
2024-09-01 14:00:00,56456.584
2024-09-01 15:00:00,56551.158
2024-09-01 16:00:00,56477.422
2024-09-01 17:00:00,56517.226
2024-09-01 18:00:00,56641.682
2024-09-01 19:00:00,55288.667
2024-09-01 20:00:00,54990.372
2024-09-01 21:00:00,55239.765
2024-09-01 22:00:00,55058.552
2024-09-01 23:00:00,54695.547
2024-09-02 00:00:00,54578.425
2024-09-02 01:00:00,54888.039
2024-09-02 02:00:00,54805.6
2024-09-02 03:00:00,53899.095
2024-09-02 04:00:00,54148.284
2024-09-02 05:00:00,54111.401
2024-09-02 06:00:00,54388.537
2024-09-02 07:00:00,54404.088
2024-09-02 08:00:00,54970.293
2024-09-02 09:00:00,54355.601
2024-09-02 10:00:00,54374.376
2024-09-02 11:00:00,54442.599
2024-09-02 12:00:00,54706.204
2024-09-02 13:00:00,55343.936
2024-09-02 14:00:00,54839.674
2024-09-02 15:00:00,55353.595
2024-09-02 16:00:00,55260.214
2024-09-02 17:00:00,55418.351
2024-09-02 18:00:00,55157.829
2024-09-02 19:00:00,54991.284
2024-09-02 20:00:00,54972.663
2024-09-02 21:00:00,54919.175
2024-09-02 22:00:00,54830.819
2024-09-02 23:00:00,54588.173
2024-09-03 00:00:00,54513.828
2024-09-03 01:00:00,53521.141
2024-09-03 02:00:00,53844.974
2024-09-03 03:00:00,53864.719
2024-09-03 04:00:00,53797.039
2024-09-03 05:00:00,53823.096
2024-09-03 06:00:00,53840.154
2024-09-03 07:00:00,53140.781
2024-09-03 08:00:00,52918.088
2024-09-03 09:00:00,53378.125
2024-09-03 10:00:00,53547.889
2024-09-03 11:00:00,54439.062
2024-09-03 12:00:00,54274.619
2024-09-03 13:00:00,54448.925
2024-09-03 14:00:00,54824.857
2024-09-03 15:00:00,55060.443
2024-09-03 16:00:00,55232.603
2024-09-03 17:00:00,55369.349
2024-09-03 18:00:00,55790.655
2024-09-03 19:00:00,56658.375
2024-09-03 20:00:00,56914.759
2024-09-03 21:00:00,57493.846
2024-09-03 22:00:00,57385.87
2024-09-03 23:00:00,57342.758
2024-09-04 00:00:00,56991.095
2024-09-04 01:00:00,56620.463
2024-09-04 02:00:00,56567.275
2024-09-04 03:00:00,56394.269
2024-09-04 04:00:00,56238.287
2024-09-04 05:00:00,55637.435
2024-09-04 06:00:00,52627.789
2024-09-04 07:00:00,52338.314
2024-09-04 08:00:00,52464.811
2024-09-04 09:00:00,52619.018
2024-09-04 10:00:00,52739.955
2024-09-04 11:00:00,53179.915
2024-09-04 12:00:00,53254.417
2024-09-04 13:00:00,53369.987
2024-09-04 14:00:00,53604.063
2024-09-04 15:00:00,53883.119
2024-09-04 16:00:00,53948.571
2024-09-04 17:00:00,53869.604
2024-09-04 18:00:00,53678.346
2024-09-04 19:00:00,53715.298
2024-09-04 20:00:00,54236.003
2024-09-04 21:00:00,54637.217
2024-09-04 22:00:00,54673.941
2024-09-04 23:00:00,55099.992
2024-09-05 00:00:00,54846.439
2024-09-05 01:00:00,54912.625
2024-09-05 02:00:00,54808.483
2024-09-05 03:00:00,54678.627
2024-09-05 04:00:00,54535.061
2024-09-05 05:00:00,54371.37
2024-09-05 06:00:00,54012.785
2024-09-05 07:00:00,54571.333
2024-09-05 08:00:00,53810.49
2024-09-05 09:00:00,54207.3
2024-09-05 10:00:00,54533.774
2024-09-05 11:00:00,54367.531
2024-09-05 12:00:00,54549.226
2024-09-05 13:00:00,55217.247
2024-09-05 14:00:00,55821.494
2024-09-05 15:00:00,55778.636
2024-09-05 16:00:00,55917.123
2024-09-05 17:00:00,54689.994
2024-09-05 18:00:00,55720.009
2024-09-05 19:00:00,55645.148
2024-09-05 20:00:00,56829.033
2024-09-05 21:00:00,56803.856
2024-09-05 22:00:00,55800.193
2024-09-05 23:00:00,55617.35
2024-09-06 00:00:00,55511.323
2024-09-06 01:00:00,55083.085
2024-09-06 02:00:00,54892.39
2024-09-06 03:00:00,55254.417
2024-09-06 04:00:00,55133.044
2024-09-06 05:00:00,55257.022
2024-09-06 06:00:00,55034.476
2024-09-06 07:00:00,54564.884
2024-09-06 08:00:00,54837.704
2024-09-06 09:00:00,54810.189
2024-09-06 10:00:00,54877.748
2024-09-06 11:00:00,55099.474
2024-09-06 12:00:00,55642.376
2024-09-06 13:00:00,55556.66
2024-09-06 14:00:00,55750.649
2024-09-06 15:00:00,55408.574
2024-09-06 16:00:00,55279.328
2024-09-06 17:00:00,55783.94
2024-09-06 18:00:00,55246.303
2024-09-06 19:00:00,56313.206
2024-09-06 20:00:00,58816.749
2024-09-06 21:00:00,59444.398
2024-09-06 22:00:00,59460.423
2024-09-06 23:00:00,59308.147
2024-09-07 00:00:00,60223.534
2024-09-07 01:00:00,58657.58
2024-09-07 02:00:00,58736.085
2024-09-07 03:00:00,58562.274
2024-09-07 04:00:00,58644.768
2024-09-07 05:00:00,58886.228
2024-09-07 06:00:00,58818.465
2024-09-07 07:00:00,58867.15
2024-09-07 08:00:00,58986.847
2024-09-07 09:00:00,59144.367
2024-09-07 10:00:00,59087.089
2024-09-07 11:00:00,59193.408
2024-09-07 12:00:00,59114.43
2024-09-07 13:00:00,59413.401
2024-09-07 14:00:00,59504.149
2024-09-07 15:00:00,59633.641
2024-09-07 16:00:00,59908.285
2024-09-07 17:00:00,59636.397
2024-09-07 18:00:00,59825.75
2024-09-07 19:00:00,59777.523
2024-09-07 20:00:00,59837.134
2024-09-07 21:00:00,60013.521
2024-09-07 22:00:00,59655.943
2024-09-07 23:00:00,59257.386
2024-09-08 00:00:00,59115.468
2024-09-08 01:00:00,59159.219
2024-09-08 02:00:00,59017.349
2024-09-08 03:00:00,59000.862
2024-09-08 04:00:00,58977.172
2024-09-08 05:00:00,59234.129
2024-09-08 06:00:00,59010.898
2024-09-08 07:00:00,58912.003
2024-09-08 08:00:00,59142.319
2024-09-08 09:00:00,58817.728
2024-09-08 10:00:00,58881.728
2024-09-08 11:00:00,59042.869
2024-09-08 12:00:00,59031.528
2024-09-08 13:00:00,59074.201
2024-09-08 14:00:00,59076.089
2024-09-08 15:00:00,59235.924
2024-09-08 16:00:00,59278.42
2024-09-08 17:00:00,59493.748
2024-09-08 18:00:00,59273.749
2024-09-08 19:00:00,59493.933
2024-09-08 20:00:00,60099.985
2024-09-08 21:00:00,60020.296
2024-09-08 22:00:00,59341.176
2024-09-08 23:00:00,59537.721
2024-09-09 00:00:00,59696.723
2024-09-09 01:00:00,60179.907
2024-09-09 02:00:00,60021.845
2024-09-09 03:00:00,59024.689
2024-09-09 04:00:00,59362.957
2024-09-09 05:00:00,59800.944
2024-09-09 06:00:00,59635.46
2024-09-09 07:00:00,59444.854
2024-09-09 08:00:00,59778.226
2024-09-09 09:00:00,60074.431
2024-09-09 10:00:00,60077.791
2024-09-09 11:00:00,60032.72
2024-09-09 12:00:00,60118.225
2024-09-09 13:00:00,60147.274
2024-09-09 14:00:00,60000.57
2024-09-09 15:00:00,60296.009
2024-09-09 16:00:00,60707.476
2024-09-09 17:00:00,60513.489
2024-09-09 18:00:00,60544.197
2024-09-09 19:00:00,60090.995
2024-09-09 20:00:00,60409.405
2024-09-09 21:00:00,61146.429
2024-09-09 22:00:00,61208.015
2024-09-09 23:00:00,61314.442
2024-09-10 00:00:00,60969.128
2024-09-10 01:00:00,61235.34
2024-09-10 02:00:00,59802.361
2024-09-10 03:00:00,60294.506
2024-09-10 04:00:00,59897.832
2024-09-10 05:00:00,59683.278
2024-09-10 06:00:00,59956.15
2024-09-10 07:00:00,60190.918
2024-09-10 08:00:00,59994.453
2024-09-10 09:00:00,59887.639
2024-09-10 10:00:00,59706.312
2024-09-10 11:00:00,59933.288
2024-09-10 12:00:00,60341.903
2024-09-10 13:00:00,60597.139
2024-09-10 14:00:00,60758.147
2024-09-10 15:00:00,60836.315
2024-09-10 16:00:00,61084.965
2024-09-10 17:00:00,60783.676
2024-09-10 18:00:00,60719.033
2024-09-10 19:00:00,60795.377
2024-09-10 20:00:00,60385.124
2024-09-10 21:00:00,60422.339
2024-09-10 22:00:00,60234.587
2024-09-10 23:00:00,60235.649
2024-09-11 00:00:00,60471.309
2024-09-11 01:00:00,60537.36
2024-09-11 02:00:00,60901.546
2024-09-11 03:00:00,60972.552
2024-09-11 04:00:00,60924.35
2024-09-11 05:00:00,60791.664
2024-09-11 06:00:00,60433.848
2024-09-11 07:00:00,60636.372
2024-09-11 08:00:00,60273.726
2024-09-11 09:00:00,59717.078
2024-09-11 10:00:00,59800.425
2024-09-11 11:00:00,60257.57
2024-09-11 12:00:00,60419.852
2024-09-11 13:00:00,61162.171
2024-09-11 14:00:00,61079.611
2024-09-11 15:00:00,60745.076
2024-09-11 16:00:00,60152.065
2024-09-11 17:00:00,59998.653
2024-09-11 18:00:00,60316.96
2024-09-11 19:00:00,61679.637
2024-09-11 20:00:00,61376.738
2024-09-11 21:00:00,60705.107
2024-09-11 22:00:00,61716.058
2024-09-11 23:00:00,60857.478
2024-09-12 00:00:00,60691.759
2024-09-12 01:00:00,60683.36
2024-09-12 02:00:00,60310.175
2024-09-12 03:00:00,60188.649
2024-09-12 04:00:00,60252.292
2024-09-12 05:00:00,59549.506
2024-09-12 06:00:00,59856.999
2024-09-12 07:00:00,60325.681
2024-09-12 08:00:00,60563.177
2024-09-12 09:00:00,60720.894
2024-09-12 10:00:00,60995.354
2024-09-12 11:00:00,60991.471
2024-09-12 12:00:00,61187.138
2024-09-12 13:00:00,61199.03
2024-09-12 14:00:00,61327.233
2024-09-12 15:00:00,61215.036
2024-09-12 16:00:00,61601.776
2024-09-12 17:00:00,62463.662
2024-09-12 18:00:00,62067.72
2024-09-12 19:00:00,61943.518
2024-09-12 20:00:00,61945.554
2024-09-12 21:00:00,61791.477
2024-09-12 22:00:00,62249.307
2024-09-12 23:00:00,61961.249
2024-09-13 00:00:00,62031.557
2024-09-13 01:00:00,61552.548
2024-09-13 02:00:00,60772.97
2024-09-13 03:00:00,60722.944
2024-09-13 04:00:00,60668.139
2024-09-13 05:00:00,60792.634
2024-09-13 06:00:00,60553.445
2024-09-13 07:00:00,60436.047
2024-09-13 08:00:00,60701.426
2024-09-13 09:00:00,60649.891
2024-09-13 10:00:00,60642.449
2024-09-13 11:00:00,61012.619
2024-09-13 12:00:00,61101.314
2024-09-13 13:00:00,61138.677
2024-09-13 14:00:00,61322.236
2024-09-13 15:00:00,61427.375
2024-09-13 16:00:00,61050.167
2024-09-13 17:00:00,60646.663
2024-09-13 18:00:00,60849.814
2024-09-13 19:00:00,61523.195
2024-09-13 20:00:00,61617.368
2024-09-13 21:00:00,62196.691
2024-09-13 22:00:00,62381.268
2024-09-13 23:00:00,62760.089
2024-09-14 00:00:00,62803.724
2024-09-14 01:00:00,62701.51
2024-09-14 02:00:00,62215.622
2024-09-14 03:00:00,61738.068
2024-09-14 04:00:00,61722.06
2024-09-14 05:00:00,62020.585
2024-09-14 06:00:00,62221.865
2024-09-14 07:00:00,62459.374
2024-09-14 08:00:00,62391.333
2024-09-14 09:00:00,61890.856
2024-09-14 10:00:00,61462.996
2024-09-14 11:00:00,61326.845
2024-09-14 12:00:00,61365.928
2024-09-14 13:00:00,61614.837
2024-09-14 14:00:00,61897.233
2024-09-14 15:00:00,61904.01
2024-09-14 16:00:00,61823.522
2024-09-14 17:00:00,61636.796
2024-09-14 18:00:00,61495.84
2024-09-14 19:00:00,61327.194
2024-09-14 20:00:00,61500.655
2024-09-14 21:00:00,61667.237
2024-09-14 22:00:00,61676.05
2024-09-14 23:00:00,61244.446
2024-09-15 00:00:00,61313.476
2024-09-15 01:00:00,61108.269
2024-09-15 02:00:00,61191.97
2024-09-15 03:00:00,61253.067
2024-09-15 04:00:00,61294.292
2024-09-15 05:00:00,61311.445
2024-09-15 06:00:00,61092.343
2024-09-15 07:00:00,61217.036
2024-09-15 08:00:00,61236.085
2024-09-15 09:00:00,61232.001
2024-09-15 10:00:00,61121.167
2024-09-15 11:00:00,61171.266
2024-09-15 12:00:00,61162.553
2024-09-15 13:00:00,61000.202
2024-09-15 14:00:00,61089.442
2024-09-15 15:00:00,61135.523
2024-09-15 16:00:00,61076.079
2024-09-15 17:00:00,61293.424
2024-09-15 18:00:00,61206.319
2024-09-15 19:00:00,61584.166
2024-09-15 20:00:00,61739.089
2024-09-15 21:00:00,62007.547
2024-09-15 22:00:00,61692.579
2024-09-15 23:00:00,61728.791
2024-09-16 00:00:00,61600.36
2024-09-16 01:00:00,61517.276
2024-09-16 02:00:00,61356.466
2024-09-16 03:00:00,61626.213
2024-09-16 04:00:00,59984.347
2024-09-16 05:00:00,60223.052
2024-09-16 06:00:00,60053.591
2024-09-16 07:00:00,59691.675
2024-09-16 08:00:00,60628.387
2024-09-16 09:00:00,60663.853
2024-09-16 10:00:00,60794.606
2024-09-16 11:00:00,60947.656
2024-09-16 12:00:00,61195.467
2024-09-16 13:00:00,59774.776
2024-09-16 14:00:00,59657.775
2024-09-16 15:00:00,59950.298
2024-09-16 16:00:00,59847.32
2024-09-16 17:00:00,60272.618
2024-09-16 18:00:00,60439.477
2024-09-16 19:00:00,60315.999
2024-09-16 20:00:00,60035.715
2024-09-16 21:00:00,60245.426
2024-09-16 22:00:00,61062.608
2024-09-16 23:00:00,60578.095
2024-09-17 00:00:00,60467.998
2024-09-17 01:00:00,60197.117
2024-09-17 02:00:00,60351.539
2024-09-17 03:00:00,60546.674
2024-09-17 04:00:00,60503.407
2024-09-17 05:00:00,60397.839
2024-09-17 06:00:00,60438.916
2024-09-17 07:00:00,59528.351
2024-09-17 08:00:00,59665.67
2024-09-17 09:00:00,59986.871
2024-09-17 10:00:00,59771.056
2024-09-17 11:00:00,60068.49
2024-09-17 12:00:00,60329.516
2024-09-17 13:00:00,60553.584
2024-09-17 14:00:00,60427.504
2024-09-17 15:00:00,60090.605
2024-09-17 16:00:00,60487.423
2024-09-17 17:00:00,60959.993
2024-09-17 18:00:00,61122.425
2024-09-17 19:00:00,60598.196
2024-09-17 20:00:00,61027.393
2024-09-17 21:00:00,61734.429
2024-09-17 22:00:00,61780.67
2024-09-17 23:00:00,60697.935
2024-09-18 00:00:00,59912.153
2024-09-18 01:00:00,59145.624
2024-09-18 02:00:00,59004.661
2024-09-18 03:00:00,58902.831
2024-09-18 04:00:00,58869.843
2024-09-18 05:00:00,58825.6
2024-09-18 06:00:00,58505.07
2024-09-18 07:00:00,58545.764
2024-09-18 08:00:00,59029.48
2024-09-18 09:00:00,59218.938
2024-09-18 10:00:00,59069.371
2024-09-18 11:00:00,58895.024
2024-09-18 12:00:00,59064.48
2024-09-18 13:00:00,58877.379
2024-09-18 14:00:00,58897.609
2024-09-18 15:00:00,58701.572
2024-09-18 16:00:00,58818.163
2024-09-18 17:00:00,58696.767
2024-09-18 18:00:00,58999.609
2024-09-18 19:00:00,59058.97
2024-09-18 20:00:00,59041.792
2024-09-18 21:00:00,58664.207
2024-09-18 22:00:00,58409.653
2024-09-18 23:00:00,60496.449
2024-09-19 00:00:00,60244.895
2024-09-19 01:00:00,59951.233
2024-09-19 02:00:00,60309.246
2024-09-19 03:00:00,61206.615
2024-09-19 04:00:00,62322.576
2024-09-19 05:00:00,63210.801
2024-09-19 06:00:00,62416.156
2024-09-19 07:00:00,62483.634
2024-09-19 08:00:00,62578.27
2024-09-19 09:00:00,62517.525
2024-09-19 10:00:00,62648.429
2024-09-19 11:00:00,62663.03
2024-09-19 12:00:00,62786.512
2024-09-19 13:00:00,62334.438
2024-09-19 14:00:00,62682.669
2024-09-19 15:00:00,62475.363
2024-09-19 16:00:00,62927.808
2024-09-19 17:00:00,62625.152
2024-09-19 18:00:00,62789.835
2024-09-19 19:00:00,62538.148
2024-09-19 20:00:00,62763.123
2024-09-19 21:00:00,62558.946
2024-09-19 22:00:00,63534.503
2024-09-19 23:00:00,62984.987
2024-09-20 00:00:00,63277.707
2024-09-20 01:00:00,63080.934
2024-09-20 02:00:00,62552.219
2024-09-20 03:00:00,62323.935
2024-09-20 04:00:00,62427.547
2024-09-20 05:00:00,62696.75
2024-09-20 06:00:00,62548.455
2024-09-20 07:00:00,62291.904
2024-09-20 08:00:00,61852.014
2024-09-20 09:00:00,61133.118
2024-09-20 10:00:00,61263.406
2024-09-20 11:00:00,61387.171
2024-09-20 12:00:00,61113.799
2024-09-20 13:00:00,61157.244
2024-09-20 14:00:00,61910.88
2024-09-20 15:00:00,61913.585
2024-09-20 16:00:00,62110.456
2024-09-20 17:00:00,62134.064
2024-09-20 18:00:00,63004.846
2024-09-20 19:00:00,62962.194
2024-09-20 20:00:00,62827.969
2024-09-20 21:00:00,62397.425
2024-09-20 22:00:00,62301.012
2024-09-20 23:00:00,61863.7
2024-09-21 00:00:00,62063.66
2024-09-21 01:00:00,61981.306
2024-09-21 02:00:00,62006.769
2024-09-21 03:00:00,61967.668
2024-09-21 04:00:00,61980.845
2024-09-21 05:00:00,61959.746
2024-09-21 06:00:00,61748.96
2024-09-21 07:00:00,62058.706
2024-09-21 08:00:00,62218.63
2024-09-21 09:00:00,62493.168
2024-09-21 10:00:00,62314.797
2024-09-21 11:00:00,62577.707
2024-09-21 12:00:00,62736.393
2024-09-21 13:00:00,62854.107
2024-09-21 14:00:00,62831.578
2024-09-21 15:00:00,62834.857
2024-09-21 16:00:00,62903.018
2024-09-21 17:00:00,62913.504
2024-09-21 18:00:00,62759.966
2024-09-21 19:00:00,62574.916
2024-09-21 20:00:00,62489.96
2024-09-21 21:00:00,62885.247
2024-09-21 22:00:00,62885.9
2024-09-21 23:00:00,62885.013
2024-09-22 00:00:00,62604.33
2024-09-22 01:00:00,62575.569
2024-09-22 02:00:00,62573.513
2024-09-22 03:00:00,62549.911
2024-09-22 04:00:00,62083.739
2024-09-22 05:00:00,62001.646
2024-09-22 06:00:00,61937.938
2024-09-22 07:00:00,62561.122
2024-09-22 08:00:00,62535.62
2024-09-22 09:00:00,62546.402
2024-09-22 10:00:00,63070.663
2024-09-22 11:00:00,63095.645
2024-09-22 12:00:00,62698.042
2024-09-22 13:00:00,62517.541
2024-09-22 14:00:00,63038.175
2024-09-22 15:00:00,62640.216
2024-09-22 16:00:00,63050.51
2024-09-22 17:00:00,63049.872
2024-09-22 18:00:00,62727.63
2024-09-22 19:00:00,62517.37
2024-09-22 20:00:00,62536.703
2024-09-22 21:00:00,62278.779
2024-09-22 22:00:00,61754.091
2024-09-22 23:00:00,61674.146
2024-09-23 00:00:00,61054.079
2024-09-23 01:00:00,59732.129
2024-09-23 02:00:00,59590.564
2024-09-23 03:00:00,59425.613
2024-09-23 04:00:00,59684.586
2024-09-23 05:00:00,60242.697
2024-09-23 06:00:00,61226.717
2024-09-23 07:00:00,61656.621
2024-09-23 08:00:00,61407.188
2024-09-23 09:00:00,61135.83
2024-09-23 10:00:00,61126.375
2024-09-23 11:00:00,61198.258
2024-09-23 12:00:00,61145.777
2024-09-23 13:00:00,62092.385
2024-09-23 14:00:00,61248.89
2024-09-23 15:00:00,60871.919
2024-09-23 16:00:00,61227.305
2024-09-23 17:00:00,61340.382
2024-09-23 18:00:00,61562.137
2024-09-23 19:00:00,61327.828
2024-09-23 20:00:00,61479.506
2024-09-23 21:00:00,61395.86
2024-09-23 22:00:00,60678.136
2024-09-23 23:00:00,61066.225
2024-09-24 00:00:00,60418.764
2024-09-24 01:00:00,60316.313
2024-09-24 02:00:00,59981.858
2024-09-24 03:00:00,59866.921
2024-09-24 04:00:00,59833.163
2024-09-24 05:00:00,59599.809
2024-09-24 06:00:00,60274.596
2024-09-24 07:00:00,59949.837
2024-09-24 08:00:00,59956.819
2024-09-24 09:00:00,59921.212
2024-09-24 10:00:00,60168.132
2024-09-24 11:00:00,60249.761
2024-09-24 12:00:00,61054.654
2024-09-24 13:00:00,61117.829
2024-09-24 14:00:00,61409.475
2024-09-24 15:00:00,61233.081
2024-09-24 16:00:00,61189.698
2024-09-24 17:00:00,61408.148
2024-09-24 18:00:00,61762.387
2024-09-24 19:00:00,62807.962
2024-09-24 20:00:00,61820.647
2024-09-24 21:00:00,61716.497
2024-09-24 22:00:00,61211.198
2024-09-24 23:00:00,61589.199
2024-09-25 00:00:00,61458.479
2024-09-25 01:00:00,61535.027
2024-09-25 02:00:00,61912.62
2024-09-25 03:00:00,62644.508
2024-09-25 04:00:00,62248.574
2024-09-25 05:00:00,62914.939
2024-09-25 06:00:00,63583.612
2024-09-25 07:00:00,63602.044
2024-09-25 08:00:00,62633.748
2024-09-25 09:00:00,62617.956
2024-09-25 10:00:00,62785.91
2024-09-25 11:00:00,62071.236
2024-09-25 12:00:00,61754.461
2024-09-25 13:00:00,61773.162
2024-09-25 14:00:00,61802.352
2024-09-25 15:00:00,61878.529
2024-09-25 16:00:00,61819.314
2024-09-25 17:00:00,61613.88
2024-09-25 18:00:00,61850.829
2024-09-25 19:00:00,62521.091
2024-09-25 20:00:00,62328.759
2024-09-25 21:00:00,62795.086
2024-09-25 22:00:00,63234.633
2024-09-25 23:00:00,63768.888
2024-09-26 00:00:00,63776.113
2024-09-26 01:00:00,63935.632
2024-09-26 02:00:00,63823.208
2024-09-26 03:00:00,63722.954
2024-09-26 04:00:00,63373.291
2024-09-26 05:00:00,63606.602
2024-09-26 06:00:00,63787.807
2024-09-26 07:00:00,63803.869
2024-09-26 08:00:00,63760.804
2024-09-26 09:00:00,63992.003
2024-09-26 10:00:00,63801.127
2024-09-26 11:00:00,63713.321
2024-09-26 12:00:00,63730.133
2024-09-26 13:00:00,63754.571
2024-09-26 14:00:00,63918.28
2024-09-26 15:00:00,63168.002
2024-09-26 16:00:00,63428.879
2024-09-26 17:00:00,64246.566
2024-09-26 18:00:00,64492.703
2024-09-26 19:00:00,65007.575
2024-09-26 20:00:00,64314.356
2024-09-26 21:00:00,64466.273
2024-09-26 22:00:00,64457.472
2024-09-26 23:00:00,63755.198
2024-09-27 00:00:00,63337.902
2024-09-27 01:00:00,63529.006
2024-09-27 02:00:00,63755.798
2024-09-27 03:00:00,63659.909
2024-09-27 04:00:00,63501.2
2024-09-27 05:00:00,63504.313
2024-09-27 06:00:00,63669.211
2024-09-27 07:00:00,63286.169
2024-09-27 08:00:00,62884.78
2024-09-27 09:00:00,62795.43
2024-09-27 10:00:00,62889.701
2024-09-27 11:00:00,63414.949
2024-09-27 12:00:00,63959.169
2024-09-27 13:00:00,64685.977
2024-09-27 14:00:00,64900.702
2024-09-27 15:00:00,64664.644
2024-09-27 16:00:00,64921.132
2024-09-27 17:00:00,65012.577
2024-09-27 18:00:00,64784.152
2024-09-27 19:00:00,64328.893
2024-09-27 20:00:00,64127.877
2024-09-27 21:00:00,63535.353
2024-09-27 22:00:00,63243.09
2024-09-27 23:00:00,62665.939
2024-09-28 00:00:00,62420.457
2024-09-28 01:00:00,62576.125
2024-09-28 02:00:00,62861.324
2024-09-28 03:00:00,62880.908
2024-09-28 04:00:00,62972.242
2024-09-28 05:00:00,62690.634
2024-09-28 06:00:00,62995.898
2024-09-28 07:00:00,63378.298
2024-09-28 08:00:00,63106.185
2024-09-28 09:00:00,63088.18
2024-09-28 10:00:00,63256.936
2024-09-28 11:00:00,63080.692
2024-09-28 12:00:00,63074.972
2024-09-28 13:00:00,62224.871
2024-09-28 14:00:00,62420.57
2024-09-28 15:00:00,62596.967
2024-09-28 16:00:00,62707.664
2024-09-28 17:00:00,63123.772
2024-09-28 18:00:00,63380.001
2024-09-28 19:00:00,63132.112
2024-09-28 20:00:00,63412.217
2024-09-28 21:00:00,63383.572
2024-09-28 22:00:00,63360.54
2024-09-28 23:00:00,63332.732
2024-09-29 00:00:00,63250.665
2024-09-29 01:00:00,63025.558
2024-09-29 02:00:00,63081.972
2024-09-29 03:00:00,63175.525
2024-09-29 04:00:00,62608.157
2024-09-29 05:00:00,62707.84
2024-09-29 06:00:00,62789.646
2024-09-29 07:00:00,62839.583
2024-09-29 08:00:00,62878.546
2024-09-29 09:00:00,62840.079
2024-09-29 10:00:00,62929.302
2024-09-29 11:00:00,63032.466
2024-09-29 12:00:00,62689.369
2024-09-29 13:00:00,62642.547
2024-09-29 14:00:00,62764.495
2024-09-29 15:00:00,62947.606
2024-09-29 16:00:00,63008.825
2024-09-29 17:00:00,63606.541
2024-09-29 18:00:00,63609.782
2024-09-29 19:00:00,63538.449
2024-09-29 20:00:00,63561.727
2024-09-29 21:00:00,63702.625
2024-09-29 22:00:00,63663.98
2024-09-29 23:00:00,63737.688
2024-09-30 00:00:00,63770.891
2024-09-30 01:00:00,63126.003
2024-09-30 02:00:00,62968.804
2024-09-30 03:00:00,62858.623
2024-09-30 04:00:00,62990.337
2024-09-30 05:00:00,62832.471
2024-09-30 06:00:00,61699.744
2024-09-30 07:00:00,63296.616
2024-09-30 08:00:00,64157.764
2024-09-30 09:00:00,64652.652
2024-09-30 10:00:00,64808.095
2024-09-30 11:00:00,64781.192
2024-09-30 12:00:00,64933.328
2024-09-30 13:00:00,65908.633
2024-09-30 14:00:00,64732.235
2024-09-30 15:00:00,64833.653
2024-09-30 16:00:00,64804.693
2024-09-30 17:00:00,65358.846
2024-09-30 18:00:00,64797.437
2024-09-30 19:00:00,64383.209
2024-09-30 20:00:00,63970.808
2024-09-30 21:00:00,64790.339
2024-09-30 22:00:00,64791.018
2024-09-30 23:00:00,64379.371
2024-10-01 00:00:00,64377.482
2024-10-01 01:00:00,64352.615
2024-10-01 02:00:00,64237.789
2024-10-01 03:00:00,63948.965
2024-10-01 04:00:00,64296.285
2024-10-01 05:00:00,61686.742
2024-10-01 06:00:00,61840.225
2024-10-01 07:00:00,61694.126
2024-10-01 08:00:00,61854.968
2024-10-01 09:00:00,61899.42
2024-10-01 10:00:00,61581.986
2024-10-01 11:00:00,60959.894
2024-10-01 12:00:00,61089.471
2024-10-01 13:00:00,61514.881
2024-10-01 14:00:00,61829.912
2024-10-01 15:00:00,62255.25
2024-10-01 16:00:00,62289.325
2024-10-01 17:00:00,62532.873
2024-10-01 18:00:00,63552.487
2024-10-01 19:00:00,64584.777
2024-10-01 20:00:00,62584.934
2024-10-01 21:00:00,62284.088
2024-10-01 22:00:00,61050.84
2024-10-01 23:00:00,62318.965
2024-10-02 00:00:00,62934.01
2024-10-02 01:00:00,62304.62
2024-10-02 02:00:00,63320.871
2024-10-02 03:00:00,63044.522
2024-10-02 04:00:00,63103.187
2024-10-02 05:00:00,63140.862
2024-10-02 06:00:00,63517.356
2024-10-02 07:00:00,63368.779
2024-10-02 08:00:00,62939.667
2024-10-02 09:00:00,63250.537
2024-10-02 10:00:00,63490.492
2024-10-02 11:00:00,63346.999
2024-10-02 12:00:00,63391.303
2024-10-02 13:00:00,63357.101
2024-10-02 14:00:00,63218.549
2024-10-02 15:00:00,64135.955
2024-10-02 16:00:00,63760.477
2024-10-02 17:00:00,63275.985
2024-10-02 18:00:00,63438.469
2024-10-02 19:00:00,63530.724
2024-10-02 20:00:00,63851.37
2024-10-02 21:00:00,63000.579
2024-10-02 22:00:00,62974.114
2024-10-02 23:00:00,62119.725
2024-10-03 00:00:00,61714.438
2024-10-03 01:00:00,61202.588
2024-10-03 02:00:00,61244.68
2024-10-03 03:00:00,61064.105
2024-10-03 04:00:00,61272.513
2024-10-03 05:00:00,61507.098
2024-10-03 06:00:00,61666.723
2024-10-03 07:00:00,61265.775
2024-10-03 08:00:00,61353.263
2024-10-03 09:00:00,61433.866
2024-10-03 10:00:00,61785.571
2024-10-03 11:00:00,62248.68
2024-10-03 12:00:00,62233.533
2024-10-03 13:00:00,62135.779
2024-10-03 14:00:00,61965.147
2024-10-03 15:00:00,62302.564
2024-10-03 16:00:00,62391.751
2024-10-03 17:00:00,62219.455
2024-10-03 18:00:00,61944.384
2024-10-03 19:00:00,62464.431
2024-10-03 20:00:00,63113.688
2024-10-03 21:00:00,62736.81
2024-10-03 22:00:00,63231.353
2024-10-03 23:00:00,63287.301
2024-10-04 00:00:00,63797.657
2024-10-04 01:00:00,63514.28
2024-10-04 02:00:00,63683.578
2024-10-04 03:00:00,63862.893
2024-10-04 04:00:00,63699.106
2024-10-04 05:00:00,62824.477
2024-10-04 06:00:00,62642.06
2024-10-04 07:00:00,63080.526
2024-10-04 08:00:00,62889.386
2024-10-04 09:00:00,62879.73
2024-10-04 10:00:00,63434.172
2024-10-04 11:00:00,63815.64
2024-10-04 12:00:00,63348.584
2024-10-04 13:00:00,63264.145
2024-10-04 14:00:00,63850.607
2024-10-04 15:00:00,64000.982
2024-10-04 16:00:00,64059.894
2024-10-04 17:00:00,64545.54
2024-10-04 18:00:00,64266.741
2024-10-04 19:00:00,63393.727
2024-10-04 20:00:00,63020.882
2024-10-04 21:00:00,63489.925
2024-10-04 22:00:00,63623.363
2024-10-04 23:00:00,63183.458
2024-10-05 00:00:00,64173.99
2024-10-05 01:00:00,63126.299
2024-10-05 02:00:00,62967.664
2024-10-05 03:00:00,62914.645
2024-10-05 04:00:00,62689.07
2024-10-05 05:00:00,62459.323
2024-10-05 06:00:00,62782.324
2024-10-05 07:00:00,62708.472
2024-10-05 08:00:00,62983.036
2024-10-05 09:00:00,62855.42
2024-10-05 10:00:00,62628.272
2024-10-05 11:00:00,62723.008
2024-10-05 12:00:00,62871.107
2024-10-05 13:00:00,62983.55
2024-10-05 14:00:00,63221.344
2024-10-05 15:00:00,63297.232
2024-10-05 16:00:00,63251.876
2024-10-05 17:00:00,63254.0
2024-10-05 18:00:00,63001.719
2024-10-05 19:00:00,62889.134
2024-10-05 20:00:00,63003.439
2024-10-05 21:00:00,63027.646
2024-10-05 22:00:00,63206.655
2024-10-05 23:00:00,63431.128
2024-10-06 00:00:00,63252.432
2024-10-06 01:00:00,63029.573
2024-10-06 02:00:00,62968.201
2024-10-06 03:00:00,62728.818
2024-10-06 04:00:00,62730.627
2024-10-06 05:00:00,62759.983
2024-10-06 06:00:00,62527.721
2024-10-06 07:00:00,62688.122
2024-10-06 08:00:00,62689.764
2024-10-06 09:00:00,62666.083
2024-10-06 10:00:00,63012.732
2024-10-06 11:00:00,63041.151
2024-10-06 12:00:00,63047.218
2024-10-06 13:00:00,63611.011
2024-10-06 14:00:00,63888.83
2024-10-06 15:00:00,63916.704
2024-10-06 16:00:00,64076.96
2024-10-06 17:00:00,64214.198
2024-10-06 18:00:00,64784.279
2024-10-06 19:00:00,64956.364
2024-10-06 20:00:00,65092.123
2024-10-06 21:00:00,65290.168
2024-10-06 22:00:00,65169.303
2024-10-06 23:00:00,65094.217
2024-10-07 00:00:00,65090.245
2024-10-07 01:00:00,64773.621
2024-10-07 02:00:00,63919.455
2024-10-07 03:00:00,63776.725
2024-10-07 04:00:00,64059.827
2024-10-07 05:00:00,63508.748
2024-10-07 06:00:00,64182.104
2024-10-07 07:00:00,64219.42
2024-10-07 08:00:00,63944.613
2024-10-07 09:00:00,64180.512
2024-10-07 10:00:00,64105.764
2024-10-07 11:00:00,64159.241
2024-10-07 12:00:00,64341.996
2024-10-07 13:00:00,64488.354
2024-10-07 14:00:00,64278.145
2024-10-07 15:00:00,64360.332
2024-10-07 16:00:00,65331.014
2024-10-07 17:00:00,65771.129
2024-10-07 18:00:00,65370.213
2024-10-07 19:00:00,65088.424
2024-10-07 20:00:00,64890.946
2024-10-07 21:00:00,65025.564
2024-10-07 22:00:00,64714.378
2024-10-07 23:00:00,63808.7
2024-10-08 00:00:00,64449.247
2024-10-08 01:00:00,64382.92
2024-10-08 02:00:00,64235.144
2024-10-08 03:00:00,63200.955
2024-10-08 04:00:00,63398.699
2024-10-08 05:00:00,63746.592
2024-10-08 06:00:00,63660.343
2024-10-08 07:00:00,63958.513
2024-10-08 08:00:00,64000.901
2024-10-08 09:00:00,63895.552
2024-10-08 10:00:00,64635.208
2024-10-08 11:00:00,64740.598
2024-10-08 12:00:00,64053.317
2024-10-08 13:00:00,64259.217
2024-10-08 14:00:00,63951.438
2024-10-08 15:00:00,64009.797
2024-10-08 16:00:00,63918.31
2024-10-08 17:00:00,64251.761
2024-10-08 18:00:00,64389.658
2024-10-08 19:00:00,64124.702
2024-10-08 20:00:00,63444.518
2024-10-08 21:00:00,63614.694
2024-10-08 22:00:00,63423.916
2024-10-08 23:00:00,63297.631
2024-10-09 00:00:00,63224.017
2024-10-09 01:00:00,63295.818
2024-10-09 02:00:00,62947.087
2024-10-09 03:00:00,62861.858
2024-10-09 04:00:00,62543.127
2024-10-09 05:00:00,63263.825
2024-10-09 06:00:00,62639.776
2024-10-09 07:00:00,62608.01
2024-10-09 08:00:00,62773.405
2024-10-09 09:00:00,62896.635
2024-10-09 10:00:00,63408.495
2024-10-09 11:00:00,63529.549
2024-10-09 12:00:00,63652.659
2024-10-09 13:00:00,63601.822
2024-10-09 14:00:00,63836.918
2024-10-09 15:00:00,63771.43
2024-10-09 16:00:00,63895.571
2024-10-09 17:00:00,64686.048
2024-10-09 18:00:00,64906.336
2024-10-09 19:00:00,65663.973
2024-10-09 20:00:00,65606.267
2024-10-09 21:00:00,64965.666
2024-10-09 22:00:00,65340.04
2024-10-09 23:00:00,64518.13
2024-10-10 00:00:00,65186.561
2024-10-10 01:00:00,64606.098
2024-10-10 02:00:00,64780.665
2024-10-10 03:00:00,64850.446
2024-10-10 04:00:00,64706.981
2024-10-10 05:00:00,64874.617
2024-10-10 06:00:00,65077.741
2024-10-10 07:00:00,65633.053
2024-10-10 08:00:00,66095.568
2024-10-10 09:00:00,66314.547
2024-10-10 10:00:00,66446.945
2024-10-10 11:00:00,67000.232
2024-10-10 12:00:00,67161.155
2024-10-10 13:00:00,66251.356
2024-10-10 14:00:00,66155.428
2024-10-10 15:00:00,66536.698
2024-10-10 16:00:00,66194.96
2024-10-10 17:00:00,66685.378
2024-10-10 18:00:00,66793.80899999
2024-10-10 19:00:00,66845.939
2024-10-10 20:00:00,66603.08199999
2024-10-10 21:00:00,66121.886
2024-10-10 22:00:00,66913.706
2024-10-10 23:00:00,66950.66499999
2024-10-11 00:00:00,66350.744
2024-10-11 01:00:00,66186.91099999
2024-10-11 02:00:00,65828.886
2024-10-11 03:00:00,65913.466
2024-10-11 04:00:00,65828.50599999
2024-10-11 05:00:00,65569.45
2024-10-11 06:00:00,64898.902
2024-10-11 07:00:00,65304.584
2024-10-11 08:00:00,65199.126
2024-10-11 09:00:00,65147.739
2024-10-11 10:00:00,65071.487
2024-10-11 11:00:00,65009.739
2024-10-11 12:00:00,64978.776
2024-10-11 13:00:00,65289.786
2024-10-11 14:00:00,64774.781
2024-10-11 15:00:00,65899.751
2024-10-11 16:00:00,65958.032
2024-10-11 17:00:00,66817.676
2024-10-11 18:00:00,67240.721
2024-10-11 19:00:00,68077.979
2024-10-11 20:00:00,68466.767
2024-10-11 21:00:00,70549.138
2024-10-11 22:00:00,69961.859
2024-10-11 23:00:00,70813.053
2024-10-12 00:00:00,69677.19
2024-10-12 01:00:00,70159.258
2024-10-12 02:00:00,70122.892
2024-10-12 03:00:00,69419.994
2024-10-12 04:00:00,68782.065
2024-10-12 05:00:00,68061.773
2024-10-12 06:00:00,68309.249
2024-10-12 07:00:00,66968.74
2024-10-12 08:00:00,67011.603
2024-10-12 09:00:00,67058.11599999
2024-10-12 10:00:00,67087.895
2024-10-12 11:00:00,67244.05
2024-10-12 12:00:00,67329.395
2024-10-12 13:00:00,67290.928
2024-10-12 14:00:00,67406.75
2024-10-12 15:00:00,67540.963
2024-10-12 16:00:00,68082.87699999
2024-10-12 17:00:00,68391.392
2024-10-12 18:00:00,68013.221
2024-10-12 19:00:00,68459.747
2024-10-12 20:00:00,68695.077
2024-10-12 21:00:00,68942.774
2024-10-12 22:00:00,69162.178
2024-10-12 23:00:00,69243.91899999
2024-10-13 00:00:00,69309.42999999
2024-10-13 01:00:00,69254.959
2024-10-13 02:00:00,69217.60799999
2024-10-13 03:00:00,69145.425
2024-10-13 04:00:00,69383.807
2024-10-13 05:00:00,69544.782
2024-10-13 06:00:00,70091.503
2024-10-13 07:00:00,70247.791
2024-10-13 08:00:00,69933.24
2024-10-13 09:00:00,69793.345
2024-10-13 10:00:00,69690.966
2024-10-13 11:00:00,69701.11599999
2024-10-13 12:00:00,69379.632
2024-10-13 13:00:00,68862.384
2024-10-13 14:00:00,68816.518
2024-10-13 15:00:00,68098.486
2024-10-13 16:00:00,68732.595
2024-10-13 17:00:00,68582.85099999
2024-10-13 18:00:00,68461.31299999
2024-10-13 19:00:00,68452.338
2024-10-13 20:00:00,68849.575
2024-10-13 21:00:00,68804.89999999
2024-10-13 22:00:00,68761.66899999
2024-10-13 23:00:00,68658.223
2024-10-14 00:00:00,68792.586
2024-10-14 01:00:00,68709.417
2024-10-14 02:00:00,68089.228
2024-10-14 03:00:00,67839.85799999
2024-10-14 04:00:00,67779.822
2024-10-14 05:00:00,67552.122
2024-10-14 06:00:00,67814.004
2024-10-14 07:00:00,67915.356
2024-10-14 08:00:00,68215.023
2024-10-14 09:00:00,68985.372
2024-10-14 10:00:00,67683.306
2024-10-14 11:00:00,67947.493
2024-10-14 12:00:00,68343.84
2024-10-14 13:00:00,68808.44
2024-10-14 14:00:00,69589.104
2024-10-14 15:00:00,70101.68799999
2024-10-14 16:00:00,70680.923
2024-10-14 17:00:00,70750.515
2024-10-14 18:00:00,70657.754
2024-10-14 19:00:00,71132.82
2024-10-14 20:00:00,71321.497
2024-10-14 21:00:00,70559.811
2024-10-14 22:00:00,70870.334
2024-10-14 23:00:00,71124.289
2024-10-15 00:00:00,70337.634
2024-10-15 01:00:00,70435.791
2024-10-15 02:00:00,70513.345
2024-10-15 03:00:00,68582.841
2024-10-15 04:00:00,68962.095
2024-10-15 05:00:00,68908.098
2024-10-15 06:00:00,69130.10099999
2024-10-15 07:00:00,69287.97199999
2024-10-15 08:00:00,68883.031
2024-10-15 09:00:00,69180.386
2024-10-15 10:00:00,69471.201
2024-10-15 11:00:00,69756.876
2024-10-15 12:00:00,69858.89599999
2024-10-15 13:00:00,69861.87
2024-10-15 14:00:00,69452.11199999
2024-10-15 15:00:00,69469.821
2024-10-15 16:00:00,69293.296
2024-10-15 17:00:00,69675.874
2024-10-15 18:00:00,69769.706
2024-10-15 19:00:00,67441.84299999
2024-10-15 20:00:00,68086.668
2024-10-15 21:00:00,68253.361
2024-10-15 22:00:00,68721.82399999
2024-10-15 23:00:00,69504.189
2024-10-16 00:00:00,68704.96799999
2024-10-16 01:00:00,67729.432
2024-10-16 02:00:00,67271.118
2024-10-16 03:00:00,66757.136
2024-10-16 04:00:00,66824.948
2024-10-16 05:00:00,66851.5
2024-10-16 06:00:00,67434.399
2024-10-16 07:00:00,67982.432
2024-10-16 08:00:00,67901.16099999
2024-10-16 09:00:00,68060.05
2024-10-16 10:00:00,67980.395
2024-10-16 11:00:00,68176.441
2024-10-16 12:00:00,68175.145
2024-10-16 13:00:00,68493.995
2024-10-16 14:00:00,69177.051
2024-10-16 15:00:00,69985.685
2024-10-16 16:00:00,71058.251
2024-10-16 17:00:00,71059.13099999
2024-10-16 18:00:00,70899.282
2024-10-16 19:00:00,70577.217
2024-10-16 20:00:00,70851.356
2024-10-16 21:00:00,70783.58
2024-10-16 22:00:00,71243.701
2024-10-16 23:00:00,71485.46
2024-10-17 00:00:00,71913.788
2024-10-17 01:00:00,71821.584
2024-10-17 02:00:00,71500.811
2024-10-17 03:00:00,71226.141
2024-10-17 04:00:00,71197.893
2024-10-17 05:00:00,71235.79399999
2024-10-17 06:00:00,70942.516
2024-10-17 07:00:00,71019.134
2024-10-17 08:00:00,71018.29399999
2024-10-17 09:00:00,71044.605
2024-10-17 10:00:00,70824.259
2024-10-17 11:00:00,70659.659
2024-10-17 12:00:00,70992.907
2024-10-17 13:00:00,71163.015
2024-10-17 14:00:00,71314.12
2024-10-17 15:00:00,70261.157
2024-10-17 16:00:00,70645.27499999
2024-10-17 17:00:00,71217.94
2024-10-17 18:00:00,71257.277
2024-10-17 19:00:00,71736.77099999
2024-10-17 20:00:00,71638.732
2024-10-17 21:00:00,71946.056
2024-10-17 22:00:00,71739.201
2024-10-17 23:00:00,69083.479
2024-10-18 00:00:00,69544.5
2024-10-18 01:00:00,68930.534
2024-10-18 02:00:00,68732.676
2024-10-18 03:00:00,68885.92999999
2024-10-18 04:00:00,68821.0
2024-10-18 05:00:00,68851.504
2024-10-18 06:00:00,68057.62699999
2024-10-18 07:00:00,69281.00199999
2024-10-18 08:00:00,68746.912
2024-10-18 09:00:00,69452.874
2024-10-18 10:00:00,70075.603
2024-10-18 11:00:00,71297.03999999
2024-10-18 12:00:00,71198.75599999
2024-10-18 13:00:00,71521.913
2024-10-18 14:00:00,71460.157
2024-10-18 15:00:00,71404.64
2024-10-18 16:00:00,71149.12
2024-10-18 17:00:00,71152.897
2024-10-18 18:00:00,71550.027
2024-10-18 19:00:00,73161.662
2024-10-18 20:00:00,73820.32799999
2024-10-18 21:00:00,74509.585
2024-10-18 22:00:00,74397.69
2024-10-18 23:00:00,74125.102
2024-10-19 00:00:00,73544.049
2024-10-19 01:00:00,73189.585
2024-10-19 02:00:00,72205.22599999
2024-10-19 03:00:00,72258.205
2024-10-19 04:00:00,72027.192
2024-10-19 05:00:00,71847.13099999
2024-10-19 06:00:00,71885.725
2024-10-19 07:00:00,71696.905
2024-10-19 08:00:00,71626.98
2024-10-19 09:00:00,71808.765
2024-10-19 10:00:00,71932.444
2024-10-19 11:00:00,72159.603
2024-10-19 12:00:00,72189.15399999
2024-10-19 13:00:00,72133.223
2024-10-19 14:00:00,72259.451
2024-10-19 15:00:00,72282.306
2024-10-19 16:00:00,72441.401
2024-10-19 17:00:00,72419.232
2024-10-19 18:00:00,72504.018
2024-10-19 19:00:00,72454.61
2024-10-19 20:00:00,72535.307
2024-10-19 21:00:00,72819.197
2024-10-19 22:00:00,72426.56299999
2024-10-19 23:00:00,72492.47599999
2024-10-20 00:00:00,72505.634
2024-10-20 01:00:00,72471.71
2024-10-20 02:00:00,72653.429
2024-10-20 03:00:00,72697.068
2024-10-20 04:00:00,72861.966
2024-10-20 05:00:00,72907.596
2024-10-20 06:00:00,72756.78999999
2024-10-20 07:00:00,72654.317
2024-10-20 08:00:00,73018.023
2024-10-20 09:00:00,72990.156
2024-10-20 10:00:00,72991.369
2024-10-20 11:00:00,72964.87699999
2024-10-20 12:00:00,72987.869
2024-10-20 13:00:00,72522.577
2024-10-20 14:00:00,72727.693
2024-10-20 15:00:00,72768.548
2024-10-20 16:00:00,72855.81
2024-10-20 17:00:00,72515.22
2024-10-20 18:00:00,72518.437
2024-10-20 19:00:00,72422.869
2024-10-20 20:00:00,72481.951
2024-10-20 21:00:00,72618.486
2024-10-20 22:00:00,72635.421
2024-10-20 23:00:00,72691.619
2024-10-21 00:00:00,72633.804
2024-10-21 01:00:00,72167.128
2024-10-21 02:00:00,71996.969
2024-10-21 03:00:00,72006.732
2024-10-21 04:00:00,71850.369
2024-10-21 05:00:00,72124.32799999
2024-10-21 06:00:00,71885.346
2024-10-21 07:00:00,71850.762
2024-10-21 08:00:00,72439.429
2024-10-21 09:00:00,72650.875
2024-10-21 10:00:00,72688.255
2024-10-21 11:00:00,72640.53999999
2024-10-21 12:00:00,72739.75199999
2024-10-21 13:00:00,72819.104
2024-10-21 14:00:00,72714.295
2024-10-21 15:00:00,72709.065
2024-10-21 16:00:00,72753.755
2024-10-21 17:00:00,72717.289
2024-10-21 18:00:00,71377.658
2024-10-21 19:00:00,71693.861
2024-10-21 20:00:00,72224.39599999
2024-10-21 21:00:00,73135.947
2024-10-21 22:00:00,72991.412
2024-10-21 23:00:00,72967.611
2024-10-22 00:00:00,72572.60099999
2024-10-22 01:00:00,72377.757
2024-10-22 02:00:00,72315.503
2024-10-22 03:00:00,71863.388
2024-10-22 04:00:00,71400.66099999
2024-10-22 05:00:00,71025.3
2024-10-22 06:00:00,71192.096
2024-10-22 07:00:00,71157.973
2024-10-22 08:00:00,71278.71799999
2024-10-22 09:00:00,71385.02899999
2024-10-22 10:00:00,71784.744
2024-10-22 11:00:00,71812.819
2024-10-22 12:00:00,71595.16
2024-10-22 13:00:00,70834.829
2024-10-22 14:00:00,70812.114
2024-10-22 15:00:00,71147.878
2024-10-22 16:00:00,71109.344
2024-10-22 17:00:00,71397.788
2024-10-22 18:00:00,71502.92999999
2024-10-22 19:00:00,72496.53
2024-10-22 20:00:00,72340.822
2024-10-22 21:00:00,72136.766
2024-10-22 22:00:00,71999.126
2024-10-22 23:00:00,72960.05499999
2024-10-23 00:00:00,72872.552
2024-10-23 01:00:00,72942.192
2024-10-23 02:00:00,73227.067
2024-10-23 03:00:00,73254.931
2024-10-23 04:00:00,72365.079
2024-10-23 05:00:00,72543.50599999
2024-10-23 06:00:00,72806.342
2024-10-23 07:00:00,72666.118
2024-10-23 08:00:00,72551.27899999
2024-10-23 09:00:00,72206.064
2024-10-23 10:00:00,72253.801
2024-10-23 11:00:00,72670.139
2024-10-23 12:00:00,73013.331
2024-10-23 13:00:00,72391.046
2024-10-23 14:00:00,72634.942
2024-10-23 15:00:00,73188.729
2024-10-23 16:00:00,73686.375
2024-10-23 17:00:00,73519.195
2024-10-23 18:00:00,74458.03599999
2024-10-23 19:00:00,74367.764
2024-10-23 20:00:00,73710.763
2024-10-23 21:00:00,74343.209
2024-10-23 22:00:00,74500.20299999
2024-10-23 23:00:00,75882.16099999
2024-10-24 00:00:00,75189.903
2024-10-24 01:00:00,75625.822
2024-10-24 02:00:00,74684.58
2024-10-24 03:00:00,74308.82399999
2024-10-24 04:00:00,74652.951
2024-10-24 05:00:00,73904.355
2024-10-24 06:00:00,73708.519
2024-10-24 07:00:00,73525.764
2024-10-24 08:00:00,73058.70299999
2024-10-24 09:00:00,72878.18399999
2024-10-24 10:00:00,73064.04399999
2024-10-24 11:00:00,72888.98299999
2024-10-24 12:00:00,73131.693
2024-10-24 13:00:00,73048.336
2024-10-24 14:00:00,73572.126
2024-10-24 15:00:00,73761.55
2024-10-24 16:00:00,74546.073
2024-10-24 17:00:00,74793.095
2024-10-24 18:00:00,76163.947
2024-10-24 19:00:00,76245.732
2024-10-24 20:00:00,76100.392
2024-10-24 21:00:00,75886.32
2024-10-24 22:00:00,76106.773
2024-10-24 23:00:00,76595.21
2024-10-25 00:00:00,74574.56299999
2024-10-25 01:00:00,74447.079
2024-10-25 02:00:00,74151.649
2024-10-25 03:00:00,73947.209
2024-10-25 04:00:00,73963.916
2024-10-25 05:00:00,73868.42999999
2024-10-25 06:00:00,73930.323
2024-10-25 07:00:00,74013.678
2024-10-25 08:00:00,74271.09
2024-10-25 09:00:00,74215.927
2024-10-25 10:00:00,74226.352
2024-10-25 11:00:00,74324.164
2024-10-25 12:00:00,73845.63099999
2024-10-25 13:00:00,74177.201
2024-10-25 14:00:00,73992.626
2024-10-25 15:00:00,74021.23699999
2024-10-25 16:00:00,74266.234
2024-10-25 17:00:00,74508.758
2024-10-25 18:00:00,74196.557
2024-10-25 19:00:00,74223.152
2024-10-25 20:00:00,73080.058
2024-10-25 21:00:00,73793.299
2024-10-25 22:00:00,72383.446
2024-10-25 23:00:00,71042.979
2024-10-26 00:00:00,70171.887
2024-10-26 01:00:00,70254.051
2024-10-26 02:00:00,70308.709
2024-10-26 03:00:00,69742.75599999
2024-10-26 04:00:00,69341.541
2024-10-26 05:00:00,69219.963
2024-10-26 06:00:00,69177.63
2024-10-26 07:00:00,68815.401
2024-10-26 08:00:00,68714.86
2024-10-26 09:00:00,68724.918
2024-10-26 10:00:00,68686.493
2024-10-26 11:00:00,68621.48299999
2024-10-26 12:00:00,68702.562
2024-10-26 13:00:00,68773.031
2024-10-26 14:00:00,68858.484
2024-10-26 15:00:00,69052.715
2024-10-26 16:00:00,69010.997
2024-10-26 17:00:00,69194.144
2024-10-26 18:00:00,69270.996
2024-10-26 19:00:00,69266.681
2024-10-26 20:00:00,68952.844
2024-10-26 21:00:00,68959.388
2024-10-26 22:00:00,68866.64599999
2024-10-26 23:00:00,68941.05499999
2024-10-27 00:00:00,68962.594
2024-10-27 01:00:00,69072.96
2024-10-27 02:00:00,68787.213
2024-10-27 03:00:00,68719.721
2024-10-27 04:00:00,68799.367
2024-10-27 05:00:00,68818.20299999
2024-10-27 06:00:00,68968.812
2024-10-27 07:00:00,69124.369
2024-10-27 08:00:00,69074.08
2024-10-27 09:00:00,69020.242
2024-10-27 10:00:00,69127.05499999
2024-10-27 11:00:00,69205.53999999
2024-10-27 12:00:00,69146.748
2024-10-27 13:00:00,69238.026
2024-10-27 14:00:00,69093.019
2024-10-27 15:00:00,69306.338
2024-10-27 16:00:00,69318.819
2024-10-27 17:00:00,70069.705
2024-10-27 18:00:00,70296.493
2024-10-27 19:00:00,70617.094
2024-10-27 20:00:00,70792.069
2024-10-27 21:00:00,70792.384
2024-10-27 22:00:00,70799.47
2024-10-27 23:00:00,70566.156
2024-10-28 00:00:00,70511.86599999
2024-10-28 01:00:00,70759.162
2024-10-28 02:00:00,70301.939
2024-10-28 03:00:00,70781.514
2024-10-28 04:00:00,70881.50199999
2024-10-28 05:00:00,71086.927
2024-10-28 06:00:00,71045.758
2024-10-28 07:00:00,70858.6
2024-10-28 08:00:00,70893.74
2024-10-28 09:00:00,70924.454
2024-10-28 10:00:00,70685.475
2024-10-28 11:00:00,70808.57
2024-10-28 12:00:00,72406.081
2024-10-28 13:00:00,71186.69
2024-10-28 14:00:00,70273.162
2024-10-28 15:00:00,72470.799
2024-10-28 16:00:00,74100.429
2024-10-28 17:00:00,74871.64
2024-10-28 18:00:00,75410.459
2024-10-28 19:00:00,76135.657
2024-10-28 20:00:00,75484.879
2024-10-28 21:00:00,74583.955
2024-10-28 22:00:00,74714.091
2024-10-28 23:00:00,74463.666
2024-10-29 00:00:00,74886.123
2024-10-29 01:00:00,74832.04399999
2024-10-29 02:00:00,74837.695
2024-10-29 03:00:00,74176.473
2024-10-29 04:00:00,74452.05
2024-10-29 05:00:00,74696.829
2024-10-29 06:00:00,74986.31299999
2024-10-29 07:00:00,73883.99099999
2024-10-29 08:00:00,73217.69899999
2024-10-29 09:00:00,73429.96
2024-10-29 10:00:00,73720.539
2024-10-29 11:00:00,74763.812
2024-10-29 12:00:00,75095.713
2024-10-29 13:00:00,75251.52099999
2024-10-29 14:00:00,75398.053
2024-10-29 15:00:00,75672.334
2024-10-29 16:00:00,77243.25599999
2024-10-29 17:00:00,76180.928
2024-10-29 18:00:00,76487.363
2024-10-29 19:00:00,77314.153
2024-10-29 20:00:00,76838.569
2024-10-29 21:00:00,77769.304
2024-10-29 22:00:00,78448.758
2024-10-29 23:00:00,77875.175
2024-10-30 00:00:00,74677.17
2024-10-30 01:00:00,74424.89
2024-10-30 02:00:00,74515.916
2024-10-30 03:00:00,74753.432
2024-10-30 04:00:00,74688.297
2024-10-30 05:00:00,74116.94899999
2024-10-30 06:00:00,74169.459
2024-10-30 07:00:00,74494.336
2024-10-30 08:00:00,74751.495
2024-10-30 09:00:00,74800.705
2024-10-30 10:00:00,75341.77899999
2024-10-30 11:00:00,75073.803
2024-10-30 12:00:00,74363.38
2024-10-30 13:00:00,74614.954
2024-10-30 14:00:00,74354.496
2024-10-30 15:00:00,74379.948
2024-10-30 16:00:00,74332.49
2024-10-30 17:00:00,73795.02099999
2024-10-30 18:00:00,74506.617
2024-10-30 19:00:00,74706.03599999
2024-10-30 20:00:00,73659.71
2024-10-30 21:00:00,73436.85099999
2024-10-30 22:00:00,73546.874
2024-10-30 23:00:00,73539.818
2024-10-31 00:00:00,73997.626
2024-10-31 01:00:00,75715.371
2024-10-31 02:00:00,74344.997
2024-10-31 03:00:00,74540.63
2024-10-31 04:00:00,74788.482
2024-10-31 05:00:00,74316.835
2024-10-31 06:00:00,74817.212
2024-10-31 07:00:00,74926.495
2024-10-31 08:00:00,74717.14599999
2024-10-31 09:00:00,74484.88099999
2024-10-31 10:00:00,74400.719
2024-10-31 11:00:00,74632.049
2024-10-31 12:00:00,74375.801
2024-10-31 13:00:00,74395.531
2024-10-31 14:00:00,74478.533
2024-10-31 15:00:00,74914.594
2024-10-31 16:00:00,75594.678
2024-10-31 17:00:00,75619.70699999
2024-10-31 18:00:00,73776.512
2024-10-31 19:00:00,73527.326
2024-10-31 20:00:00,73130.405
2024-10-31 21:00:00,73407.395
2024-10-31 22:00:00,73578.607
2024-10-31 23:00:00,73411.518
2024-11-01 00:00:00,73325.91
2024-11-01 01:00:00,72838.501
2024-11-01 02:00:00,72660.18399999
2024-11-01 03:00:00,72806.889
2024-11-01 04:00:00,72488.442
2024-11-01 05:00:00,72233.87
2024-11-01 06:00:00,70530.913
2024-11-01 07:00:00,71121.875
2024-11-01 08:00:00,71374.797
2024-11-01 09:00:00,71492.715
2024-11-01 10:00:00,71611.924
2024-11-01 11:00:00,71829.501
2024-11-01 12:00:00,71987.08199999
2024-11-01 13:00:00,72179.243
2024-11-01 14:00:00,72568.541
2024-11-01 15:00:00,73001.784
2024-11-01 16:00:00,72969.79399999
2024-11-01 17:00:00,73288.229
2024-11-01 18:00:00,73047.754
2024-11-01 19:00:00,72189.928
2024-11-01 20:00:00,70216.387
2024-11-01 21:00:00,70117.49
2024-11-01 22:00:00,69864.257
2024-11-01 23:00:00,69971.711
2024-11-02 00:00:00,69629.001
2024-11-02 01:00:00,69622.244
2024-11-02 02:00:00,68637.75
2024-11-02 03:00:00,68711.354
2024-11-02 04:00:00,68848.947
2024-11-02 05:00:00,68913.97
2024-11-02 06:00:00,69035.448
2024-11-02 07:00:00,68937.473
2024-11-02 08:00:00,68981.282
2024-11-02 09:00:00,68979.298
2024-11-02 10:00:00,69269.656
2024-11-02 11:00:00,69200.818
2024-11-02 12:00:00,69703.539
2024-11-02 13:00:00,69574.825
2024-11-02 14:00:00,68642.446
2024-11-02 15:00:00,68246.516
2024-11-02 16:00:00,68155.924
2024-11-02 17:00:00,68762.023
2024-11-02 18:00:00,68833.98299999
2024-11-02 19:00:00,68876.595
2024-11-02 20:00:00,68869.322
2024-11-02 21:00:00,68571.897
2024-11-02 22:00:00,68784.507
2024-11-02 23:00:00,68885.181
2024-11-03 00:00:00,68881.727
2024-11-03 01:00:00,69021.77
2024-11-03 02:00:00,68549.92
2024-11-03 03:00:00,68442.091
2024-11-03 04:00:00,68487.96799999
2024-11-03 05:00:00,68521.986
2024-11-03 06:00:00,68523.38099999
2024-11-03 07:00:00,68963.386
2024-11-03 08:00:00,69143.458
2024-11-03 09:00:00,69072.619
2024-11-03 10:00:00,68931.395
2024-11-03 11:00:00,69006.658
2024-11-03 12:00:00,69163.095
2024-11-03 13:00:00,69236.56299999
2024-11-03 14:00:00,69539.98299999
2024-11-03 15:00:00,69659.469
2024-11-03 16:00:00,69697.769
2024-11-03 17:00:00,70162.321
2024-11-03 18:00:00,70470.604
2024-11-03 19:00:00,70211.174
2024-11-03 20:00:00,70803.88
2024-11-03 21:00:00,70669.98
2024-11-03 22:00:00,70438.704
2024-11-03 23:00:00,69030.879
2024-11-04 00:00:00,69500.262
2024-11-04 01:00:00,69209.99099999
2024-11-04 02:00:00,69258.075
2024-11-04 03:00:00,69115.512
2024-11-04 04:00:00,68899.75
2024-11-04 05:00:00,68399.653
2024-11-04 06:00:00,68567.163
2024-11-04 07:00:00,68796.109
2024-11-04 08:00:00,68770.35099999
2024-11-04 09:00:00,69005.79399999
2024-11-04 10:00:00,69205.61
2024-11-04 11:00:00,69551.37699999
2024-11-04 12:00:00,69402.943
2024-11-04 13:00:00,69384.548
2024-11-04 14:00:00,69125.254
2024-11-04 15:00:00,68932.856
2024-11-04 16:00:00,68790.973
2024-11-04 17:00:00,69099.588
2024-11-04 18:00:00,69486.143
2024-11-04 19:00:00,69716.206
2024-11-04 20:00:00,69839.939
2024-11-04 21:00:00,69584.005
2024-11-04 22:00:00,70940.10099999
2024-11-04 23:00:00,71183.07399999
2024-11-05 00:00:00,71203.78599999
2024-11-05 01:00:00,71219.405
2024-11-05 02:00:00,70524.739
2024-11-05 03:00:00,70660.162
2024-11-05 04:00:00,70502.327
2024-11-05 05:00:00,70528.115
2024-11-05 06:00:00,70552.426
2024-11-05 07:00:00,70131.35799999
2024-11-05 08:00:00,70216.28
2024-11-05 09:00:00,70526.465
2024-11-05 10:00:00,71354.018
2024-11-05 11:00:00,71822.676
2024-11-05 12:00:00,72356.955
2024-11-05 13:00:00,72523.267
2024-11-05 14:00:00,72574.331
2024-11-05 15:00:00,72774.914
2024-11-05 16:00:00,72829.507
2024-11-05 17:00:00,73087.187
2024-11-05 18:00:00,73153.34299999
2024-11-05 19:00:00,73375.979
2024-11-05 20:00:00,72281.322
2024-11-05 21:00:00,71880.035
2024-11-05 22:00:00,71344.548
2024-11-05 23:00:00,70501.861
2024-11-06 00:00:00,71376.437
2024-11-06 01:00:00,70330.72599999
2024-11-06 02:00:00,70293.70299999
2024-11-06 03:00:00,69843.425
2024-11-06 04:00:00,69650.754
2024-11-06 05:00:00,70914.346
2024-11-06 06:00:00,70692.498
2024-11-06 07:00:00,72453.30899999
2024-11-06 08:00:00,73699.551
2024-11-06 09:00:00,73932.686
2024-11-06 10:00:00,74769.895
2024-11-06 11:00:00,75095.844
2024-11-06 12:00:00,74595.763
2024-11-06 13:00:00,73933.426
2024-11-06 14:00:00,74838.767
2024-11-06 15:00:00,75198.82
2024-11-06 16:00:00,76086.44899999
2024-11-06 17:00:00,75987.908
2024-11-06 18:00:00,75232.21799999
2024-11-06 19:00:00,75177.64999999
2024-11-06 20:00:00,75467.276
2024-11-06 21:00:00,75519.156
2024-11-06 22:00:00,76032.407
2024-11-06 23:00:00,76184.43399999
2024-11-07 00:00:00,76759.623
2024-11-07 01:00:00,75553.23699999
2024-11-07 02:00:00,76012.958
2024-11-07 03:00:00,75618.808
2024-11-07 04:00:00,75717.194
2024-11-07 05:00:00,75539.45699999
2024-11-07 06:00:00,75136.001
2024-11-07 07:00:00,74606.346
2024-11-07 08:00:00,74192.73699999
2024-11-07 09:00:00,73495.721
2024-11-07 10:00:00,73303.142
2024-11-07 11:00:00,73284.942
2024-11-07 12:00:00,73291.607
2024-11-07 13:00:00,73869.738
2024-11-07 14:00:00,73670.863
2024-11-07 15:00:00,73158.766
2024-11-07 16:00:00,73066.042
2024-11-07 17:00:00,73158.23299999
2024-11-07 18:00:00,73221.206
2024-11-07 19:00:00,73511.268
2024-11-07 20:00:00,74694.74099999
2024-11-07 21:00:00,75053.40399999
2024-11-07 22:00:00,75208.407
2024-11-07 23:00:00,74586.89599999
2024-11-08 00:00:00,74465.941
2024-11-08 01:00:00,75608.081
2024-11-08 02:00:00,74931.763
2024-11-08 03:00:00,74995.77099999
2024-11-08 04:00:00,75057.421
2024-11-08 05:00:00,74750.231
2024-11-08 06:00:00,74565.049
2024-11-08 07:00:00,74431.022
2024-11-08 08:00:00,74517.365
2024-11-08 09:00:00,74744.00199999
2024-11-08 10:00:00,75454.31
2024-11-08 11:00:00,75549.547
2024-11-08 12:00:00,75082.085
2024-11-08 13:00:00,75139.511
2024-11-08 14:00:00,75015.776
2024-11-08 15:00:00,75105.05899999
2024-11-08 16:00:00,75374.534
2024-11-08 17:00:00,75253.349
2024-11-08 18:00:00,75308.562
2024-11-08 19:00:00,76006.592
2024-11-08 20:00:00,75780.70299999
2024-11-08 21:00:00,75506.28
2024-11-08 22:00:00,75553.312
2024-11-08 23:00:00,75912.058
2024-11-09 00:00:00,76372.891
2024-11-09 01:00:00,74837.856
2024-11-09 02:00:00,74120.359
2024-11-09 03:00:00,73511.164
2024-11-09 04:00:00,73547.979
2024-11-09 05:00:00,73402.34
2024-11-09 06:00:00,73388.111
2024-11-09 07:00:00,73154.508
2024-11-09 08:00:00,73222.421
2024-11-09 09:00:00,73232.004
2024-11-09 10:00:00,73211.032
2024-11-09 11:00:00,73224.69899999
2024-11-09 12:00:00,73442.562
2024-11-09 13:00:00,73319.077
2024-11-09 14:00:00,73152.182
2024-11-09 15:00:00,73203.14
2024-11-09 16:00:00,73217.086
2024-11-09 17:00:00,73307.587
2024-11-09 18:00:00,73336.05
2024-11-09 19:00:00,73281.217
2024-11-09 20:00:00,73292.984
2024-11-09 21:00:00,73410.791
2024-11-09 22:00:00,72409.561
2024-11-09 23:00:00,72277.97599999
2024-11-10 00:00:00,71528.653
2024-11-10 01:00:00,71371.119
2024-11-10 02:00:00,71330.882
2024-11-10 03:00:00,70973.84299999
2024-11-10 04:00:00,70852.38099999
2024-11-10 05:00:00,70823.441
2024-11-10 06:00:00,71095.02499999
2024-11-10 07:00:00,70499.60799999
2024-11-10 08:00:00,71019.713
2024-11-10 09:00:00,70341.50599999
2024-11-10 10:00:00,69378.049
2024-11-10 11:00:00,68909.803
2024-11-10 12:00:00,68344.13
2024-11-10 13:00:00,67683.177
2024-11-10 14:00:00,67778.183
2024-11-10 15:00:00,67919.104
2024-11-10 16:00:00,69541.032
2024-11-10 17:00:00,68338.298
2024-11-10 18:00:00,68061.63
2024-11-10 19:00:00,68239.27899999
2024-11-10 20:00:00,68723.985
2024-11-10 21:00:00,69022.451
2024-11-10 22:00:00,67159.70699999
2024-11-10 23:00:00,68312.93799999
2024-11-11 00:00:00,66803.73299999
2024-11-11 01:00:00,65867.19899999
2024-11-11 02:00:00,65786.475
2024-11-11 03:00:00,65035.844
2024-11-11 04:00:00,65360.772
2024-11-11 05:00:00,65365.298
2024-11-11 06:00:00,65268.449
2024-11-11 07:00:00,65661.246
2024-11-11 08:00:00,65258.271
2024-11-11 09:00:00,65404.233
2024-11-11 10:00:00,65862.793
2024-11-11 11:00:00,66655.595
2024-11-11 12:00:00,66424.05
2024-11-11 13:00:00,66978.424
2024-11-11 14:00:00,68116.557
2024-11-11 15:00:00,68579.00599999
2024-11-11 16:00:00,69559.562
2024-11-11 17:00:00,69190.772
2024-11-11 18:00:00,69563.274
2024-11-11 19:00:00,69249.43799999
2024-11-11 20:00:00,69485.05499999
2024-11-11 21:00:00,69133.615
2024-11-11 22:00:00,69296.60099999
2024-11-11 23:00:00,69441.14599999
2024-11-12 00:00:00,68258.53599999
2024-11-12 01:00:00,69282.704
2024-11-12 02:00:00,69678.543
2024-11-12 03:00:00,69472.052
2024-11-12 04:00:00,68015.613
2024-11-12 05:00:00,66804.68799999
2024-11-12 06:00:00,66605.348
2024-11-12 07:00:00,66529.784
2024-11-12 08:00:00,66914.122
2024-11-12 09:00:00,65994.882
2024-11-12 10:00:00,65939.03
2024-11-12 11:00:00,65931.36599999
2024-11-12 12:00:00,65598.838
2024-11-12 13:00:00,65506.646
2024-11-12 14:00:00,66092.98699999
2024-11-12 15:00:00,66835.92999999
2024-11-12 16:00:00,66687.27099999
2024-11-12 17:00:00,66967.988
2024-11-12 18:00:00,66557.59699999
2024-11-12 19:00:00,66968.884
2024-11-12 20:00:00,66762.83199999
2024-11-12 21:00:00,69179.522
2024-11-12 22:00:00,68546.004
2024-11-12 23:00:00,67981.941
2024-11-13 00:00:00,68131.56
2024-11-13 01:00:00,69528.299
2024-11-13 02:00:00,68269.797
2024-11-13 03:00:00,67089.5
2024-11-13 04:00:00,67820.019
2024-11-13 05:00:00,67758.039
2024-11-13 06:00:00,68103.07799999
2024-11-13 07:00:00,68006.079
2024-11-13 08:00:00,68202.192
2024-11-13 09:00:00,66824.81299999
2024-11-13 10:00:00,67287.664
2024-11-13 11:00:00,64604.852
2024-11-13 12:00:00,63985.633
2024-11-13 13:00:00,65167.363
2024-11-13 14:00:00,65404.855
2024-11-13 15:00:00,66077.88499999
2024-11-13 16:00:00,66211.303
2024-11-13 17:00:00,66238.52499999
2024-11-13 18:00:00,67092.267
2024-11-13 19:00:00,69786.564
2024-11-13 20:00:00,71178.174
2024-11-13 21:00:00,70609.255
2024-11-13 22:00:00,71296.21
2024-11-13 23:00:00,70754.547
2024-11-14 00:00:00,68482.316
2024-11-14 01:00:00,68166.732
2024-11-14 02:00:00,64569.097
2024-11-14 03:00:00,64124.409
2024-11-14 04:00:00,64425.88
2024-11-14 05:00:00,64477.05
2024-11-14 06:00:00,64826.363
2024-11-14 07:00:00,64906.676
2024-11-14 08:00:00,64970.096
2024-11-14 09:00:00,64833.344
2024-11-14 10:00:00,64918.612
2024-11-14 11:00:00,65598.69899999
2024-11-14 12:00:00,66174.553
2024-11-14 13:00:00,67700.751
2024-11-14 14:00:00,68401.52899999
2024-11-14 15:00:00,68257.1
2024-11-14 16:00:00,68236.239
2024-11-14 17:00:00,69127.817
2024-11-14 18:00:00,69227.239
2024-11-14 19:00:00,69317.217
2024-11-14 20:00:00,67518.28999999
2024-11-14 21:00:00,69331.463
2024-11-14 22:00:00,68925.581
2024-11-14 23:00:00,68443.995
2024-11-15 00:00:00,68546.83199999
2024-11-15 01:00:00,69239.846
2024-11-15 02:00:00,68751.81299999
2024-11-15 03:00:00,68888.567
2024-11-15 04:00:00,69126.75599999
2024-11-15 05:00:00,69044.018
2024-11-15 06:00:00,68900.162
2024-11-15 07:00:00,68868.311
2024-11-15 08:00:00,68565.23299999
2024-11-15 09:00:00,68245.979
2024-11-15 10:00:00,68490.066
2024-11-15 11:00:00,69002.854
2024-11-15 12:00:00,68983.16099999
2024-11-15 13:00:00,69249.249
2024-11-15 14:00:00,68750.061
2024-11-15 15:00:00,69010.479
2024-11-15 16:00:00,69093.72199999
2024-11-15 17:00:00,69368.894
2024-11-15 18:00:00,68193.382
2024-11-15 19:00:00,68153.514
2024-11-15 20:00:00,67711.77899999
2024-11-15 21:00:00,67574.965
2024-11-15 22:00:00,67679.089
2024-11-15 23:00:00,67662.581
2024-11-16 00:00:00,65704.194
2024-11-16 01:00:00,64429.803
2024-11-16 02:00:00,63759.271
2024-11-16 03:00:00,64710.669
2024-11-16 04:00:00,65822.23
2024-11-16 05:00:00,66461.065
2024-11-16 06:00:00,66438.545
2024-11-16 07:00:00,66799.07799999
2024-11-16 08:00:00,66794.179
2024-11-16 09:00:00,66681.855
2024-11-16 10:00:00,66348.715
2024-11-16 11:00:00,66751.479
2024-11-16 12:00:00,67315.864
2024-11-16 13:00:00,67368.30899999
2024-11-16 14:00:00,67498.822
2024-11-16 15:00:00,67665.61199999
2024-11-16 16:00:00,67517.204
2024-11-16 17:00:00,66667.36
2024-11-16 18:00:00,66539.37699999
2024-11-16 19:00:00,66381.136
2024-11-16 20:00:00,66202.235
2024-11-16 21:00:00,66628.961
2024-11-16 22:00:00,66514.00199999
2024-11-16 23:00:00,66340.026
2024-11-17 00:00:00,66434.019
2024-11-17 01:00:00,65971.489
2024-11-17 02:00:00,65937.704
2024-11-17 03:00:00,65705.906
2024-11-17 04:00:00,66209.269
2024-11-17 05:00:00,66232.346
2024-11-17 06:00:00,65805.842
2024-11-17 07:00:00,67004.103
2024-11-17 08:00:00,66722.77099999
2024-11-17 09:00:00,66456.137
2024-11-17 10:00:00,67060.804
2024-11-17 11:00:00,67211.426
2024-11-17 12:00:00,67536.659
2024-11-17 13:00:00,67593.749
2024-11-17 14:00:00,67554.142
2024-11-17 15:00:00,67382.90399999
2024-11-17 16:00:00,67809.73
2024-11-17 17:00:00,67914.7
2024-11-17 18:00:00,67188.372
2024-11-17 19:00:00,67870.636
2024-11-17 20:00:00,68302.141
2024-11-17 21:00:00,68356.02099999
2024-11-17 22:00:00,67954.638
2024-11-17 23:00:00,67869.88099999
2024-11-18 00:00:00,67977.297
2024-11-18 01:00:00,68154.886
2024-11-18 02:00:00,67826.648
2024-11-18 03:00:00,67735.33
2024-11-18 04:00:00,68129.795
2024-11-18 05:00:00,68253.105
2024-11-18 06:00:00,67335.182
2024-11-18 07:00:00,67207.339
2024-11-18 08:00:00,67290.929
2024-11-18 09:00:00,67293.05499999
2024-11-18 10:00:00,67640.02
2024-11-18 11:00:00,67968.152
2024-11-18 12:00:00,68406.52499999
2024-11-18 13:00:00,68227.91099999
2024-11-18 14:00:00,68669.848
2024-11-18 15:00:00,69092.088
2024-11-18 16:00:00,67662.0
2024-11-18 17:00:00,68668.889
2024-11-18 18:00:00,69357.058
2024-11-18 19:00:00,69377.78599999
2024-11-18 20:00:00,69677.575
2024-11-18 21:00:00,68819.123
2024-11-18 22:00:00,68669.15399999
2024-11-18 23:00:00,67977.182
2024-11-19 00:00:00,68017.791
2024-11-19 01:00:00,67934.947
2024-11-19 02:00:00,67584.174
2024-11-19 03:00:00,67755.557
2024-11-19 04:00:00,68432.35
2024-11-19 05:00:00,68155.48699999
2024-11-19 06:00:00,67973.043
2024-11-19 07:00:00,68242.743
2024-11-19 08:00:00,68115.41899999
2024-11-19 09:00:00,67656.263
2024-11-19 10:00:00,67738.057
2024-11-19 11:00:00,68324.19
2024-11-19 12:00:00,68450.801
2024-11-19 13:00:00,68754.75199999
2024-11-19 14:00:00,68674.66
2024-11-19 15:00:00,69021.14
2024-11-19 16:00:00,69363.39599999
2024-11-19 17:00:00,70855.62
2024-11-19 18:00:00,70782.67
2024-11-19 19:00:00,70669.62
2024-11-19 20:00:00,70638.253
2024-11-19 21:00:00,71431.636
2024-11-19 22:00:00,72656.19
2024-11-19 23:00:00,73453.777
2024-11-20 00:00:00,72728.528
2024-11-20 01:00:00,72175.246
2024-11-20 02:00:00,71208.296
2024-11-20 03:00:00,71237.533
2024-11-20 04:00:00,70719.23
2024-11-20 05:00:00,70581.464
2024-11-20 06:00:00,70445.09
2024-11-20 07:00:00,70374.475
2024-11-20 08:00:00,69920.564
2024-11-20 09:00:00,69930.826
2024-11-20 10:00:00,70197.80899999
2024-11-20 11:00:00,71032.758
2024-11-20 12:00:00,71265.257
2024-11-20 13:00:00,71666.307
2024-11-20 14:00:00,70839.459
2024-11-20 15:00:00,71237.827
2024-11-20 16:00:00,71518.8
2024-11-20 17:00:00,72325.23299999
2024-11-20 18:00:00,73285.758
2024-11-20 19:00:00,73792.187
2024-11-20 20:00:00,74899.444
2024-11-20 21:00:00,73534.743
2024-11-20 22:00:00,73577.192
2024-11-20 23:00:00,72711.792
2024-11-21 00:00:00,72498.3
2024-11-21 01:00:00,72315.496
2024-11-21 02:00:00,72371.514
2024-11-21 03:00:00,72814.558
2024-11-21 04:00:00,72833.104
2024-11-21 05:00:00,72688.062
2024-11-21 06:00:00,73274.405
2024-11-21 07:00:00,72396.13099999
2024-11-21 08:00:00,73395.378
2024-11-21 09:00:00,72185.39999999
2024-11-21 10:00:00,71616.96799999
2024-11-21 11:00:00,71618.193
2024-11-21 12:00:00,71801.766
2024-11-21 13:00:00,71478.086
2024-11-21 14:00:00,71759.625
2024-11-21 15:00:00,71798.442
2024-11-21 16:00:00,71728.304
2024-11-21 17:00:00,70516.548
2024-11-21 18:00:00,70954.552
2024-11-21 19:00:00,70175.114
2024-11-21 20:00:00,69171.17
2024-11-21 21:00:00,69412.562
2024-11-21 22:00:00,69138.619
2024-11-21 23:00:00,68594.668
2024-11-22 00:00:00,69331.149
2024-11-22 01:00:00,69169.391
2024-11-22 02:00:00,69973.311
2024-11-22 03:00:00,70138.986
2024-11-22 04:00:00,70062.99
2024-11-22 05:00:00,69688.019
2024-11-22 06:00:00,69285.944
2024-11-22 07:00:00,69025.807
2024-11-22 08:00:00,68956.171
2024-11-22 09:00:00,68921.838
2024-11-22 10:00:00,68906.148
2024-11-22 11:00:00,69024.326
2024-11-22 12:00:00,68817.767
2024-11-22 13:00:00,69039.657
2024-11-22 14:00:00,69181.196
2024-11-22 15:00:00,70141.019
2024-11-22 16:00:00,70142.229
2024-11-22 17:00:00,69913.043
2024-11-22 18:00:00,70194.405
2024-11-22 19:00:00,70974.446
2024-11-22 20:00:00,70522.151
2024-11-22 21:00:00,70467.242
2024-11-22 22:00:00,69025.333
2024-11-22 23:00:00,68964.993
2024-11-23 00:00:00,69761.253
2024-11-23 01:00:00,69394.096
2024-11-23 02:00:00,68402.368
2024-11-23 03:00:00,68234.642
2024-11-23 04:00:00,67947.893
2024-11-23 05:00:00,67576.639
2024-11-23 06:00:00,66997.672
2024-11-23 07:00:00,66903.436
2024-11-23 08:00:00,66647.40399999
2024-11-23 09:00:00,66427.77499999
2024-11-23 10:00:00,66503.035
2024-11-23 11:00:00,66544.096
2024-11-23 12:00:00,66567.073
2024-11-23 13:00:00,66676.41099999
2024-11-23 14:00:00,66632.25599999
2024-11-23 15:00:00,66342.914
2024-11-23 16:00:00,66128.73699999
2024-11-23 17:00:00,65924.50999999
2024-11-23 18:00:00,65925.807
2024-11-23 19:00:00,66156.051
2024-11-23 20:00:00,66285.99
2024-11-23 21:00:00,67970.829
2024-11-23 22:00:00,67945.413
2024-11-23 23:00:00,68280.927
2024-11-24 00:00:00,68772.42
2024-11-24 01:00:00,68546.243
2024-11-24 02:00:00,69154.123
2024-11-24 03:00:00,68992.92
2024-11-24 04:00:00,68888.55899999
2024-11-24 05:00:00,68250.95299999
2024-11-24 06:00:00,67768.083
2024-11-24 07:00:00,67309.711
2024-11-24 08:00:00,66884.517
2024-11-24 09:00:00,66767.38499999
2024-11-24 10:00:00,66888.155
2024-11-24 11:00:00,66944.288
2024-11-24 12:00:00,67079.724
2024-11-24 13:00:00,67073.321
2024-11-24 14:00:00,67139.765
2024-11-24 15:00:00,67335.768
2024-11-24 16:00:00,67075.368
2024-11-24 17:00:00,68415.10799999
2024-11-24 18:00:00,68204.333
2024-11-24 19:00:00,68419.541
2024-11-24 20:00:00,67224.928
2024-11-24 21:00:00,67485.564
2024-11-24 22:00:00,69735.742
2024-11-24 23:00:00,70587.004
2024-11-25 00:00:00,70535.334
2024-11-25 01:00:00,70461.319
2024-11-25 02:00:00,70295.72199999
2024-11-25 03:00:00,68912.5
2024-11-25 04:00:00,68492.694
2024-11-25 05:00:00,70475.014
2024-11-25 06:00:00,69764.243
2024-11-25 07:00:00,69957.315
2024-11-25 08:00:00,69524.494
2024-11-25 09:00:00,69233.196
2024-11-25 10:00:00,69359.88499999
2024-11-25 11:00:00,69821.202
2024-11-25 12:00:00,69402.818
2024-11-25 13:00:00,69145.403
2024-11-25 14:00:00,67965.137
2024-11-25 15:00:00,67889.907
2024-11-25 16:00:00,67902.345
2024-11-25 17:00:00,68631.167
2024-11-25 18:00:00,69883.084
2024-11-25 19:00:00,71500.164
2024-11-25 20:00:00,72228.71799999
2024-11-25 21:00:00,72235.47
2024-11-25 22:00:00,72510.545
2024-11-25 23:00:00,72592.831
2024-11-26 00:00:00,72827.56
2024-11-26 01:00:00,73348.732
2024-11-26 02:00:00,72336.94899999
2024-11-26 03:00:00,70288.14599999
2024-11-26 04:00:00,72377.182
2024-11-26 05:00:00,72582.558
2024-11-26 06:00:00,73042.59
2024-11-26 07:00:00,72986.43399999
2024-11-26 08:00:00,72486.783
2024-11-26 09:00:00,72189.84299999
2024-11-26 10:00:00,72031.91899999
2024-11-26 11:00:00,72043.739
2024-11-26 12:00:00,71612.908
2024-11-26 13:00:00,71409.064
2024-11-26 14:00:00,70694.75999999
2024-11-26 15:00:00,71080.071
2024-11-26 16:00:00,71920.132
2024-11-26 17:00:00,72242.71799999
2024-11-26 18:00:00,71893.173
2024-11-26 19:00:00,71600.278
2024-11-26 20:00:00,70950.497
2024-11-26 21:00:00,70180.977
2024-11-26 22:00:00,70312.3
2024-11-26 23:00:00,70047.867
2024-11-27 00:00:00,70127.445
2024-11-27 01:00:00,69831.442
2024-11-27 02:00:00,70515.97199999
2024-11-27 03:00:00,70217.464
2024-11-27 04:00:00,70125.528
2024-11-27 05:00:00,70323.447
2024-11-27 06:00:00,70527.988
2024-11-27 07:00:00,70384.759
2024-11-27 08:00:00,69752.36199999
2024-11-27 09:00:00,69496.479
2024-11-27 10:00:00,69203.447
2024-11-27 11:00:00,69291.663
2024-11-27 12:00:00,69152.085
2024-11-27 13:00:00,69427.235
2024-11-27 14:00:00,69244.85799999
2024-11-27 15:00:00,69244.06
2024-11-27 16:00:00,69304.878
2024-11-27 17:00:00,69183.664
2024-11-27 18:00:00,68902.113
2024-11-27 19:00:00,67771.139
2024-11-27 20:00:00,69025.781
2024-11-27 21:00:00,69981.878
2024-11-27 22:00:00,69784.22
2024-11-27 23:00:00,69462.172
2024-11-28 00:00:00,69547.52099999
2024-11-28 01:00:00,68394.36
2024-11-28 02:00:00,67659.115
2024-11-28 03:00:00,67559.702
2024-11-28 04:00:00,67573.03
2024-11-28 05:00:00,67701.757
2024-11-28 06:00:00,67459.065
2024-11-28 07:00:00,67347.304
2024-11-28 08:00:00,66777.461
2024-11-28 09:00:00,66687.784
2024-11-28 10:00:00,66786.943
2024-11-28 11:00:00,66306.111
2024-11-28 12:00:00,66818.221
2024-11-28 13:00:00,67024.345
2024-11-28 14:00:00,66769.015
2024-11-28 15:00:00,66742.39999999
2024-11-28 16:00:00,67672.638
2024-11-28 17:00:00,67034.869
2024-11-28 18:00:00,66938.012
2024-11-28 19:00:00,66937.871
2024-11-28 20:00:00,67335.278
2024-11-28 21:00:00,67836.231
2024-11-28 22:00:00,67807.591
2024-11-28 23:00:00,67601.22
2024-11-29 00:00:00,67681.882
2024-11-29 01:00:00,67605.15399999
2024-11-29 02:00:00,68092.965
2024-11-29 03:00:00,67012.186
2024-11-29 04:00:00,66585.43799999
2024-11-29 05:00:00,66600.178
2024-11-29 06:00:00,66754.25199999
2024-11-29 07:00:00,66681.66899999
2024-11-29 08:00:00,66678.317
2024-11-29 09:00:00,66602.87699999
2024-11-29 10:00:00,66470.751
2024-11-29 11:00:00,66937.63099999
2024-11-29 12:00:00,66404.25999999
2024-11-29 13:00:00,66504.528
2024-11-29 14:00:00,66391.704
2024-11-29 15:00:00,66635.77499999
2024-11-29 16:00:00,66916.432
2024-11-29 17:00:00,66950.781
2024-11-29 18:00:00,67135.49
2024-11-29 19:00:00,67240.977
2024-11-29 20:00:00,69262.325
2024-11-29 21:00:00,69774.576
2024-11-29 22:00:00,68866.287
2024-11-29 23:00:00,68555.81299999
2024-11-30 00:00:00,67959.36599999
2024-11-30 01:00:00,67334.03999999
2024-11-30 02:00:00,67325.39
2024-11-30 03:00:00,67089.433
2024-11-30 04:00:00,66929.778
2024-11-30 05:00:00,67517.148
2024-11-30 06:00:00,68053.158
2024-11-30 07:00:00,67744.03
2024-11-30 08:00:00,67807.567
2024-11-30 09:00:00,67397.947
2024-11-30 10:00:00,67050.989
2024-11-30 11:00:00,67204.73299999
2024-11-30 12:00:00,67135.018
2024-11-30 13:00:00,67217.091
2024-11-30 14:00:00,67273.175
2024-11-30 15:00:00,66503.801
2024-11-30 16:00:00,66271.441
2024-11-30 17:00:00,66367.339
2024-11-30 18:00:00,66355.912
2024-11-30 19:00:00,66213.537
2024-11-30 20:00:00,66204.242
2024-11-30 21:00:00,66065.70299999
2024-11-30 22:00:00,66182.214
2024-11-30 23:00:00,66050.423
2024-12-01 00:00:00,66191.017
2024-12-01 01:00:00,66031.149
2024-12-01 02:00:00,65850.802
2024-12-01 03:00:00,66015.41
2024-12-01 04:00:00,66088.389
2024-12-01 05:00:00,66224.931
2024-12-01 06:00:00,66078.778
2024-12-01 07:00:00,65924.12
2024-12-01 08:00:00,66040.55499999
2024-12-01 09:00:00,66178.831
2024-12-01 10:00:00,65561.41899999
2024-12-01 11:00:00,65608.23299999
2024-12-01 12:00:00,65584.629
2024-12-01 13:00:00,65216.221
2024-12-01 14:00:00,65168.001
2024-12-01 15:00:00,65218.286
2024-12-01 16:00:00,65386.181
2024-12-01 17:00:00,66017.907
2024-12-01 18:00:00,66252.55499999
2024-12-01 19:00:00,66173.519
2024-12-01 20:00:00,66951.748
2024-12-01 21:00:00,66713.55499999
2024-12-01 22:00:00,66526.628
2024-12-01 23:00:00,66112.589
2024-12-02 00:00:00,65745.13499999
2024-12-02 01:00:00,65127.029
2024-12-02 02:00:00,64811.708
2024-12-02 03:00:00,64421.823
2024-12-02 04:00:00,64759.933
2024-12-02 05:00:00,64808.258
2024-12-02 06:00:00,64768.055
2024-12-02 07:00:00,64461.142
2024-12-02 08:00:00,64250.75
2024-12-02 09:00:00,64386.445
2024-12-02 10:00:00,64367.939
2024-12-02 11:00:00,63634.188
2024-12-02 12:00:00,63875.673
2024-12-02 13:00:00,63975.697
2024-12-02 14:00:00,64032.99
2024-12-02 15:00:00,64872.698
2024-12-02 16:00:00,64800.212
2024-12-02 17:00:00,65118.904
2024-12-02 18:00:00,64951.454
2024-12-02 19:00:00,64091.446
2024-12-02 20:00:00,64300.615
2024-12-02 21:00:00,65350.035
2024-12-02 22:00:00,65613.196
2024-12-02 23:00:00,64882.107
2024-12-03 00:00:00,64405.741
2024-12-03 01:00:00,63996.087
2024-12-03 02:00:00,64047.821
2024-12-03 03:00:00,64028.289
2024-12-03 04:00:00,63643.326
2024-12-03 05:00:00,63722.569
2024-12-03 06:00:00,63632.704
2024-12-03 07:00:00,63089.409
2024-12-03 08:00:00,63177.114
2024-12-03 09:00:00,63485.132
2024-12-03 10:00:00,63323.852
2024-12-03 11:00:00,63323.775
2024-12-03 12:00:00,63228.282
2024-12-03 13:00:00,63333.099
2024-12-03 14:00:00,63294.749
2024-12-03 15:00:00,63639.724
2024-12-03 16:00:00,63574.37
2024-12-03 17:00:00,63722.805
2024-12-03 18:00:00,64448.85
2024-12-03 19:00:00,63655.868
2024-12-03 20:00:00,63952.547
2024-12-03 21:00:00,64365.799
2024-12-03 22:00:00,63831.202
2024-12-03 23:00:00,63526.983
2024-12-04 00:00:00,64077.366
2024-12-04 01:00:00,63371.981
2024-12-04 02:00:00,62669.662
2024-12-04 03:00:00,62873.982
2024-12-04 04:00:00,62748.48
2024-12-04 05:00:00,62645.841
2024-12-04 06:00:00,62687.482
2024-12-04 07:00:00,62743.39
2024-12-04 08:00:00,62530.551
2024-12-04 09:00:00,62477.561
2024-12-04 10:00:00,62300.505
2024-12-04 11:00:00,62261.206
2024-12-04 12:00:00,62922.03
2024-12-04 13:00:00,63020.828
2024-12-04 14:00:00,62992.988
2024-12-04 15:00:00,63058.465
2024-12-04 16:00:00,62897.152
2024-12-04 17:00:00,62712.25
2024-12-04 18:00:00,62834.447
2024-12-04 19:00:00,64487.102
2024-12-04 20:00:00,63717.466
2024-12-04 21:00:00,64539.717
2024-12-04 22:00:00,64115.913
2024-12-04 23:00:00,63710.953
2024-12-05 00:00:00,63342.359
2024-12-05 01:00:00,65592.649
2024-12-05 02:00:00,64360.206
2024-12-05 03:00:00,64841.998
2024-12-05 04:00:00,65533.487
2024-12-05 05:00:00,65974.87
2024-12-05 06:00:00,66241.772
2024-12-05 07:00:00,67477.325
2024-12-05 08:00:00,68645.164
2024-12-05 09:00:00,67869.25
2024-12-05 10:00:00,68412.447
2024-12-05 11:00:00,67803.5
2024-12-05 12:00:00,68125.58
2024-12-05 13:00:00,68141.125
2024-12-05 14:00:00,68088.126
2024-12-05 15:00:00,67691.38
2024-12-05 16:00:00,67661.383
2024-12-05 17:00:00,67708.83
2024-12-05 18:00:00,68271.591
2024-12-05 19:00:00,68588.772
2024-12-05 20:00:00,68659.705
2024-12-05 21:00:00,68446.789
2024-12-05 22:00:00,69336.299
2024-12-05 23:00:00,68767.717
2024-12-06 00:00:00,69629.886
2024-12-06 01:00:00,69308.974
2024-12-06 02:00:00,69919.248
2024-12-06 03:00:00,66521.012
2024-12-06 04:00:00,64475.975
2024-12-06 05:00:00,65259.863
2024-12-06 06:00:00,65290.797
2024-12-06 07:00:00,65099.284
2024-12-06 08:00:00,65140.073
2024-12-06 09:00:00,65090.366
2024-12-06 10:00:00,64863.289
2024-12-06 11:00:00,65364.459
2024-12-06 12:00:00,65669.211
2024-12-06 13:00:00,65579.913
2024-12-06 14:00:00,65441.341
2024-12-06 15:00:00,65454.834
2024-12-06 16:00:00,65960.72199999
2024-12-06 17:00:00,65848.629
2024-12-06 18:00:00,65617.368
2024-12-06 19:00:00,65265.709
2024-12-06 20:00:00,64707.437
2024-12-06 21:00:00,64775.626
2024-12-06 22:00:00,66185.19899999
2024-12-06 23:00:00,66654.163
2024-12-07 00:00:00,66299.303
2024-12-07 01:00:00,62947.425
2024-12-07 02:00:00,62185.29
2024-12-07 03:00:00,62278.019
2024-12-07 04:00:00,61606.575
2024-12-07 05:00:00,61741.551
2024-12-07 06:00:00,61680.974
2024-12-07 07:00:00,61674.782
2024-12-07 08:00:00,61776.27
2024-12-07 09:00:00,61761.344
2024-12-07 10:00:00,61633.036
2024-12-07 11:00:00,61736.009
2024-12-07 12:00:00,61763.96
2024-12-07 13:00:00,61937.645
2024-12-07 14:00:00,62387.344
2024-12-07 15:00:00,62506.371
2024-12-07 16:00:00,62486.981
2024-12-07 17:00:00,62673.028
2024-12-07 18:00:00,62667.242
2024-12-07 19:00:00,62824.783
2024-12-07 20:00:00,62222.914
2024-12-07 21:00:00,62095.421
2024-12-07 22:00:00,62356.661
2024-12-07 23:00:00,62136.686
2024-12-08 00:00:00,62300.686
2024-12-08 01:00:00,62535.502
2024-12-08 02:00:00,62315.909
2024-12-08 03:00:00,62590.485
2024-12-08 04:00:00,63141.978
2024-12-08 05:00:00,63153.264
2024-12-08 06:00:00,63272.273
2024-12-08 07:00:00,63047.784
2024-12-08 08:00:00,62851.206
2024-12-08 09:00:00,62720.281
2024-12-08 10:00:00,62789.5
2024-12-08 11:00:00,62801.146
2024-12-08 12:00:00,62827.123
2024-12-08 13:00:00,63330.023
2024-12-08 14:00:00,63772.551
2024-12-08 15:00:00,64537.422
2024-12-08 16:00:00,65035.39
2024-12-08 17:00:00,65022.688
2024-12-08 18:00:00,65148.852
2024-12-08 19:00:00,65038.354
2024-12-08 20:00:00,65427.463
2024-12-08 21:00:00,64964.591
2024-12-08 22:00:00,64473.045
2024-12-08 23:00:00,63958.87
2024-12-09 00:00:00,63684.595
2024-12-09 01:00:00,62942.797
2024-12-09 02:00:00,62641.133
2024-12-09 03:00:00,62647.22
2024-12-09 04:00:00,62389.384
2024-12-09 05:00:00,62314.511
2024-12-09 06:00:00,62542.297
2024-12-09 07:00:00,62928.676
2024-12-09 08:00:00,62872.605
2024-12-09 09:00:00,63271.417
2024-12-09 10:00:00,63203.664
2024-12-09 11:00:00,63183.163
2024-12-09 12:00:00,63566.184
2024-12-09 13:00:00,64895.158
2024-12-09 14:00:00,64794.961
2024-12-09 15:00:00,64818.173
2024-12-09 16:00:00,65197.854
2024-12-09 17:00:00,65595.634
2024-12-09 18:00:00,66107.283
2024-12-09 19:00:00,65967.698
2024-12-09 20:00:00,66134.27499999
2024-12-09 21:00:00,66127.516
2024-12-09 22:00:00,66247.886
2024-12-09 23:00:00,65640.228
2024-12-10 00:00:00,65771.422
2024-12-10 01:00:00,66648.181
2024-12-10 02:00:00,65481.056
2024-12-10 03:00:00,64889.806
2024-12-10 04:00:00,64863.657
2024-12-10 05:00:00,64647.965
2024-12-10 06:00:00,64111.863
2024-12-10 07:00:00,63527.958
2024-12-10 08:00:00,63624.747
2024-12-10 09:00:00,63444.206
2024-12-10 10:00:00,63058.239
2024-12-10 11:00:00,63097.756
2024-12-10 12:00:00,63129.619
2024-12-10 13:00:00,62799.679
2024-12-10 14:00:00,62662.414
2024-12-10 15:00:00,62702.726
2024-12-10 16:00:00,62742.142
2024-12-10 17:00:00,62694.586
2024-12-10 18:00:00,62692.779
2024-12-10 19:00:00,62063.495
2024-12-10 20:00:00,61284.05
2024-12-10 21:00:00,61485.583
2024-12-10 22:00:00,65147.549
2024-12-10 23:00:00,65252.142
2024-12-11 00:00:00,64935.683
2024-12-11 01:00:00,64508.687
2024-12-11 02:00:00,64177.949
2024-12-11 03:00:00,63993.772
2024-12-11 04:00:00,64075.358
2024-12-11 05:00:00,64071.495
2024-12-11 06:00:00,64284.394
2024-12-11 07:00:00,64129.852
2024-12-11 08:00:00,64188.451
2024-12-11 09:00:00,64189.389
2024-12-11 10:00:00,63920.276
2024-12-11 11:00:00,63881.885
2024-12-11 12:00:00,63767.616
2024-12-11 13:00:00,62173.17
2024-12-11 14:00:00,61812.049
2024-12-11 15:00:00,61885.403
2024-12-11 16:00:00,61406.982
2024-12-11 17:00:00,61368.276
2024-12-11 18:00:00,61066.038
2024-12-11 19:00:00,61230.805
2024-12-11 20:00:00,63643.674
2024-12-11 21:00:00,64182.948
2024-12-11 22:00:00,63421.415
2024-12-11 23:00:00,63564.696
2024-12-12 00:00:00,64264.12
2024-12-12 01:00:00,64395.47
2024-12-12 02:00:00,64158.812
2024-12-12 03:00:00,64304.047
2024-12-12 04:00:00,64666.971
2024-12-12 05:00:00,65018.248
2024-12-12 06:00:00,65285.553
2024-12-12 07:00:00,65008.05
2024-12-12 08:00:00,65456.807
2024-12-12 09:00:00,65201.097
2024-12-12 10:00:00,65285.167
2024-12-12 11:00:00,65627.64
2024-12-12 12:00:00,65614.007
2024-12-12 13:00:00,65574.739
2024-12-12 14:00:00,65720.891
2024-12-12 15:00:00,65813.888
2024-12-12 16:00:00,65952.49
2024-12-12 17:00:00,65959.759
2024-12-12 18:00:00,66224.25999999
2024-12-12 19:00:00,66373.157
2024-12-12 20:00:00,66498.73299999
2024-12-12 21:00:00,66775.579
2024-12-12 22:00:00,66551.014
2024-12-12 23:00:00,66845.629
2024-12-13 00:00:00,63182.203
2024-12-13 01:00:00,64274.289
2024-12-13 02:00:00,65675.966
2024-12-13 03:00:00,65436.776
2024-12-13 04:00:00,65526.072
2024-12-13 05:00:00,65669.106
2024-12-13 06:00:00,65450.104
2024-12-13 07:00:00,65002.183
2024-12-13 08:00:00,64906.697
2024-12-13 09:00:00,64819.88
2024-12-13 10:00:00,64889.812
2024-12-13 11:00:00,65010.135
2024-12-13 12:00:00,65311.553
2024-12-13 13:00:00,65250.949
2024-12-13 14:00:00,64819.578
2024-12-13 15:00:00,64231.728
2024-12-13 16:00:00,63512.298
2024-12-13 17:00:00,63153.331
2024-12-13 18:00:00,62610.366
2024-12-13 19:00:00,62908.851
2024-12-13 20:00:00,64910.01
2024-12-13 21:00:00,64452.165
2024-12-13 22:00:00,63801.496
2024-12-13 23:00:00,64154.888
2024-12-14 00:00:00,64118.545
2024-12-14 01:00:00,63150.229
2024-12-14 02:00:00,63652.117
2024-12-14 03:00:00,63356.837
2024-12-14 04:00:00,63707.225
2024-12-14 05:00:00,63589.753
2024-12-14 06:00:00,64142.271
2024-12-14 07:00:00,63745.459
2024-12-14 08:00:00,63964.445
2024-12-14 09:00:00,63633.385
2024-12-14 10:00:00,63773.373
2024-12-14 11:00:00,63925.877
2024-12-14 12:00:00,64118.728
2024-12-14 13:00:00,63925.584
2024-12-14 14:00:00,63764.032
2024-12-14 15:00:00,63718.396
2024-12-14 16:00:00,63747.941
2024-12-14 17:00:00,63926.007
2024-12-14 18:00:00,63349.581
2024-12-14 19:00:00,63530.126
2024-12-14 20:00:00,63645.961
2024-12-14 21:00:00,63726.531
2024-12-14 22:00:00,63548.699
2024-12-14 23:00:00,63430.637
2024-12-15 00:00:00,63619.741
2024-12-15 01:00:00,63451.756
2024-12-15 02:00:00,63643.33
2024-12-15 03:00:00,63604.244
2024-12-15 04:00:00,63730.821
2024-12-15 05:00:00,63657.412
2024-12-15 06:00:00,64178.599
2024-12-15 07:00:00,64558.662
2024-12-15 08:00:00,64540.265
2024-12-15 09:00:00,64187.453
2024-12-15 10:00:00,63900.301
2024-12-15 11:00:00,63960.956
2024-12-15 12:00:00,63965.639
2024-12-15 13:00:00,64020.368
2024-12-15 14:00:00,64091.101
2024-12-15 15:00:00,64192.065
2024-12-15 16:00:00,64557.735
2024-12-15 17:00:00,65299.278
2024-12-15 18:00:00,65098.984
2024-12-15 19:00:00,65569.3
2024-12-15 20:00:00,65932.168
2024-12-15 21:00:00,65579.346
2024-12-15 22:00:00,65960.52
2024-12-15 23:00:00,65913.121
2024-12-16 00:00:00,66385.263
2024-12-16 01:00:00,66388.09299999
2024-12-16 02:00:00,66480.05899999
2024-12-16 03:00:00,66121.514
2024-12-16 04:00:00,67530.265
2024-12-16 05:00:00,67808.872
2024-12-16 06:00:00,67576.064
2024-12-16 07:00:00,66637.719
2024-12-16 08:00:00,66600.155
2024-12-16 09:00:00,66481.933
2024-12-16 10:00:00,66734.45699999
2024-12-16 11:00:00,66924.076
2024-12-16 12:00:00,67060.243
2024-12-16 13:00:00,67466.229
2024-12-16 14:00:00,67916.39599999
2024-12-16 15:00:00,67902.28
2024-12-16 16:00:00,68334.371
2024-12-16 17:00:00,67935.63499999
2024-12-16 18:00:00,67652.015
2024-12-16 19:00:00,68455.859
2024-12-16 20:00:00,70158.432
2024-12-16 21:00:00,70340.749
2024-12-16 22:00:00,70467.874
2024-12-16 23:00:00,69922.364
2024-12-17 00:00:00,69382.058
2024-12-17 01:00:00,68792.475
2024-12-17 02:00:00,68656.474
2024-12-17 03:00:00,68594.45299999
2024-12-17 04:00:00,68148.895
2024-12-17 05:00:00,67644.387
2024-12-17 06:00:00,67503.932
2024-12-17 07:00:00,67622.603
2024-12-17 08:00:00,67786.652
2024-12-17 09:00:00,67549.228
2024-12-17 10:00:00,67519.614
2024-12-17 11:00:00,67446.374
2024-12-17 12:00:00,67530.262
2024-12-17 13:00:00,67775.73699999
2024-12-17 14:00:00,68065.674
2024-12-17 15:00:00,68048.711
2024-12-17 16:00:00,67843.758
2024-12-17 17:00:00,67969.77099999
2024-12-17 18:00:00,67953.903
2024-12-17 19:00:00,68410.769
2024-12-17 20:00:00,66828.401
2024-12-17 21:00:00,66505.603
2024-12-17 22:00:00,66628.014
2024-12-17 23:00:00,66430.852
2024-12-18 00:00:00,66537.867
2024-12-18 01:00:00,66149.41899999
2024-12-18 02:00:00,65818.192
2024-12-18 03:00:00,66023.244
2024-12-18 04:00:00,65260.054
2024-12-18 05:00:00,65417.016
2024-12-18 06:00:00,65788.657
2024-12-18 07:00:00,66280.178
2024-12-18 08:00:00,66299.14599999
2024-12-18 09:00:00,65991.416
2024-12-18 10:00:00,66192.298
2024-12-18 11:00:00,66340.767
2024-12-18 12:00:00,65630.296
2024-12-18 13:00:00,64934.766
2024-12-18 14:00:00,64945.611
2024-12-18 15:00:00,65332.184
2024-12-18 16:00:00,66381.14999999
2024-12-18 17:00:00,66772.451
2024-12-18 18:00:00,67275.397
2024-12-18 19:00:00,67243.62699999
2024-12-18 20:00:00,66964.943
2024-12-18 21:00:00,66933.78
2024-12-18 22:00:00,66666.159
2024-12-18 23:00:00,66311.689
2024-12-19 00:00:00,66957.303
2024-12-19 01:00:00,65940.25
2024-12-19 02:00:00,65979.732
2024-12-19 03:00:00,65913.017
2024-12-19 04:00:00,66300.591
2024-12-19 05:00:00,66308.00999999
2024-12-19 06:00:00,67189.572
2024-12-19 07:00:00,66854.66
2024-12-19 08:00:00,67643.262
2024-12-19 09:00:00,67600.08
2024-12-19 10:00:00,67698.028
2024-12-19 11:00:00,68129.902
2024-12-19 12:00:00,68708.552
2024-12-19 13:00:00,68752.64999999
2024-12-19 14:00:00,68774.50999999
2024-12-19 15:00:00,68343.933
2024-12-19 16:00:00,68537.959
2024-12-19 17:00:00,67998.24099999
2024-12-19 18:00:00,67788.012
2024-12-19 19:00:00,67360.724
2024-12-19 20:00:00,68406.431
2024-12-19 21:00:00,68452.781
2024-12-19 22:00:00,65781.441
2024-12-19 23:00:00,65976.595
2024-12-20 00:00:00,65771.47
2024-12-20 01:00:00,65292.762
2024-12-20 02:00:00,65031.776
2024-12-20 03:00:00,65164.175
2024-12-20 04:00:00,64931.768
2024-12-20 05:00:00,64975.377
2024-12-20 06:00:00,65011.726
2024-12-20 07:00:00,65048.366
2024-12-20 08:00:00,64787.25
2024-12-20 09:00:00,65091.219
2024-12-20 10:00:00,65062.545
2024-12-20 11:00:00,65068.592
2024-12-20 12:00:00,64965.682
2024-12-20 13:00:00,65383.844
2024-12-20 14:00:00,64916.236
2024-12-20 15:00:00,64588.958
2024-12-20 16:00:00,65351.459
2024-12-20 17:00:00,64082.625
2024-12-20 18:00:00,63720.962
2024-12-20 19:00:00,63747.58
2024-12-20 20:00:00,63380.049
2024-12-20 21:00:00,63273.164
2024-12-20 22:00:00,63191.786
2024-12-20 23:00:00,63238.085
2024-12-21 00:00:00,63111.525
2024-12-21 01:00:00,62643.819
2024-12-21 02:00:00,61969.629
2024-12-21 03:00:00,62015.047
2024-12-21 04:00:00,62176.974
2024-12-21 05:00:00,62210.316
2024-12-21 06:00:00,61816.187
2024-12-21 07:00:00,61851.587
2024-12-21 08:00:00,61892.815
2024-12-21 09:00:00,61964.095
2024-12-21 10:00:00,61747.421
2024-12-21 11:00:00,61724.764
2024-12-21 12:00:00,62328.288
2024-12-21 13:00:00,63038.956
2024-12-21 14:00:00,62994.788
2024-12-21 15:00:00,63146.232
2024-12-21 16:00:00,63327.415
2024-12-21 17:00:00,63303.751
2024-12-21 18:00:00,63670.187
2024-12-21 19:00:00,63640.598
2024-12-21 20:00:00,63615.061
2024-12-21 21:00:00,63600.133
2024-12-21 22:00:00,63508.526
2024-12-21 23:00:00,63584.868
2024-12-22 00:00:00,63487.584
2024-12-22 01:00:00,63351.768
2024-12-22 02:00:00,63026.691
2024-12-22 03:00:00,63091.726
2024-12-22 04:00:00,63071.165
2024-12-22 05:00:00,63016.624
2024-12-22 06:00:00,63000.451
2024-12-22 07:00:00,63023.338
2024-12-22 08:00:00,62880.455
2024-12-22 09:00:00,62933.728
2024-12-22 10:00:00,63382.002
2024-12-22 11:00:00,63177.673
2024-12-22 12:00:00,63329.861
2024-12-22 13:00:00,63185.92
2024-12-22 14:00:00,63148.537
2024-12-22 15:00:00,63049.834
2024-12-22 16:00:00,63076.587
2024-12-22 17:00:00,63171.139
2024-12-22 18:00:00,62846.401
2024-12-22 19:00:00,62929.406
2024-12-22 20:00:00,63013.028
2024-12-22 21:00:00,63353.692
2024-12-22 22:00:00,63565.929
2024-12-22 23:00:00,63511.928
2024-12-23 00:00:00,62720.593
2024-12-23 01:00:00,63094.793
2024-12-23 02:00:00,62674.476
2024-12-23 03:00:00,62887.344
2024-12-23 04:00:00,63157.881
2024-12-23 05:00:00,63327.717
2024-12-23 06:00:00,63228.546
2024-12-23 07:00:00,63335.211
2024-12-23 08:00:00,63025.614
2024-12-23 09:00:00,62748.082
2024-12-23 10:00:00,63010.127
2024-12-23 11:00:00,63454.137
2024-12-23 12:00:00,63523.829
2024-12-23 13:00:00,63360.999
2024-12-23 14:00:00,63807.84
2024-12-23 15:00:00,63927.362
2024-12-23 16:00:00,63707.38
2024-12-23 17:00:00,63862.847
2024-12-23 18:00:00,63655.262
2024-12-23 19:00:00,64227.609
2024-12-23 20:00:00,64639.209
2024-12-23 21:00:00,64605.621
2024-12-23 22:00:00,64534.453
2024-12-23 23:00:00,64560.99
2024-12-24 00:00:00,64553.04
2024-12-24 01:00:00,64785.32
2024-12-24 02:00:00,64883.239
2024-12-24 03:00:00,64256.506
2024-12-24 04:00:00,64348.6
2024-12-24 05:00:00,64210.458
2024-12-24 06:00:00,64479.768
2024-12-24 07:00:00,64355.161
2024-12-24 08:00:00,64289.785
2024-12-24 09:00:00,64183.408
2024-12-24 10:00:00,64045.619
2024-12-24 11:00:00,64118.679
2024-12-24 12:00:00,63966.141
2024-12-24 13:00:00,63996.904
2024-12-24 14:00:00,63863.899
2024-12-24 15:00:00,63987.53
2024-12-24 16:00:00,64127.078
2024-12-24 17:00:00,64193.84
2024-12-24 18:00:00,64149.529
2024-12-24 19:00:00,63304.531
2024-12-24 20:00:00,62519.17
2024-12-24 21:00:00,63490.616
2024-12-24 22:00:00,63330.812
2024-12-24 23:00:00,62846.893
2024-12-25 00:00:00,62316.38
2024-12-25 01:00:00,60737.611
2024-12-25 02:00:00,59763.69
2024-12-25 03:00:00,59785.869
2024-12-25 04:00:00,59847.275
2024-12-25 05:00:00,59871.091
2024-12-25 06:00:00,59867.058
2024-12-25 07:00:00,59796.803
2024-12-25 08:00:00,59718.34
2024-12-25 09:00:00,59573.317
2024-12-25 10:00:00,59564.511
2024-12-25 11:00:00,59509.795
2024-12-25 12:00:00,59608.498
2024-12-25 13:00:00,59595.739
2024-12-25 14:00:00,59545.08
2024-12-25 15:00:00,58990.874
2024-12-25 16:00:00,58541.502
2024-12-25 17:00:00,58511.112
2024-12-25 18:00:00,58628.01
2024-12-25 19:00:00,58694.356
2024-12-25 20:00:00,58757.154
2024-12-25 21:00:00,58911.08
2024-12-25 22:00:00,59017.238
2024-12-25 23:00:00,59262.777
2024-12-26 00:00:00,59963.685
2024-12-26 01:00:00,60488.206
2024-12-26 02:00:00,60205.293
2024-12-26 03:00:00,59999.079
2024-12-26 04:00:00,60280.896
2024-12-26 05:00:00,60017.746
2024-12-26 06:00:00,60036.52
2024-12-26 07:00:00,60230.662
2024-12-26 08:00:00,60310.451
2024-12-26 09:00:00,60090.298
2024-12-26 10:00:00,60057.448
2024-12-26 11:00:00,59944.568
2024-12-26 12:00:00,59945.845
2024-12-26 13:00:00,62498.486
2024-12-26 14:00:00,63075.141
2024-12-26 15:00:00,63390.263
2024-12-26 16:00:00,63727.536
2024-12-26 17:00:00,63469.465
2024-12-26 18:00:00,63298.394
2024-12-26 19:00:00,63159.745
2024-12-26 20:00:00,63107.826
2024-12-26 21:00:00,63032.283
2024-12-26 22:00:00,62760.501
2024-12-26 23:00:00,62644.16
2024-12-27 00:00:00,62586.763
2024-12-27 01:00:00,62982.018
2024-12-27 02:00:00,63151.908
2024-12-27 03:00:00,63175.27
2024-12-27 04:00:00,63047.963
2024-12-27 05:00:00,63162.121
2024-12-27 06:00:00,63212.619
2024-12-27 07:00:00,63272.144
2024-12-27 08:00:00,63314.51
2024-12-27 09:00:00,63340.351
2024-12-27 10:00:00,63356.838
2024-12-27 11:00:00,63453.342
2024-12-27 12:00:00,63938.7
2024-12-27 13:00:00,63823.067
2024-12-27 14:00:00,63101.918
2024-12-27 15:00:00,63196.677
2024-12-27 16:00:00,62767.136
2024-12-27 17:00:00,62976.875
2024-12-27 18:00:00,63180.439
2024-12-27 19:00:00,63662.239
2024-12-27 20:00:00,64329.142
2024-12-27 21:00:00,64765.589
2024-12-27 22:00:00,64551.85
2024-12-27 23:00:00,64662.314
2024-12-28 00:00:00,64691.888
2024-12-28 01:00:00,64638.814
2024-12-28 02:00:00,64443.324
2024-12-28 03:00:00,64211.909
2024-12-28 04:00:00,64129.958
2024-12-28 05:00:00,64132.946
2024-12-28 06:00:00,64215.995
2024-12-28 07:00:00,64281.779
2024-12-28 08:00:00,64259.407
2024-12-28 09:00:00,64258.016
2024-12-28 10:00:00,64566.203
2024-12-28 11:00:00,64558.44
2024-12-28 12:00:00,64546.237
2024-12-28 13:00:00,64621.123
2024-12-28 14:00:00,64572.686
2024-12-28 15:00:00,64635.024
2024-12-28 16:00:00,64519.985
2024-12-28 17:00:00,64671.926
2024-12-28 18:00:00,64698.66
2024-12-28 19:00:00,64447.279
2024-12-28 20:00:00,64429.028
2024-12-28 21:00:00,64453.402
2024-12-28 22:00:00,64669.421
2024-12-28 23:00:00,64467.155
2024-12-29 00:00:00,64484.005
2024-12-29 01:00:00,64449.921
2024-12-29 02:00:00,64484.026
2024-12-29 03:00:00,64374.123
2024-12-29 04:00:00,64362.29
2024-12-29 05:00:00,64500.179
2024-12-29 06:00:00,64423.513
2024-12-29 07:00:00,64624.552
2024-12-29 08:00:00,64578.561
2024-12-29 09:00:00,64671.021
2024-12-29 10:00:00,64601.366
2024-12-29 11:00:00,64490.848
2024-12-29 12:00:00,64435.855
2024-12-29 13:00:00,64430.872
2024-12-29 14:00:00,64200.112
2024-12-29 15:00:00,64031.286
2024-12-29 16:00:00,64226.81
2024-12-29 17:00:00,64451.424
2024-12-29 18:00:00,64252.667
2024-12-29 19:00:00,64606.01
2024-12-29 20:00:00,64559.008
2024-12-29 21:00:00,64440.192
2024-12-29 22:00:00,64092.252
2024-12-29 23:00:00,63760.685
2024-12-30 00:00:00,63784.622
2024-12-30 01:00:00,64042.259
2024-12-30 02:00:00,64025.625
2024-12-30 03:00:00,63998.99
2024-12-30 04:00:00,64177.003
2024-12-30 05:00:00,63808.397
2024-12-30 06:00:00,63598.25
2024-12-30 07:00:00,63946.789
2024-12-30 08:00:00,64125.072
2024-12-30 09:00:00,64310.944
2024-12-30 10:00:00,64404.409
2024-12-30 11:00:00,64380.581
2024-12-30 12:00:00,64426.928
2024-12-30 13:00:00,64522.094
2024-12-30 14:00:00,64495.407
2024-12-30 15:00:00,64674.49
2024-12-30 16:00:00,64473.783
2024-12-30 17:00:00,64736.047
2024-12-30 18:00:00,65190.067
2024-12-30 19:00:00,66172.125
2024-12-30 20:00:00,65496.486
2024-12-30 21:00:00,66002.064
2024-12-30 22:00:00,64968.139
2024-12-30 23:00:00,64166.538
2024-12-31 00:00:00,64364.353
2024-12-31 01:00:00,64457.686
2024-12-31 02:00:00,63129.068
2024-12-31 03:00:00,62937.697
2024-12-31 04:00:00,63260.29
2024-12-31 05:00:00,63209.201
2024-12-31 06:00:00,63100.232
2024-12-31 07:00:00,63038.362
2024-12-31 08:00:00,62917.568
2024-12-31 09:00:00,63034.306
2024-12-31 10:00:00,63057.441
2024-12-31 11:00:00,63144.757
2024-12-31 12:00:00,63037.744
2024-12-31 13:00:00,63397.236
2024-12-31 14:00:00,63355.442
2024-12-31 15:00:00,63040.313
2024-12-31 16:00:00,62786.064
2024-12-31 17:00:00,61803.593
2024-12-31 18:00:00,60767.288
2024-12-31 19:00:00,60936.281
2024-12-31 20:00:00,61007.055
2024-12-31 21:00:00,61341.475
2024-12-31 22:00:00,60225.498
2024-12-31 23:00:00,60414.948
2025-01-01 00:00:00,60279.958
2025-01-01 01:00:00,60286.575
2025-01-01 02:00:00,60023.774
2025-01-01 03:00:00,59950.282
2025-01-01 04:00:00,60006.946
2025-01-01 05:00:00,60325.002
2025-01-01 06:00:00,60354.534
2025-01-01 07:00:00,60515.386
2025-01-01 08:00:00,60499.875
2025-01-01 09:00:00,60635.991
2025-01-01 10:00:00,60512.515
2025-01-01 11:00:00,60491.142
2025-01-01 12:00:00,60212.457
2025-01-01 13:00:00,59989.532
2025-01-01 14:00:00,60105.396
2025-01-01 15:00:00,60394.421
2025-01-01 16:00:00,60555.092
2025-01-01 17:00:00,60556.404
2025-01-01 18:00:00,60753.742
2025-01-01 19:00:00,60628.836
2025-01-01 20:00:00,60522.496
2025-01-01 21:00:00,60541.78
2025-01-01 22:00:00,60786.531
2025-01-01 23:00:00,60711.776
2025-01-02 00:00:00,60629.144
2025-01-02 01:00:00,60768.396
2025-01-02 02:00:00,60675.077
2025-01-02 03:00:00,60567.739
2025-01-02 04:00:00,60441.107
2025-01-02 05:00:00,60189.647
2025-01-02 06:00:00,59973.472
2025-01-02 07:00:00,60361.319
2025-01-02 08:00:00,60400.239
2025-01-02 09:00:00,60378.121
2025-01-02 10:00:00,60634.569
2025-01-02 11:00:00,60719.277
2025-01-02 12:00:00,60925.086
2025-01-02 13:00:00,60967.024
2025-01-02 14:00:00,60828.489
2025-01-02 15:00:00,61062.007
2025-01-02 16:00:00,61423.913
2025-01-02 17:00:00,61614.39
2025-01-02 18:00:00,61826.784
2025-01-02 19:00:00,61653.898
2025-01-02 20:00:00,61549.007
2025-01-02 21:00:00,61501.556
2025-01-02 22:00:00,61361.719
2025-01-02 23:00:00,60973.008
2025-01-03 00:00:00,61465.017
2025-01-03 01:00:00,61795.505
2025-01-03 02:00:00,61483.635
2025-01-03 03:00:00,61732.858
2025-01-03 04:00:00,61679.728
2025-01-03 05:00:00,61443.596
2025-01-03 06:00:00,61398.693
2025-01-03 07:00:00,61407.034
2025-01-03 08:00:00,61322.865
2025-01-03 09:00:00,61273.275
2025-01-03 10:00:00,61224.923
2025-01-03 11:00:00,61106.942
2025-01-03 12:00:00,61365.623
2025-01-03 13:00:00,61362.768
2025-01-03 14:00:00,61203.077
2025-01-03 15:00:00,61256.529
2025-01-03 16:00:00,61068.092
2025-01-03 17:00:00,61374.216
2025-01-03 18:00:00,61514.844
2025-01-03 19:00:00,61640.884
2025-01-03 20:00:00,61537.818
2025-01-03 21:00:00,61924.273
2025-01-03 22:00:00,62072.869
2025-01-03 23:00:00,62525.909
2025-01-04 00:00:00,62690.236
2025-01-04 01:00:00,62414.371
2025-01-04 02:00:00,62523.495
2025-01-04 03:00:00,62688.726
2025-01-04 04:00:00,62410.81
2025-01-04 05:00:00,62271.794
2025-01-04 06:00:00,61967.531
2025-01-04 07:00:00,61826.74
2025-01-04 08:00:00,61794.707
2025-01-04 09:00:00,61782.589
2025-01-04 10:00:00,61702.005
2025-01-04 11:00:00,61602.933
2025-01-04 12:00:00,61810.005
2025-01-04 13:00:00,61738.508
2025-01-04 14:00:00,61858.721
2025-01-04 15:00:00,61802.035
2025-01-04 16:00:00,61795.786
2025-01-04 17:00:00,61954.771
2025-01-04 18:00:00,62260.936
2025-01-04 19:00:00,62470.501
2025-01-04 20:00:00,62696.125
2025-01-04 21:00:00,62962.426
2025-01-04 22:00:00,62877.088
2025-01-04 23:00:00,62864.366
2025-01-05 00:00:00,62354.279
2025-01-05 01:00:00,62224.554
2025-01-05 02:00:00,62089.654
2025-01-05 03:00:00,62019.837
2025-01-05 04:00:00,62008.617
2025-01-05 05:00:00,62122.703
2025-01-05 06:00:00,62152.636
2025-01-05 07:00:00,62183.066
2025-01-05 08:00:00,62196.178
2025-01-05 09:00:00,61946.001
2025-01-05 10:00:00,61964.516
2025-01-05 11:00:00,62003.357
2025-01-05 12:00:00,62037.053
2025-01-05 13:00:00,62418.762
2025-01-05 14:00:00,62645.459
2025-01-05 15:00:00,62676.462
2025-01-05 16:00:00,62799.824
2025-01-05 17:00:00,62697.942
2025-01-05 18:00:00,62687.174
2025-01-05 19:00:00,62723.465
2025-01-05 20:00:00,62378.06
2025-01-05 21:00:00,62315.069
2025-01-05 22:00:00,62401.73
2025-01-05 23:00:00,62284.076
2025-01-06 00:00:00,62162.988
2025-01-06 01:00:00,62199.302
2025-01-06 02:00:00,62271.377
2025-01-06 03:00:00,62246.377
2025-01-06 04:00:00,62356.479
2025-01-06 05:00:00,62541.14
2025-01-06 06:00:00,62671.642
2025-01-06 07:00:00,62893.603
2025-01-06 08:00:00,62998.999
2025-01-06 09:00:00,63019.518
2025-01-06 10:00:00,63880.064
2025-01-06 11:00:00,64149.361
2025-01-06 12:00:00,64366.07
2025-01-06 13:00:00,64354.065
2025-01-06 14:00:00,64285.936
2025-01-06 15:00:00,64039.441
2025-01-06 16:00:00,63739.691
2025-01-06 17:00:00,64269.016
2025-01-06 18:00:00,64071.382
2025-01-06 19:00:00,64944.537
2025-01-06 20:00:00,65218.488
2025-01-06 21:00:00,65380.008
2025-01-06 22:00:00,64752.029
2025-01-06 23:00:00,64937.18
2025-01-07 00:00:00,65121.594
2025-01-07 01:00:00,64999.254
2025-01-07 02:00:00,64772.754
2025-01-07 03:00:00,64592.065
2025-01-07 04:00:00,64559.23
2025-01-07 05:00:00,63918.3
2025-01-07 06:00:00,64076.777
2025-01-07 07:00:00,63987.014
2025-01-07 08:00:00,63903.392
2025-01-07 09:00:00,63658.727
2025-01-07 10:00:00,63625.328
2025-01-07 11:00:00,63734.923
2025-01-07 12:00:00,63630.345
2025-01-07 13:00:00,63485.071
2025-01-07 14:00:00,63345.587
2025-01-07 15:00:00,63274.232
2025-01-07 16:00:00,63315.51
2025-01-07 17:00:00,63453.592
2025-01-07 18:00:00,63079.073
2025-01-07 19:00:00,64660.7
2025-01-07 20:00:00,65518.682
2025-01-07 21:00:00,66619.557
2025-01-07 22:00:00,66562.073
2025-01-07 23:00:00,67149.742
2025-01-08 00:00:00,67231.87
2025-01-08 01:00:00,67235.667
2025-01-08 02:00:00,67148.026
2025-01-08 03:00:00,67168.026
2025-01-08 04:00:00,66991.18399999
2025-01-08 05:00:00,66795.479
2025-01-08 06:00:00,66811.7
2025-01-08 07:00:00,66631.743
2025-01-08 08:00:00,66488.338
2025-01-08 09:00:00,65781.814
2025-01-08 10:00:00,65534.105
2025-01-08 11:00:00,65305.211
2025-01-08 12:00:00,65062.139
2025-01-08 13:00:00,64859.303
2025-01-08 14:00:00,65140.18
2025-01-08 15:00:00,65275.773
2025-01-08 16:00:00,65379.083
2025-01-08 17:00:00,65639.114
2025-01-08 18:00:00,65512.888
2025-01-08 19:00:00,66098.807
2025-01-08 20:00:00,66429.265
2025-01-08 21:00:00,66425.443
2025-01-08 22:00:00,64719.524
2025-01-08 23:00:00,64082.659
2025-01-09 00:00:00,64303.502
2025-01-09 01:00:00,64719.005
2025-01-09 02:00:00,64716.037
2025-01-09 03:00:00,65189.93
2025-01-09 04:00:00,65410.49
2025-01-09 05:00:00,65226.926
2025-01-09 06:00:00,65475.824
2025-01-09 07:00:00,64793.902
2025-01-09 08:00:00,65042.055
2025-01-09 09:00:00,65109.316
2025-01-09 10:00:00,65515.865
2025-01-09 11:00:00,65435.254
2025-01-09 12:00:00,65992.848
2025-01-09 13:00:00,66201.965
2025-01-09 14:00:00,65949.505
2025-01-09 15:00:00,66224.638
2025-01-09 16:00:00,66153.982
2025-01-09 17:00:00,66072.069
2025-01-09 18:00:00,65983.621
2025-01-09 19:00:00,66208.158
2025-01-09 20:00:00,65279.877
2025-01-09 21:00:00,65345.203
2025-01-09 22:00:00,65020.541
2025-01-09 23:00:00,65217.178
2025-01-10 00:00:00,65447.484
2025-01-10 01:00:00,65436.178
2025-01-10 02:00:00,65183.576
2025-01-10 03:00:00,64864.579
2025-01-10 04:00:00,64730.659
2025-01-10 05:00:00,64806.184
2025-01-10 06:00:00,64935.515
2025-01-10 07:00:00,64566.232
2025-01-10 08:00:00,64621.454
2025-01-10 09:00:00,64869.217
2025-01-10 10:00:00,64377.034
2025-01-10 11:00:00,64604.015
2025-01-10 12:00:00,64651.968
2025-01-10 13:00:00,65161.026
2025-01-10 14:00:00,65442.205
2025-01-10 15:00:00,65392.782
2025-01-10 16:00:00,65281.237
2025-01-10 17:00:00,65605.406
2025-01-10 18:00:00,65245.21
2025-01-10 19:00:00,65828.655
2025-01-10 20:00:00,66850.924
2025-01-10 21:00:00,66806.137
2025-01-10 22:00:00,65978.336
2025-01-10 23:00:00,65526.965
2025-01-11 00:00:00,65495.426
2025-01-11 01:00:00,65591.45699999
2025-01-11 02:00:00,65689.532
2025-01-11 03:00:00,65472.185
2025-01-11 04:00:00,65394.452
2025-01-11 05:00:00,65166.63
2025-01-11 06:00:00,65114.709
2025-01-11 07:00:00,65315.297
2025-01-11 08:00:00,65166.542
2025-01-11 09:00:00,65493.941
2025-01-11 10:00:00,65483.246
2025-01-11 11:00:00,65590.727
2025-01-11 12:00:00,65561.177
2025-01-11 13:00:00,65528.145
2025-01-11 14:00:00,65518.929
2025-01-11 15:00:00,65592.276
2025-01-11 16:00:00,65674.48299999
2025-01-11 17:00:00,65255.939
2025-01-11 18:00:00,65350.391
2025-01-11 19:00:00,65389.982
2025-01-11 20:00:00,65408.737
2025-01-11 21:00:00,65723.298
2025-01-11 22:00:00,65705.959
2025-01-11 23:00:00,65614.583
2025-01-12 00:00:00,65603.553
2025-01-12 01:00:00,65541.849
2025-01-12 02:00:00,65331.074
2025-01-12 03:00:00,65434.94
2025-01-12 04:00:00,65220.104
2025-01-12 05:00:00,65176.633
2025-01-12 06:00:00,65020.263
2025-01-12 07:00:00,65027.557
2025-01-12 08:00:00,65032.943
2025-01-12 09:00:00,65049.755
2025-01-12 10:00:00,65061.071
2025-01-12 11:00:00,65172.316
2025-01-12 12:00:00,65170.44
2025-01-12 13:00:00,65161.448
2025-01-12 14:00:00,65528.858
2025-01-12 15:00:00,65698.91899999
2025-01-12 16:00:00,65416.352
2025-01-12 17:00:00,65523.094
2025-01-12 18:00:00,65449.356
2025-01-12 19:00:00,65529.926
2025-01-12 20:00:00,65377.848
2025-01-12 21:00:00,65236.782
2025-01-12 22:00:00,65282.193
2025-01-12 23:00:00,65287.919
2025-01-13 00:00:00,64954.286
2025-01-13 01:00:00,64931.629
2025-01-13 02:00:00,65068.804
2025-01-13 03:00:00,65436.903
2025-01-13 04:00:00,65288.838
2025-01-13 05:00:00,64213.404
2025-01-13 06:00:00,64748.267
2025-01-13 07:00:00,64942.072
2025-01-13 08:00:00,65282.869
2025-01-13 09:00:00,64812.634
2025-01-13 10:00:00,64822.654
2025-01-13 11:00:00,65040.756
2025-01-13 12:00:00,65041.311
2025-01-13 13:00:00,65031.387
2025-01-13 14:00:00,65664.085
2025-01-13 15:00:00,67289.517
2025-01-13 16:00:00,67664.67
2025-01-13 17:00:00,68111.194
2025-01-13 18:00:00,68792.499
2025-01-13 19:00:00,67795.128
2025-01-13 20:00:00,67149.20699999
2025-01-13 21:00:00,66203.996
2025-01-13 22:00:00,66238.62
2025-01-13 23:00:00,66516.924
2025-01-14 00:00:00,66134.94899999
2025-01-14 01:00:00,65683.005
2025-01-14 02:00:00,64918.552
2025-01-14 03:00:00,64922.507
2025-01-14 04:00:00,64526.871
2025-01-14 05:00:00,64337.804
2025-01-14 06:00:00,64165.207
2025-01-14 07:00:00,64331.784
2025-01-14 08:00:00,64519.965
2025-01-14 09:00:00,64216.544
2025-01-14 10:00:00,64643.723
2025-01-14 11:00:00,64898.658
2025-01-14 12:00:00,65091.893
2025-01-14 13:00:00,65161.997
2025-01-14 14:00:00,65139.386
2025-01-14 15:00:00,65097.352
2025-01-14 16:00:00,65282.034
2025-01-14 17:00:00,65319.187
2025-01-14 18:00:00,65653.696
2025-01-14 19:00:00,65432.379
2025-01-14 20:00:00,65402.855
2025-01-14 21:00:00,64804.524
2025-01-14 22:00:00,64456.275
2025-01-14 23:00:00,64729.012
2025-01-15 00:00:00,64966.389
2025-01-15 01:00:00,64428.921
2025-01-15 02:00:00,64079.035
2025-01-15 03:00:00,64095.879
2025-01-15 04:00:00,64230.821
2025-01-15 05:00:00,64138.604
2025-01-15 06:00:00,63994.088
2025-01-15 07:00:00,64208.174
2025-01-15 08:00:00,64210.632
2025-01-15 09:00:00,64193.185
2025-01-15 10:00:00,64228.6
2025-01-15 11:00:00,64005.795
2025-01-15 12:00:00,64108.296
2025-01-15 13:00:00,64054.332
2025-01-15 14:00:00,64429.712
2025-01-15 15:00:00,64655.672
2025-01-15 16:00:00,64675.793
2025-01-15 17:00:00,64712.912
2025-01-15 18:00:00,64898.344
2025-01-15 19:00:00,66004.685
2025-01-15 20:00:00,66078.109
2025-01-15 21:00:00,66515.545
2025-01-15 22:00:00,66803.598
2025-01-15 23:00:00,66647.894
2025-01-16 00:00:00,65908.248
2025-01-16 01:00:00,64501.383
2025-01-16 02:00:00,64449.909
2025-01-16 03:00:00,64272.549
2025-01-16 04:00:00,64202.193
2025-01-16 05:00:00,64949.236
2025-01-16 06:00:00,64794.558
2025-01-16 07:00:00,64702.737
2025-01-16 08:00:00,64769.836
2025-01-16 09:00:00,64765.718
2025-01-16 10:00:00,65024.377
2025-01-16 11:00:00,64933.485
2025-01-16 12:00:00,64963.957
2025-01-16 13:00:00,65184.882
2025-01-16 14:00:00,64989.261
2025-01-16 15:00:00,64983.204
2025-01-16 16:00:00,64986.799
2025-01-16 17:00:00,65219.01
2025-01-16 18:00:00,65061.581
2025-01-16 19:00:00,65062.876
2025-01-16 20:00:00,64265.362
2025-01-16 21:00:00,63896.329
2025-01-16 22:00:00,63959.013
2025-01-16 23:00:00,63607.992
2025-01-17 00:00:00,63629.341
2025-01-17 01:00:00,63486.461
2025-01-17 02:00:00,63486.648
2025-01-17 03:00:00,63522.942
2025-01-17 04:00:00,63526.922
2025-01-17 05:00:00,63365.858
2025-01-17 06:00:00,62924.53
2025-01-17 07:00:00,62933.91
2025-01-17 08:00:00,63098.633
2025-01-17 09:00:00,63187.077
2025-01-17 10:00:00,63279.656
2025-01-17 11:00:00,63263.109
2025-01-17 12:00:00,63282.356
2025-01-17 13:00:00,63354.165
2025-01-17 14:00:00,63749.516
2025-01-17 15:00:00,63856.113
2025-01-17 16:00:00,63923.002
2025-01-17 17:00:00,64222.087
2025-01-17 18:00:00,64622.065
2025-01-17 19:00:00,65138.307
2025-01-17 20:00:00,66354.894
2025-01-17 21:00:00,66890.82
2025-01-17 22:00:00,66395.959
2025-01-17 23:00:00,66298.74
2025-01-18 00:00:00,66390.678
2025-01-18 01:00:00,65035.267
2025-01-18 02:00:00,65023.094
2025-01-18 03:00:00,64722.832
2025-01-18 04:00:00,64250.669
2025-01-18 05:00:00,63872.731
2025-01-18 06:00:00,63754.869
2025-01-18 07:00:00,63704.081
2025-01-18 08:00:00,62927.981
2025-01-18 09:00:00,62584.867
2025-01-18 10:00:00,62518.581
2025-01-18 11:00:00,62466.232
2025-01-18 12:00:00,62401.355
2025-01-18 13:00:00,62168.975
2025-01-18 14:00:00,62031.026
2025-01-18 15:00:00,61838.233
2025-01-18 16:00:00,61530.283
2025-01-18 17:00:00,61597.192
2025-01-18 18:00:00,61750.68
2025-01-18 19:00:00,61666.954
2025-01-18 20:00:00,61712.512
2025-01-18 21:00:00,60968.274
2025-01-18 22:00:00,61206.931
2025-01-18 23:00:00,61334.607
2025-01-19 00:00:00,61065.34
2025-01-19 01:00:00,61236.782
2025-01-19 02:00:00,61209.212
2025-01-19 03:00:00,61017.882
2025-01-19 04:00:00,61104.847
2025-01-19 05:00:00,61114.598
2025-01-19 06:00:00,60892.677
2025-01-19 07:00:00,60904.653
2025-01-19 08:00:00,60808.291
2025-01-19 09:00:00,61066.001
2025-01-19 10:00:00,60913.048
2025-01-19 11:00:00,60967.164
2025-01-19 12:00:00,61166.853
2025-01-19 13:00:00,61242.647
2025-01-19 14:00:00,61492.733
2025-01-19 15:00:00,61347.216
2025-01-19 16:00:00,61247.331
2025-01-19 17:00:00,61502.561
2025-01-19 18:00:00,61462.119
2025-01-19 19:00:00,61638.302
2025-01-19 20:00:00,61714.985
2025-01-19 21:00:00,62220.362
2025-01-19 22:00:00,63676.642
2025-01-19 23:00:00,63038.703
2025-01-20 00:00:00,62984.584
2025-01-20 01:00:00,62554.236
2025-01-20 02:00:00,62492.208
2025-01-20 03:00:00,61512.166
2025-01-20 04:00:00,61501.602
2025-01-20 05:00:00,62654.83
2025-01-20 06:00:00,62611.186
2025-01-20 07:00:00,62491.646
2025-01-20 08:00:00,62356.751
2025-01-20 09:00:00,62071.865
2025-01-20 10:00:00,62108.52
2025-01-20 11:00:00,61970.465
2025-01-20 12:00:00,64162.652
2025-01-20 13:00:00,63633.257
2025-01-20 14:00:00,63371.967
2025-01-20 15:00:00,63407.144
2025-01-20 16:00:00,63472.94
2025-01-20 17:00:00,63232.982
2025-01-20 18:00:00,63144.002
2025-01-20 19:00:00,63774.856
2025-01-20 20:00:00,64774.085
2025-01-20 21:00:00,64571.136
2025-01-20 22:00:00,64806.025
2025-01-20 23:00:00,64972.717
2025-01-21 00:00:00,64699.146
2025-01-21 01:00:00,65457.591
2025-01-21 02:00:00,65723.839
2025-01-21 03:00:00,66149.751
2025-01-21 04:00:00,65468.059
2025-01-21 05:00:00,65161.366
2025-01-21 06:00:00,64355.215
2025-01-21 07:00:00,64888.418
2025-01-21 08:00:00,64910.66
2025-01-21 09:00:00,64749.073
2025-01-21 10:00:00,65202.537
2025-01-21 11:00:00,65037.26
2025-01-21 12:00:00,64588.944
2025-01-21 13:00:00,64832.132
2025-01-21 14:00:00,65027.644
2025-01-21 15:00:00,66301.129
2025-01-21 16:00:00,66399.43399999
2025-01-21 17:00:00,66217.701
2025-01-21 18:00:00,66545.657
2025-01-21 19:00:00,66937.225
2025-01-21 20:00:00,66676.118
2025-01-21 21:00:00,65956.545
2025-01-21 22:00:00,66086.926
2025-01-21 23:00:00,65751.374
2025-01-22 00:00:00,65002.512
2025-01-22 01:00:00,64429.641
2025-01-22 02:00:00,64304.72
2025-01-22 03:00:00,64228.775
2025-01-22 04:00:00,64484.914
2025-01-22 05:00:00,64001.778
2025-01-22 06:00:00,63880.13
2025-01-22 07:00:00,63757.921
2025-01-22 08:00:00,63896.353
2025-01-22 09:00:00,63953.96
2025-01-22 10:00:00,63775.672
2025-01-22 11:00:00,63018.803
2025-01-22 12:00:00,62983.032
2025-01-22 13:00:00,62944.959
2025-01-22 14:00:00,63021.253
2025-01-22 15:00:00,63033.939
2025-01-22 16:00:00,62784.692
2025-01-22 17:00:00,62909.432
2025-01-22 18:00:00,63766.161
2025-01-22 19:00:00,63775.33
2025-01-22 20:00:00,63605.376
2025-01-22 21:00:00,64129.867
2025-01-22 22:00:00,64097.864
2025-01-22 23:00:00,64232.338
2025-01-23 00:00:00,64042.759
2025-01-23 01:00:00,63576.339
2025-01-23 02:00:00,63226.158
2025-01-23 03:00:00,63388.064
2025-01-23 04:00:00,63690.35
2025-01-23 05:00:00,63505.707
2025-01-23 06:00:00,63093.81
2025-01-23 07:00:00,63144.414
2025-01-23 08:00:00,63298.677
2025-01-23 09:00:00,63119.706
2025-01-23 10:00:00,63165.267
2025-01-23 11:00:00,63145.39
2025-01-23 12:00:00,63255.456
2025-01-23 13:00:00,63395.046
2025-01-23 14:00:00,63590.159
2025-01-23 15:00:00,63133.882
2025-01-23 16:00:00,63716.009
2025-01-23 17:00:00,63818.638
2025-01-23 18:00:00,64229.591
2025-01-23 19:00:00,65777.341
2025-01-23 20:00:00,64830.222
2025-01-23 21:00:00,64309.174
2025-01-23 22:00:00,63562.991
2025-01-23 23:00:00,63566.254
2025-01-24 00:00:00,63108.202
2025-01-24 01:00:00,64069.329
2025-01-24 02:00:00,63029.794
2025-01-24 03:00:00,62039.553
2025-01-24 04:00:00,61859.744
2025-01-24 05:00:00,61540.097
2025-01-24 06:00:00,61120.177
2025-01-24 07:00:00,61327.266
2025-01-24 08:00:00,61105.253
2025-01-24 09:00:00,60691.637
2025-01-24 10:00:00,60796.475
2025-01-24 11:00:00,60823.618
2025-01-24 12:00:00,60747.897
2025-01-24 13:00:00,60896.122
2025-01-24 14:00:00,60799.941
2025-01-24 15:00:00,60572.622
2025-01-24 16:00:00,60484.729
2025-01-24 17:00:00,60670.163
2025-01-24 18:00:00,60725.686
2025-01-24 19:00:00,60598.409
2025-01-24 20:00:00,60850.703
2025-01-24 21:00:00,61686.146
2025-01-24 22:00:00,61695.798
2025-01-24 23:00:00,62273.585
2025-01-25 00:00:00,61867.213
2025-01-25 01:00:00,61783.818
2025-01-25 02:00:00,61440.124
2025-01-25 03:00:00,61106.813
2025-01-25 04:00:00,60717.008
2025-01-25 05:00:00,60560.557
2025-01-25 06:00:00,60376.74
2025-01-25 07:00:00,60282.86
2025-01-25 08:00:00,59899.872
2025-01-25 09:00:00,59823.891
2025-01-25 10:00:00,59775.176
2025-01-25 11:00:00,59726.995
2025-01-25 12:00:00,59716.178
2025-01-25 13:00:00,59623.006
2025-01-25 14:00:00,59637.44
2025-01-25 15:00:00,59498.12
2025-01-25 16:00:00,59466.376
2025-01-25 17:00:00,59506.861
2025-01-25 18:00:00,59488.612
2025-01-25 19:00:00,59472.916
2025-01-25 20:00:00,59391.788
2025-01-25 21:00:00,59453.924
2025-01-25 22:00:00,59736.165
2025-01-25 23:00:00,59848.42
2025-01-26 00:00:00,59793.144
2025-01-26 01:00:00,59756.586
2025-01-26 02:00:00,59682.054
2025-01-26 03:00:00,59717.257
2025-01-26 04:00:00,59567.911
2025-01-26 05:00:00,59709.793
2025-01-26 06:00:00,59707.673
2025-01-26 07:00:00,59757.84
2025-01-26 08:00:00,59502.985
2025-01-26 09:00:00,59704.202
2025-01-26 10:00:00,59785.822
2025-01-26 11:00:00,59863.955
2025-01-26 12:00:00,59762.084
2025-01-26 13:00:00,59716.811
2025-01-26 14:00:00,60212.976
2025-01-26 15:00:00,60230.295
2025-01-26 16:00:00,60180.233
2025-01-26 17:00:00,60326.382
2025-01-26 18:00:00,60234.711
2025-01-26 19:00:00,60302.357
2025-01-26 20:00:00,60172.176
2025-01-26 21:00:00,60167.754
2025-01-26 22:00:00,60188.699
2025-01-26 23:00:00,60291.11
2025-01-27 00:00:00,60340.44
2025-01-27 01:00:00,60445.58
2025-01-27 02:00:00,60138.03
2025-01-27 03:00:00,60201.398
2025-01-27 04:00:00,61012.458
2025-01-27 05:00:00,61700.828
2025-01-27 06:00:00,61980.02
2025-01-27 07:00:00,62398.115
2025-01-27 08:00:00,62360.524
2025-01-27 09:00:00,62783.136
2025-01-27 10:00:00,63123.786
2025-01-27 11:00:00,62793.586
2025-01-27 12:00:00,62744.295
2025-01-27 13:00:00,63294.613
2025-01-27 14:00:00,63489.032
2025-01-27 15:00:00,63264.299
2025-01-27 16:00:00,63048.916
2025-01-27 17:00:00,63288.189
2025-01-27 18:00:00,62325.434
2025-01-27 19:00:00,62293.651
2025-01-27 20:00:00,62496.365
2025-01-27 21:00:00,62997.728
2025-01-27 22:00:00,62589.927
2025-01-27 23:00:00,63046.445
2025-01-28 00:00:00,63080.531
2025-01-28 01:00:00,62170.502
2025-01-28 02:00:00,61082.334
2025-01-28 03:00:00,60927.967
2025-01-28 04:00:00,60745.018
2025-01-28 05:00:00,60351.193
2025-01-28 06:00:00,60355.036
2025-01-28 07:00:00,60203.38
2025-01-28 08:00:00,59896.929
2025-01-28 09:00:00,59887.792
2025-01-28 10:00:00,60088.213
2025-01-28 11:00:00,60297.94
2025-01-28 12:00:00,60250.221
2025-01-28 13:00:00,60662.116
2025-01-28 14:00:00,61058.268
2025-01-28 15:00:00,61412.883
2025-01-28 16:00:00,61618.982
2025-01-28 17:00:00,61986.337
2025-01-28 18:00:00,62143.032
2025-01-28 19:00:00,61719.898
2025-01-28 20:00:00,61759.316
2025-01-28 21:00:00,62566.903
2025-01-28 22:00:00,62087.415
2025-01-28 23:00:00,62201.48
2025-01-29 00:00:00,61671.241
2025-01-29 01:00:00,61498.339
2025-01-29 02:00:00,62155.287
2025-01-29 03:00:00,62091.072
2025-01-29 04:00:00,62087.024
2025-01-29 05:00:00,62119.188
2025-01-29 06:00:00,62180.308
2025-01-29 07:00:00,61742.344
2025-01-29 08:00:00,61672.196
2025-01-29 09:00:00,61816.835
2025-01-29 10:00:00,61595.334
2025-01-29 11:00:00,61492.154
2025-01-29 12:00:00,61572.167
2025-01-29 13:00:00,61910.083
2025-01-29 14:00:00,61752.217
2025-01-29 15:00:00,61898.365
2025-01-29 16:00:00,61872.829
2025-01-29 17:00:00,61930.61
2025-01-29 18:00:00,62240.832
2025-01-29 19:00:00,61656.493
2025-01-29 20:00:00,61542.834
2025-01-29 21:00:00,61378.945
2025-01-29 22:00:00,61232.04
2025-01-29 23:00:00,60801.268
2025-01-30 00:00:00,60054.463
2025-01-30 01:00:00,60373.948
2025-01-30 02:00:00,60681.882
2025-01-30 03:00:00,60338.883
2025-01-30 04:00:00,60632.637
2025-01-30 05:00:00,60462.863
2025-01-30 06:00:00,60674.795
2025-01-30 07:00:00,60595.091
2025-01-30 08:00:00,60457.503
2025-01-30 09:00:00,60439.907
2025-01-30 10:00:00,60539.675
2025-01-30 11:00:00,60696.803
2025-01-30 12:00:00,60764.613
2025-01-30 13:00:00,61070.335
2025-01-30 14:00:00,61401.214
2025-01-30 15:00:00,61589.015
2025-01-30 16:00:00,61635.452
2025-01-30 17:00:00,61826.099
2025-01-30 18:00:00,61838.604
2025-01-30 19:00:00,61867.407
2025-01-30 20:00:00,61788.393
2025-01-30 21:00:00,61870.808
2025-01-30 22:00:00,61741.324
2025-01-30 23:00:00,61660.5
2025-01-31 00:00:00,61586.829
2025-01-31 01:00:00,61442.314
2025-01-31 02:00:00,61358.593
2025-01-31 03:00:00,61241.325
2025-01-31 04:00:00,61391.881
2025-01-31 05:00:00,61110.913
2025-01-31 06:00:00,61098.949
2025-01-31 07:00:00,61325.993
2025-01-31 08:00:00,61619.488
2025-01-31 09:00:00,61602.052
2025-01-31 10:00:00,61766.95
2025-01-31 11:00:00,61725.231
2025-01-31 12:00:00,61600.637
2025-01-31 13:00:00,61846.818
2025-01-31 14:00:00,61902.093
2025-01-31 15:00:00,61824.486
2025-01-31 16:00:00,61699.12
2025-01-31 17:00:00,61784.168
2025-01-31 18:00:00,62010.751
2025-01-31 19:00:00,62364.666
2025-01-31 20:00:00,61374.105
2025-01-31 21:00:00,61499.211
2025-01-31 22:00:00,61503.913
2025-01-31 23:00:00,61388.128
2025-02-01 00:00:00,62322.858
2025-02-01 01:00:00,63582.832
2025-02-01 02:00:00,65077.867
2025-02-01 03:00:00,65003.519
2025-02-01 04:00:00,64885.806
2025-02-01 05:00:00,64738.424
2025-02-01 06:00:00,64709.895
2025-02-01 07:00:00,64652.396
2025-02-01 08:00:00,64277.413
2025-02-01 09:00:00,63504.503
2025-02-01 10:00:00,63504.457
2025-02-01 11:00:00,63481.77
2025-02-01 12:00:00,63479.817
2025-02-01 13:00:00,63779.881
2025-02-01 14:00:00,63863.567
2025-02-01 15:00:00,63778.791
2025-02-01 16:00:00,63527.2
2025-02-01 17:00:00,63440.504
2025-02-01 18:00:00,63130.249
2025-02-01 19:00:00,63324.174
2025-02-01 20:00:00,63092.22
2025-02-01 21:00:00,62898.274
2025-02-01 22:00:00,62666.053
2025-02-01 23:00:00,62560.933
2025-02-02 00:00:00,63315.149
2025-02-02 01:00:00,62949.219
2025-02-02 02:00:00,63031.694
2025-02-02 03:00:00,62779.39
2025-02-02 04:00:00,62907.27
2025-02-02 05:00:00,62789.069
2025-02-02 06:00:00,62750.65
2025-02-02 07:00:00,63075.308
2025-02-02 08:00:00,63839.478
2025-02-02 09:00:00,64099.665
2025-02-02 10:00:00,64319.885
2025-02-02 11:00:00,63608.022
2025-02-02 12:00:00,63400.901
2025-02-02 13:00:00,63996.779
2025-02-02 14:00:00,64155.737
2025-02-02 15:00:00,64415.171
2025-02-02 16:00:00,64685.875
2025-02-02 17:00:00,64670.738
2025-02-02 18:00:00,64812.498
2025-02-02 19:00:00,64688.606
2025-02-02 20:00:00,64618.747
2025-02-02 21:00:00,65005.953
2025-02-02 22:00:00,64838.811
2025-02-02 23:00:00,64436.54
2025-02-03 00:00:00,63436.791
2025-02-03 01:00:00,63354.108
2025-02-03 02:00:00,63603.765
2025-02-03 03:00:00,63274.397
2025-02-03 04:00:00,63311.822
2025-02-03 05:00:00,63942.211
2025-02-03 06:00:00,61989.304
2025-02-03 07:00:00,63159.438
2025-02-03 08:00:00,63641.03
2025-02-03 09:00:00,63648.919
2025-02-03 10:00:00,65031.566
2025-02-03 11:00:00,64634.323
2025-02-03 12:00:00,64452.12
2025-02-03 13:00:00,64589.999
2025-02-03 14:00:00,64214.168
2025-02-03 15:00:00,63736.13
2025-02-03 16:00:00,63809.595
2025-02-03 17:00:00,63791.42
2025-02-03 18:00:00,64176.225
2025-02-03 19:00:00,63717.149
2025-02-03 20:00:00,62145.346
2025-02-03 21:00:00,61417.035
2025-02-03 22:00:00,61200.224
2025-02-03 23:00:00,60894.945
2025-02-04 00:00:00,60251.299
2025-02-04 01:00:00,59952.82
2025-02-04 02:00:00,59943.835
2025-02-04 03:00:00,59044.602
2025-02-04 04:00:00,59359.195
2025-02-04 05:00:00,59256.018
2025-02-04 06:00:00,58817.557
2025-02-04 07:00:00,59018.696
2025-02-04 08:00:00,58842.748
2025-02-04 09:00:00,58796.777
2025-02-04 10:00:00,57622.124
2025-02-04 11:00:00,56977.966
2025-02-04 12:00:00,57743.52
2025-02-04 13:00:00,57704.712
2025-02-04 14:00:00,57548.672
2025-02-04 15:00:00,57548.006
2025-02-04 16:00:00,57295.545
2025-02-04 17:00:00,57139.594
2025-02-04 18:00:00,56922.944
2025-02-04 19:00:00,57526.359
2025-02-04 20:00:00,57509.285
2025-02-04 21:00:00,57416.096
2025-02-04 22:00:00,57301.417
2025-02-04 23:00:00,57671.034
2025-02-05 00:00:00,57298.552
2025-02-05 01:00:00,57711.637
2025-02-05 02:00:00,57511.922
2025-02-05 03:00:00,57114.53
2025-02-05 04:00:00,56653.666
2025-02-05 05:00:00,56763.96
2025-02-05 06:00:00,56750.768
2025-02-05 07:00:00,56564.614
2025-02-05 08:00:00,56120.797
2025-02-05 09:00:00,56113.223
2025-02-05 10:00:00,56181.719
2025-02-05 11:00:00,56426.423
2025-02-05 12:00:00,56642.496
2025-02-05 13:00:00,56840.699
2025-02-05 14:00:00,56931.673
2025-02-05 15:00:00,57703.934
2025-02-05 16:00:00,58209.791
2025-02-05 17:00:00,58709.059
2025-02-05 18:00:00,59272.788
2025-02-05 19:00:00,59084.085
2025-02-05 20:00:00,59054.689
2025-02-05 21:00:00,58986.348
2025-02-05 22:00:00,58693.333
2025-02-05 23:00:00,58221.922
2025-02-06 00:00:00,58090.035
2025-02-06 01:00:00,57797.148
2025-02-06 02:00:00,57816.453
2025-02-06 03:00:00,57873.883
2025-02-06 04:00:00,57551.928
2025-02-06 05:00:00,57638.66
2025-02-06 06:00:00,57948.28
2025-02-06 07:00:00,57870.395
2025-02-06 08:00:00,57887.73
2025-02-06 09:00:00,57975.109
2025-02-06 10:00:00,58183.372
2025-02-06 11:00:00,58670.413
2025-02-06 12:00:00,58405.434
2025-02-06 13:00:00,58595.745
2025-02-06 14:00:00,58529.868
2025-02-06 15:00:00,58415.847
2025-02-06 16:00:00,58525.28
2025-02-06 17:00:00,58816.615
2025-02-06 18:00:00,58768.04
2025-02-06 19:00:00,58771.599
2025-02-06 20:00:00,58800.246
2025-02-06 21:00:00,58233.22
2025-02-06 22:00:00,58552.098
2025-02-06 23:00:00,58897.372
2025-02-07 00:00:00,58926.012
2025-02-07 01:00:00,58523.793
2025-02-07 02:00:00,58567.289
2025-02-07 03:00:00,58571.041
2025-02-07 04:00:00,59006.688
2025-02-07 05:00:00,58996.908
2025-02-07 06:00:00,58436.772
2025-02-07 07:00:00,59227.584
2025-02-07 08:00:00,59313.395
2025-02-07 09:00:00,59622.223
2025-02-07 10:00:00,59589.496
2025-02-07 11:00:00,59492.895
2025-02-07 12:00:00,59186.73
2025-02-07 13:00:00,59078.371
2025-02-07 14:00:00,59191.967
2025-02-07 15:00:00,59225.504
2025-02-07 16:00:00,59266.458
2025-02-07 17:00:00,59326.416
2025-02-07 18:00:00,59592.36
2025-02-07 19:00:00,61138.011
2025-02-07 20:00:00,60241.194
2025-02-07 21:00:00,59674.997
2025-02-07 22:00:00,59263.787
2025-02-07 23:00:00,59035.469
2025-02-08 00:00:00,58780.582
2025-02-08 01:00:00,58914.44
2025-02-08 02:00:00,59327.718
2025-02-08 03:00:00,59558.754
2025-02-08 04:00:00,59627.427
2025-02-08 05:00:00,59420.276
2025-02-08 06:00:00,59238.383
2025-02-08 07:00:00,59298.189
2025-02-08 08:00:00,59302.229
2025-02-08 09:00:00,59285.011
2025-02-08 10:00:00,59248.636
2025-02-08 11:00:00,59468.553
2025-02-08 12:00:00,59255.096
2025-02-08 13:00:00,59234.003
2025-02-08 14:00:00,59168.504
2025-02-08 15:00:00,59240.502
2025-02-08 16:00:00,59301.997
2025-02-08 17:00:00,59257.522
2025-02-08 18:00:00,59421.182
2025-02-08 19:00:00,59317.255
2025-02-08 20:00:00,59748.836
2025-02-08 21:00:00,59416.521
2025-02-08 22:00:00,59209.007
2025-02-08 23:00:00,59234.435
2025-02-09 00:00:00,59174.236
2025-02-09 01:00:00,59336.319
2025-02-09 02:00:00,59267.214
2025-02-09 03:00:00,59134.234
2025-02-09 04:00:00,59380.404
2025-02-09 05:00:00,59344.432
2025-02-09 06:00:00,59240.028
2025-02-09 07:00:00,59294.052
2025-02-09 08:00:00,59221.883
2025-02-09 09:00:00,59300.747
2025-02-09 10:00:00,59630.465
2025-02-09 11:00:00,59535.119
2025-02-09 12:00:00,59644.372
2025-02-09 13:00:00,59638.772
2025-02-09 14:00:00,59579.135
2025-02-09 15:00:00,59590.06
2025-02-09 16:00:00,59654.752
2025-02-09 17:00:00,59781.882
2025-02-09 18:00:00,59796.14
2025-02-09 19:00:00,60010.087
2025-02-09 20:00:00,60210.933
2025-02-09 21:00:00,60190.702
2025-02-09 22:00:00,60322.578
2025-02-09 23:00:00,60152.076
2025-02-10 00:00:00,59963.123
2025-02-10 01:00:00,59669.455
2025-02-10 02:00:00,59320.666
2025-02-10 03:00:00,58997.96
2025-02-10 04:00:00,59225.691
2025-02-10 05:00:00,59492.288
2025-02-10 06:00:00,59213.209
2025-02-10 07:00:00,59514.721
2025-02-10 08:00:00,59850.381
2025-02-10 09:00:00,60274.378
2025-02-10 10:00:00,60149.517
2025-02-10 11:00:00,60270.858
2025-02-10 12:00:00,59802.324
2025-02-10 13:00:00,59873.302
2025-02-10 14:00:00,60528.756
2025-02-10 15:00:00,60844.523
2025-02-10 16:00:00,60909.171
2025-02-10 17:00:00,60983.184
2025-02-10 18:00:00,61457.751
2025-02-10 19:00:00,61406.263
2025-02-10 20:00:00,61386.212
2025-02-10 21:00:00,61185.086
2025-02-10 22:00:00,60878.553
2025-02-10 23:00:00,60878.516
2025-02-11 00:00:00,60618.943
2025-02-11 01:00:00,60650.336
2025-02-11 02:00:00,60637.945
2025-02-11 03:00:00,60655.693
2025-02-11 04:00:00,60715.641
2025-02-11 05:00:00,60935.356
2025-02-11 06:00:00,61025.227
2025-02-11 07:00:00,61062.102
2025-02-11 08:00:00,61105.902
2025-02-11 09:00:00,61662.232
2025-02-11 10:00:00,61828.784
2025-02-11 11:00:00,61961.173
2025-02-11 12:00:00,62126.482
2025-02-11 13:00:00,62206.333
2025-02-11 14:00:00,62226.506
2025-02-11 15:00:00,62061.316
2025-02-11 16:00:00,62216.995
2025-02-11 17:00:00,62149.412
2025-02-11 18:00:00,61073.703
2025-02-11 19:00:00,61535.266
2025-02-11 20:00:00,61770.184
2025-02-11 21:00:00,62359.993
2025-02-11 22:00:00,63002.109
2025-02-11 23:00:00,63957.858
2025-02-12 00:00:00,64108.008
2025-02-12 01:00:00,65520.295
2025-02-12 02:00:00,65000.083
2025-02-12 03:00:00,64312.787
2025-02-12 04:00:00,64290.879
2025-02-12 05:00:00,64264.052
2025-02-12 06:00:00,64315.333
2025-02-12 07:00:00,63986.099
2025-02-12 08:00:00,64140.317
2025-02-12 09:00:00,64595.301
2025-02-12 10:00:00,64751.293
2025-02-12 11:00:00,64726.66
2025-02-12 12:00:00,64621.591
2025-02-12 13:00:00,64356.964
2025-02-12 14:00:00,64431.675
2025-02-12 15:00:00,64297.04
2025-02-12 16:00:00,64209.24
2025-02-12 17:00:00,64052.093
2025-02-12 18:00:00,63787.838
2025-02-12 19:00:00,63808.429
2025-02-12 20:00:00,63779.029
2025-02-12 21:00:00,62650.371
2025-02-12 22:00:00,61489.678
2025-02-12 23:00:00,61507.566
2025-02-13 00:00:00,61636.938
2025-02-13 01:00:00,61559.343
2025-02-13 02:00:00,61557.273
2025-02-13 03:00:00,61717.101
2025-02-13 04:00:00,62103.225
2025-02-13 05:00:00,62047.373
2025-02-13 06:00:00,62279.389
2025-02-13 07:00:00,62356.055
2025-02-13 08:00:00,62374.432
2025-02-13 09:00:00,62086.048
2025-02-13 10:00:00,62113.514
2025-02-13 11:00:00,61877.324
2025-02-13 12:00:00,62012.169
2025-02-13 13:00:00,61945.04
2025-02-13 14:00:00,62684.162
2025-02-13 15:00:00,62365.735
2025-02-13 16:00:00,61322.73
2025-02-13 17:00:00,61618.42
2025-02-13 18:00:00,62067.617
2025-02-13 19:00:00,61810.01
2025-02-13 20:00:00,61811.427
2025-02-13 21:00:00,61800.395
2025-02-13 22:00:00,61859.354
2025-02-13 23:00:00,61763.393
2025-02-14 00:00:00,61939.178
2025-02-14 01:00:00,61806.476
2025-02-14 02:00:00,60967.806
2025-02-14 03:00:00,60888.113
2025-02-14 04:00:00,60953.675
2025-02-14 05:00:00,60792.48
2025-02-14 06:00:00,60954.67
2025-02-14 07:00:00,60765.456
2025-02-14 08:00:00,60963.201
2025-02-14 09:00:00,60858.858
2025-02-14 10:00:00,60789.162
2025-02-14 11:00:00,61111.188
2025-02-14 12:00:00,61171.074
2025-02-14 13:00:00,61187.587
2025-02-14 14:00:00,61333.553
2025-02-14 15:00:00,61407.503
2025-02-14 16:00:00,61551.614
2025-02-14 17:00:00,61757.205
2025-02-14 18:00:00,61682.867
2025-02-14 19:00:00,61969.741
2025-02-14 20:00:00,61771.244
2025-02-14 21:00:00,61837.864
2025-02-14 22:00:00,62206.205
2025-02-14 23:00:00,62703.515
2025-02-15 00:00:00,62705.946
2025-02-15 01:00:00,61928.734
2025-02-15 02:00:00,62192.304
2025-02-15 03:00:00,62026.687
2025-02-15 04:00:00,61877.06
2025-02-15 05:00:00,61988.244
2025-02-15 06:00:00,61787.503
2025-02-15 07:00:00,62046.799
2025-02-15 08:00:00,61713.259
2025-02-15 09:00:00,61720.699
2025-02-15 10:00:00,61749.834
2025-02-15 11:00:00,61837.079
2025-02-15 12:00:00,61972.426
2025-02-15 13:00:00,62156.005
2025-02-15 14:00:00,62169.843
2025-02-15 15:00:00,62143.101
2025-02-15 16:00:00,62244.308
2025-02-15 17:00:00,62064.646
2025-02-15 18:00:00,62039.166
2025-02-15 19:00:00,62084.483
2025-02-15 20:00:00,61985.531
2025-02-15 21:00:00,61974.369
2025-02-15 22:00:00,61782.105
2025-02-15 23:00:00,61559.666
2025-02-16 00:00:00,61490.017
2025-02-16 01:00:00,61308.725
2025-02-16 02:00:00,61356.091
2025-02-16 03:00:00,61249.812
2025-02-16 04:00:00,61296.126
2025-02-16 05:00:00,61238.018
2025-02-16 06:00:00,61319.089
2025-02-16 07:00:00,61274.954
2025-02-16 08:00:00,61377.881
2025-02-16 09:00:00,61336.731
2025-02-16 10:00:00,61297.469
2025-02-16 11:00:00,61337.237
2025-02-16 12:00:00,61372.365
2025-02-16 13:00:00,61467.112
2025-02-16 14:00:00,61406.512
2025-02-16 15:00:00,61557.628
2025-02-16 16:00:00,61615.861
2025-02-16 17:00:00,61651.275
2025-02-16 18:00:00,61771.676
2025-02-16 19:00:00,61960.459
2025-02-16 20:00:00,61868.042
2025-02-16 21:00:00,62129.455
2025-02-16 22:00:00,62167.082
2025-02-16 23:00:00,61838.589
2025-02-17 00:00:00,62042.91
2025-02-17 01:00:00,61982.674
2025-02-17 02:00:00,61837.596
2025-02-17 03:00:00,61675.749
2025-02-17 04:00:00,61881.875
2025-02-17 05:00:00,61687.377
2025-02-17 06:00:00,61690.01
2025-02-17 07:00:00,61629.385
2025-02-17 08:00:00,61915.095
2025-02-17 09:00:00,62056.901
2025-02-17 10:00:00,61848.253
2025-02-17 11:00:00,61797.271
2025-02-17 12:00:00,61840.977
2025-02-17 13:00:00,62119.881
2025-02-17 14:00:00,62200.191
2025-02-17 15:00:00,62429.942
2025-02-17 16:00:00,62530.35
2025-02-17 17:00:00,62792.149
2025-02-17 18:00:00,62623.377
2025-02-17 19:00:00,62460.124
2025-02-17 20:00:00,62665.973
2025-02-17 21:00:00,63182.399
2025-02-17 22:00:00,63519.936
2025-02-17 23:00:00,63803.084
2025-02-18 00:00:00,63942.055
2025-02-18 01:00:00,63194.399
2025-02-18 02:00:00,62624.338
2025-02-18 03:00:00,62651.828
2025-02-18 04:00:00,62684.233
2025-02-18 05:00:00,62682.387
2025-02-18 06:00:00,62786.447
2025-02-18 07:00:00,62812.026
2025-02-18 08:00:00,63142.088
2025-02-18 09:00:00,63026.876
2025-02-18 10:00:00,62901.201
2025-02-18 11:00:00,63201.964
2025-02-18 12:00:00,62918.236
2025-02-18 13:00:00,63275.449
2025-02-18 14:00:00,63270.738
2025-02-18 15:00:00,63334.624
2025-02-18 16:00:00,63345.654
2025-02-18 17:00:00,62767.198
2025-02-18 18:00:00,63435.695
2025-02-18 19:00:00,63701.932
2025-02-18 20:00:00,64325.73
2025-02-18 21:00:00,64195.746
2025-02-18 22:00:00,64776.173
2025-02-18 23:00:00,65257.231
2025-02-19 00:00:00,66125.78599999
2025-02-19 01:00:00,66039.61199999
2025-02-19 02:00:00,65882.215
2025-02-19 03:00:00,65365.535
2025-02-19 04:00:00,65312.683
2025-02-19 05:00:00,65249.772
2025-02-19 06:00:00,65328.34
2025-02-19 07:00:00,65281.423
2025-02-19 08:00:00,65320.658
2025-02-19 09:00:00,65330.309
2025-02-19 10:00:00,65073.78
2025-02-19 11:00:00,65292.585
2025-02-19 12:00:00,65379.355
2025-02-19 13:00:00,65337.127
2025-02-19 14:00:00,65159.509
2025-02-19 15:00:00,64805.463
2025-02-19 16:00:00,65320.492
2025-02-19 17:00:00,65229.112
2025-02-19 18:00:00,65218.689
2025-02-19 19:00:00,65445.909
2025-02-19 20:00:00,65781.337
2025-02-19 21:00:00,65370.903
2025-02-19 22:00:00,65816.195
2025-02-19 23:00:00,65237.332
2025-02-20 00:00:00,65217.121
2025-02-20 01:00:00,65340.457
2025-02-20 02:00:00,65897.619
2025-02-20 03:00:00,66033.123
2025-02-20 04:00:00,65664.916
2025-02-20 05:00:00,65815.091
2025-02-20 06:00:00,65737.278
2025-02-20 07:00:00,65656.363
2025-02-20 08:00:00,66260.042
2025-02-20 09:00:00,66428.802
2025-02-20 10:00:00,66876.551
2025-02-20 11:00:00,67075.682
2025-02-20 12:00:00,67448.151
2025-02-20 13:00:00,67768.07399999
2025-02-20 14:00:00,67994.678
2025-02-20 15:00:00,67964.23
2025-02-20 16:00:00,68136.22599999
2025-02-20 17:00:00,68191.82799999
2025-02-20 18:00:00,68712.08199999
2025-02-20 19:00:00,69010.913
2025-02-20 20:00:00,68360.18799999
2025-02-20 21:00:00,68324.378
2025-02-20 22:00:00,69218.602
2025-02-20 23:00:00,69725.984
2025-02-21 00:00:00,69567.00599999
2025-02-21 01:00:00,69253.253
2025-02-21 02:00:00,69446.477
2025-02-21 03:00:00,69303.162
2025-02-21 04:00:00,69377.473
2025-02-21 05:00:00,69412.03999999
2025-02-21 06:00:00,69302.024
2025-02-21 07:00:00,69362.05499999
2025-02-21 08:00:00,69227.73
2025-02-21 09:00:00,69309.653
2025-02-21 10:00:00,69115.539
2025-02-21 11:00:00,69005.085
2025-02-21 12:00:00,68493.757
2025-02-21 13:00:00,68485.379
2025-02-21 14:00:00,68497.872
2025-02-21 15:00:00,68622.988
2025-02-21 16:00:00,68812.225
2025-02-21 17:00:00,68455.534
2025-02-21 18:00:00,68740.69899999
2025-02-21 19:00:00,68469.91099999
2025-02-21 20:00:00,64585.559
2025-02-21 21:00:00,62895.44
2025-02-21 22:00:00,60287.62
2025-02-21 23:00:00,57561.521
2025-02-22 00:00:00,55793.994
2025-02-22 01:00:00,54904.301
2025-02-22 02:00:00,55373.779
2025-02-22 03:00:00,55507.05
2025-02-22 04:00:00,55342.85
2025-02-22 05:00:00,55216.095
2025-02-22 06:00:00,54934.75
2025-02-22 07:00:00,54911.685
2025-02-22 08:00:00,54736.498
2025-02-22 09:00:00,54486.74
2025-02-22 10:00:00,54396.848
2025-02-22 11:00:00,54039.398
2025-02-22 12:00:00,53824.567
2025-02-22 13:00:00,53317.892
2025-02-22 14:00:00,53142.182
2025-02-22 15:00:00,52935.042
2025-02-22 16:00:00,52787.324
2025-02-22 17:00:00,52707.601
2025-02-22 18:00:00,52603.818
2025-02-22 19:00:00,52554.792
2025-02-22 20:00:00,52571.522
2025-02-22 21:00:00,51904.657
2025-02-22 22:00:00,51933.076
2025-02-22 23:00:00,51934.091
2025-02-23 00:00:00,51801.517
2025-02-23 01:00:00,51733.757
2025-02-23 02:00:00,51743.926
2025-02-23 03:00:00,51763.392
2025-02-23 04:00:00,51742.389
2025-02-23 05:00:00,51664.339
2025-02-23 06:00:00,51640.738
2025-02-23 07:00:00,51610.389
2025-02-23 08:00:00,51504.486
2025-02-23 09:00:00,51583.292
2025-02-23 10:00:00,51600.24
2025-02-23 11:00:00,51523.905
2025-02-23 12:00:00,51565.031
2025-02-23 13:00:00,51665.048
2025-02-23 14:00:00,51741.679
2025-02-23 15:00:00,51740.494
2025-02-23 16:00:00,51740.352
2025-02-23 17:00:00,52251.462
2025-02-23 18:00:00,52961.933
2025-02-23 19:00:00,53170.683
2025-02-23 20:00:00,53445.903
2025-02-23 21:00:00,53551.526
2025-02-23 22:00:00,53302.328
2025-02-23 23:00:00,53336.42
2025-02-24 00:00:00,53547.193
2025-02-24 01:00:00,53633.502
2025-02-24 02:00:00,53542.126
2025-02-24 03:00:00,53545.022
2025-02-24 04:00:00,53477.72
2025-02-24 05:00:00,53446.115
2025-02-24 06:00:00,53344.819
2025-02-24 07:00:00,53570.59
2025-02-24 08:00:00,52947.767
2025-02-24 09:00:00,52916.429
2025-02-24 10:00:00,52956.615
2025-02-24 11:00:00,52964.561
2025-02-24 12:00:00,53165.29
2025-02-24 13:00:00,52937.346
2025-02-24 14:00:00,52756.085
2025-02-24 15:00:00,52838.598
2025-02-24 16:00:00,52909.307
2025-02-24 17:00:00,53074.054
2025-02-24 18:00:00,53516.155
2025-02-24 19:00:00,54407.166
2025-02-24 20:00:00,56087.801
2025-02-24 21:00:00,56164.313
2025-02-24 22:00:00,55845.901
2025-02-24 23:00:00,56021.849
2025-02-25 00:00:00,55934.085
2025-02-25 01:00:00,55963.525
2025-02-25 02:00:00,55916.595
2025-02-25 03:00:00,53867.501
2025-02-25 04:00:00,55508.468
2025-02-25 05:00:00,55568.432
2025-02-25 06:00:00,55738.873
2025-02-25 07:00:00,56087.022
2025-02-25 08:00:00,55823.462
2025-02-25 09:00:00,55616.647
2025-02-25 10:00:00,55658.841
2025-02-25 11:00:00,56199.945
2025-02-25 12:00:00,53973.996
2025-02-25 13:00:00,53950.891
2025-02-25 14:00:00,54077.598
2025-02-25 15:00:00,53578.422
2025-02-25 16:00:00,54382.248
2025-02-25 17:00:00,54200.717
2025-02-25 18:00:00,54334.561
2025-02-25 19:00:00,54717.146
2025-02-25 20:00:00,55133.757
2025-02-25 21:00:00,55948.289
2025-02-25 22:00:00,56126.899
2025-02-25 23:00:00,55983.088
2025-02-26 00:00:00,56121.174
2025-02-26 01:00:00,55429.768
2025-02-26 02:00:00,56213.084
2025-02-26 03:00:00,55743.469
2025-02-26 04:00:00,55608.254
2025-02-26 05:00:00,55237.05
2025-02-26 06:00:00,55233.472
2025-02-26 07:00:00,55483.976
2025-02-26 08:00:00,55350.328
2025-02-26 09:00:00,55616.743
2025-02-26 10:00:00,55595.736
2025-02-26 11:00:00,55740.962
2025-02-26 12:00:00,55255.163
2025-02-26 13:00:00,55299.22
2025-02-26 14:00:00,55988.524
2025-02-26 15:00:00,56054.893
2025-02-26 16:00:00,56460.213
2025-02-26 17:00:00,56683.584
2025-02-26 18:00:00,56577.384
2025-02-26 19:00:00,56507.681
2025-02-26 20:00:00,56056.132
2025-02-26 21:00:00,55623.899
2025-02-26 22:00:00,55351.84
2025-02-26 23:00:00,53417.261
2025-02-27 00:00:00,52577.291
2025-02-27 01:00:00,53688.282
2025-02-27 02:00:00,53462.463
2025-02-27 03:00:00,53160.495
2025-02-27 04:00:00,52858.004
2025-02-27 05:00:00,52915.01
2025-02-27 06:00:00,52954.558
2025-02-27 07:00:00,53046.618
2025-02-27 08:00:00,52885.143
2025-02-27 09:00:00,52599.271
2025-02-27 10:00:00,52047.069
2025-02-27 11:00:00,52037.259
2025-02-27 12:00:00,52659.8
2025-02-27 13:00:00,52784.296
2025-02-27 14:00:00,53049.658
2025-02-27 15:00:00,52966.553
2025-02-27 16:00:00,53087.956
2025-02-27 17:00:00,52939.251
2025-02-27 18:00:00,52790.539
2025-02-27 19:00:00,52579.474
2025-02-27 20:00:00,52347.188
2025-02-27 21:00:00,52816.008
2025-02-27 22:00:00,51604.758
2025-02-27 23:00:00,51323.882
2025-02-28 00:00:00,51420.436
2025-02-28 01:00:00,51305.607
2025-02-28 02:00:00,51109.284
2025-02-28 03:00:00,50887.353
2025-02-28 04:00:00,50774.045
2025-02-28 05:00:00,50984.869
2025-02-28 06:00:00,49479.807
2025-02-28 07:00:00,48051.827
2025-02-28 08:00:00,48254.36
2025-02-28 09:00:00,48340.588
2025-02-28 10:00:00,47987.223
2025-02-28 11:00:00,48106.247
2025-02-28 12:00:00,48153.737
2025-02-28 13:00:00,47450.956
2025-02-28 14:00:00,47741.055
2025-02-28 15:00:00,47725.921
2025-02-28 16:00:00,47929.879
2025-02-28 17:00:00,48686.283
2025-02-28 18:00:00,48515.28
2025-02-28 19:00:00,51125.602
2025-02-28 20:00:00,50957.629
2025-02-28 21:00:00,49693.702
2025-02-28 22:00:00,49337.357
2025-02-28 23:00:00,48709.535
2025-03-01 00:00:00,48619.153
2025-03-01 01:00:00,48405.67
2025-03-01 02:00:00,48329.708
2025-03-01 03:00:00,48276.53
2025-03-01 04:00:00,48480.774
2025-03-01 05:00:00,48692.73
2025-03-01 06:00:00,48823.611
2025-03-01 07:00:00,47912.678
2025-03-01 08:00:00,47849.075
2025-03-01 09:00:00,47393.09
2025-03-01 10:00:00,46343.872
2025-03-01 11:00:00,46509.464
2025-03-01 12:00:00,45771.982
2025-03-01 13:00:00,45320.941
2025-03-01 14:00:00,45394.166
2025-03-01 15:00:00,45361.72
2025-03-01 16:00:00,45324.862
2025-03-01 17:00:00,45249.617
2025-03-01 18:00:00,45857.589
2025-03-01 19:00:00,45717.972
2025-03-01 20:00:00,45712.655
2025-03-01 21:00:00,45646.176
2025-03-01 22:00:00,45833.854
2025-03-01 23:00:00,45779.204
2025-03-02 00:00:00,45494.494
2025-03-02 01:00:00,45575.861
2025-03-02 02:00:00,45610.92
2025-03-02 03:00:00,45459.82
2025-03-02 04:00:00,45782.653
2025-03-02 05:00:00,45995.163
2025-03-02 06:00:00,45879.141
2025-03-02 07:00:00,45972.029
2025-03-02 08:00:00,45865.031
2025-03-02 09:00:00,46256.846
2025-03-02 10:00:00,46486.964
2025-03-02 11:00:00,47733.506
2025-03-02 12:00:00,47860.21
2025-03-02 13:00:00,47327.533
2025-03-02 14:00:00,46510.835
2025-03-02 15:00:00,46512.205
2025-03-02 16:00:00,46488.292
2025-03-02 17:00:00,46591.124
2025-03-02 18:00:00,46519.757
2025-03-02 19:00:00,47286.541
2025-03-02 20:00:00,49333.274
2025-03-02 21:00:00,49365.66
2025-03-02 22:00:00,49307.161
2025-03-02 23:00:00,48853.836
2025-03-03 00:00:00,48633.239
2025-03-03 01:00:00,49129.422
2025-03-03 02:00:00,49329.037
2025-03-03 03:00:00,49092.038
2025-03-03 04:00:00,49173.114
2025-03-03 05:00:00,49814.279
2025-03-03 06:00:00,49777.351
2025-03-03 07:00:00,49642.46
2025-03-03 08:00:00,49733.021
2025-03-03 09:00:00,49732.953
2025-03-03 10:00:00,49873.891
2025-03-03 11:00:00,49657.918
2025-03-03 12:00:00,49875.435
2025-03-03 13:00:00,49532.673
2025-03-03 14:00:00,49662.871
2025-03-03 15:00:00,49530.781
2025-03-03 16:00:00,49553.444
2025-03-03 17:00:00,49823.193
2025-03-03 18:00:00,49868.482
2025-03-03 19:00:00,51481.719
2025-03-03 20:00:00,52706.587
2025-03-03 21:00:00,54290.865
2025-03-03 22:00:00,53989.889
2025-03-03 23:00:00,49987.671
2025-03-04 00:00:00,48121.254
2025-03-04 01:00:00,48118.852
2025-03-04 02:00:00,47676.132
2025-03-04 03:00:00,47891.397
2025-03-04 04:00:00,47663.077
2025-03-04 05:00:00,47341.603
2025-03-04 06:00:00,45686.286
2025-03-04 07:00:00,45914.97
2025-03-04 08:00:00,46058.918
2025-03-04 09:00:00,45818.897
2025-03-04 10:00:00,45639.581
2025-03-04 11:00:00,45578.925
2025-03-04 12:00:00,45733.625
2025-03-04 13:00:00,46005.843
2025-03-04 14:00:00,46055.735
2025-03-04 15:00:00,46229.363
2025-03-04 16:00:00,46203.001
2025-03-04 17:00:00,46147.832
2025-03-04 18:00:00,45341.401
2025-03-04 19:00:00,45102.886
2025-03-04 20:00:00,45285.224
2025-03-04 21:00:00,44621.847
2025-03-04 22:00:00,45369.574
2025-03-04 23:00:00,47008.985
2025-03-05 00:00:00,46160.406
2025-03-05 01:00:00,46760.912
2025-03-05 02:00:00,46604.281
2025-03-05 03:00:00,46587.078
2025-03-05 04:00:00,47049.558
2025-03-05 05:00:00,47293.741
2025-03-05 06:00:00,47276.517
2025-03-05 07:00:00,47542.832
2025-03-05 08:00:00,47474.036
2025-03-05 09:00:00,47715.858
2025-03-05 10:00:00,47688.952
2025-03-05 11:00:00,47662.65
2025-03-05 12:00:00,47750.358
2025-03-05 13:00:00,47966.338
2025-03-05 14:00:00,47644.876
2025-03-05 15:00:00,47948.041
2025-03-05 16:00:00,48642.99
2025-03-05 17:00:00,48771.721
2025-03-05 18:00:00,49536.863
2025-03-05 19:00:00,49623.212
2025-03-05 20:00:00,49516.638
2025-03-05 21:00:00,48875.122
2025-03-05 22:00:00,49143.379
2025-03-05 23:00:00,49022.363
2025-03-06 00:00:00,48873.437
2025-03-06 01:00:00,48706.774
2025-03-06 02:00:00,48319.179
2025-03-06 03:00:00,48238.568
2025-03-06 04:00:00,48403.397
2025-03-06 05:00:00,48584.768
2025-03-06 06:00:00,48353.608
2025-03-06 07:00:00,48819.785
2025-03-06 08:00:00,48783.901
2025-03-06 09:00:00,48582.551
2025-03-06 10:00:00,48778.332
2025-03-06 11:00:00,48695.212
2025-03-06 12:00:00,48755.201
2025-03-06 13:00:00,49071.92
2025-03-06 14:00:00,49020.274
2025-03-06 15:00:00,49110.852
2025-03-06 16:00:00,49401.024
2025-03-06 17:00:00,49655.394
2025-03-06 18:00:00,49851.377
2025-03-06 19:00:00,49617.049
2025-03-06 20:00:00,49157.807
2025-03-06 21:00:00,49321.949
2025-03-06 22:00:00,48697.756
2025-03-06 23:00:00,48743.486
2025-03-07 00:00:00,48865.711
2025-03-07 01:00:00,48763.149
2025-03-07 02:00:00,48652.559
2025-03-07 03:00:00,49039.139
2025-03-07 04:00:00,49076.334
2025-03-07 05:00:00,49018.022
2025-03-07 06:00:00,48566.975
2025-03-07 07:00:00,48972.56
2025-03-07 08:00:00,48208.827
2025-03-07 09:00:00,48308.491
2025-03-07 10:00:00,49008.912
2025-03-07 11:00:00,49215.033
2025-03-07 12:00:00,49115.49
2025-03-07 13:00:00,49152.687
2025-03-07 14:00:00,49095.819
2025-03-07 15:00:00,49459.27
2025-03-07 16:00:00,49043.053
2025-03-07 17:00:00,49620.843
2025-03-07 18:00:00,50475.198
2025-03-07 19:00:00,51839.683
2025-03-07 20:00:00,51571.002
2025-03-07 21:00:00,52173.029
2025-03-07 22:00:00,51489.723
2025-03-07 23:00:00,51379.319
2025-03-08 00:00:00,51712.907
2025-03-08 01:00:00,51331.512
2025-03-08 02:00:00,51543.572
2025-03-08 03:00:00,51460.82
2025-03-08 04:00:00,51172.418
2025-03-08 05:00:00,51138.91
2025-03-08 06:00:00,50795.75
2025-03-08 07:00:00,50886.751
2025-03-08 08:00:00,50580.203
2025-03-08 09:00:00,50438.934
2025-03-08 10:00:00,50750.519
2025-03-08 11:00:00,50780.16
2025-03-08 12:00:00,50685.117
2025-03-08 13:00:00,50728.013
2025-03-08 14:00:00,50459.636
2025-03-08 15:00:00,50635.811
2025-03-08 16:00:00,50750.31
2025-03-08 17:00:00,50696.916
2025-03-08 18:00:00,50736.968
2025-03-08 19:00:00,50664.553
2025-03-08 20:00:00,50585.278
2025-03-08 21:00:00,50590.15
2025-03-08 22:00:00,50385.891
2025-03-08 23:00:00,50447.093
2025-03-09 00:00:00,50037.649
2025-03-09 01:00:00,49948.372
2025-03-09 02:00:00,50090.265
2025-03-09 03:00:00,50242.128
2025-03-09 04:00:00,50244.877
2025-03-09 05:00:00,50371.73
2025-03-09 06:00:00,50386.454
2025-03-09 07:00:00,50335.426
2025-03-09 08:00:00,50421.325
2025-03-09 09:00:00,50511.165
2025-03-09 10:00:00,50554.351
2025-03-09 11:00:00,50799.617
2025-03-09 12:00:00,50751.608
2025-03-09 13:00:00,50779.869
2025-03-09 14:00:00,51207.51
2025-03-09 15:00:00,50644.841
2025-03-09 16:00:00,50108.768
2025-03-09 17:00:00,51193.701
2025-03-09 18:00:00,50625.177
2025-03-09 19:00:00,50665.107
2025-03-09 20:00:00,50998.061
2025-03-09 21:00:00,50814.132
2025-03-09 22:00:00,51097.826
2025-03-09 23:00:00,50463.028
2025-03-10 00:00:00,49965.831
2025-03-10 01:00:00,50844.358
2025-03-10 02:00:00,51545.045
2025-03-10 03:00:00,52090.014
2025-03-10 04:00:00,52886.32
2025-03-10 05:00:00,51986.353
2025-03-10 06:00:00,52047.6
2025-03-10 07:00:00,52217.704
2025-03-10 08:00:00,52332.488
2025-03-10 09:00:00,52149.355
2025-03-10 10:00:00,52127.817
2025-03-10 11:00:00,52223.293
2025-03-10 12:00:00,52404.953
2025-03-10 13:00:00,51789.749
2025-03-10 14:00:00,50273.386
2025-03-10 15:00:00,50819.212
2025-03-10 16:00:00,51316.107
2025-03-10 17:00:00,51539.6
2025-03-10 18:00:00,50892.329
2025-03-10 19:00:00,51206.431
2025-03-10 20:00:00,51833.467
2025-03-10 21:00:00,51680.186
2025-03-10 22:00:00,52035.626
2025-03-10 23:00:00,52013.073
2025-03-11 00:00:00,52111.306
2025-03-11 01:00:00,51378.822
2025-03-11 02:00:00,50638.582
2025-03-11 03:00:00,50548.998
2025-03-11 04:00:00,50228.807
2025-03-11 05:00:00,50791.232
2025-03-11 06:00:00,50617.701
2025-03-11 07:00:00,50614.987
2025-03-11 08:00:00,50476.922
2025-03-11 09:00:00,50724.717
2025-03-11 10:00:00,50781.298
2025-03-11 11:00:00,50598.231
2025-03-11 12:00:00,50381.446
2025-03-11 13:00:00,49512.528
2025-03-11 14:00:00,49472.858
2025-03-11 15:00:00,49287.89
2025-03-11 16:00:00,49117.584
2025-03-11 17:00:00,49139.098
2025-03-11 18:00:00,48317.96
2025-03-11 19:00:00,48968.091
2025-03-11 20:00:00,49196.516
2025-03-11 21:00:00,49136.725
2025-03-11 22:00:00,48738.22
2025-03-11 23:00:00,46820.762
2025-03-12 00:00:00,47571.921
2025-03-12 01:00:00,47557.192
2025-03-12 02:00:00,47739.766
2025-03-12 03:00:00,47674.323
2025-03-12 04:00:00,47563.918
2025-03-12 05:00:00,47445.036
2025-03-12 06:00:00,47298.05
2025-03-12 07:00:00,47918.31
2025-03-12 08:00:00,47773.314
2025-03-12 09:00:00,48153.367
2025-03-12 10:00:00,47875.813
2025-03-12 11:00:00,48047.939
2025-03-12 12:00:00,46605.364
2025-03-12 13:00:00,49147.625
2025-03-12 14:00:00,48955.602
2025-03-12 15:00:00,49306.735
2025-03-12 16:00:00,49471.905
2025-03-12 17:00:00,49549.237
2025-03-12 18:00:00,49385.467
2025-03-12 19:00:00,49101.934
2025-03-12 20:00:00,48961.374
2025-03-12 21:00:00,48650.896
2025-03-12 22:00:00,48901.497
2025-03-12 23:00:00,48171.063
2025-03-13 00:00:00,48041.283
2025-03-13 01:00:00,47973.617
2025-03-13 02:00:00,48051.17
2025-03-13 03:00:00,48098.942
2025-03-13 04:00:00,47946.668
2025-03-13 05:00:00,48887.372
2025-03-13 06:00:00,49202.132
2025-03-13 07:00:00,49653.377
2025-03-13 08:00:00,49758.047
2025-03-13 09:00:00,50013.691
2025-03-13 10:00:00,50071.295
2025-03-13 11:00:00,50038.725
2025-03-13 12:00:00,49756.854
2025-03-13 13:00:00,49853.523
2025-03-13 14:00:00,50092.003
2025-03-13 15:00:00,50042.924
2025-03-13 16:00:00,50313.287
2025-03-13 17:00:00,50059.607
2025-03-13 18:00:00,49781.509
2025-03-13 19:00:00,49815.498
2025-03-13 20:00:00,49563.418
2025-03-13 21:00:00,49810.283
2025-03-13 22:00:00,49123.105
2025-03-13 23:00:00,49416.221
2025-03-14 00:00:00,49580.851
2025-03-14 01:00:00,49039.428
2025-03-14 02:00:00,48565.297
2025-03-14 03:00:00,49175.487
2025-03-14 04:00:00,49338.983
2025-03-14 05:00:00,48934.504
2025-03-14 06:00:00,48217.12
2025-03-14 07:00:00,48049.111
2025-03-14 08:00:00,47784.72
2025-03-14 09:00:00,47768.75
2025-03-14 10:00:00,47563.995
2025-03-14 11:00:00,47630.174
2025-03-14 12:00:00,47883.506
2025-03-14 13:00:00,48213.744
2025-03-14 14:00:00,48134.413
2025-03-14 15:00:00,47695.704
2025-03-14 16:00:00,48177.017
2025-03-14 17:00:00,48688.715
2025-03-14 18:00:00,48945.187
2025-03-14 19:00:00,49337.853
2025-03-14 20:00:00,49376.196
2025-03-14 21:00:00,49408.517
2025-03-14 22:00:00,49701.076
2025-03-14 23:00:00,49831.332
2025-03-15 00:00:00,49296.506
2025-03-15 01:00:00,50001.218
2025-03-15 02:00:00,50030.698
2025-03-15 03:00:00,49927.44
2025-03-15 04:00:00,49925.181
2025-03-15 05:00:00,49926.834
2025-03-15 06:00:00,49825.325
2025-03-15 07:00:00,49893.139
2025-03-15 08:00:00,50160.036
2025-03-15 09:00:00,50471.151
2025-03-15 10:00:00,50551.851
2025-03-15 11:00:00,50625.638
2025-03-15 12:00:00,50669.696
2025-03-15 13:00:00,50710.389
2025-03-15 14:00:00,50947.991
2025-03-15 15:00:00,51369.991
2025-03-15 16:00:00,51009.173
2025-03-15 17:00:00,50990.351
2025-03-15 18:00:00,50948.081
2025-03-15 19:00:00,51010.088
2025-03-15 20:00:00,50949.72
2025-03-15 21:00:00,51012.759
2025-03-15 22:00:00,51528.482
2025-03-15 23:00:00,51249.385
2025-03-16 00:00:00,51204.858
2025-03-16 01:00:00,51416.763
2025-03-16 02:00:00,51505.431
2025-03-16 03:00:00,51616.12
2025-03-16 04:00:00,51536.513
2025-03-16 05:00:00,51443.393
2025-03-16 06:00:00,51406.197
2025-03-16 07:00:00,51228.506
2025-03-16 08:00:00,51332.177
2025-03-16 09:00:00,51549.665
2025-03-16 10:00:00,51668.36
2025-03-16 11:00:00,51784.835
2025-03-16 12:00:00,51324.901
2025-03-16 13:00:00,51309.652
2025-03-16 14:00:00,51211.176
2025-03-16 15:00:00,51473.679
2025-03-16 16:00:00,50138.225
2025-03-16 17:00:00,49666.23
2025-03-16 18:00:00,49490.574
2025-03-16 19:00:00,49406.159
2025-03-16 20:00:00,49633.543
2025-03-16 21:00:00,48280.321
2025-03-16 22:00:00,48300.942
2025-03-16 23:00:00,48466.249
2025-03-17 00:00:00,48009.125
2025-03-17 01:00:00,48141.893
2025-03-17 02:00:00,48218.181
2025-03-17 03:00:00,47972.865
2025-03-17 04:00:00,47741.635
2025-03-17 05:00:00,47637.719
2025-03-17 06:00:00,47826.786
2025-03-17 07:00:00,47875.859
2025-03-17 08:00:00,47604.019
2025-03-17 09:00:00,47974.185
2025-03-17 10:00:00,48148.098
2025-03-17 11:00:00,47855.778
2025-03-17 12:00:00,47807.873
2025-03-17 13:00:00,47901.327
2025-03-17 14:00:00,47709.974
2025-03-17 15:00:00,48028.903
2025-03-17 16:00:00,47613.359
2025-03-17 17:00:00,47983.908
2025-03-17 18:00:00,47842.151
2025-03-17 19:00:00,47810.166
2025-03-17 20:00:00,48203.118
2025-03-17 21:00:00,48506.803
2025-03-17 22:00:00,48807.644
2025-03-17 23:00:00,49222.056
2025-03-18 00:00:00,48946.109
2025-03-18 01:00:00,48519.103
2025-03-18 02:00:00,48328.917
2025-03-18 03:00:00,48466.147
2025-03-18 04:00:00,48558.615
2025-03-18 05:00:00,48620.305
2025-03-18 06:00:00,48744.391
2025-03-18 07:00:00,48405.494
2025-03-18 08:00:00,48313.024
2025-03-18 09:00:00,48321.022
2025-03-18 10:00:00,48067.218
2025-03-18 11:00:00,48139.434
2025-03-18 12:00:00,48659.793
2025-03-18 13:00:00,48668.468
2025-03-18 14:00:00,48765.216
2025-03-18 15:00:00,49280.298
2025-03-18 16:00:00,49571.396
2025-03-18 17:00:00,49628.742
2025-03-18 18:00:00,50704.492
2025-03-18 19:00:00,50916.175
2025-03-18 20:00:00,51053.429
2025-03-18 21:00:00,50999.324
2025-03-18 22:00:00,51091.119
2025-03-18 23:00:00,51111.507
2025-03-19 00:00:00,50594.341
2025-03-19 01:00:00,50584.722
2025-03-19 02:00:00,50613.751
2025-03-19 03:00:00,50678.938
2025-03-19 04:00:00,50511.64
2025-03-19 05:00:00,49850.425
2025-03-19 06:00:00,48691.98
2025-03-19 07:00:00,48940.354
2025-03-19 08:00:00,48869.225
2025-03-19 09:00:00,48891.241
2025-03-19 10:00:00,48014.051
2025-03-19 11:00:00,48036.083
2025-03-19 12:00:00,48071.865
2025-03-19 13:00:00,48509.533
2025-03-19 14:00:00,48245.85
2025-03-19 15:00:00,48111.079
2025-03-19 16:00:00,48085.817
2025-03-19 17:00:00,48293.243
2025-03-19 18:00:00,48653.133
2025-03-19 19:00:00,49255.571
2025-03-19 20:00:00,48832.087
2025-03-19 21:00:00,49552.301
2025-03-19 22:00:00,49362.924
2025-03-19 23:00:00,50925.546
2025-03-20 00:00:00,51120.096
2025-03-20 01:00:00,51396.6
2025-03-20 02:00:00,51683.619
2025-03-20 03:00:00,51583.526
2025-03-20 04:00:00,51855.99
2025-03-20 05:00:00,51496.609
2025-03-20 06:00:00,51742.378
2025-03-20 07:00:00,51667.908
2025-03-20 08:00:00,51669.731
2025-03-20 09:00:00,51159.642
2025-03-20 10:00:00,51117.036
2025-03-20 11:00:00,51208.999
2025-03-20 12:00:00,51225.31
2025-03-20 13:00:00,52124.982
2025-03-20 14:00:00,52131.637
2025-03-20 15:00:00,51383.071
2025-03-20 16:00:00,51370.101
2025-03-20 17:00:00,52035.091
2025-03-20 18:00:00,52445.944
2025-03-20 19:00:00,52687.969
2025-03-20 20:00:00,50728.534
2025-03-20 21:00:00,50556.057
2025-03-20 22:00:00,50913.87
2025-03-20 23:00:00,50650.807
2025-03-21 00:00:00,50488.633
2025-03-21 01:00:00,50390.344
2025-03-21 02:00:00,50305.093
2025-03-21 03:00:00,50126.481
2025-03-21 04:00:00,49846.904
2025-03-21 05:00:00,50273.078
2025-03-21 06:00:00,50243.502
2025-03-21 07:00:00,50244.947
2025-03-21 08:00:00,49889.02
2025-03-21 09:00:00,49681.08
2025-03-21 10:00:00,49677.597
2025-03-21 11:00:00,49983.068
2025-03-21 12:00:00,50392.243
2025-03-21 13:00:00,50159.089
2025-03-21 14:00:00,50699.619
2025-03-21 15:00:00,50604.352
2025-03-21 16:00:00,50214.382
2025-03-21 17:00:00,50497.352
2025-03-21 18:00:00,51011.282
2025-03-21 19:00:00,51157.236
2025-03-21 20:00:00,50972.802
2025-03-21 21:00:00,51235.725
2025-03-21 22:00:00,51268.616
2025-03-21 23:00:00,51524.57
2025-03-22 00:00:00,50829.553
2025-03-22 01:00:00,50876.783
2025-03-22 02:00:00,50968.292
2025-03-22 03:00:00,50862.024
2025-03-22 04:00:00,50719.078
2025-03-22 05:00:00,50461.457
2025-03-22 06:00:00,50380.882
2025-03-22 07:00:00,50314.127
2025-03-22 08:00:00,50431.968
2025-03-22 09:00:00,50409.731
2025-03-22 10:00:00,50514.788
2025-03-22 11:00:00,50487.969
2025-03-22 12:00:00,50470.339
2025-03-22 13:00:00,50431.606
2025-03-22 14:00:00,50580.345
2025-03-22 15:00:00,50621.301
2025-03-22 16:00:00,50452.492
2025-03-22 17:00:00,50434.328
2025-03-22 18:00:00,50544.374
2025-03-22 19:00:00,50611.155
2025-03-22 20:00:00,50802.007
2025-03-22 21:00:00,50860.742
2025-03-22 22:00:00,50781.575
2025-03-22 23:00:00,50859.812
2025-03-23 00:00:00,50919.052
2025-03-23 01:00:00,50723.079
2025-03-23 02:00:00,50784.193
2025-03-23 03:00:00,50617.817
2025-03-23 04:00:00,50768.602
2025-03-23 05:00:00,50687.234
2025-03-23 06:00:00,50567.704
2025-03-23 07:00:00,50512.084
2025-03-23 08:00:00,50437.19
2025-03-23 09:00:00,50410.12
2025-03-23 10:00:00,50434.829
2025-03-23 11:00:00,50498.645
2025-03-23 12:00:00,50616.165
2025-03-23 13:00:00,50803.865
2025-03-23 14:00:00,50853.097
2025-03-23 15:00:00,50904.405
2025-03-23 16:00:00,51340.869
2025-03-23 17:00:00,51486.667
2025-03-23 18:00:00,51245.076
2025-03-23 19:00:00,51775.475
2025-03-23 20:00:00,51828.915
2025-03-23 21:00:00,52121.886
2025-03-23 22:00:00,52703.732
2025-03-23 23:00:00,52188.075
2025-03-24 00:00:00,52111.206
2025-03-24 01:00:00,52368.638
2025-03-24 02:00:00,52369.553
2025-03-24 03:00:00,51803.952
2025-03-24 04:00:00,51680.261
2025-03-24 05:00:00,52110.551
2025-03-24 06:00:00,51836.019
2025-03-24 07:00:00,51585.5
2025-03-24 08:00:00,51926.204
2025-03-24 09:00:00,51687.363
2025-03-24 10:00:00,51997.034
2025-03-24 11:00:00,52561.19
2025-03-24 12:00:00,52768.005
2025-03-24 13:00:00,52958.386
2025-03-24 14:00:00,53145.572
2025-03-24 15:00:00,53215.608
2025-03-24 16:00:00,53649.331
2025-03-24 17:00:00,54100.494
2025-03-24 18:00:00,53973.054
2025-03-24 19:00:00,54342.871
2025-03-24 20:00:00,54408.481
2025-03-24 21:00:00,54532.629
2025-03-24 22:00:00,54355.704
2025-03-24 23:00:00,54338.504
2025-03-25 00:00:00,53762.78
2025-03-25 01:00:00,53696.678
2025-03-25 02:00:00,53519.656
2025-03-25 03:00:00,53475.033
2025-03-25 04:00:00,53143.409
2025-03-25 05:00:00,52969.771
2025-03-25 06:00:00,53161.474
2025-03-25 07:00:00,53290.05
2025-03-25 08:00:00,52993.492
2025-03-25 09:00:00,53393.449
2025-03-25 10:00:00,53113.615
2025-03-25 11:00:00,53222.507
2025-03-25 12:00:00,52834.939
2025-03-25 13:00:00,52717.655
2025-03-25 14:00:00,52373.497
2025-03-25 15:00:00,52700.984
2025-03-25 16:00:00,52626.165
2025-03-25 17:00:00,52788.179
2025-03-25 18:00:00,52821.64
2025-03-25 19:00:00,53093.301
2025-03-25 20:00:00,52949.465
2025-03-25 21:00:00,53388.126
2025-03-25 22:00:00,53010.357
2025-03-25 23:00:00,52878.673
2025-03-26 00:00:00,53617.686
2025-03-26 01:00:00,53216.497
2025-03-26 02:00:00,53602.976
2025-03-26 03:00:00,53170.854
2025-03-26 04:00:00,52792.34
2025-03-26 05:00:00,52533.178
2025-03-26 06:00:00,52372.073
2025-03-26 07:00:00,52456.092
2025-03-26 08:00:00,52634.419
2025-03-26 09:00:00,52148.091
2025-03-26 10:00:00,51991.038
2025-03-26 11:00:00,51800.432
2025-03-26 12:00:00,52551.53
2025-03-26 13:00:00,52797.085
2025-03-26 14:00:00,52992.964
2025-03-26 15:00:00,52688.459
2025-03-26 16:00:00,53009.342
2025-03-26 17:00:00,52957.774
2025-03-26 18:00:00,52367.894
2025-03-26 19:00:00,52285.863
2025-03-26 20:00:00,52363.021
2025-03-26 21:00:00,52125.705
2025-03-26 22:00:00,52333.547
2025-03-26 23:00:00,52127.56
2025-03-27 00:00:00,51615.243
2025-03-27 01:00:00,51481.922
2025-03-27 02:00:00,51428.599
2025-03-27 03:00:00,51487.311
2025-03-27 04:00:00,51820.632
2025-03-27 05:00:00,51966.248
2025-03-27 06:00:00,51601.964
2025-03-27 07:00:00,51583.837
2025-03-27 08:00:00,51889.814
2025-03-27 09:00:00,51919.031
2025-03-27 10:00:00,51866.019
2025-03-27 11:00:00,51995.66
2025-03-27 12:00:00,51956.611
2025-03-27 13:00:00,52088.259
2025-03-27 14:00:00,52253.905
2025-03-27 15:00:00,52094.284
2025-03-27 16:00:00,52268.925
2025-03-27 17:00:00,52005.516
2025-03-27 18:00:00,51062.563
2025-03-27 19:00:00,50181.031
2025-03-27 20:00:00,50201.344
2025-03-27 21:00:00,50523.604
2025-03-27 22:00:00,50783.055
2025-03-27 23:00:00,50494.615
2025-03-28 00:00:00,50755.304
2025-03-28 01:00:00,50736.1
2025-03-28 02:00:00,50998.554
2025-03-28 03:00:00,50971.899
2025-03-28 04:00:00,50696.966
2025-03-28 05:00:00,50788.721
2025-03-28 06:00:00,50786.785
2025-03-28 07:00:00,51100.951
2025-03-28 08:00:00,51137.101
2025-03-28 09:00:00,50840.981
2025-03-28 10:00:00,51606.409
2025-03-28 11:00:00,51888.119
2025-03-28 12:00:00,51622.598
2025-03-28 13:00:00,51888.926
2025-03-28 14:00:00,52496.267
2025-03-28 15:00:00,52954.794
2025-03-28 16:00:00,53050.429
2025-03-28 17:00:00,53932.163
2025-03-28 18:00:00,53519.761
2025-03-28 19:00:00,54229.121
2025-03-28 20:00:00,55116.38
2025-03-28 21:00:00,54209.634
2025-03-28 22:00:00,55090.854
2025-03-28 23:00:00,55228.317
2025-03-29 00:00:00,55657.923
2025-03-29 01:00:00,55959.779
2025-03-29 02:00:00,55654.527
2025-03-29 03:00:00,55530.405
2025-03-29 04:00:00,55108.631
2025-03-29 05:00:00,55045.127
2025-03-29 06:00:00,55116.699
2025-03-29 07:00:00,54664.094
2025-03-29 08:00:00,54010.129
2025-03-29 09:00:00,53983.014
2025-03-29 10:00:00,53998.454
2025-03-29 11:00:00,54177.627
2025-03-29 12:00:00,54421.376
2025-03-29 13:00:00,54350.863
2025-03-29 14:00:00,53478.024
2025-03-29 15:00:00,53039.788
2025-03-29 16:00:00,53150.263
2025-03-29 17:00:00,53480.773
2025-03-29 18:00:00,52932.86
2025-03-29 19:00:00,53089.586
2025-03-29 20:00:00,52871.161
2025-03-29 21:00:00,52983.178
2025-03-29 22:00:00,52652.978
2025-03-29 23:00:00,52711.737
2025-03-30 00:00:00,52568.358
2025-03-30 01:00:00,53020.991
2025-03-30 02:00:00,52856.153
2025-03-30 03:00:00,52901.834
2025-03-30 04:00:00,52979.619
2025-03-30 05:00:00,53103.435
2025-03-30 06:00:00,52923.812
2025-03-30 07:00:00,52569.203
2025-03-30 08:00:00,52762.929
2025-03-30 09:00:00,52818.571
2025-03-30 10:00:00,52745.154
2025-03-30 11:00:00,52641.994
2025-03-30 12:00:00,52717.18
2025-03-30 13:00:00,52896.121
2025-03-30 14:00:00,52970.271
2025-03-30 15:00:00,52735.708
2025-03-30 16:00:00,52672.541
2025-03-30 17:00:00,52718.827
2025-03-30 18:00:00,52627.547
2025-03-30 19:00:00,52828.837
2025-03-30 20:00:00,52962.448
2025-03-30 21:00:00,51965.728
2025-03-30 22:00:00,51708.053
2025-03-30 23:00:00,51833.649
2025-03-31 00:00:00,51908.781
2025-03-31 01:00:00,51752.04
2025-03-31 02:00:00,51481.663
2025-03-31 03:00:00,51400.799
2025-03-31 04:00:00,51839.259
2025-03-31 05:00:00,52003.119
2025-03-31 06:00:00,51879.628
2025-03-31 07:00:00,51902.625
2025-03-31 08:00:00,51648.726
2025-03-31 09:00:00,51661.589
2025-03-31 10:00:00,51965.71
2025-03-31 11:00:00,52285.777
2025-03-31 12:00:00,52163.726
2025-03-31 13:00:00,52245.309
2025-03-31 14:00:00,51750.222
2025-03-31 15:00:00,51708.262
2025-03-31 16:00:00,51606.486
2025-03-31 17:00:00,51351.472
2025-03-31 18:00:00,50986.054
2025-03-31 19:00:00,51229.037
2025-03-31 20:00:00,51359.294
2025-03-31 21:00:00,51122.083
2025-03-31 22:00:00,51356.186
2025-03-31 23:00:00,51662.581
2025-04-01 00:00:00,51995.98
2025-04-01 01:00:00,52864.601
2025-04-01 02:00:00,52839.259
2025-04-01 03:00:00,53083.149
2025-04-01 04:00:00,53083.883
2025-04-01 05:00:00,53296.689
2025-04-01 06:00:00,53019.005
2025-04-01 07:00:00,52724.153
2025-04-01 08:00:00,52854.082
2025-04-01 09:00:00,52771.203
2025-04-01 10:00:00,52771.823
2025-04-01 11:00:00,53241.238
2025-04-01 12:00:00,53100.934
2025-04-01 13:00:00,53011.879
2025-04-01 14:00:00,53077.383
2025-04-01 15:00:00,53148.764
2025-04-01 16:00:00,52886.759
2025-04-01 17:00:00,52995.69
2025-04-01 18:00:00,53316.902
2025-04-01 19:00:00,51753.81
2025-04-01 20:00:00,51645.072
2025-04-01 21:00:00,52928.538
2025-04-01 22:00:00,53184.989
2025-04-01 23:00:00,52766.519
2025-04-02 00:00:00,53048.329
2025-04-02 01:00:00,52445.526
2025-04-02 02:00:00,52441.791
2025-04-02 03:00:00,52778.091
2025-04-02 04:00:00,52868.035
2025-04-02 05:00:00,52352.498
2025-04-02 06:00:00,52137.336
2025-04-02 07:00:00,52300.153
2025-04-02 08:00:00,52226.515
2025-04-02 09:00:00,52045.903
2025-04-02 10:00:00,51609.285
2025-04-02 11:00:00,51394.401
2025-04-02 12:00:00,51500.033
2025-04-02 13:00:00,51417.63
2025-04-02 14:00:00,51915.334
2025-04-02 15:00:00,51942.825
2025-04-02 16:00:00,51998.238
2025-04-02 17:00:00,52336.472
2025-04-02 18:00:00,52655.132
2025-04-02 19:00:00,52900.134
2025-04-02 20:00:00,53010.438
2025-04-02 21:00:00,53254.037
2025-04-02 22:00:00,52705.646
2025-04-02 23:00:00,52177.736
2025-04-03 00:00:00,51595.056
2025-04-03 01:00:00,50386.953
2025-04-03 02:00:00,49750.354
2025-04-03 03:00:00,49289.298
2025-04-03 04:00:00,49369.163
2025-04-03 05:00:00,48993.469
2025-04-03 06:00:00,48488.768
2025-04-03 07:00:00,47619.375
2025-04-03 08:00:00,47466.272
2025-04-03 09:00:00,47571.248
2025-04-03 10:00:00,47578.362
2025-04-03 11:00:00,47738.82
2025-04-03 12:00:00,48046.869
2025-04-03 13:00:00,48157.295
2025-04-03 14:00:00,48502.317
2025-04-03 15:00:00,48755.123
2025-04-03 16:00:00,48770.572
2025-04-03 17:00:00,49079.932
2025-04-03 18:00:00,50105.237
2025-04-03 19:00:00,50060.894
2025-04-03 20:00:00,50238.069
2025-04-03 21:00:00,50826.226
2025-04-03 22:00:00,50407.2
2025-04-03 23:00:00,50209.158
2025-04-04 00:00:00,49966.012
2025-04-04 01:00:00,49773.379
2025-04-04 02:00:00,48662.758
2025-04-04 03:00:00,48433.238
2025-04-04 04:00:00,48211.773
2025-04-04 05:00:00,48109.516
2025-04-04 06:00:00,47960.8
2025-04-04 07:00:00,47975.865
2025-04-04 08:00:00,47988.923
2025-04-04 09:00:00,48179.977
2025-04-04 10:00:00,48068.233
2025-04-04 11:00:00,48334.177
2025-04-04 12:00:00,49083.496
2025-04-04 13:00:00,50449.634
2025-04-04 14:00:00,50326.872
2025-04-04 15:00:00,49695.455
2025-04-04 16:00:00,48252.442
2025-04-04 17:00:00,49136.409
2025-04-04 18:00:00,49309.203
2025-04-04 19:00:00,50182.285
2025-04-04 20:00:00,49986.169
2025-04-04 21:00:00,50030.567
2025-04-04 22:00:00,50881.709
2025-04-04 23:00:00,51374.561
2025-04-05 00:00:00,51506.209
2025-04-05 01:00:00,50730.763
2025-04-05 02:00:00,50806.466
2025-04-05 03:00:00,50834.543
2025-04-05 04:00:00,50905.811
2025-04-05 05:00:00,50772.746
2025-04-05 06:00:00,50410.515
2025-04-05 07:00:00,50467.601
2025-04-05 08:00:00,50581.122
2025-04-05 09:00:00,50546.376
2025-04-05 10:00:00,50616.824
2025-04-05 11:00:00,50583.252
2025-04-05 12:00:00,50580.656
2025-04-05 13:00:00,50571.805
2025-04-05 14:00:00,50528.515
2025-04-05 15:00:00,50466.707
2025-04-05 16:00:00,50621.478
2025-04-05 17:00:00,50531.096
2025-04-05 18:00:00,50592.057
2025-04-05 19:00:00,50568.587
2025-04-05 20:00:00,50780.476
2025-04-05 21:00:00,50649.868
2025-04-05 22:00:00,50592.655
2025-04-05 23:00:00,50396.678
2025-04-06 00:00:00,50491.04
2025-04-06 01:00:00,50588.598
2025-04-06 02:00:00,50298.775
2025-04-06 03:00:00,50546.992
2025-04-06 04:00:00,50464.327
2025-04-06 05:00:00,50666.58
2025-04-06 06:00:00,51057.002
2025-04-06 07:00:00,50994.863
2025-04-06 08:00:00,50980.414
2025-04-06 09:00:00,50925.526
2025-04-06 10:00:00,51002.648
2025-04-06 11:00:00,50787.967
2025-04-06 12:00:00,50832.881
2025-04-06 13:00:00,50805.688
2025-04-06 14:00:00,50802.284
2025-04-06 15:00:00,51018.926
2025-04-06 16:00:00,51228.18
2025-04-06 17:00:00,51240.064
2025-04-06 18:00:00,51867.777
2025-04-06 19:00:00,52045.391
2025-04-06 20:00:00,52047.035
2025-04-06 21:00:00,51945.591
2025-04-06 22:00:00,52276.486
2025-04-06 23:00:00,51699.345
2025-04-07 00:00:00,52202.53
2025-04-07 01:00:00,52560.867
2025-04-07 02:00:00,52449.128
2025-04-07 03:00:00,53193.112
2025-04-07 04:00:00,52375.214
2025-04-07 05:00:00,52620.817
2025-04-07 06:00:00,52508.301
2025-04-07 07:00:00,52426.939
2025-04-07 08:00:00,52814.073
2025-04-07 09:00:00,52412.423
2025-04-07 10:00:00,52941.124
2025-04-07 11:00:00,50074.496
2025-04-07 12:00:00,50662.228
2025-04-07 13:00:00,50855.319
2025-04-07 14:00:00,51039.16
2025-04-07 15:00:00,50717.878
2025-04-07 16:00:00,50582.169
2025-04-07 17:00:00,51388.998
2025-04-07 18:00:00,52057.631
2025-04-07 19:00:00,49174.124
2025-04-07 20:00:00,49306.728
2025-04-07 21:00:00,48654.865
2025-04-07 22:00:00,48207.339
2025-04-07 23:00:00,47763.914
2025-04-08 00:00:00,47740.157
2025-04-08 01:00:00,47776.228
2025-04-08 02:00:00,47404.139
2025-04-08 03:00:00,47520.234
2025-04-08 04:00:00,47369.675
2025-04-08 05:00:00,47591.587
2025-04-08 06:00:00,47294.979
2025-04-08 07:00:00,47896.526
2025-04-08 08:00:00,48411.117
2025-04-08 09:00:00,48417.629
2025-04-08 10:00:00,48153.083
2025-04-08 11:00:00,48393.382
2025-04-08 12:00:00,48507.746
2025-04-08 13:00:00,48655.28
2025-04-08 14:00:00,48628.701
2025-04-08 15:00:00,48754.795
2025-04-08 16:00:00,49353.857
2025-04-08 17:00:00,49511.266
2025-04-08 18:00:00,49429.642
2025-04-08 19:00:00,48714.75
2025-04-08 20:00:00,49207.552
2025-04-08 21:00:00,49245.285
2025-04-08 22:00:00,50337.962
2025-04-08 23:00:00,50423.272
2025-04-09 00:00:00,49897.524
2025-04-09 01:00:00,50182.488
2025-04-09 02:00:00,50415.179
2025-04-09 03:00:00,50432.663
2025-04-09 04:00:00,51323.338
2025-04-09 05:00:00,51207.466
2025-04-09 06:00:00,50124.554
2025-04-09 07:00:00,49909.492
2025-04-09 08:00:00,49982.511
2025-04-09 09:00:00,50568.888
2025-04-09 10:00:00,50428.204
2025-04-09 11:00:00,50111.635
2025-04-09 12:00:00,49873.107
2025-04-09 13:00:00,50184.648
2025-04-09 14:00:00,50697.744
2025-04-09 15:00:00,50723.28
2025-04-09 16:00:00,48915.638
2025-04-09 17:00:00,49639.711
2025-04-09 18:00:00,49828.863
2025-04-09 19:00:00,49019.505
2025-04-09 20:00:00,49075.498
2025-04-09 21:00:00,50506.03
2025-04-09 22:00:00,50488.153
2025-04-09 23:00:00,49947.243
2025-04-10 00:00:00,49461.705
2025-04-10 01:00:00,49323.451
2025-04-10 02:00:00,48257.945
2025-04-10 03:00:00,48911.742
2025-04-10 04:00:00,48913.844
2025-04-10 05:00:00,48779.508
2025-04-10 06:00:00,48574.605
2025-04-10 07:00:00,48976.884
2025-04-10 08:00:00,48709.872
2025-04-10 09:00:00,49079.462
2025-04-10 10:00:00,48812.064
2025-04-10 11:00:00,48587.132
2025-04-10 12:00:00,48259.268
2025-04-10 13:00:00,48241.807
2025-04-10 14:00:00,47558.407
2025-04-10 15:00:00,47322.073
2025-04-10 16:00:00,47484.175
2025-04-10 17:00:00,47319.068
2025-04-10 18:00:00,47420.958
2025-04-10 19:00:00,47009.394
2025-04-10 20:00:00,47427.907
2025-04-10 21:00:00,48047.887
2025-04-10 22:00:00,48065.364
2025-04-10 23:00:00,47927.447
2025-04-11 00:00:00,48009.663
2025-04-11 01:00:00,48129.534
2025-04-11 02:00:00,47970.039
2025-04-11 03:00:00,47426.366
2025-04-11 04:00:00,47315.187
2025-04-11 05:00:00,47171.163
2025-04-11 06:00:00,47197.283
2025-04-11 07:00:00,47282.59
2025-04-11 08:00:00,47309.391
2025-04-11 09:00:00,47723.078
2025-04-11 10:00:00,47735.724
2025-04-11 11:00:00,48338.423
2025-04-11 12:00:00,48462.413
2025-04-11 13:00:00,49778.989
2025-04-11 14:00:00,50675.179
2025-04-11 15:00:00,51719.717
2025-04-11 16:00:00,51945.054
2025-04-11 17:00:00,52186.742
2025-04-11 18:00:00,52869.076
2025-04-11 19:00:00,51980.88
2025-04-11 20:00:00,52007.935
2025-04-11 21:00:00,51556.188
2025-04-11 22:00:00,52064.788
2025-04-11 23:00:00,52336.672
2025-04-12 00:00:00,52556.671
2025-04-12 01:00:00,51593.881
2025-04-12 02:00:00,51342.222
2025-04-12 03:00:00,51224.682
2025-04-12 04:00:00,51208.682
2025-04-12 05:00:00,51464.47
2025-04-12 06:00:00,51515.835
2025-04-12 07:00:00,50946.624
2025-04-12 08:00:00,50961.263
2025-04-12 09:00:00,50678.3
2025-04-12 10:00:00,50807.376
2025-04-12 11:00:00,50955.834
2025-04-12 12:00:00,50963.271
2025-04-12 13:00:00,51244.487
2025-04-12 14:00:00,51225.33
2025-04-12 15:00:00,51379.679
2025-04-12 16:00:00,51396.534
2025-04-12 17:00:00,51523.567
2025-04-12 18:00:00,51616.256
2025-04-12 19:00:00,52816.042
2025-04-12 20:00:00,52669.592
2025-04-12 21:00:00,52672.044
2025-04-12 22:00:00,52410.727
2025-04-12 23:00:00,52568.583
2025-04-13 00:00:00,53190.091
2025-04-13 01:00:00,53141.432
2025-04-13 02:00:00,53041.359
2025-04-13 03:00:00,52926.411
2025-04-13 04:00:00,52817.239
2025-04-13 05:00:00,52764.273
2025-04-13 06:00:00,53111.323
2025-04-13 07:00:00,52985.494
2025-04-13 08:00:00,53095.252
2025-04-13 09:00:00,52936.101
2025-04-13 10:00:00,52751.709
2025-04-13 11:00:00,52611.663
2025-04-13 12:00:00,52661.249
2025-04-13 13:00:00,52992.961
2025-04-13 14:00:00,52891.748
2025-04-13 15:00:00,52884.522
2025-04-13 16:00:00,52687.01
2025-04-13 17:00:00,52736.694
2025-04-13 18:00:00,51665.747
2025-04-13 19:00:00,51418.21
2025-04-13 20:00:00,51781.689
2025-04-13 21:00:00,51707.548
2025-04-13 22:00:00,51182.675
2025-04-13 23:00:00,51170.665
2025-04-14 00:00:00,49623.801
2025-04-14 01:00:00,49632.019
2025-04-14 02:00:00,49902.914
2025-04-14 03:00:00,49233.087
2025-04-14 04:00:00,49029.173
2025-04-14 05:00:00,48180.404
2025-04-14 06:00:00,48491.533
2025-04-14 07:00:00,48867.01
2025-04-14 08:00:00,48767.189
2025-04-14 09:00:00,49201.402
2025-04-14 10:00:00,49281.324
2025-04-14 11:00:00,49450.336
2025-04-14 12:00:00,49586.797
2025-04-14 13:00:00,49528.89
2025-04-14 14:00:00,49803.411
2025-04-14 15:00:00,49966.554
2025-04-14 16:00:00,49983.192
2025-04-14 17:00:00,50336.015
2025-04-14 18:00:00,50631.943
2025-04-14 19:00:00,50516.25
2025-04-14 20:00:00,49107.205
2025-04-14 21:00:00,49182.479
2025-04-14 22:00:00,49343.374
2025-04-14 23:00:00,49324.951
2025-04-15 00:00:00,49930.599
2025-04-15 01:00:00,50186.294
2025-04-15 02:00:00,49964.295
2025-04-15 03:00:00,49879.067
2025-04-15 04:00:00,49686.026
2025-04-15 05:00:00,49784.142
2025-04-15 06:00:00,49634.18
2025-04-15 07:00:00,50158.452
2025-04-15 08:00:00,50362.672
2025-04-15 09:00:00,50753.48
2025-04-15 10:00:00,51397.032
2025-04-15 11:00:00,51708.686
2025-04-15 12:00:00,52211.475
2025-04-15 13:00:00,52977.783
2025-04-15 14:00:00,53179.345
2025-04-15 15:00:00,53085.985
2025-04-15 16:00:00,53061.859
2025-04-15 17:00:00,53148.735
2025-04-15 18:00:00,53114.539
2025-04-15 19:00:00,52027.039
2025-04-15 20:00:00,52383.795
2025-04-15 21:00:00,53154.998
2025-04-15 22:00:00,52277.16
2025-04-15 23:00:00,51486.935
2025-04-16 00:00:00,50567.201
2025-04-16 01:00:00,50230.922
2025-04-16 02:00:00,49978.132
2025-04-16 03:00:00,49964.223
2025-04-16 04:00:00,49772.573
2025-04-16 05:00:00,49351.36
2025-04-16 06:00:00,49360.355
2025-04-16 07:00:00,49950.5
2025-04-16 08:00:00,50243.564
2025-04-16 09:00:00,50365.2
2025-04-16 10:00:00,50452.247
2025-04-16 11:00:00,50719.159
2025-04-16 12:00:00,50980.333
2025-04-16 13:00:00,50528.45
2025-04-16 14:00:00,50579.319
2025-04-16 15:00:00,50746.258
2025-04-16 16:00:00,50639.949
2025-04-16 17:00:00,50120.075
2025-04-16 18:00:00,50751.433
2025-04-16 19:00:00,50822.775
2025-04-16 20:00:00,50828.059
2025-04-16 21:00:00,51024.736
2025-04-16 22:00:00,50588.035
2025-04-16 23:00:00,49474.02
2025-04-17 00:00:00,49186.716
2025-04-17 01:00:00,49255.799
2025-04-17 02:00:00,49101.212
2025-04-17 03:00:00,49129.504
2025-04-17 04:00:00,49082.891
2025-04-17 05:00:00,48713.145
2025-04-17 06:00:00,48800.476
2025-04-17 07:00:00,48514.461
2025-04-17 08:00:00,48659.625
2025-04-17 09:00:00,48777.415
2025-04-17 10:00:00,49045.726
2025-04-17 11:00:00,49077.826
2025-04-17 12:00:00,49279.651
2025-04-17 13:00:00,49465.527
2025-04-17 14:00:00,48919.197
2025-04-17 15:00:00,49154.431
2025-04-17 16:00:00,49115.571
2025-04-17 17:00:00,49422.638
2025-04-17 18:00:00,50041.185
2025-04-17 19:00:00,49352.887
2025-04-17 20:00:00,49319.235
2025-04-17 21:00:00,49671.185
2025-04-17 22:00:00,50332.016
2025-04-17 23:00:00,50659.12
2025-04-18 00:00:00,50268.718
2025-04-18 01:00:00,50728.378
2025-04-18 02:00:00,50428.509
2025-04-18 03:00:00,49895.093
2025-04-18 04:00:00,49669.655
2025-04-18 05:00:00,49745.385
2025-04-18 06:00:00,49789.277
2025-04-18 07:00:00,49768.096
2025-04-18 08:00:00,49597.285
2025-04-18 09:00:00,49484.384
2025-04-18 10:00:00,49638.045
2025-04-18 11:00:00,49699.261
2025-04-18 12:00:00,49670.772
2025-04-18 13:00:00,49499.086
2025-04-18 14:00:00,49575.535
2025-04-18 15:00:00,49578.06
2025-04-18 16:00:00,49689.632
2025-04-18 17:00:00,49542.734
2025-04-18 18:00:00,49943.031
2025-04-18 19:00:00,49781.961
2025-04-18 20:00:00,49790.307
2025-04-18 21:00:00,50167.822
2025-04-18 22:00:00,49973.165
2025-04-18 23:00:00,49935.888
2025-04-19 00:00:00,49916.11
2025-04-19 01:00:00,49895.822
2025-04-19 02:00:00,49729.315
2025-04-19 03:00:00,49835.878
2025-04-19 04:00:00,49838.798
2025-04-19 05:00:00,49954.452
2025-04-19 06:00:00,49903.6
2025-04-19 07:00:00,49617.68
2025-04-19 08:00:00,49800.917
2025-04-19 09:00:00,50024.072
2025-04-19 10:00:00,49880.288
2025-04-19 11:00:00,49718.912
2025-04-19 12:00:00,49455.108
2025-04-19 13:00:00,49420.736
2025-04-19 14:00:00,50283.108
2025-04-19 15:00:00,50459.355
2025-04-19 16:00:00,50566.841
2025-04-19 17:00:00,50660.701
2025-04-19 18:00:00,50888.291
2025-04-19 19:00:00,51437.459
2025-04-19 20:00:00,51393.346
2025-04-19 21:00:00,50973.948
2025-04-19 22:00:00,50698.455
2025-04-19 23:00:00,50812.198
2025-04-20 00:00:00,50393.216
2025-04-20 01:00:00,50323.227
2025-04-20 02:00:00,50142.246
2025-04-20 03:00:00,49954.416
2025-04-20 04:00:00,49973.617
2025-04-20 05:00:00,49953.104
2025-04-20 06:00:00,50154.8
2025-04-20 07:00:00,50139.262
2025-04-20 08:00:00,50083.27
2025-04-20 09:00:00,50131.135
2025-04-20 10:00:00,50109.849
2025-04-20 11:00:00,49986.02
2025-04-20 12:00:00,50151.465
2025-04-20 13:00:00,50423.181
2025-04-20 14:00:00,50631.638
2025-04-20 15:00:00,50839.59
2025-04-20 16:00:00,51345.794
2025-04-20 17:00:00,51379.45
2025-04-20 18:00:00,51577.559
2025-04-20 19:00:00,51574.742
2025-04-20 20:00:00,51515.425
2025-04-20 21:00:00,51527.445
2025-04-20 22:00:00,51745.635
2025-04-20 23:00:00,51752.161
2025-04-21 00:00:00,51887.865
2025-04-21 01:00:00,50766.432
2025-04-21 02:00:00,50833.318
2025-04-21 03:00:00,50745.031
2025-04-21 04:00:00,50695.284
2025-04-21 05:00:00,49172.346
2025-04-21 06:00:00,51036.811
2025-04-21 07:00:00,51598.348
2025-04-21 08:00:00,52015.692
2025-04-21 09:00:00,51759.793
2025-04-21 10:00:00,52004.132
2025-04-21 11:00:00,52515.499
2025-04-21 12:00:00,53016.142
2025-04-21 13:00:00,54445.373
2025-04-21 14:00:00,54383.497
2025-04-21 15:00:00,54662.263
2025-04-21 16:00:00,54053.683
2025-04-21 17:00:00,54292.527
2025-04-21 18:00:00,54292.361
2025-04-21 19:00:00,55683.426
2025-04-21 20:00:00,55812.916
2025-04-21 21:00:00,54867.497
2025-04-21 22:00:00,53986.702
2025-04-21 23:00:00,53679.847
2025-04-22 00:00:00,52845.262
2025-04-22 01:00:00,52727.838
2025-04-22 02:00:00,52482.865
2025-04-22 03:00:00,52447.562
2025-04-22 04:00:00,52170.001
2025-04-22 05:00:00,51269.671
2025-04-22 06:00:00,52539.298
2025-04-22 07:00:00,52993.399
2025-04-22 08:00:00,52602.367
2025-04-22 09:00:00,52790.56
2025-04-22 10:00:00,53056.656
2025-04-22 11:00:00,52969.376
2025-04-22 12:00:00,53113.815
2025-04-22 13:00:00,53666.968
2025-04-22 14:00:00,54067.398
2025-04-22 15:00:00,54368.011
2025-04-22 16:00:00,54725.288
2025-04-22 17:00:00,55121.147
2025-04-22 18:00:00,56404.846
2025-04-22 19:00:00,57163.681
2025-04-22 20:00:00,57261.123
2025-04-22 21:00:00,57049.55
2025-04-22 22:00:00,56848.314
2025-04-22 23:00:00,56944.984
2025-04-23 00:00:00,56501.804
2025-04-23 01:00:00,56486.504
2025-04-23 02:00:00,51873.779
2025-04-23 03:00:00,52306.858
2025-04-23 04:00:00,51917.661
2025-04-23 05:00:00,52111.585
2025-04-23 06:00:00,52180.302
2025-04-23 07:00:00,51956.217
2025-04-23 08:00:00,52096.243
2025-04-23 09:00:00,52330.558
2025-04-23 10:00:00,52787.22
2025-04-23 11:00:00,53006.054
2025-04-23 12:00:00,52937.178
2025-04-23 13:00:00,53324.16
2025-04-23 14:00:00,53604.645
2025-04-23 15:00:00,53698.135
2025-04-23 16:00:00,53628.915
2025-04-23 17:00:00,53086.951
2025-04-23 18:00:00,52760.678
2025-04-23 19:00:00,52872.846
2025-04-23 20:00:00,51973.523
2025-04-23 21:00:00,52044.633
2025-04-23 22:00:00,52337.72
2025-04-23 23:00:00,52357.304
2025-04-24 00:00:00,52048.032
2025-04-24 01:00:00,51870.22
2025-04-24 02:00:00,51927.209
2025-04-24 03:00:00,51672.266
2025-04-24 04:00:00,51532.687
2025-04-24 05:00:00,51709.002
2025-04-24 06:00:00,51619.83
2025-04-24 07:00:00,51774.911
2025-04-24 08:00:00,51706.262
2025-04-24 09:00:00,51540.858
2025-04-24 10:00:00,51547.967
2025-04-24 11:00:00,51323.459
2025-04-24 12:00:00,51470.028
2025-04-24 13:00:00,50997.756
2025-04-24 14:00:00,51016.524
2025-04-24 15:00:00,50847.026
2025-04-24 16:00:00,50927.348
2025-04-24 17:00:00,50922.1
2025-04-24 18:00:00,51090.681
2025-04-24 19:00:00,51048.878
2025-04-24 20:00:00,51548.652
2025-04-24 21:00:00,51807.859
2025-04-24 22:00:00,51975.45
2025-04-24 23:00:00,51820.469
2025-04-25 00:00:00,52348.149
2025-04-25 01:00:00,52333.671
2025-04-25 02:00:00,52507.089
2025-04-25 03:00:00,52613.278
2025-04-25 04:00:00,52523.667
2025-04-25 05:00:00,53009.016
2025-04-25 06:00:00,52448.53
2025-04-25 07:00:00,51724.648
2025-04-25 08:00:00,51924.835
2025-04-25 09:00:00,51933.479
2025-04-25 10:00:00,51707.607
2025-04-25 11:00:00,51504.453
2025-04-25 12:00:00,51733.2
2025-04-25 13:00:00,51726.463
2025-04-25 14:00:00,51734.464
2025-04-25 15:00:00,52028.591
2025-04-25 16:00:00,52568.727
2025-04-25 17:00:00,53132.543
2025-04-25 18:00:00,53626.924
2025-04-25 19:00:00,54451.133
2025-04-25 20:00:00,55630.189
2025-04-25 21:00:00,55024.779
2025-04-25 22:00:00,55014.915
2025-04-25 23:00:00,54888.865
2025-04-26 00:00:00,54859.366
2025-04-26 01:00:00,54356.542
2025-04-26 02:00:00,54206.319
2025-04-26 03:00:00,54017.246
2025-04-26 04:00:00,53681.078
2025-04-26 05:00:00,53309.284
2025-04-26 06:00:00,53322.036
2025-04-26 07:00:00,53250.887
2025-04-26 08:00:00,53384.069
2025-04-26 09:00:00,53537.932
2025-04-26 10:00:00,53560.53
2025-04-26 11:00:00,53385.288
2025-04-26 12:00:00,53229.829
2025-04-26 13:00:00,53161.51
2025-04-26 14:00:00,53303.347
2025-04-26 15:00:00,53202.495
2025-04-26 16:00:00,53227.307
2025-04-26 17:00:00,53619.263
2025-04-26 18:00:00,53550.081
2025-04-26 19:00:00,53619.766
2025-04-26 20:00:00,53531.693
2025-04-26 21:00:00,53303.129
2025-04-26 22:00:00,53296.021
2025-04-26 23:00:00,53262.714
2025-04-27 00:00:00,53216.904
2025-04-27 01:00:00,53413.359
2025-04-27 02:00:00,53426.761
2025-04-27 03:00:00,52846.348
2025-04-27 04:00:00,52770.609
2025-04-27 05:00:00,52604.256
2025-04-27 06:00:00,52569.863
2025-04-27 07:00:00,52555.694
2025-04-27 08:00:00,52585.22
2025-04-27 09:00:00,52704.177
2025-04-27 10:00:00,52115.591
2025-04-27 11:00:00,52164.262
2025-04-27 12:00:00,52119.279
2025-04-27 13:00:00,52165.209
2025-04-27 14:00:00,52257.033
2025-04-27 15:00:00,52511.305
2025-04-27 16:00:00,52642.702
2025-04-27 17:00:00,53232.225
2025-04-27 18:00:00,53091.535
2025-04-27 19:00:00,53352.915
2025-04-27 20:00:00,53351.31
2025-04-27 21:00:00,53221.475
2025-04-27 22:00:00,52974.471
2025-04-27 23:00:00,52475.12
2025-04-28 00:00:00,52400.929
2025-04-28 01:00:00,52529.815
2025-04-28 02:00:00,52392.44
2025-04-28 03:00:00,52458.592
2025-04-28 04:00:00,52484.007
2025-04-28 05:00:00,51989.307
2025-04-28 06:00:00,51645.342
2025-04-28 07:00:00,51650.876
2025-04-28 08:00:00,51744.92
2025-04-28 09:00:00,52192.66
2025-04-28 10:00:00,52017.142
2025-04-28 11:00:00,52545.226
2025-04-28 12:00:00,52840.835
2025-04-28 13:00:00,52720.795
2025-04-28 14:00:00,52877.246
2025-04-28 15:00:00,52140.896
2025-04-28 16:00:00,52548.188
2025-04-28 17:00:00,53004.805
2025-04-28 18:00:00,53118.568
2025-04-28 19:00:00,53426.367
2025-04-28 20:00:00,53046.778
2025-04-28 21:00:00,53033.133
2025-04-28 22:00:00,52868.863
2025-04-28 23:00:00,52805.972
2025-04-29 00:00:00,51803.824
2025-04-29 01:00:00,51566.319
2025-04-29 02:00:00,51447.234
2025-04-29 03:00:00,51522.379
2025-04-29 04:00:00,52042.151
2025-04-29 05:00:00,52187.808
2025-04-29 06:00:00,51864.651
2025-04-29 07:00:00,52175.53
2025-04-29 08:00:00,52226.531
2025-04-29 09:00:00,52414.815
2025-04-29 10:00:00,52797.29
2025-04-29 11:00:00,52402.828
2025-04-29 12:00:00,52491.42
2025-04-29 13:00:00,52332.538
2025-04-29 14:00:00,52405.559
2025-04-29 15:00:00,53093.869
2025-04-29 16:00:00,52759.992
2025-04-29 17:00:00,53546.745
2025-04-29 18:00:00,53425.534
2025-04-29 19:00:00,53871.782
2025-04-29 20:00:00,53942.148
2025-04-29 21:00:00,53295.433
2025-04-29 22:00:00,53820.036
2025-04-29 23:00:00,54029.332
2025-04-30 00:00:00,54348.105
2025-04-30 01:00:00,53908.572
2025-04-30 02:00:00,53160.837
2025-04-30 03:00:00,52846.218
2025-04-30 04:00:00,52316.208
2025-04-30 05:00:00,52896.204
2025-04-30 06:00:00,52927.935
2025-04-30 07:00:00,52768.666
2025-04-30 08:00:00,52234.634
2025-04-30 09:00:00,52377.794
2025-04-30 10:00:00,52446.187
2025-04-30 11:00:00,52683.316
2025-04-30 12:00:00,52706.854
2025-04-30 13:00:00,52664.25
2025-04-30 14:00:00,52329.02
2025-04-30 15:00:00,52315.659
2025-04-30 16:00:00,52304.573
2025-04-30 17:00:00,52240.077
2025-04-30 18:00:00,51636.288
2025-04-30 19:00:00,51954.433
2025-04-30 20:00:00,52549.26
2025-04-30 21:00:00,51959.783
2025-04-30 22:00:00,52024.694
2025-04-30 23:00:00,51965.426
2025-05-01 00:00:00,51664.241
2025-05-01 01:00:00,51405.289
2025-05-01 02:00:00,51075.205
2025-05-01 03:00:00,51029.653
2025-05-01 04:00:00,50930.872
2025-05-01 05:00:00,51306.763
2025-05-01 06:00:00,50968.635
2025-05-01 07:00:00,50445.025
2025-05-01 08:00:00,50440.448
2025-05-01 09:00:00,50434.556
2025-05-01 10:00:00,50451.898
2025-05-01 11:00:00,50208.426
2025-05-01 12:00:00,50197.526
2025-05-01 13:00:00,50447.709
2025-05-01 14:00:00,51902.88
2025-05-01 15:00:00,52684.304
2025-05-01 16:00:00,53093.901
2025-05-01 17:00:00,53468.888
2025-05-01 18:00:00,54203.346
2025-05-01 19:00:00,54621.205
2025-05-01 20:00:00,55318.582
2025-05-01 21:00:00,55855.571
2025-05-01 22:00:00,55214.868
2025-05-01 23:00:00,54892.21
2025-05-02 00:00:00,54308.123
2025-05-02 01:00:00,54245.276
2025-05-02 02:00:00,54129.306
2025-05-02 03:00:00,54309.426
2025-05-02 04:00:00,53786.184
2025-05-02 05:00:00,54280.238
2025-05-02 06:00:00,54170.651
2025-05-02 07:00:00,54163.569
2025-05-02 08:00:00,53891.922
2025-05-02 09:00:00,53984.677
2025-05-02 10:00:00,53537.167
2025-05-02 11:00:00,54333.788
2025-05-02 12:00:00,53698.714
2025-05-02 13:00:00,53630.414
2025-05-02 14:00:00,53425.82
2025-05-02 15:00:00,53434.73
2025-05-02 16:00:00,53099.976
2025-05-02 17:00:00,53503.361
2025-05-02 18:00:00,53878.472
2025-05-02 19:00:00,52892.708
2025-05-02 20:00:00,52736.735
2025-05-02 21:00:00,52194.427
2025-05-02 22:00:00,52305.848
2025-05-02 23:00:00,52110.077
2025-05-03 00:00:00,50954.948
2025-05-03 01:00:00,50389.333
2025-05-03 02:00:00,49723.246
2025-05-03 03:00:00,49318.156
2025-05-03 04:00:00,49191.609
2025-05-03 05:00:00,49204.237
2025-05-03 06:00:00,49032.501
2025-05-03 07:00:00,49107.38
2025-05-03 08:00:00,48976.855
2025-05-03 09:00:00,48794.608
2025-05-03 10:00:00,48831.424
2025-05-03 11:00:00,48433.938
2025-05-03 12:00:00,48451.058
2025-05-03 13:00:00,48600.806
2025-05-03 14:00:00,48684.249
2025-05-03 15:00:00,48693.521
2025-05-03 16:00:00,48690.92
2025-05-03 17:00:00,48772.215
2025-05-03 18:00:00,48841.758
2025-05-03 19:00:00,49044.376
2025-05-03 20:00:00,48902.946
2025-05-03 21:00:00,48887.558
2025-05-03 22:00:00,48462.618
2025-05-03 23:00:00,48585.23
2025-05-04 00:00:00,48497.18
2025-05-04 01:00:00,48597.494
2025-05-04 02:00:00,48511.842
2025-05-04 03:00:00,48444.635
2025-05-04 04:00:00,48495.922
2025-05-04 05:00:00,48383.007
2025-05-04 06:00:00,47844.207
2025-05-04 07:00:00,48166.021
2025-05-04 08:00:00,48283.071
2025-05-04 09:00:00,48398.567
2025-05-04 10:00:00,48256.418
2025-05-04 11:00:00,48232.385
2025-05-04 12:00:00,48140.917
2025-05-04 13:00:00,48408.008
2025-05-04 14:00:00,48482.691
2025-05-04 15:00:00,48674.863
2025-05-04 16:00:00,48828.257
2025-05-04 17:00:00,49421.233
2025-05-04 18:00:00,49518.26
2025-05-04 19:00:00,49240.632
2025-05-04 20:00:00,48933.946
2025-05-04 21:00:00,49418.07
2025-05-04 22:00:00,49924.843
2025-05-04 23:00:00,49949.101
2025-05-05 00:00:00,49987.463
2025-05-05 01:00:00,49937.036
2025-05-05 02:00:00,49880.354
2025-05-05 03:00:00,49642.212
2025-05-05 04:00:00,48654.86
2025-05-05 05:00:00,48676.7
2025-05-05 06:00:00,48054.662
2025-05-05 07:00:00,48469.323
2025-05-05 08:00:00,47903.41
2025-05-05 09:00:00,48180.967
2025-05-05 10:00:00,48282.0
2025-05-05 11:00:00,48663.058
2025-05-05 12:00:00,48689.629
2025-05-05 13:00:00,48848.495
2025-05-05 14:00:00,48945.675
2025-05-05 15:00:00,48477.449
2025-05-05 16:00:00,49001.993
2025-05-05 17:00:00,49093.746
2025-05-05 18:00:00,49182.192
2025-05-05 19:00:00,49599.604
2025-05-05 20:00:00,50058.598
2025-05-05 21:00:00,49588.54
2025-05-05 22:00:00,49324.149
2025-05-05 23:00:00,48546.363
2025-05-06 00:00:00,48640.412
2025-05-06 01:00:00,48079.491
2025-05-06 02:00:00,47537.92
2025-05-06 03:00:00,48006.702
2025-05-06 04:00:00,48035.632
2025-05-06 05:00:00,47762.113
2025-05-06 06:00:00,47504.604
2025-05-06 07:00:00,46668.89
2025-05-06 08:00:00,46602.523
2025-05-06 09:00:00,46610.782
2025-05-06 10:00:00,46619.548
2025-05-06 11:00:00,46754.873
2025-05-06 12:00:00,46647.846
2025-05-06 13:00:00,47350.819
2025-05-06 14:00:00,47230.378
2025-05-06 15:00:00,47542.766
2025-05-06 16:00:00,47600.613
2025-05-06 17:00:00,47915.519
2025-05-06 18:00:00,48351.114
2025-05-06 19:00:00,48459.725
2025-05-06 20:00:00,48405.641
2025-05-06 21:00:00,48792.855
2025-05-06 22:00:00,48376.864
2025-05-06 23:00:00,48597.884
2025-05-07 00:00:00,48430.675
2025-05-07 01:00:00,48173.099
2025-05-07 02:00:00,47990.32
2025-05-07 03:00:00,48213.508
2025-05-07 04:00:00,47854.144
2025-05-07 05:00:00,47825.346
2025-05-07 06:00:00,47645.422
2025-05-07 07:00:00,47589.26
2025-05-07 08:00:00,46632.636
2025-05-07 09:00:00,46710.104
2025-05-07 10:00:00,46768.617
2025-05-07 11:00:00,46798.516
2025-05-07 12:00:00,46445.384
2025-05-07 13:00:00,46880.418
2025-05-07 14:00:00,47038.009
2025-05-07 15:00:00,47325.493
2025-05-07 16:00:00,47377.013
2025-05-07 17:00:00,47891.417
2025-05-07 18:00:00,47935.875
2025-05-07 19:00:00,47861.64
2025-05-07 20:00:00,48666.428
2025-05-07 21:00:00,48295.741
2025-05-07 22:00:00,47672.353
2025-05-07 23:00:00,48303.029
2025-05-08 00:00:00,48004.83
2025-05-08 01:00:00,48123.218
2025-05-08 02:00:00,47604.628
2025-05-08 03:00:00,48182.624
2025-05-08 04:00:00,48197.064
2025-05-08 05:00:00,47922.163
2025-05-08 06:00:00,46935.781
2025-05-08 07:00:00,47907.071
2025-05-08 08:00:00,48177.362
2025-05-08 09:00:00,49736.976
2025-05-08 10:00:00,49879.527
2025-05-08 11:00:00,49780.997
2025-05-08 12:00:00,50062.811
2025-05-08 13:00:00,50016.756
2025-05-08 14:00:00,50498.201
2025-05-08 15:00:00,51033.03
2025-05-08 16:00:00,51633.721
2025-05-08 17:00:00,51060.362
2025-05-08 18:00:00,50924.137
2025-05-08 19:00:00,50863.519
2025-05-08 20:00:00,49126.597
2025-05-08 21:00:00,49814.969
2025-05-08 22:00:00,48794.162
2025-05-08 23:00:00,49326.702
2025-05-09 00:00:00,48987.892
2025-05-09 01:00:00,47574.437
2025-05-09 02:00:00,46072.426
2025-05-09 03:00:00,45854.388
2025-05-09 04:00:00,46107.808
2025-05-09 05:00:00,44875.131
2025-05-09 06:00:00,44815.145
2025-05-09 07:00:00,44640.015
2025-05-09 08:00:00,44566.306
2025-05-09 09:00:00,44571.684
2025-05-09 10:00:00,44437.705
2025-05-09 11:00:00,44632.874
2025-05-09 12:00:00,44612.704
2025-05-09 13:00:00,44653.537
2025-05-09 14:00:00,44595.453
2025-05-09 15:00:00,44797.107
2025-05-09 16:00:00,45286.547
2025-05-09 17:00:00,45522.319
2025-05-09 18:00:00,46211.349
2025-05-09 19:00:00,46266.078
2025-05-09 20:00:00,46770.693
2025-05-09 21:00:00,46865.063
2025-05-09 22:00:00,46946.22
2025-05-09 23:00:00,47023.828
2025-05-10 00:00:00,46753.641
2025-05-10 01:00:00,46639.719
2025-05-10 02:00:00,46380.24
2025-05-10 03:00:00,46286.437
2025-05-10 04:00:00,46407.29
2025-05-10 05:00:00,46274.7
2025-05-10 06:00:00,46753.074
2025-05-10 07:00:00,46765.606
2025-05-10 08:00:00,46822.518
2025-05-10 09:00:00,46637.11
2025-05-10 10:00:00,46501.387
2025-05-10 11:00:00,46528.975
2025-05-10 12:00:00,46938.585
2025-05-10 13:00:00,47093.967
2025-05-10 14:00:00,47146.506
2025-05-10 15:00:00,47322.168
2025-05-10 16:00:00,47305.127
2025-05-10 17:00:00,47371.569
2025-05-10 18:00:00,48027.394
2025-05-10 19:00:00,48096.59
2025-05-10 20:00:00,48088.185
2025-05-10 21:00:00,47949.133
2025-05-10 22:00:00,48064.037
2025-05-10 23:00:00,48066.582
2025-05-11 00:00:00,48022.328
2025-05-11 01:00:00,48008.1
2025-05-11 02:00:00,47354.247
2025-05-11 03:00:00,47567.18
2025-05-11 04:00:00,46522.039
2025-05-11 05:00:00,47072.574
2025-05-11 06:00:00,47104.68
2025-05-11 07:00:00,46362.626
2025-05-11 08:00:00,46768.457
2025-05-11 09:00:00,47097.951
2025-05-11 10:00:00,47101.447
2025-05-11 11:00:00,47556.647
2025-05-11 12:00:00,47702.743
2025-05-11 13:00:00,47281.759
2025-05-11 14:00:00,47398.797
2025-05-11 15:00:00,47609.771
2025-05-11 16:00:00,47703.216
2025-05-11 17:00:00,48100.308
2025-05-11 18:00:00,48555.273
2025-05-11 19:00:00,49536.905
2025-05-11 20:00:00,49445.601
2025-05-11 21:00:00,49477.966
2025-05-11 22:00:00,49729.468
2025-05-11 23:00:00,49516.24
2025-05-12 00:00:00,49710.616
2025-05-12 01:00:00,49859.459
2025-05-12 02:00:00,49366.058
2025-05-12 03:00:00,49349.891
2025-05-12 04:00:00,49290.059
2025-05-12 05:00:00,49418.319
2025-05-12 06:00:00,49159.399
2025-05-12 07:00:00,49568.157
2025-05-12 08:00:00,49614.935
2025-05-12 09:00:00,50036.741
2025-05-12 10:00:00,50115.741
2025-05-12 11:00:00,49995.033
2025-05-12 12:00:00,49351.538
2025-05-12 13:00:00,50033.668
2025-05-12 14:00:00,50099.602
2025-05-12 15:00:00,50054.16
2025-05-12 16:00:00,50746.54
2025-05-12 17:00:00,50642.835
2025-05-12 18:00:00,51221.277
2025-05-12 19:00:00,50637.521
2025-05-12 20:00:00,50370.075
2025-05-12 21:00:00,50256.587
2025-05-12 22:00:00,50230.031
2025-05-12 23:00:00,49285.275
2025-05-13 00:00:00,49752.173
2025-05-13 01:00:00,49339.049
2025-05-13 02:00:00,49217.618
2025-05-13 03:00:00,49142.726
2025-05-13 04:00:00,48671.546
2025-05-13 05:00:00,48727.559
2025-05-13 06:00:00,48715.027
2025-05-13 07:00:00,48314.668
2025-05-13 08:00:00,48660.363
2025-05-13 09:00:00,48264.897
2025-05-13 10:00:00,48459.914
2025-05-13 11:00:00,48583.881
2025-05-13 12:00:00,48551.717
2025-05-13 13:00:00,48747.791
2025-05-13 14:00:00,47915.541
2025-05-13 15:00:00,48311.186
2025-05-13 16:00:00,48200.83
2025-05-13 17:00:00,48317.617
2025-05-13 18:00:00,49394.435
2025-05-13 19:00:00,50849.397
2025-05-13 20:00:00,51014.522
2025-05-13 21:00:00,50712.756
2025-05-13 22:00:00,50739.087
2025-05-13 23:00:00,50545.13
2025-05-14 00:00:00,48983.942
2025-05-14 01:00:00,49144.934
2025-05-14 02:00:00,49275.54
2025-05-14 03:00:00,49280.982
2025-05-14 04:00:00,49309.277
2025-05-14 05:00:00,49334.733
2025-05-14 06:00:00,49148.456
2025-05-14 07:00:00,48931.665
2025-05-14 08:00:00,48917.305
2025-05-14 09:00:00,48953.36
2025-05-14 10:00:00,49273.774
2025-05-14 11:00:00,49424.532
2025-05-14 12:00:00,49346.82
2025-05-14 13:00:00,49359.838
2025-05-14 14:00:00,48897.432
2025-05-14 15:00:00,49034.112
2025-05-14 16:00:00,49039.371
2025-05-14 17:00:00,49847.304
2025-05-14 18:00:00,49808.354
2025-05-14 19:00:00,49902.199
2025-05-14 20:00:00,50494.793
2025-05-14 21:00:00,50470.818
2025-05-14 22:00:00,49435.607
2025-05-14 23:00:00,49612.264
2025-05-15 00:00:00,49362.746
2025-05-15 01:00:00,49321.515
2025-05-15 02:00:00,49349.39
2025-05-15 03:00:00,49324.632
2025-05-15 04:00:00,49385.606
2025-05-15 05:00:00,49350.351
2025-05-15 06:00:00,49971.314
2025-05-15 07:00:00,50123.875
2025-05-15 08:00:00,50178.586
2025-05-15 09:00:00,50120.032
2025-05-15 10:00:00,50359.625
2025-05-15 11:00:00,50484.064
2025-05-15 12:00:00,50368.794
2025-05-15 13:00:00,50977.624
2025-05-15 14:00:00,50973.777
2025-05-15 15:00:00,51062.717
2025-05-15 16:00:00,51164.239
2025-05-15 17:00:00,50735.012
2025-05-15 18:00:00,50599.623
2025-05-15 19:00:00,51262.908
2025-05-15 20:00:00,49973.578
2025-05-15 21:00:00,50574.438
2025-05-15 22:00:00,50339.005
2025-05-15 23:00:00,49314.869
2025-05-16 00:00:00,48378.24
2025-05-16 01:00:00,48228.906
2025-05-16 02:00:00,47920.152
2025-05-16 03:00:00,48162.502
2025-05-16 04:00:00,47639.047
2025-05-16 05:00:00,47777.851
2025-05-16 06:00:00,47820.009
2025-05-16 07:00:00,48162.035
2025-05-16 08:00:00,48392.137
2025-05-16 09:00:00,48609.266
2025-05-16 10:00:00,48502.504
2025-05-16 11:00:00,48588.307
2025-05-16 12:00:00,48774.166
2025-05-16 13:00:00,48782.818
2025-05-16 14:00:00,48577.781
2025-05-16 15:00:00,48748.08
2025-05-16 16:00:00,48757.364
2025-05-16 17:00:00,48891.555
2025-05-16 18:00:00,49815.451
2025-05-16 19:00:00,49667.27
2025-05-16 20:00:00,49422.263
2025-05-16 21:00:00,49863.947
2025-05-16 22:00:00,50075.564
2025-05-16 23:00:00,50028.148
2025-05-17 00:00:00,49470.474
2025-05-17 01:00:00,49828.796
2025-05-17 02:00:00,49830.807
2025-05-17 03:00:00,50036.279
2025-05-17 04:00:00,49832.336
2025-05-17 05:00:00,49289.3
2025-05-17 06:00:00,48909.368
2025-05-17 07:00:00,49041.181
2025-05-17 08:00:00,48901.929
2025-05-17 09:00:00,48640.455
2025-05-17 10:00:00,48626.917
2025-05-17 11:00:00,48664.251
2025-05-17 12:00:00,48605.133
2025-05-17 13:00:00,48727.838
2025-05-17 14:00:00,48667.589
2025-05-17 15:00:00,48604.43
2025-05-17 16:00:00,48683.13
2025-05-17 17:00:00,48684.453
2025-05-17 18:00:00,48725.1
2025-05-17 19:00:00,48697.63
2025-05-17 20:00:00,48745.88
2025-05-17 21:00:00,48990.527
2025-05-17 22:00:00,48782.633
2025-05-17 23:00:00,48751.086
2025-05-18 00:00:00,48722.484
2025-05-18 01:00:00,48551.359
2025-05-18 02:00:00,48446.682
2025-05-18 03:00:00,48745.221
2025-05-18 04:00:00,48607.582
2025-05-18 05:00:00,48676.571
2025-05-18 06:00:00,48811.188
2025-05-18 07:00:00,48786.182
2025-05-18 08:00:00,48758.131
2025-05-18 09:00:00,48696.417
2025-05-18 10:00:00,48608.733
2025-05-18 11:00:00,48807.668
2025-05-18 12:00:00,48646.237
2025-05-18 13:00:00,49247.865
2025-05-18 14:00:00,49513.179
2025-05-18 15:00:00,49483.483
2025-05-18 16:00:00,49563.546
2025-05-18 17:00:00,49400.317
2025-05-18 18:00:00,49304.076
2025-05-18 19:00:00,49429.829
2025-05-18 20:00:00,50268.575
2025-05-18 21:00:00,51363.137
2025-05-18 22:00:00,50578.781
2025-05-18 23:00:00,51168.384
2025-05-19 00:00:00,50787.465
2025-05-19 01:00:00,50117.764
2025-05-19 02:00:00,50214.433
2025-05-19 03:00:00,50057.253
2025-05-19 04:00:00,50776.896
2025-05-19 05:00:00,51011.01
2025-05-19 06:00:00,50778.693
2025-05-19 07:00:00,50323.989
2025-05-19 08:00:00,50333.686
2025-05-19 09:00:00,50253.613
2025-05-19 10:00:00,50361.335
2025-05-19 11:00:00,50657.652
2025-05-19 12:00:00,51111.415
2025-05-19 13:00:00,50839.222
2025-05-19 14:00:00,50873.056
2025-05-19 15:00:00,51022.285
2025-05-19 16:00:00,51013.087
2025-05-19 17:00:00,51740.001
2025-05-19 18:00:00,51816.602
2025-05-19 19:00:00,52635.393
2025-05-19 20:00:00,52036.271
2025-05-19 21:00:00,51477.46
2025-05-19 22:00:00,52114.722
2025-05-19 23:00:00,52420.112
2025-05-20 00:00:00,51268.779
2025-05-20 01:00:00,51637.216
2025-05-20 02:00:00,52187.564
2025-05-20 03:00:00,52598.992
2025-05-20 04:00:00,52759.746
2025-05-20 05:00:00,52897.245
2025-05-20 06:00:00,52882.757
2025-05-20 07:00:00,53844.729
2025-05-20 08:00:00,52952.714
2025-05-20 09:00:00,52589.017
2025-05-20 10:00:00,53079.981
2025-05-20 11:00:00,53139.539
2025-05-20 12:00:00,53305.432
2025-05-20 13:00:00,52971.977
2025-05-20 14:00:00,52788.747
2025-05-20 15:00:00,52771.932
2025-05-20 16:00:00,52699.986
2025-05-20 17:00:00,53222.029
2025-05-20 18:00:00,53410.518
2025-05-20 19:00:00,52274.371
2025-05-20 20:00:00,52125.243
2025-05-20 21:00:00,52230.149
2025-05-20 22:00:00,53621.471
2025-05-20 23:00:00,54381.449
2025-05-21 00:00:00,53552.704
2025-05-21 01:00:00,52882.389
2025-05-21 02:00:00,52963.218
2025-05-21 03:00:00,53303.548
2025-05-21 04:00:00,53541.926
2025-05-21 05:00:00,54757.208
2025-05-21 06:00:00,54440.769
2025-05-21 07:00:00,54951.216
2025-05-21 08:00:00,55431.427
2025-05-21 09:00:00,54909.004
2025-05-21 10:00:00,55144.549
2025-05-21 11:00:00,54431.037
2025-05-21 12:00:00,53852.022
2025-05-21 13:00:00,54808.377
2025-05-21 14:00:00,54852.518
2025-05-21 15:00:00,54332.451
2025-05-21 16:00:00,54515.812
2025-05-21 17:00:00,54479.212
2025-05-21 18:00:00,54905.899
2025-05-21 19:00:00,54956.636
2025-05-21 20:00:00,56502.076
2025-05-21 21:00:00,57569.611
2025-05-21 22:00:00,55142.079
2025-05-21 23:00:00,54763.211
2025-05-22 00:00:00,53905.49
2025-05-22 01:00:00,53397.738
2025-05-22 02:00:00,53455.284
2025-05-22 03:00:00,53573.997
2025-05-22 04:00:00,53811.372
2025-05-22 05:00:00,53897.478
2025-05-22 06:00:00,54189.426
2025-05-22 07:00:00,54105.471
2025-05-22 08:00:00,53519.317
2025-05-22 09:00:00,53825.36
2025-05-22 10:00:00,53865.742
2025-05-22 11:00:00,53961.861
2025-05-22 12:00:00,53357.494
2025-05-22 13:00:00,52825.531
2025-05-22 14:00:00,52794.801
2025-05-22 15:00:00,52861.357
2025-05-22 16:00:00,53182.043
2025-05-22 17:00:00,54776.732
2025-05-22 18:00:00,54920.568
2025-05-22 19:00:00,54815.393
2025-05-22 20:00:00,54846.452
2025-05-22 21:00:00,55273.945
2025-05-22 22:00:00,56428.659
2025-05-22 23:00:00,56399.921
2025-05-23 00:00:00,55625.83
2025-05-23 01:00:00,55283.396
2025-05-23 02:00:00,55650.519
2025-05-23 03:00:00,55746.191
2025-05-23 04:00:00,54988.235
2025-05-23 05:00:00,55205.812
2025-05-23 06:00:00,55171.085
2025-05-23 07:00:00,54924.272
2025-05-23 08:00:00,55330.091
2025-05-23 09:00:00,55332.99
2025-05-23 10:00:00,55370.412
2025-05-23 11:00:00,55519.418
2025-05-23 12:00:00,55553.793
2025-05-23 13:00:00,55843.659
2025-05-23 14:00:00,55711.955
2025-05-23 15:00:00,55858.96
2025-05-23 16:00:00,55872.501
2025-05-23 17:00:00,55075.086
2025-05-23 18:00:00,55456.935
2025-05-23 19:00:00,55139.838
2025-05-23 20:00:00,54440.96
2025-05-23 21:00:00,54483.464
2025-05-23 22:00:00,54427.965
2025-05-23 23:00:00,55024.36
2025-05-24 00:00:00,55013.585
2025-05-24 01:00:00,55208.712
2025-05-24 02:00:00,55470.826
2025-05-24 03:00:00,55034.38
2025-05-24 04:00:00,55525.849
2025-05-24 05:00:00,55041.886
2025-05-24 06:00:00,55314.103
2025-05-24 07:00:00,55326.76
2025-05-24 08:00:00,55493.672
2025-05-24 09:00:00,55611.355
2025-05-24 10:00:00,55367.051
2025-05-24 11:00:00,54715.869
2025-05-24 12:00:00,54485.381
2025-05-24 13:00:00,54572.614
2025-05-24 14:00:00,54743.472
2025-05-24 15:00:00,54725.91
2025-05-24 16:00:00,55412.212
2025-05-24 17:00:00,55039.527
2025-05-24 18:00:00,55252.33
2025-05-24 19:00:00,55342.772
2025-05-24 20:00:00,55332.437
2025-05-24 21:00:00,55557.53
2025-05-24 22:00:00,55450.349
2025-05-24 23:00:00,55450.991
2025-05-25 00:00:00,55481.754
2025-05-25 01:00:00,55626.886
2025-05-25 02:00:00,55541.358
2025-05-25 03:00:00,55151.715
2025-05-25 04:00:00,56337.625
2025-05-25 05:00:00,55884.001
2025-05-25 06:00:00,55859.684
2025-05-25 07:00:00,55654.627
2025-05-25 08:00:00,56219.952
2025-05-25 09:00:00,56475.965
2025-05-25 10:00:00,56447.012
2025-05-25 11:00:00,56596.815
2025-05-25 12:00:00,56803.433
2025-05-25 13:00:00,57226.866
2025-05-25 14:00:00,57448.816
2025-05-25 15:00:00,57503.601
2025-05-25 16:00:00,57769.373
2025-05-25 17:00:00,58763.662
2025-05-25 18:00:00,59214.569
2025-05-25 19:00:00,59394.633
2025-05-25 20:00:00,58312.483
2025-05-25 21:00:00,58369.672
2025-05-25 22:00:00,58667.371
2025-05-25 23:00:00,58629.648
2025-05-26 00:00:00,58474.266
2025-05-26 01:00:00,58470.596
2025-05-26 02:00:00,58230.95
2025-05-26 03:00:00,57874.54
2025-05-26 04:00:00,57638.838
2025-05-26 05:00:00,57961.385
2025-05-26 06:00:00,57504.115
2025-05-26 07:00:00,57033.273
2025-05-26 08:00:00,56884.616
2025-05-26 09:00:00,56857.46
2025-05-26 10:00:00,56959.422
2025-05-26 11:00:00,57612.766
2025-05-26 12:00:00,57511.461
2025-05-26 13:00:00,57589.192
2025-05-26 14:00:00,58136.885
2025-05-26 15:00:00,58375.961
2025-05-26 16:00:00,58137.843
2025-05-26 17:00:00,57944.347
2025-05-26 18:00:00,58364.529
2025-05-26 19:00:00,58680.42
2025-05-26 20:00:00,59801.674
2025-05-26 21:00:00,59196.588
2025-05-26 22:00:00,58876.632
2025-05-26 23:00:00,59204.129
2025-05-27 00:00:00,59554.476
2025-05-27 01:00:00,57899.034
2025-05-27 02:00:00,58687.061
2025-05-27 03:00:00,57940.439
2025-05-27 04:00:00,58095.671
2025-05-27 05:00:00,57999.965
2025-05-27 06:00:00,56473.174
2025-05-27 07:00:00,56327.22
2025-05-27 08:00:00,56389.115
2025-05-27 09:00:00,56285.462
2025-05-27 10:00:00,56395.916
2025-05-27 11:00:00,56077.197
2025-05-27 12:00:00,55670.457
2025-05-27 13:00:00,55063.745
2025-05-27 14:00:00,55625.267
2025-05-27 15:00:00,55703.665
2025-05-27 16:00:00,56016.283
2025-05-27 17:00:00,55799.407
2025-05-27 18:00:00,57362.83
2025-05-27 19:00:00,55846.296
2025-05-27 20:00:00,56312.291
2025-05-27 21:00:00,56991.695
2025-05-27 22:00:00,57230.535
2025-05-27 23:00:00,56637.379
2025-05-28 00:00:00,56174.6
2025-05-28 01:00:00,57297.944
2025-05-28 02:00:00,56290.366
2025-05-28 03:00:00,58400.176
2025-05-28 04:00:00,58380.194
2025-05-28 05:00:00,57848.528
2025-05-28 06:00:00,58265.216
2025-05-28 07:00:00,58411.768
2025-05-28 08:00:00,58765.776
2025-05-28 09:00:00,58893.231
2025-05-28 10:00:00,58880.115
2025-05-28 11:00:00,58952.936
2025-05-28 12:00:00,58505.085
2025-05-28 13:00:00,58627.994
2025-05-28 14:00:00,59008.386
2025-05-28 15:00:00,58740.708
2025-05-28 16:00:00,58482.888
2025-05-28 17:00:00,58685.311
2025-05-28 18:00:00,60001.495
2025-05-28 19:00:00,60773.558
2025-05-28 20:00:00,60762.379
2025-05-28 21:00:00,61159.893
2025-05-28 22:00:00,61603.27
2025-05-28 23:00:00,61170.998
2025-05-29 00:00:00,61116.829
2025-05-29 01:00:00,61187.545
2025-05-29 02:00:00,61547.991
2025-05-29 03:00:00,61780.395
2025-05-29 04:00:00,61794.002
2025-05-29 05:00:00,61945.046
2025-05-29 06:00:00,61675.219
2025-05-29 07:00:00,60808.887
2025-05-29 08:00:00,61265.565
2025-05-29 09:00:00,60513.24
2025-05-29 10:00:00,61084.981
2025-05-29 11:00:00,60986.526
2025-05-29 12:00:00,61358.377
2025-05-29 13:00:00,61138.826
2025-05-29 14:00:00,61187.698
2025-05-29 15:00:00,60536.703
2025-05-29 16:00:00,60906.959
2025-05-29 17:00:00,61492.38
2025-05-29 18:00:00,61439.514
2025-05-29 19:00:00,61636.573
2025-05-29 20:00:00,61811.917
2025-05-29 21:00:00,62153.516
2025-05-29 22:00:00,62195.73
2025-05-29 23:00:00,61256.16
2025-05-30 00:00:00,60400.518
2025-05-30 01:00:00,61407.096
2025-05-30 02:00:00,61289.201
2025-05-30 03:00:00,61357.858
2025-05-30 04:00:00,61622.49
2025-05-30 05:00:00,59055.615
2025-05-30 06:00:00,58120.83
2025-05-30 07:00:00,58344.362
2025-05-30 08:00:00,58342.534
2025-05-30 09:00:00,58618.004
2025-05-30 10:00:00,58561.807
2025-05-30 11:00:00,58482.961
2025-05-30 12:00:00,57609.213
2025-05-30 13:00:00,59240.866
2025-05-30 14:00:00,59147.593
2025-05-30 15:00:00,60556.457
2025-05-30 16:00:00,59889.773
2025-05-30 17:00:00,59727.067
2025-05-30 18:00:00,58754.102
2025-05-30 19:00:00,57772.419
2025-05-30 20:00:00,57815.458
2025-05-30 21:00:00,56885.122
2025-05-30 22:00:00,57684.013
2025-05-30 23:00:00,56599.202
2025-05-31 00:00:00,56715.388
2025-05-31 01:00:00,56316.902
2025-05-31 02:00:00,56665.407
2025-05-31 03:00:00,56462.882
2025-05-31 04:00:00,56935.074
2025-05-31 05:00:00,57333.16
2025-05-31 06:00:00,56788.669
2025-05-31 07:00:00,57008.57
2025-05-31 08:00:00,56831.726
2025-05-31 09:00:00,56906.534
2025-05-31 10:00:00,56921.678
2025-05-31 11:00:00,57108.488
2025-05-31 12:00:00,56876.395
2025-05-31 13:00:00,57082.585
2025-05-31 14:00:00,57209.815
2025-05-31 15:00:00,57427.508
2025-05-31 16:00:00,57392.417
2025-05-31 17:00:00,57606.969
2025-05-31 18:00:00,57610.083
2025-05-31 19:00:00,57431.895
2025-05-31 20:00:00,56996.374
2025-05-31 21:00:00,57356.834
2025-05-31 22:00:00,57300.301
2025-05-31 23:00:00,57580.998
2025-06-01 00:00:00,58220.778
2025-06-01 01:00:00,58113.65
2025-06-01 02:00:00,58636.535
2025-06-01 03:00:00,58026.491
2025-06-01 04:00:00,57698.55
2025-06-01 05:00:00,58388.617
2025-06-01 06:00:00,58265.527
2025-06-01 07:00:00,58409.288
2025-06-01 08:00:00,58347.698
2025-06-01 09:00:00,58350.082
2025-06-01 10:00:00,58458.794
2025-06-01 11:00:00,58393.225
2025-06-01 12:00:00,58525.498
2025-06-01 13:00:00,58481.756
2025-06-01 14:00:00,58378.303
2025-06-01 15:00:00,58277.812
2025-06-01 16:00:00,58484.749
2025-06-01 17:00:00,58453.579
2025-06-01 18:00:00,58411.378
2025-06-01 19:00:00,58278.271
2025-06-01 20:00:00,58197.793
2025-06-01 21:00:00,58009.163
2025-06-01 22:00:00,58083.985
2025-06-01 23:00:00,58231.008
2025-06-02 00:00:00,58351.509
2025-06-02 01:00:00,58618.097
2025-06-02 02:00:00,58429.836
2025-06-02 03:00:00,58152.477
2025-06-02 04:00:00,57864.569
2025-06-02 05:00:00,58092.48
2025-06-02 06:00:00,58226.384
2025-06-02 07:00:00,58133.054
2025-06-02 08:00:00,58072.181
2025-06-02 09:00:00,58053.41
2025-06-02 10:00:00,58090.377
2025-06-02 11:00:00,57975.275
2025-06-02 12:00:00,57922.06
2025-06-02 13:00:00,57045.63
2025-06-02 14:00:00,57388.091
2025-06-02 15:00:00,57520.175
2025-06-02 16:00:00,57509.057
2025-06-02 17:00:00,58241.369
2025-06-02 18:00:00,58948.31
2025-06-02 19:00:00,57207.78
2025-06-02 20:00:00,57035.854
2025-06-02 21:00:00,57675.467
2025-06-02 22:00:00,57736.688
2025-06-02 23:00:00,57555.208
2025-06-03 00:00:00,57141.303
2025-06-03 01:00:00,56926.587
2025-06-03 02:00:00,57127.042
2025-06-03 03:00:00,56852.208
2025-06-03 04:00:00,56502.498
2025-06-03 05:00:00,56113.262
2025-06-03 06:00:00,56141.372
2025-06-03 07:00:00,55280.615
2025-06-03 08:00:00,55026.55
2025-06-03 09:00:00,55230.444
2025-06-03 10:00:00,55051.109
2025-06-03 11:00:00,55168.775
2025-06-03 12:00:00,55524.312
2025-06-03 13:00:00,55840.616
2025-06-03 14:00:00,55288.406
2025-06-03 15:00:00,54900.508
2025-06-03 16:00:00,54821.542
2025-06-03 17:00:00,54911.674
2025-06-03 18:00:00,56664.321
2025-06-03 19:00:00,56584.435
2025-06-03 20:00:00,57847.464
2025-06-03 21:00:00,57713.166
2025-06-03 22:00:00,57829.274
2025-06-03 23:00:00,57466.004
2025-06-04 00:00:00,58037.582
2025-06-04 01:00:00,56687.815
2025-06-04 02:00:00,56846.203
2025-06-04 03:00:00,57933.906
2025-06-04 04:00:00,57204.002
2025-06-04 05:00:00,56783.942
2025-06-04 06:00:00,56222.351
2025-06-04 07:00:00,57202.495
2025-06-04 08:00:00,57069.851
2025-06-04 09:00:00,57290.37
2025-06-04 10:00:00,57539.074
2025-06-04 11:00:00,57561.239
2025-06-04 12:00:00,57515.662
2025-06-04 13:00:00,57417.612
2025-06-04 14:00:00,57394.385
2025-06-04 15:00:00,57349.319
2025-06-04 16:00:00,57056.461
2025-06-04 17:00:00,55342.741
2025-06-04 18:00:00,56153.039
2025-06-04 19:00:00,56949.997
2025-06-04 20:00:00,55623.166
2025-06-04 21:00:00,55733.903
2025-06-04 22:00:00,56321.297
2025-06-04 23:00:00,57099.742
2025-06-05 00:00:00,55971.633
2025-06-05 01:00:00,55593.71
2025-06-05 02:00:00,55477.498
2025-06-05 03:00:00,55575.452
2025-06-05 04:00:00,55850.145
2025-06-05 05:00:00,56213.461
2025-06-05 06:00:00,56338.693
2025-06-05 07:00:00,56086.55
2025-06-05 08:00:00,55996.094
2025-06-05 09:00:00,56010.144
2025-06-05 10:00:00,56008.515
2025-06-05 11:00:00,56850.03
2025-06-05 12:00:00,57074.922
2025-06-05 13:00:00,57147.046
2025-06-05 14:00:00,57011.26
2025-06-05 15:00:00,57459.026
2025-06-05 16:00:00,57627.232
2025-06-05 17:00:00,57687.103
2025-06-05 18:00:00,57738.19
2025-06-05 19:00:00,57432.059
2025-06-05 20:00:00,57782.266
2025-06-05 21:00:00,58539.882
2025-06-05 22:00:00,58573.232
2025-06-05 23:00:00,59140.052
2025-06-06 00:00:00,58005.484
2025-06-06 01:00:00,57867.881
2025-06-06 02:00:00,58153.957
2025-06-06 03:00:00,58459.136
2025-06-06 04:00:00,58596.761
2025-06-06 05:00:00,58179.419
2025-06-06 06:00:00,58077.87
2025-06-06 07:00:00,57999.42
2025-06-06 08:00:00,57896.725
2025-06-06 09:00:00,57373.96
2025-06-06 10:00:00,56940.702
2025-06-06 11:00:00,56600.54
2025-06-06 12:00:00,56577.761
2025-06-06 13:00:00,56670.529
2025-06-06 14:00:00,55809.866
2025-06-06 15:00:00,56022.348
2025-06-06 16:00:00,55870.42
2025-06-06 17:00:00,57590.63
2025-06-06 18:00:00,57328.264
2025-06-06 19:00:00,57478.53
2025-06-06 20:00:00,58084.869
2025-06-06 21:00:00,58885.073
2025-06-06 22:00:00,58793.799
2025-06-06 23:00:00,59190.328
2025-06-07 00:00:00,58615.237
2025-06-07 01:00:00,58194.897
2025-06-07 02:00:00,58425.083
2025-06-07 03:00:00,58327.753
2025-06-07 04:00:00,58287.582
2025-06-07 05:00:00,57653.608
2025-06-07 06:00:00,57468.363
2025-06-07 07:00:00,57272.258
2025-06-07 08:00:00,56390.352
2025-06-07 09:00:00,56974.632
2025-06-07 10:00:00,56754.506
2025-06-07 11:00:00,56500.075
2025-06-07 12:00:00,55890.094
2025-06-07 13:00:00,55963.121
2025-06-07 14:00:00,56442.017
2025-06-07 15:00:00,56874.463
2025-06-07 16:00:00,57147.016
2025-06-07 17:00:00,57560.626
2025-06-07 18:00:00,57811.652
2025-06-07 19:00:00,58123.596
2025-06-07 20:00:00,58136.54
2025-06-07 21:00:00,58078.533
2025-06-07 22:00:00,58054.543
2025-06-07 23:00:00,58101.995
2025-06-08 00:00:00,57342.635
2025-06-08 01:00:00,57161.032
2025-06-08 02:00:00,57100.197
2025-06-08 03:00:00,57162.27
2025-06-08 04:00:00,56629.683
2025-06-08 05:00:00,56690.711
2025-06-08 06:00:00,56576.269
2025-06-08 07:00:00,56609.067
2025-06-08 08:00:00,56640.659
2025-06-08 09:00:00,56616.84
2025-06-08 10:00:00,56625.186
2025-06-08 11:00:00,56616.064
2025-06-08 12:00:00,56592.77
2025-06-08 13:00:00,56579.138
2025-06-08 14:00:00,56688.777
2025-06-08 15:00:00,56359.433
2025-06-08 16:00:00,56099.668
2025-06-08 17:00:00,56220.009
2025-06-08 18:00:00,56350.714
2025-06-08 19:00:00,56561.659
2025-06-08 20:00:00,57018.354
2025-06-08 21:00:00,57143.309
2025-06-08 22:00:00,57598.501
2025-06-08 23:00:00,57616.729
2025-06-09 00:00:00,57650.649
2025-06-09 01:00:00,57690.638
2025-06-09 02:00:00,57397.637
2025-06-09 03:00:00,56883.464
2025-06-09 04:00:00,56318.356
2025-06-09 05:00:00,56337.664
2025-06-09 06:00:00,56869.783
2025-06-09 07:00:00,56670.207
2025-06-09 08:00:00,56588.508
2025-06-09 09:00:00,56597.213
2025-06-09 10:00:00,56626.362
2025-06-09 11:00:00,56418.891
2025-06-09 12:00:00,56468.049
2025-06-09 13:00:00,56245.141
2025-06-09 14:00:00,58369.758
2025-06-09 15:00:00,58423.673
2025-06-09 16:00:00,58031.87
2025-06-09 17:00:00,58295.991
2025-06-09 18:00:00,58538.318
2025-06-09 19:00:00,59297.953
2025-06-09 20:00:00,59924.571
2025-06-09 21:00:00,59849.588
2025-06-09 22:00:00,60069.613
2025-06-09 23:00:00,60646.702
2025-06-10 00:00:00,60569.618
2025-06-10 01:00:00,60666.295
2025-06-10 02:00:00,57608.241
2025-06-10 03:00:00,57912.522
2025-06-10 04:00:00,57562.531
2025-06-10 05:00:00,57476.703
2025-06-10 06:00:00,57355.155
2025-06-10 07:00:00,57290.074
2025-06-10 08:00:00,57344.385
2025-06-10 09:00:00,57538.055
2025-06-10 10:00:00,57699.024
2025-06-10 11:00:00,57809.741
2025-06-10 12:00:00,57781.455
2025-06-10 13:00:00,57477.887
2025-06-10 14:00:00,57779.416
2025-06-10 15:00:00,57801.466
2025-06-10 16:00:00,57166.448
2025-06-10 17:00:00,57338.094
2025-06-10 18:00:00,56904.85
2025-06-10 19:00:00,56360.223
2025-06-10 20:00:00,56288.396
2025-06-10 21:00:00,56112.944
2025-06-10 22:00:00,55880.676
2025-06-10 23:00:00,55790.513
2025-06-11 00:00:00,55463.643
2025-06-11 01:00:00,55541.185
2025-06-11 02:00:00,55685.019
2025-06-11 03:00:00,55634.368
2025-06-11 04:00:00,55324.044
2025-06-11 05:00:00,55318.879
2025-06-11 06:00:00,55205.456
2025-06-11 07:00:00,55273.91
2025-06-11 08:00:00,55272.248
2025-06-11 09:00:00,55234.691
2025-06-11 10:00:00,55112.067
2025-06-11 11:00:00,55087.259
2025-06-11 12:00:00,55175.393
2025-06-11 13:00:00,54970.933
2025-06-11 14:00:00,55118.166
2025-06-11 15:00:00,55107.99
2025-06-11 16:00:00,55245.16
2025-06-11 17:00:00,56338.649
2025-06-11 18:00:00,56907.792
2025-06-11 19:00:00,58470.364
2025-06-11 20:00:00,58025.874
2025-06-11 21:00:00,58490.957
2025-06-11 22:00:00,57695.265
2025-06-11 23:00:00,56749.733
2025-06-12 00:00:00,57350.233
2025-06-12 01:00:00,56808.793
2025-06-12 02:00:00,56545.532
2025-06-12 03:00:00,56841.734
2025-06-12 04:00:00,56766.273
2025-06-12 05:00:00,56643.6
2025-06-12 06:00:00,56325.11
2025-06-12 07:00:00,56394.198
2025-06-12 08:00:00,56393.619
2025-06-12 09:00:00,56078.733
2025-06-12 10:00:00,55939.938
2025-06-12 11:00:00,55992.679
2025-06-12 12:00:00,56010.076
2025-06-12 13:00:00,56350.152
2025-06-12 14:00:00,56403.439
2025-06-12 15:00:00,56092.132
2025-06-12 16:00:00,56472.414
2025-06-12 17:00:00,56464.103
2025-06-12 18:00:00,57836.507
2025-06-12 19:00:00,57535.694
2025-06-12 20:00:00,56719.844
2025-06-12 21:00:00,57154.686
2025-06-12 22:00:00,57374.13
2025-06-12 23:00:00,56403.15
2025-06-13 00:00:00,54963.97
2025-06-13 01:00:00,54131.794
2025-06-13 02:00:00,54457.919
2025-06-13 03:00:00,53556.394
2025-06-13 04:00:00,53689.06
2025-06-13 05:00:00,53073.226
2025-06-13 06:00:00,51847.939
2025-06-13 07:00:00,52345.035
2025-06-13 08:00:00,52720.535
2025-06-13 09:00:00,52229.973
2025-06-13 10:00:00,52860.801
2025-06-13 11:00:00,52935.678
2025-06-13 12:00:00,52952.473
2025-06-13 13:00:00,52395.525
2025-06-13 14:00:00,52388.357
2025-06-13 15:00:00,52473.674
2025-06-13 16:00:00,52561.333
2025-06-13 17:00:00,52660.997
2025-06-13 18:00:00,52965.874
2025-06-13 19:00:00,53160.493
2025-06-13 20:00:00,52722.029
2025-06-13 21:00:00,52655.625
2025-06-13 22:00:00,52691.212
2025-06-13 23:00:00,52737.262
2025-06-14 00:00:00,52549.123
2025-06-14 01:00:00,52452.551
2025-06-14 02:00:00,52342.781
2025-06-14 03:00:00,51848.769
2025-06-14 04:00:00,51680.936
2025-06-14 05:00:00,51712.319
2025-06-14 06:00:00,51990.076
2025-06-14 07:00:00,52041.134
2025-06-14 08:00:00,51915.598
2025-06-14 09:00:00,51970.492
2025-06-14 10:00:00,51980.896
2025-06-14 11:00:00,51641.142
2025-06-14 12:00:00,51811.55
2025-06-14 13:00:00,51797.154
2025-06-14 14:00:00,51937.942
2025-06-14 15:00:00,51963.982
2025-06-14 16:00:00,52270.259
2025-06-14 17:00:00,51889.803
2025-06-14 18:00:00,52052.024
2025-06-14 19:00:00,51980.823
2025-06-14 20:00:00,51989.652
2025-06-14 21:00:00,51839.317
2025-06-14 22:00:00,51768.272
2025-06-14 23:00:00,51895.284
2025-06-15 00:00:00,51496.945
2025-06-15 01:00:00,51818.882
2025-06-15 02:00:00,52372.849
2025-06-15 03:00:00,52607.615
2025-06-15 04:00:00,52441.067
2025-06-15 05:00:00,51887.497
2025-06-15 06:00:00,51931.873
2025-06-15 07:00:00,52011.241
2025-06-15 08:00:00,52097.664
2025-06-15 09:00:00,52081.663
2025-06-15 10:00:00,52286.077
2025-06-15 11:00:00,52493.261
2025-06-15 12:00:00,52444.162
2025-06-15 13:00:00,52685.668
2025-06-15 14:00:00,52575.552
2025-06-15 15:00:00,52670.919
2025-06-15 16:00:00,52718.36
2025-06-15 17:00:00,52660.962
2025-06-15 18:00:00,52207.204
2025-06-15 19:00:00,52295.019
2025-06-15 20:00:00,52507.623
2025-06-15 21:00:00,52679.778
2025-06-15 22:00:00,52717.576
2025-06-15 23:00:00,52660.658
2025-06-16 00:00:00,52933.651
2025-06-16 01:00:00,52009.804
2025-06-16 02:00:00,51994.548
2025-06-16 03:00:00,51993.592
2025-06-16 04:00:00,51982.752
2025-06-16 05:00:00,51927.582
2025-06-16 06:00:00,51852.577
2025-06-16 07:00:00,52709.915
2025-06-16 08:00:00,52835.798
2025-06-16 09:00:00,52952.671
2025-06-16 10:00:00,53076.996
2025-06-16 11:00:00,53469.084
2025-06-16 12:00:00,53567.298
2025-06-16 13:00:00,53631.986
2025-06-16 14:00:00,53586.891
2025-06-16 15:00:00,53531.133
2025-06-16 16:00:00,53748.477
2025-06-16 17:00:00,54141.32
2025-06-16 18:00:00,54270.672
2025-06-16 19:00:00,54379.0
2025-06-16 20:00:00,54468.959
2025-06-16 21:00:00,54523.176
2025-06-16 22:00:00,54756.111
2025-06-16 23:00:00,54631.681
2025-06-17 00:00:00,55051.123
2025-06-17 01:00:00,55119.264
2025-06-17 02:00:00,55121.968
2025-06-17 03:00:00,55548.551
2025-06-17 04:00:00,54426.135
2025-06-17 05:00:00,53674.798
2025-06-17 06:00:00,53664.483
2025-06-17 07:00:00,53342.74
2025-06-17 08:00:00,53318.745
2025-06-17 09:00:00,53543.977
2025-06-17 10:00:00,52961.846
2025-06-17 11:00:00,53504.506
2025-06-17 12:00:00,54625.746
2025-06-17 13:00:00,54694.462
2025-06-17 14:00:00,54941.255
2025-06-17 15:00:00,54639.918
2025-06-17 16:00:00,53888.413
2025-06-17 17:00:00,53979.005
2025-06-17 18:00:00,54204.311
2025-06-17 19:00:00,54080.451
2025-06-17 20:00:00,54681.08
2025-06-17 21:00:00,56010.642
2025-06-17 22:00:00,56173.474
2025-06-17 23:00:00,55939.174
2025-06-18 00:00:00,54425.076
2025-06-18 01:00:00,54178.648
2025-06-18 02:00:00,54207.506
2025-06-18 03:00:00,54332.435
2025-06-18 04:00:00,54322.647
2025-06-18 05:00:00,54320.61
2025-06-18 06:00:00,54441.283
2025-06-18 07:00:00,54537.738
2025-06-18 08:00:00,54784.272
2025-06-18 09:00:00,55110.943
2025-06-18 10:00:00,54713.134
2025-06-18 11:00:00,54376.442
2025-06-18 12:00:00,54319.334
2025-06-18 13:00:00,54438.314
2025-06-18 14:00:00,54421.285
2025-06-18 15:00:00,53759.508
2025-06-18 16:00:00,53875.644
2025-06-18 17:00:00,53900.158
2025-06-18 18:00:00,54404.42
2025-06-18 19:00:00,54573.674
2025-06-18 20:00:00,54208.635
2025-06-18 21:00:00,54069.842
2025-06-18 22:00:00,53927.556
2025-06-18 23:00:00,54667.761
2025-06-19 00:00:00,53868.497
2025-06-19 01:00:00,53791.304
2025-06-19 02:00:00,53560.412
2025-06-19 03:00:00,53679.123
2025-06-19 04:00:00,53629.382
2025-06-19 05:00:00,53718.213
2025-06-19 06:00:00,53886.159
2025-06-19 07:00:00,53986.97
2025-06-19 08:00:00,54225.191
2025-06-19 09:00:00,54521.443
2025-06-19 10:00:00,54734.404
2025-06-19 11:00:00,54755.282
2025-06-19 12:00:00,54770.264
2025-06-19 13:00:00,54750.541
2025-06-19 14:00:00,54715.843
2025-06-19 15:00:00,54726.564
2025-06-19 16:00:00,54679.439
2025-06-19 17:00:00,54658.976
2025-06-19 18:00:00,54576.18
2025-06-19 19:00:00,55298.146
2025-06-19 20:00:00,55197.592
2025-06-19 21:00:00,55146.512
2025-06-19 22:00:00,54678.322
2025-06-19 23:00:00,54551.679
2025-06-20 00:00:00,54519.967
2025-06-20 01:00:00,54545.696
2025-06-20 02:00:00,54460.384
2025-06-20 03:00:00,54372.09
2025-06-20 04:00:00,54180.674
2025-06-20 05:00:00,54306.548
2025-06-20 06:00:00,54513.163
2025-06-20 07:00:00,54760.931
2025-06-20 08:00:00,54930.12
2025-06-20 09:00:00,55088.418
2025-06-20 10:00:00,55165.543
2025-06-20 11:00:00,55237.912
2025-06-20 12:00:00,54891.402
2025-06-20 13:00:00,54876.653
2025-06-20 14:00:00,54645.38
2025-06-20 15:00:00,54165.108
2025-06-20 16:00:00,54565.372
2025-06-20 17:00:00,54619.124
2025-06-20 18:00:00,54855.381
2025-06-20 19:00:00,54275.601
2025-06-20 20:00:00,54443.083
2025-06-20 21:00:00,54946.169
2025-06-20 22:00:00,54748.549
2025-06-20 23:00:00,55188.698
2025-06-21 00:00:00,55087.406
2025-06-21 01:00:00,55254.32
2025-06-21 02:00:00,55111.949
2025-06-21 03:00:00,55410.142
2025-06-21 04:00:00,55549.157
2025-06-21 05:00:00,55504.233
2025-06-21 06:00:00,55497.128
2025-06-21 07:00:00,55626.007
2025-06-21 08:00:00,55577.668
2025-06-21 09:00:00,55545.401
2025-06-21 10:00:00,55558.971
2025-06-21 11:00:00,55541.224
2025-06-21 12:00:00,55584.972
2025-06-21 13:00:00,55429.5
2025-06-21 14:00:00,55209.828
2025-06-21 15:00:00,55025.46
2025-06-21 16:00:00,55078.853
2025-06-21 17:00:00,55192.534
2025-06-21 18:00:00,55400.436
2025-06-21 19:00:00,55381.547
2025-06-21 20:00:00,55252.026
2025-06-21 21:00:00,55255.262
2025-06-21 22:00:00,55223.4
2025-06-21 23:00:00,55017.171
2025-06-22 00:00:00,55119.464
2025-06-22 01:00:00,55183.332
2025-06-22 02:00:00,55095.163
2025-06-22 03:00:00,55767.13
2025-06-22 04:00:00,56245.374
2025-06-22 05:00:00,55966.845
2025-06-22 06:00:00,55931.037
2025-06-22 07:00:00,55127.236
2025-06-22 08:00:00,55030.496
2025-06-22 09:00:00,55141.908
2025-06-22 10:00:00,55073.166
2025-06-22 11:00:00,54693.291
2025-06-22 12:00:00,54845.519
2025-06-22 13:00:00,55146.964
2025-06-22 14:00:00,55127.558
2025-06-22 15:00:00,55074.275
2025-06-22 16:00:00,54978.387
2025-06-22 17:00:00,55084.29
2025-06-22 18:00:00,54357.143
2025-06-22 19:00:00,55331.076
2025-06-22 20:00:00,55257.497
2025-06-22 21:00:00,54701.835
2025-06-22 22:00:00,53994.202
2025-06-22 23:00:00,53667.495
2025-06-23 00:00:00,53422.496
2025-06-23 01:00:00,53460.847
2025-06-23 02:00:00,53396.299
2025-06-23 03:00:00,53761.3
2025-06-23 04:00:00,53779.962
2025-06-23 05:00:00,53633.805
2025-06-23 06:00:00,53462.815
2025-06-23 07:00:00,53726.894
2025-06-23 08:00:00,53620.294
2025-06-23 09:00:00,53793.138
2025-06-23 10:00:00,53690.299
2025-06-23 11:00:00,53947.673
2025-06-23 12:00:00,54140.507
2025-06-23 13:00:00,54258.683
2025-06-23 14:00:00,53933.47
2025-06-23 15:00:00,53737.421
2025-06-23 16:00:00,53965.077
2025-06-23 17:00:00,53371.245
2025-06-23 18:00:00,53901.976
2025-06-23 19:00:00,53922.949
2025-06-23 20:00:00,53652.108
2025-06-23 21:00:00,53749.282
2025-06-23 22:00:00,53786.138
2025-06-23 23:00:00,52855.988
2025-06-24 00:00:00,53143.112
2025-06-24 01:00:00,52049.894
2025-06-24 02:00:00,51716.012
2025-06-24 03:00:00,50460.915
2025-06-24 04:00:00,50598.195
2025-06-24 05:00:00,50985.341
2025-06-24 06:00:00,51178.916
2025-06-24 07:00:00,51088.678
2025-06-24 08:00:00,51092.207
2025-06-24 09:00:00,51390.598
2025-06-24 10:00:00,51172.818
2025-06-24 11:00:00,51564.026
2025-06-24 12:00:00,52105.896
2025-06-24 13:00:00,51556.92
2025-06-24 14:00:00,51570.183
2025-06-24 15:00:00,51932.134
2025-06-24 16:00:00,52164.236
2025-06-24 17:00:00,52361.842
2025-06-24 18:00:00,52980.573
2025-06-24 19:00:00,52955.82
2025-06-24 20:00:00,52880.175
2025-06-24 21:00:00,51831.829
2025-06-24 22:00:00,52249.42
2025-06-24 23:00:00,52443.448
2025-06-25 00:00:00,52271.174
2025-06-25 01:00:00,52423.417
2025-06-25 02:00:00,52737.005
2025-06-25 03:00:00,52669.657
2025-06-25 04:00:00,52494.332
2025-06-25 05:00:00,52022.59
2025-06-25 06:00:00,52045.781
2025-06-25 07:00:00,52449.432
2025-06-25 08:00:00,52427.051
2025-06-25 09:00:00,52709.322
2025-06-25 10:00:00,52875.186
2025-06-25 11:00:00,52974.983
2025-06-25 12:00:00,52929.282
2025-06-25 13:00:00,53046.582
2025-06-25 14:00:00,53476.624
2025-06-25 15:00:00,53716.397
2025-06-25 16:00:00,53985.867
2025-06-25 17:00:00,53885.42
2025-06-25 18:00:00,54719.506
2025-06-25 19:00:00,54819.797
2025-06-25 20:00:00,54588.748
2025-06-25 21:00:00,54309.305
2025-06-25 22:00:00,54306.522
2025-06-25 23:00:00,54244.941
2025-06-26 00:00:00,54044.829
2025-06-26 01:00:00,54068.342
2025-06-26 02:00:00,53553.698
2025-06-26 03:00:00,53579.948
2025-06-26 04:00:00,53877.283
2025-06-26 05:00:00,54019.396
2025-06-26 06:00:00,54107.074
2025-06-26 07:00:00,54704.332
2025-06-26 08:00:00,54595.989
2025-06-26 09:00:00,54571.343
2025-06-26 10:00:00,54591.966
2025-06-26 11:00:00,54600.798
2025-06-26 12:00:00,54757.041
2025-06-26 13:00:00,54834.07
2025-06-26 14:00:00,55088.311
2025-06-26 15:00:00,55158.396
2025-06-26 16:00:00,55047.308
2025-06-26 17:00:00,54996.566
2025-06-26 18:00:00,54964.919
2025-06-26 19:00:00,54507.99
2025-06-26 20:00:00,53949.56
2025-06-26 21:00:00,54193.938
2025-06-26 22:00:00,54454.022
2025-06-26 23:00:00,54757.874
2025-06-27 00:00:00,54814.657
2025-06-27 01:00:00,54723.896
2025-06-27 02:00:00,54225.467
2025-06-27 03:00:00,53914.457
2025-06-27 04:00:00,53981.751
2025-06-27 05:00:00,53942.179
2025-06-27 06:00:00,53269.194
2025-06-27 07:00:00,53785.883
2025-06-27 08:00:00,53837.653
2025-06-27 09:00:00,53977.065
2025-06-27 10:00:00,54190.644
2025-06-27 11:00:00,54310.907
2025-06-27 12:00:00,54535.34
2025-06-27 13:00:00,54240.615
2025-06-27 14:00:00,54326.018
2025-06-27 15:00:00,54360.873
2025-06-27 16:00:00,54421.576
2025-06-27 17:00:00,53988.176
2025-06-27 18:00:00,53735.173
2025-06-27 19:00:00,53761.148
2025-06-27 20:00:00,53555.666
2025-06-27 21:00:00,53524.589
2025-06-27 22:00:00,52911.714
2025-06-27 23:00:00,52579.692
2025-06-28 00:00:00,52777.149
2025-06-28 01:00:00,52628.698
2025-06-28 02:00:00,52455.555
2025-06-28 03:00:00,52473.012
2025-06-28 04:00:00,52599.792
2025-06-28 05:00:00,52546.701
2025-06-28 06:00:00,52502.57
2025-06-28 07:00:00,52497.454
2025-06-28 08:00:00,52394.131
2025-06-28 09:00:00,52636.318
2025-06-28 10:00:00,52310.574
2025-06-28 11:00:00,52430.348
2025-06-28 12:00:00,52425.366
2025-06-28 13:00:00,52578.829
2025-06-28 14:00:00,52857.849
2025-06-28 15:00:00,52903.348
2025-06-28 16:00:00,52942.949
2025-06-28 17:00:00,52967.469
2025-06-28 18:00:00,52796.679
2025-06-28 19:00:00,52725.961
2025-06-28 20:00:00,52617.755
2025-06-28 21:00:00,52667.39
2025-06-28 22:00:00,52617.399
2025-06-28 23:00:00,52464.227
2025-06-29 00:00:00,52437.118
2025-06-29 01:00:00,52345.197
2025-06-29 02:00:00,52376.284
2025-06-29 03:00:00,52732.221
2025-06-29 04:00:00,52668.475
2025-06-29 05:00:00,52183.015
2025-06-29 06:00:00,52306.412
2025-06-29 07:00:00,52298.742
2025-06-29 08:00:00,52328.942
2025-06-29 09:00:00,52346.098
2025-06-29 10:00:00,52388.414
2025-06-29 11:00:00,52329.191
2025-06-29 12:00:00,52458.486
2025-06-29 13:00:00,52786.809
2025-06-29 14:00:00,53168.872
2025-06-29 15:00:00,54130.022
2025-06-29 16:00:00,54099.104
2025-06-29 17:00:00,54340.312
2025-06-29 18:00:00,54387.071
2025-06-29 19:00:00,54471.793
2025-06-29 20:00:00,54472.607
2025-06-29 21:00:00,53903.402
2025-06-29 22:00:00,53396.533
2025-06-29 23:00:00,53253.543
2025-06-30 00:00:00,53261.968
2025-06-30 01:00:00,53166.059
2025-06-30 02:00:00,53123.834
2025-06-30 03:00:00,52696.629
2025-06-30 04:00:00,52903.863
2025-06-30 05:00:00,52775.626
2025-06-30 06:00:00,53373.716
2025-06-30 07:00:00,53448.267
2025-06-30 08:00:00,53562.51
2025-06-30 09:00:00,53556.182
2025-06-30 10:00:00,53376.622
2025-06-30 11:00:00,53215.246
2025-06-30 12:00:00,53222.054
2025-06-30 13:00:00,53329.534
2025-06-30 14:00:00,53380.49
2025-06-30 15:00:00,53172.04
2025-06-30 16:00:00,52822.745
2025-06-30 17:00:00,52795.879
2025-06-30 18:00:00,53241.452
2025-06-30 19:00:00,53009.041
2025-06-30 20:00:00,52061.149
2025-06-30 21:00:00,51992.649
2025-06-30 22:00:00,51904.081
2025-06-30 23:00:00,51983.919
2025-07-01 00:00:00,52028.816
2025-07-01 01:00:00,51825.989
2025-07-01 02:00:00,51881.084
2025-07-01 03:00:00,51939.188
2025-07-01 04:00:00,51846.875
2025-07-01 05:00:00,51918.414
2025-07-01 06:00:00,52206.724
2025-07-01 07:00:00,52230.947
2025-07-01 08:00:00,52325.803
2025-07-01 09:00:00,52427.117
2025-07-01 10:00:00,52177.598
2025-07-01 11:00:00,52467.573
2025-07-01 12:00:00,52393.291
2025-07-01 13:00:00,52592.968
2025-07-01 14:00:00,52812.717
2025-07-01 15:00:00,52732.705
2025-07-01 16:00:00,53001.395
2025-07-01 17:00:00,53031.889
2025-07-01 18:00:00,53330.313
2025-07-01 19:00:00,53230.7
2025-07-01 20:00:00,53204.804
2025-07-01 21:00:00,53462.071
2025-07-01 22:00:00,53742.884
2025-07-01 23:00:00,53792.535
2025-07-02 00:00:00,53317.214
2025-07-02 01:00:00,52862.192
2025-07-02 02:00:00,52547.725
2025-07-02 03:00:00,52277.214
2025-07-02 04:00:00,52065.676
2025-07-02 05:00:00,52137.053
2025-07-02 06:00:00,52367.378
2025-07-02 07:00:00,52383.093
2025-07-02 08:00:00,52300.301
2025-07-02 09:00:00,52534.681
2025-07-02 10:00:00,52969.272
2025-07-02 11:00:00,53609.042
2025-07-02 12:00:00,54751.71
2025-07-02 13:00:00,55026.13
2025-07-02 14:00:00,55236.931
2025-07-02 15:00:00,55342.57
2025-07-02 16:00:00,55761.381
2025-07-02 17:00:00,55326.578
2025-07-02 18:00:00,55297.305
2025-07-02 19:00:00,56492.404
2025-07-02 20:00:00,56894.819
2025-07-02 21:00:00,58847.249
2025-07-02 22:00:00,58478.42
2025-07-02 23:00:00,58655.942
2025-07-03 00:00:00,58361.914
2025-07-03 01:00:00,58353.418
2025-07-03 02:00:00,58188.209
2025-07-03 03:00:00,58379.422
2025-07-03 04:00:00,57920.019
2025-07-03 05:00:00,58098.671
2025-07-03 06:00:00,58202.353
2025-07-03 07:00:00,57874.167
2025-07-03 08:00:00,57811.887
2025-07-03 09:00:00,57741.102
2025-07-03 10:00:00,57814.296
2025-07-03 11:00:00,57451.257
2025-07-03 12:00:00,57703.8
2025-07-03 13:00:00,57860.813
2025-07-03 14:00:00,58586.491
2025-07-03 15:00:00,58786.398
2025-07-03 16:00:00,58909.044
2025-07-03 17:00:00,58217.245
2025-07-03 18:00:00,58773.534
2025-07-03 19:00:00,58188.288
2025-07-03 20:00:00,57698.452
2025-07-03 21:00:00,57341.007
2025-07-03 22:00:00,57468.697
2025-07-03 23:00:00,57585.762
2025-07-04 00:00:00,57691.148
2025-07-04 01:00:00,58042.417
2025-07-04 02:00:00,58031.042
2025-07-04 03:00:00,58012.368
2025-07-04 04:00:00,57943.419
2025-07-04 05:00:00,57859.475
2025-07-04 06:00:00,57874.016
2025-07-04 07:00:00,57852.953
2025-07-04 08:00:00,57859.65
2025-07-04 09:00:00,57896.351
2025-07-04 10:00:00,57838.603
2025-07-04 11:00:00,57768.62
2025-07-04 12:00:00,57766.472
2025-07-04 13:00:00,57443.805
2025-07-04 14:00:00,57295.93
2025-07-04 15:00:00,57286.761
2025-07-04 16:00:00,57353.555
2025-07-04 17:00:00,57378.435
2025-07-04 18:00:00,56272.892
2025-07-04 19:00:00,56440.209
2025-07-04 20:00:00,56512.029
2025-07-04 21:00:00,55971.582
2025-07-04 22:00:00,56319.986
2025-07-04 23:00:00,56675.727
2025-07-05 00:00:00,57149.648
2025-07-05 01:00:00,57176.893
2025-07-05 02:00:00,57256.827
2025-07-05 03:00:00,56788.795
2025-07-05 04:00:00,56800.513
2025-07-05 05:00:00,56976.332
2025-07-05 06:00:00,56824.104
2025-07-05 07:00:00,56768.289
2025-07-05 08:00:00,56737.079
2025-07-05 09:00:00,56909.535
2025-07-05 10:00:00,56784.106
2025-07-05 11:00:00,56831.207
2025-07-05 12:00:00,56958.425
2025-07-05 13:00:00,57181.38
2025-07-05 14:00:00,56959.512
2025-07-05 15:00:00,56932.96
2025-07-05 16:00:00,56907.631
2025-07-05 17:00:00,56910.319
2025-07-05 18:00:00,57064.103
2025-07-05 19:00:00,57084.691
2025-07-05 20:00:00,57167.763
2025-07-05 21:00:00,56926.718
2025-07-05 22:00:00,56871.3
2025-07-05 23:00:00,56853.835
2025-07-06 00:00:00,56704.185
2025-07-06 01:00:00,56681.725
2025-07-06 02:00:00,56525.211
2025-07-06 03:00:00,56545.159
2025-07-06 04:00:00,56600.424
2025-07-06 05:00:00,56605.362
2025-07-06 06:00:00,56634.609
2025-07-06 07:00:00,56600.98
2025-07-06 08:00:00,56664.246
2025-07-06 09:00:00,56271.946
2025-07-06 10:00:00,56225.731
2025-07-06 11:00:00,56001.384
2025-07-06 12:00:00,55962.813
2025-07-06 13:00:00,55901.821
2025-07-06 14:00:00,56035.051
2025-07-06 15:00:00,56064.047
2025-07-06 16:00:00,56291.964
2025-07-06 17:00:00,56594.307
2025-07-06 18:00:00,56450.077
2025-07-06 19:00:00,57114.278
2025-07-06 20:00:00,57330.767
2025-07-06 21:00:00,57439.852
2025-07-06 22:00:00,57620.614
2025-07-06 23:00:00,57011.154
2025-07-07 00:00:00,57180.321
2025-07-07 01:00:00,56974.889
2025-07-07 02:00:00,56674.104
2025-07-07 03:00:00,56710.827
2025-07-07 04:00:00,56966.367
2025-07-07 05:00:00,56665.691
2025-07-07 06:00:00,56592.467
2025-07-07 07:00:00,56454.702
2025-07-07 08:00:00,56395.409
2025-07-07 09:00:00,56427.285
2025-07-07 10:00:00,56357.985
2025-07-07 11:00:00,56392.93
2025-07-07 12:00:00,56794.102
2025-07-07 13:00:00,56688.251
2025-07-07 14:00:00,56526.388
2025-07-07 15:00:00,56635.682
2025-07-07 16:00:00,56615.468
2025-07-07 17:00:00,56679.856
2025-07-07 18:00:00,56580.412
2025-07-07 19:00:00,57264.223
2025-07-07 20:00:00,57023.523
2025-07-07 21:00:00,56649.05
2025-07-07 22:00:00,56663.298
2025-07-07 23:00:00,56336.635
2025-07-08 00:00:00,56152.681
2025-07-08 01:00:00,55955.586
2025-07-08 02:00:00,55393.085
2025-07-08 03:00:00,55175.047
2025-07-08 04:00:00,55601.491
2025-07-08 05:00:00,56153.67
2025-07-08 06:00:00,56053.52
2025-07-08 07:00:00,55907.493
2025-07-08 08:00:00,55543.11
2025-07-08 09:00:00,55713.1
2025-07-08 10:00:00,56099.979
2025-07-08 11:00:00,55856.719
2025-07-08 12:00:00,56136.417
2025-07-08 13:00:00,56425.939
2025-07-08 14:00:00,56561.436
2025-07-08 15:00:00,57097.029
2025-07-08 16:00:00,57002.823
2025-07-08 17:00:00,56792.621
2025-07-08 18:00:00,57859.934
2025-07-08 19:00:00,56509.324
2025-07-08 20:00:00,55295.066
2025-07-08 21:00:00,55175.546
2025-07-08 22:00:00,54597.312
2025-07-08 23:00:00,54508.616
2025-07-09 00:00:00,54220.09
2025-07-09 01:00:00,54130.564
2025-07-09 02:00:00,53953.018
2025-07-09 03:00:00,53839.115
2025-07-09 04:00:00,53853.535
2025-07-09 05:00:00,53991.266
2025-07-09 06:00:00,53899.793
2025-07-09 07:00:00,53970.971
2025-07-09 08:00:00,53628.099
2025-07-09 09:00:00,53629.527
2025-07-09 10:00:00,53476.746
2025-07-09 11:00:00,53517.323
2025-07-09 12:00:00,53559.263
2025-07-09 13:00:00,53993.258
2025-07-09 14:00:00,54120.527
2025-07-09 15:00:00,54234.076
2025-07-09 16:00:00,54508.268
2025-07-09 17:00:00,55437.855
2025-07-09 18:00:00,56217.68
2025-07-09 19:00:00,55306.032
2025-07-09 20:00:00,55327.151
2025-07-09 21:00:00,55403.803
2025-07-09 22:00:00,55293.313
2025-07-09 23:00:00,55470.021
2025-07-10 00:00:00,55585.529
2025-07-10 01:00:00,55288.187
2025-07-10 02:00:00,55445.731
2025-07-10 03:00:00,55787.268
2025-07-10 04:00:00,55877.163
2025-07-10 05:00:00,56073.313
2025-07-10 06:00:00,56101.783
2025-07-10 07:00:00,56334.174
2025-07-10 08:00:00,56545.231
2025-07-10 09:00:00,56450.294
2025-07-10 10:00:00,56251.763
2025-07-10 11:00:00,56437.005
2025-07-10 12:00:00,56765.591
2025-07-10 13:00:00,56981.876
2025-07-10 14:00:00,57065.103
2025-07-10 15:00:00,57200.953
2025-07-10 16:00:00,57243.381
2025-07-10 17:00:00,57278.386
2025-07-10 18:00:00,57506.538
2025-07-10 19:00:00,57695.753
2025-07-10 20:00:00,57850.342
2025-07-10 21:00:00,59295.449
2025-07-10 22:00:00,59318.977
2025-07-10 23:00:00,59175.459
2025-07-11 00:00:00,59407.807
2025-07-11 01:00:00,59434.66
2025-07-11 02:00:00,54434.381
2025-07-11 03:00:00,53465.424
2025-07-11 04:00:00,53401.255
2025-07-11 05:00:00,53208.308
2025-07-11 06:00:00,53182.152
2025-07-11 07:00:00,53650.39
2025-07-11 08:00:00,53832.558
2025-07-11 09:00:00,54174.89
2025-07-11 10:00:00,53831.167
2025-07-11 11:00:00,54355.068
2025-07-11 12:00:00,54781.016
2025-07-11 13:00:00,54943.445
2025-07-11 14:00:00,55535.925
2025-07-11 15:00:00,56170.58
2025-07-11 16:00:00,56025.332
2025-07-11 17:00:00,56251.004
2025-07-11 18:00:00,55884.064
2025-07-11 19:00:00,56263.293
2025-07-11 20:00:00,55741.983
2025-07-11 21:00:00,55935.043
2025-07-11 22:00:00,56359.68
2025-07-11 23:00:00,56292.732
2025-07-12 00:00:00,56185.075
2025-07-12 01:00:00,55753.428
2025-07-12 02:00:00,55552.907
2025-07-12 03:00:00,55639.994
2025-07-12 04:00:00,55777.795
2025-07-12 05:00:00,55636.256
2025-07-12 06:00:00,55531.829
2025-07-12 07:00:00,55590.653
2025-07-12 08:00:00,55538.358
2025-07-12 09:00:00,55720.462
2025-07-12 10:00:00,55688.903
2025-07-12 11:00:00,55781.103
2025-07-12 12:00:00,55882.152
2025-07-12 13:00:00,55685.362
2025-07-12 14:00:00,55447.572
2025-07-12 15:00:00,55477.511
2025-07-12 16:00:00,55095.139
2025-07-12 17:00:00,55121.943
2025-07-12 18:00:00,55287.972
2025-07-12 19:00:00,55369.059
2025-07-12 20:00:00,54896.399
2025-07-12 21:00:00,55180.245
2025-07-12 22:00:00,55132.909
2025-07-12 23:00:00,55298.289
2025-07-13 00:00:00,55314.871
2025-07-13 01:00:00,55392.203
2025-07-13 02:00:00,55453.712
2025-07-13 03:00:00,55588.302
2025-07-13 04:00:00,55661.638
2025-07-13 05:00:00,55645.598
2025-07-13 06:00:00,55579.621
2025-07-13 07:00:00,55527.854
2025-07-13 08:00:00,55678.28
2025-07-13 09:00:00,55694.923
2025-07-13 10:00:00,55750.397
2025-07-13 11:00:00,55716.381
2025-07-13 12:00:00,55761.409
2025-07-13 13:00:00,55857.977
2025-07-13 14:00:00,55888.309
2025-07-13 15:00:00,56000.139
2025-07-13 16:00:00,56186.064
2025-07-13 17:00:00,56379.447
2025-07-13 18:00:00,56857.104
2025-07-13 19:00:00,57173.217
2025-07-13 20:00:00,57569.175
2025-07-13 21:00:00,57807.323
2025-07-13 22:00:00,57714.291
2025-07-13 23:00:00,57748.875
2025-07-14 00:00:00,57461.957
2025-07-14 01:00:00,57454.173
2025-07-14 02:00:00,57833.923
2025-07-14 03:00:00,57798.72
2025-07-14 04:00:00,57926.741
2025-07-14 05:00:00,57862.457
2025-07-14 06:00:00,58225.339
2025-07-14 07:00:00,58838.107
2025-07-14 08:00:00,58157.205
2025-07-14 09:00:00,58645.409
2025-07-14 10:00:00,59072.739
2025-07-14 11:00:00,59159.388
2025-07-14 12:00:00,59467.506
2025-07-14 13:00:00,59257.363
2025-07-14 14:00:00,59289.407
2025-07-14 15:00:00,58985.019
2025-07-14 16:00:00,58984.18
2025-07-14 17:00:00,58890.943
2025-07-14 18:00:00,58742.374
2025-07-14 19:00:00,58512.142
2025-07-14 20:00:00,58805.97
2025-07-14 21:00:00,58398.85
2025-07-14 22:00:00,58991.632
2025-07-14 23:00:00,58929.432
2025-07-15 00:00:00,59035.914
2025-07-15 01:00:00,58508.271
2025-07-15 02:00:00,58527.483
2025-07-15 03:00:00,58728.786
2025-07-15 04:00:00,58664.598
2025-07-15 05:00:00,58368.285
2025-07-15 06:00:00,59026.476
2025-07-15 07:00:00,59522.604
2025-07-15 08:00:00,60218.834
2025-07-15 09:00:00,60908.561
2025-07-15 10:00:00,60860.826
2025-07-15 11:00:00,61997.05
2025-07-15 12:00:00,61864.523
2025-07-15 13:00:00,61074.881
2025-07-15 14:00:00,61408.386
2025-07-15 15:00:00,61309.258
2025-07-15 16:00:00,61636.465
2025-07-15 17:00:00,61750.929
2025-07-15 18:00:00,62320.625
2025-07-15 19:00:00,62920.397
2025-07-15 20:00:00,63053.471
2025-07-15 21:00:00,63871.819
2025-07-15 22:00:00,63656.69
2025-07-15 23:00:00,63259.772
2025-07-16 00:00:00,62769.486
2025-07-16 01:00:00,62603.147
2025-07-16 02:00:00,62735.045
2025-07-16 03:00:00,62390.379
2025-07-16 04:00:00,62376.563
2025-07-16 05:00:00,62269.262
2025-07-16 06:00:00,62250.338
2025-07-16 07:00:00,61904.115
2025-07-16 08:00:00,62061.104
2025-07-16 09:00:00,62082.515
2025-07-16 10:00:00,62014.494
2025-07-16 11:00:00,62430.579
2025-07-16 12:00:00,62352.524
2025-07-16 13:00:00,62632.803
2025-07-16 14:00:00,61943.593
2025-07-16 15:00:00,61895.72
2025-07-16 16:00:00,61901.558
2025-07-16 17:00:00,61508.796
2025-07-16 18:00:00,60557.519
2025-07-16 19:00:00,59935.972
2025-07-16 20:00:00,59769.492
2025-07-16 21:00:00,59903.004
2025-07-16 22:00:00,60150.78
2025-07-16 23:00:00,59816.575
2025-07-17 00:00:00,59367.154
2025-07-17 01:00:00,58788.948
2025-07-17 02:00:00,58341.079
2025-07-17 03:00:00,57889.17
2025-07-17 04:00:00,57817.07
2025-07-17 05:00:00,57741.523
2025-07-17 06:00:00,57291.994
2025-07-17 07:00:00,57406.359
2025-07-17 08:00:00,57247.077
2025-07-17 09:00:00,57128.525
2025-07-17 10:00:00,57259.754
2025-07-17 11:00:00,57193.782
2025-07-17 12:00:00,57075.685
2025-07-17 13:00:00,56528.648
2025-07-17 14:00:00,56788.841
2025-07-17 15:00:00,57030.091
2025-07-17 16:00:00,56731.088
2025-07-17 17:00:00,57023.957
2025-07-17 18:00:00,57010.512
2025-07-17 19:00:00,57171.588
2025-07-17 20:00:00,57227.0
2025-07-17 21:00:00,57367.675
2025-07-17 22:00:00,57716.25
2025-07-17 23:00:00,57696.036
2025-07-18 00:00:00,57593.624
2025-07-18 01:00:00,57271.599
2025-07-18 02:00:00,60517.843
2025-07-18 03:00:00,59479.571
2025-07-18 04:00:00,59257.864
2025-07-18 05:00:00,58537.624
2025-07-18 06:00:00,58858.425
2025-07-18 07:00:00,58036.635
2025-07-18 08:00:00,58153.659
2025-07-18 09:00:00,58627.455
2025-07-18 10:00:00,58593.716
2025-07-18 11:00:00,58507.067
2025-07-18 12:00:00,58682.872
2025-07-18 13:00:00,58445.735
2025-07-18 14:00:00,58103.134
2025-07-18 15:00:00,57972.036
2025-07-18 16:00:00,58508.478
2025-07-18 17:00:00,58885.489
2025-07-18 18:00:00,58846.749
2025-07-18 19:00:00,58190.598
2025-07-18 20:00:00,57648.535
2025-07-18 21:00:00,57437.621
2025-07-18 22:00:00,57332.596
2025-07-18 23:00:00,57567.294
2025-07-19 00:00:00,57631.337
2025-07-19 01:00:00,58235.744
2025-07-19 02:00:00,58168.514
2025-07-19 03:00:00,57996.522
2025-07-19 04:00:00,58134.172
2025-07-19 05:00:00,58256.266
2025-07-19 06:00:00,58568.523
2025-07-19 07:00:00,58681.906
2025-07-19 08:00:00,58749.215
2025-07-19 09:00:00,58976.606
2025-07-19 10:00:00,59206.074
2025-07-19 11:00:00,59156.622
2025-07-19 12:00:00,59158.257
2025-07-19 13:00:00,59199.405
2025-07-19 14:00:00,59361.396
2025-07-19 15:00:00,59128.121
2025-07-19 16:00:00,59070.305
2025-07-19 17:00:00,59092.473
2025-07-19 18:00:00,59029.301
2025-07-19 19:00:00,59007.064
2025-07-19 20:00:00,59075.007
2025-07-19 21:00:00,58330.794
2025-07-19 22:00:00,58331.819
2025-07-19 23:00:00,58339.685
2025-07-20 00:00:00,58842.676
2025-07-20 01:00:00,59207.981
2025-07-20 02:00:00,59052.903
2025-07-20 03:00:00,58801.754
2025-07-20 04:00:00,58717.94
2025-07-20 05:00:00,58844.075
2025-07-20 06:00:00,58885.83
2025-07-20 07:00:00,58925.053
2025-07-20 08:00:00,59016.357
2025-07-20 09:00:00,58826.145
2025-07-20 10:00:00,58872.753
2025-07-20 11:00:00,58943.78
2025-07-20 12:00:00,59198.342
2025-07-20 13:00:00,59513.775
2025-07-20 14:00:00,59631.724
2025-07-20 15:00:00,59699.585
2025-07-20 16:00:00,59917.602
2025-07-20 17:00:00,59925.56
2025-07-20 18:00:00,60024.674
2025-07-20 19:00:00,59551.025
2025-07-20 20:00:00,60008.047
2025-07-20 21:00:00,60115.277
2025-07-20 22:00:00,59384.902
2025-07-20 23:00:00,59170.007
2025-07-21 00:00:00,59154.818
2025-07-21 01:00:00,59230.475
2025-07-21 02:00:00,58779.414
2025-07-21 03:00:00,59579.258
2025-07-21 04:00:00,59659.036
2025-07-21 05:00:00,59695.088
2025-07-21 06:00:00,59095.924
2025-07-21 07:00:00,58723.621
2025-07-21 08:00:00,58948.235
2025-07-21 09:00:00,59037.566
2025-07-21 10:00:00,58998.35
2025-07-21 11:00:00,58539.356
2025-07-21 12:00:00,59489.484
2025-07-21 13:00:00,59450.982
2025-07-21 14:00:00,59608.03
2025-07-21 15:00:00,59757.999
2025-07-21 16:00:00,60211.996
2025-07-21 17:00:00,60960.358
2025-07-21 18:00:00,61026.785
2025-07-21 19:00:00,60281.734
2025-07-21 20:00:00,60478.285
2025-07-21 21:00:00,60666.199
2025-07-21 22:00:00,61651.117
2025-07-21 23:00:00,59622.793
2025-07-22 00:00:00,59436.425
2025-07-22 01:00:00,59139.451
2025-07-22 02:00:00,59325.816
2025-07-22 03:00:00,59348.576
2025-07-22 04:00:00,59240.711
2025-07-22 05:00:00,59366.09
2025-07-22 06:00:00,58804.541
2025-07-22 07:00:00,58683.833
2025-07-22 08:00:00,59101.925
2025-07-22 09:00:00,58873.091
2025-07-22 10:00:00,58483.17
2025-07-22 11:00:00,58714.788
2025-07-22 12:00:00,58603.844
2025-07-22 13:00:00,58882.967
2025-07-22 14:00:00,58702.02
2025-07-22 15:00:00,58522.384
2025-07-22 16:00:00,58316.229
2025-07-22 17:00:00,57655.977
2025-07-22 18:00:00,57086.636
2025-07-22 19:00:00,56479.036
2025-07-22 20:00:00,56654.53
2025-07-22 21:00:00,56643.362
2025-07-22 22:00:00,56282.51
2025-07-22 23:00:00,56705.659
2025-07-23 00:00:00,56439.979
2025-07-23 01:00:00,56309.73
2025-07-23 02:00:00,56228.492
2025-07-23 03:00:00,56466.86
2025-07-23 04:00:00,56682.532
2025-07-23 05:00:00,56755.138
2025-07-23 06:00:00,56809.994
2025-07-23 07:00:00,57156.955
2025-07-23 08:00:00,56819.055
2025-07-23 09:00:00,56448.963
2025-07-23 10:00:00,56489.308
2025-07-23 11:00:00,56581.292
2025-07-23 12:00:00,56497.915
2025-07-23 13:00:00,56248.705
2025-07-23 14:00:00,56099.784
2025-07-23 15:00:00,56958.138
2025-07-23 16:00:00,57928.378
2025-07-23 17:00:00,57068.015
2025-07-23 18:00:00,57421.029
2025-07-23 19:00:00,57741.329
2025-07-23 20:00:00,57177.757
2025-07-23 21:00:00,57380.39
2025-07-23 22:00:00,57170.545
2025-07-23 23:00:00,56952.966
2025-07-24 00:00:00,56879.783
2025-07-24 01:00:00,56609.975
2025-07-24 02:00:00,56413.899
2025-07-24 03:00:00,55914.861
2025-07-24 04:00:00,55751.764
2025-07-24 05:00:00,55393.182
2025-07-24 06:00:00,55164.115
2025-07-24 07:00:00,55442.472
2025-07-24 08:00:00,55819.285
2025-07-24 09:00:00,55593.136
2025-07-24 10:00:00,55471.077
2025-07-24 11:00:00,55977.685
2025-07-24 12:00:00,56337.565
2025-07-24 13:00:00,55512.567
2025-07-24 14:00:00,55410.346
2025-07-24 15:00:00,53856.252
2025-07-24 16:00:00,55028.086
2025-07-24 17:00:00,54768.291
2025-07-24 18:00:00,54881.649
2025-07-24 19:00:00,55228.699
2025-07-24 20:00:00,55813.58
2025-07-24 21:00:00,55590.898
2025-07-24 22:00:00,55544.262
2025-07-24 23:00:00,55633.037
2025-07-25 00:00:00,55774.014
2025-07-25 01:00:00,55185.748
2025-07-25 02:00:00,55127.304
2025-07-25 03:00:00,55051.119
2025-07-25 04:00:00,54918.449
2025-07-25 05:00:00,55079.113
2025-07-25 06:00:00,57167.971
2025-07-25 07:00:00,58415.929
2025-07-25 08:00:00,60945.617
2025-07-25 09:00:00,64586.0
2025-07-25 10:00:00,65389.395
2025-07-25 11:00:00,65677.00199999
2025-07-25 12:00:00,67399.46
2025-07-25 13:00:00,68930.816
2025-07-25 14:00:00,68746.711
2025-07-25 15:00:00,69378.731
2025-07-25 16:00:00,68691.785
2025-07-25 17:00:00,68156.602
2025-07-25 18:00:00,67958.653
2025-07-25 19:00:00,68056.125
2025-07-25 20:00:00,67710.603
2025-07-25 21:00:00,67548.689
2025-07-25 22:00:00,67305.57799999
2025-07-25 23:00:00,67089.717
2025-07-26 00:00:00,66577.891
2025-07-26 01:00:00,66280.152
2025-07-26 02:00:00,65786.062
2025-07-26 03:00:00,65549.865
2025-07-26 04:00:00,64922.068
2025-07-26 05:00:00,64604.534
2025-07-26 06:00:00,64444.5
2025-07-26 07:00:00,64003.702
2025-07-26 08:00:00,63880.786
2025-07-26 09:00:00,64006.404
2025-07-26 10:00:00,63866.731
2025-07-26 11:00:00,63632.824
2025-07-26 12:00:00,63315.748
2025-07-26 13:00:00,63165.226
2025-07-26 14:00:00,63164.926
2025-07-26 15:00:00,63346.664
2025-07-26 16:00:00,63148.445
2025-07-26 17:00:00,62835.524
2025-07-26 18:00:00,62910.201
2025-07-26 19:00:00,62849.371
2025-07-26 20:00:00,62738.588
2025-07-26 21:00:00,62709.958
2025-07-26 22:00:00,62504.766
2025-07-26 23:00:00,62428.048
2025-07-27 00:00:00,62474.162
2025-07-27 01:00:00,62234.981
2025-07-27 02:00:00,62093.028
2025-07-27 03:00:00,61926.152
2025-07-27 04:00:00,61720.288
2025-07-27 05:00:00,61787.166
2025-07-27 06:00:00,61821.816
2025-07-27 07:00:00,62050.782
2025-07-27 08:00:00,61936.385
2025-07-27 09:00:00,61897.992
2025-07-27 10:00:00,61861.201
2025-07-27 11:00:00,61899.574
2025-07-27 12:00:00,61782.355
2025-07-27 13:00:00,61994.609
2025-07-27 14:00:00,62092.365
2025-07-27 15:00:00,61989.366
2025-07-27 16:00:00,62114.747
2025-07-27 17:00:00,62049.356
2025-07-27 18:00:00,62119.982
2025-07-27 19:00:00,62660.107
2025-07-27 20:00:00,62345.008
2025-07-27 21:00:00,61645.088
2025-07-27 22:00:00,61937.187
2025-07-27 23:00:00,61981.071
2025-07-28 00:00:00,61998.508
2025-07-28 01:00:00,61751.526
2025-07-28 02:00:00,61670.28
2025-07-28 03:00:00,61876.612
2025-07-28 04:00:00,61858.075
2025-07-28 05:00:00,61669.682
2025-07-28 06:00:00,61765.788
2025-07-28 07:00:00,61177.042
2025-07-28 08:00:00,61403.224
2025-07-28 09:00:00,61418.684
2025-07-28 10:00:00,61444.38
2025-07-28 11:00:00,61301.141
2025-07-28 12:00:00,60939.5
2025-07-28 13:00:00,61155.188
2025-07-28 14:00:00,60983.948
2025-07-28 15:00:00,60824.99
2025-07-28 16:00:00,60729.278
2025-07-28 17:00:00,60909.732
2025-07-28 18:00:00,60335.926
2025-07-28 19:00:00,60161.907
2025-07-28 20:00:00,59550.223
2025-07-28 21:00:00,59688.175
2025-07-28 22:00:00,59544.481
2025-07-28 23:00:00,58960.49
2025-07-29 00:00:00,58698.504
2025-07-29 01:00:00,58185.05
2025-07-29 02:00:00,58215.786
2025-07-29 03:00:00,58090.374
2025-07-29 04:00:00,58114.69
2025-07-29 05:00:00,57817.74
2025-07-29 06:00:00,57884.649
2025-07-29 07:00:00,57759.768
2025-07-29 08:00:00,57796.519
2025-07-29 09:00:00,58128.445
2025-07-29 10:00:00,58394.141
2025-07-29 11:00:00,58589.273
2025-07-29 12:00:00,58815.067
2025-07-29 13:00:00,59426.112
2025-07-29 14:00:00,59677.05
2025-07-29 15:00:00,59372.417
2025-07-29 16:00:00,59160.834
2025-07-29 17:00:00,58910.771
2025-07-29 18:00:00,59383.84
2025-07-29 19:00:00,58959.327
2025-07-29 20:00:00,58639.616
2025-07-29 21:00:00,58944.225
2025-07-29 22:00:00,59409.969
2025-07-29 23:00:00,59247.153
2025-07-30 00:00:00,59658.954
2025-07-30 01:00:00,58048.249
2025-07-30 02:00:00,58015.914
2025-07-30 03:00:00,57812.916
2025-07-30 04:00:00,57979.915
2025-07-30 05:00:00,57875.139
2025-07-30 06:00:00,57799.192
2025-07-30 07:00:00,57816.089
2025-07-30 08:00:00,57864.59
2025-07-30 09:00:00,58137.308
2025-07-30 10:00:00,58351.17
2025-07-30 11:00:00,58290.917
2025-07-30 12:00:00,58440.002
2025-07-30 13:00:00,58706.447
2025-07-30 14:00:00,58738.227
2025-07-30 15:00:00,58835.933
2025-07-30 16:00:00,58336.683
2025-07-30 17:00:00,58447.76
2025-07-30 18:00:00,58724.821
2025-07-30 19:00:00,58483.523
2025-07-30 20:00:00,58513.701
2025-07-30 21:00:00,58262.087
2025-07-30 22:00:00,58008.894
2025-07-30 23:00:00,58571.701
2025-07-31 00:00:00,62773.581
2025-07-31 01:00:00,61969.981
2025-07-31 02:00:00,61716.643
2025-07-31 03:00:00,61160.532
2025-07-31 04:00:00,60848.75
2025-07-31 05:00:00,60515.752
2025-07-31 06:00:00,60612.617
2025-07-31 07:00:00,60390.699
2025-07-31 08:00:00,60018.786
2025-07-31 09:00:00,59912.764
2025-07-31 10:00:00,59973.895
2025-07-31 11:00:00,60187.33
2025-07-31 12:00:00,60036.118
2025-07-31 13:00:00,60216.744
2025-07-31 14:00:00,60036.01
2025-07-31 15:00:00,60351.144
2025-07-31 16:00:00,60319.926
2025-07-31 17:00:00,60490.451
2025-07-31 18:00:00,59350.235
2025-07-31 19:00:00,59000.662
2025-07-31 20:00:00,58904.38
2025-07-31 21:00:00,59770.888
2025-07-31 22:00:00,59351.65
2025-07-31 23:00:00,58641.804
2025-08-01 00:00:00,59068.742
2025-08-01 01:00:00,60302.756
2025-08-01 02:00:00,60765.192
2025-08-01 03:00:00,60943.331
2025-08-01 04:00:00,60128.3
2025-08-01 05:00:00,60869.706
2025-08-01 06:00:00,60893.912
2025-08-01 07:00:00,61903.509
2025-08-01 08:00:00,61814.16
2025-08-01 09:00:00,61771.718
2025-08-01 10:00:00,62014.002
2025-08-01 11:00:00,62028.486
2025-08-01 12:00:00,62526.225
2025-08-01 13:00:00,63271.473
2025-08-01 14:00:00,64144.092
2025-08-01 15:00:00,63990.847
2025-08-01 16:00:00,63757.562
2025-08-01 17:00:00,63662.655
2025-08-01 18:00:00,62605.387
2025-08-01 19:00:00,61795.603
2025-08-01 20:00:00,61380.89
2025-08-01 21:00:00,60944.906
2025-08-01 22:00:00,61420.589
2025-08-01 23:00:00,62480.245
2025-08-02 00:00:00,64093.123
2025-08-02 01:00:00,64386.442
2025-08-02 02:00:00,64357.65
2025-08-02 03:00:00,66426.11599999
2025-08-02 04:00:00,66088.16099999
2025-08-02 05:00:00,66240.056
2025-08-02 06:00:00,66379.808
2025-08-02 07:00:00,66581.617
2025-08-02 08:00:00,67025.47
2025-08-02 09:00:00,66404.25599999
2025-08-02 10:00:00,66287.92999999
2025-08-02 11:00:00,66546.096
2025-08-02 12:00:00,66621.7
2025-08-02 13:00:00,66419.892
2025-08-02 14:00:00,66535.68799999
2025-08-02 15:00:00,66732.388
2025-08-02 16:00:00,66476.696
2025-08-02 17:00:00,66426.838
2025-08-02 18:00:00,66872.045
2025-08-02 19:00:00,67223.849
2025-08-02 20:00:00,66897.909
2025-08-02 21:00:00,67054.838
2025-08-02 22:00:00,66561.792
2025-08-02 23:00:00,65681.71799999
2025-08-03 00:00:00,66330.604
2025-08-03 01:00:00,66469.91499999
2025-08-03 02:00:00,65995.395
2025-08-03 03:00:00,65665.754
2025-08-03 04:00:00,65375.25
2025-08-03 05:00:00,65594.519
2025-08-03 06:00:00,65624.155
2025-08-03 07:00:00,65596.68399999
2025-08-03 08:00:00,65465.151
2025-08-03 09:00:00,65120.081
2025-08-03 10:00:00,65195.818
2025-08-03 11:00:00,64980.721
2025-08-03 12:00:00,65139.191
2025-08-03 13:00:00,65209.557
2025-08-03 14:00:00,65302.929
2025-08-03 15:00:00,65066.367
2025-08-03 16:00:00,64443.951
2025-08-03 17:00:00,64316.065
2025-08-03 18:00:00,64231.97
2025-08-03 19:00:00,63807.767
2025-08-03 20:00:00,63785.162
2025-08-03 21:00:00,63904.305
2025-08-03 22:00:00,63537.099
2025-08-03 23:00:00,63491.498
2025-08-04 00:00:00,62828.344
2025-08-04 01:00:00,62654.868
2025-08-04 02:00:00,62455.028
2025-08-04 03:00:00,62448.727
2025-08-04 04:00:00,62321.327
2025-08-04 05:00:00,62683.499
2025-08-04 06:00:00,62380.795
2025-08-04 07:00:00,62385.154
2025-08-04 08:00:00,62667.61
2025-08-04 09:00:00,62703.764
2025-08-04 10:00:00,62708.115
2025-08-04 11:00:00,62604.194
2025-08-04 12:00:00,62748.498
2025-08-04 13:00:00,62689.35
2025-08-04 14:00:00,62627.534
2025-08-04 15:00:00,62625.869
2025-08-04 16:00:00,62975.994
2025-08-04 17:00:00,62740.591
2025-08-04 18:00:00,63032.004
2025-08-04 19:00:00,60650.598
2025-08-04 20:00:00,60704.814
2025-08-04 21:00:00,60345.406
2025-08-04 22:00:00,60412.967
2025-08-04 23:00:00,60524.941
2025-08-05 00:00:00,60601.251
2025-08-05 01:00:00,59921.28
2025-08-05 02:00:00,59278.824
2025-08-05 03:00:00,59288.608
2025-08-05 04:00:00,59419.062
2025-08-05 05:00:00,59160.909
2025-08-05 06:00:00,58938.975
2025-08-05 07:00:00,58991.2
2025-08-05 08:00:00,59228.495
2025-08-05 09:00:00,59179.597
2025-08-05 10:00:00,58994.88
2025-08-05 11:00:00,58954.008
2025-08-05 12:00:00,58984.692
2025-08-05 13:00:00,59331.122
2025-08-05 14:00:00,59227.92
2025-08-05 15:00:00,59550.517
2025-08-05 16:00:00,59566.734
2025-08-05 17:00:00,59065.118
2025-08-05 18:00:00,59140.769
2025-08-05 19:00:00,60289.972
2025-08-05 20:00:00,61744.417
2025-08-05 21:00:00,62364.623
2025-08-05 22:00:00,62410.008
2025-08-05 23:00:00,62095.377
2025-08-06 00:00:00,61735.431
2025-08-06 01:00:00,61420.507
2025-08-06 02:00:00,61141.694
2025-08-06 03:00:00,61050.516
2025-08-06 04:00:00,61045.666
2025-08-06 05:00:00,61045.642
2025-08-06 06:00:00,61017.334
2025-08-06 07:00:00,61017.208
2025-08-06 08:00:00,60914.924
2025-08-06 09:00:00,61021.016
2025-08-06 10:00:00,60801.017
2025-08-06 11:00:00,60913.348
2025-08-06 12:00:00,60910.818
2025-08-06 13:00:00,60742.156
2025-08-06 14:00:00,61123.26
2025-08-06 15:00:00,61095.569
2025-08-06 16:00:00,61407.179
2025-08-06 17:00:00,61365.083
2025-08-06 18:00:00,61115.945
2025-08-06 19:00:00,60501.66
2025-08-06 20:00:00,60158.01
2025-08-06 21:00:00,60033.32
2025-08-06 22:00:00,60464.395
2025-08-06 23:00:00,60091.018
2025-08-07 00:00:00,60216.696
2025-08-07 01:00:00,60355.922
2025-08-07 02:00:00,60303.316
2025-08-07 03:00:00,60472.392
2025-08-07 04:00:00,60512.35
2025-08-07 05:00:00,60638.33
2025-08-07 06:00:00,60281.948
2025-08-07 07:00:00,60136.564
2025-08-07 08:00:00,60250.538
2025-08-07 09:00:00,60275.069
2025-08-07 10:00:00,60245.077
2025-08-07 11:00:00,60204.199
2025-08-07 12:00:00,60357.265
2025-08-07 13:00:00,60155.106
2025-08-07 14:00:00,60524.902
2025-08-07 15:00:00,61261.95
2025-08-07 16:00:00,62742.858
2025-08-07 17:00:00,62632.424
2025-08-07 18:00:00,62940.566
2025-08-07 19:00:00,62862.505
2025-08-07 20:00:00,63267.064
2025-08-07 21:00:00,62795.011
2025-08-07 22:00:00,62751.09
2025-08-07 23:00:00,62561.015
2025-08-08 00:00:00,63601.438
2025-08-08 01:00:00,63705.729
2025-08-08 02:00:00,63417.297
2025-08-08 03:00:00,63446.711
2025-08-08 04:00:00,63685.553
2025-08-08 05:00:00,63574.962
2025-08-08 06:00:00,63409.61
2025-08-08 07:00:00,63186.933
2025-08-08 08:00:00,63476.927
2025-08-08 09:00:00,63265.52
2025-08-08 10:00:00,63183.305
2025-08-08 11:00:00,63665.485
2025-08-08 12:00:00,64043.016
2025-08-08 13:00:00,64181.502
2025-08-08 14:00:00,64238.848
2025-08-08 15:00:00,64744.195
2025-08-08 16:00:00,64608.736
2025-08-08 17:00:00,64311.965
2025-08-08 18:00:00,64483.776
2025-08-08 19:00:00,64290.112
2025-08-08 20:00:00,64250.38
2025-08-08 21:00:00,64388.589
2025-08-08 22:00:00,63899.984
2025-08-08 23:00:00,64258.565
2025-08-09 00:00:00,64206.045
2025-08-09 01:00:00,63404.912
2025-08-09 02:00:00,63253.92
2025-08-09 03:00:00,63057.906
2025-08-09 04:00:00,63048.165
2025-08-09 05:00:00,63260.184
2025-08-09 06:00:00,63211.728
2025-08-09 07:00:00,63206.546
2025-08-09 08:00:00,63266.839
2025-08-09 09:00:00,62876.719
2025-08-09 10:00:00,62465.889
2025-08-09 11:00:00,62503.618
2025-08-09 12:00:00,62468.588
2025-08-09 13:00:00,62561.343
2025-08-09 14:00:00,62708.151
2025-08-09 15:00:00,64714.934
2025-08-09 16:00:00,64524.738
2025-08-09 17:00:00,64872.89
2025-08-09 18:00:00,64750.043
2025-08-09 19:00:00,64853.368
2025-08-09 20:00:00,64748.096
2025-08-09 21:00:00,64811.048
2025-08-09 22:00:00,64681.329
2025-08-09 23:00:00,64485.978
2025-08-10 00:00:00,64645.658
2025-08-10 01:00:00,64381.668
2025-08-10 02:00:00,64265.465
2025-08-10 03:00:00,64262.066
2025-08-10 04:00:00,64185.862
2025-08-10 05:00:00,64728.157
2025-08-10 06:00:00,64645.6
2025-08-10 07:00:00,64645.11
2025-08-10 08:00:00,60567.166
2025-08-10 09:00:00,60930.297
2025-08-10 10:00:00,60015.245
2025-08-10 11:00:00,59590.864
2025-08-10 12:00:00,59288.552
2025-08-10 13:00:00,59765.082
2025-08-10 14:00:00,59933.942
2025-08-10 15:00:00,59698.553
2025-08-10 16:00:00,59879.858
2025-08-10 17:00:00,60258.413
2025-08-10 18:00:00,60642.835
2025-08-10 19:00:00,60807.106
2025-08-10 20:00:00,60572.806
2025-08-10 21:00:00,60754.144
2025-08-10 22:00:00,60744.825
2025-08-10 23:00:00,60873.928
2025-08-11 00:00:00,60838.63
2025-08-11 01:00:00,60102.3
2025-08-11 02:00:00,59661.929
2025-08-11 03:00:00,60077.026
2025-08-11 04:00:00,60086.025
2025-08-11 05:00:00,60790.787
2025-08-11 06:00:00,60836.777
2025-08-11 07:00:00,62127.285
2025-08-11 08:00:00,62585.449
2025-08-11 09:00:00,62761.824
2025-08-11 10:00:00,63369.729
2025-08-11 11:00:00,63730.662
2025-08-11 12:00:00,63598.723
2025-08-11 13:00:00,63190.488
2025-08-11 14:00:00,63170.176
2025-08-11 15:00:00,63029.095
2025-08-11 16:00:00,61484.896
2025-08-11 17:00:00,61414.546
2025-08-11 18:00:00,60937.587
2025-08-11 19:00:00,61024.661
2025-08-11 20:00:00,60962.644
2025-08-11 21:00:00,60545.505
2025-08-11 22:00:00,59996.354
2025-08-11 23:00:00,60004.314
2025-08-12 00:00:00,60683.584
2025-08-12 01:00:00,60588.49
2025-08-12 02:00:00,59765.645
2025-08-12 03:00:00,59787.144
2025-08-12 04:00:00,59948.728
2025-08-12 05:00:00,59474.678
2025-08-12 06:00:00,59247.75
2025-08-12 07:00:00,59215.206
2025-08-12 08:00:00,59179.762
2025-08-12 09:00:00,59510.758
2025-08-12 10:00:00,58899.596
2025-08-12 11:00:00,58822.394
2025-08-12 12:00:00,59117.754
2025-08-12 13:00:00,59044.289
2025-08-12 14:00:00,59188.051
2025-08-12 15:00:00,59960.747
2025-08-12 16:00:00,60263.689
2025-08-12 17:00:00,62197.647
2025-08-12 18:00:00,61595.247
2025-08-12 19:00:00,63072.665
2025-08-12 20:00:00,64195.282
2025-08-12 21:00:00,64368.692
2025-08-12 22:00:00,64251.55
2025-08-12 23:00:00,64309.035
2025-08-13 00:00:00,64153.588
2025-08-13 01:00:00,64479.619
2025-08-13 02:00:00,64357.233
2025-08-13 03:00:00,63525.708
2025-08-13 04:00:00,63743.595
2025-08-13 05:00:00,63819.993
2025-08-13 06:00:00,63363.448
2025-08-13 07:00:00,62783.042
2025-08-13 08:00:00,63577.203
2025-08-13 09:00:00,63145.906
2025-08-13 10:00:00,63136.586
2025-08-13 11:00:00,63320.348
2025-08-13 12:00:00,63081.101
2025-08-13 13:00:00,63225.378
2025-08-13 14:00:00,63869.521
2025-08-13 15:00:00,64777.466
2025-08-13 16:00:00,65072.153
2025-08-13 17:00:00,65162.871
2025-08-13 18:00:00,64239.239
2025-08-13 19:00:00,63053.707
2025-08-13 20:00:00,64066.038
2025-08-13 21:00:00,63996.136
2025-08-13 22:00:00,64814.346
2025-08-13 23:00:00,64972.298
2025-08-14 00:00:00,66068.217
2025-08-14 01:00:00,66484.767
2025-08-14 02:00:00,66591.551
2025-08-14 03:00:00,66578.93799999
2025-08-14 04:00:00,66704.846
2025-08-14 05:00:00,66745.47599999
2025-08-14 06:00:00,66640.876
2025-08-14 07:00:00,66480.284
2025-08-14 08:00:00,66153.676
2025-08-14 09:00:00,66693.825
2025-08-14 10:00:00,67459.951
2025-08-14 11:00:00,66977.022
2025-08-14 12:00:00,66293.662
2025-08-14 13:00:00,66034.666
2025-08-14 14:00:00,65793.43399999
2025-08-14 15:00:00,64745.028
2025-08-14 16:00:00,65031.547
2025-08-14 17:00:00,62121.581
2025-08-14 18:00:00,65143.739
2025-08-14 19:00:00,65663.018
2025-08-14 20:00:00,64373.075
2025-08-14 21:00:00,63932.651
2025-08-14 22:00:00,63865.491
2025-08-14 23:00:00,63940.642
2025-08-15 00:00:00,64095.395
2025-08-15 01:00:00,63818.299
2025-08-15 02:00:00,62894.842
2025-08-15 03:00:00,63119.462
2025-08-15 04:00:00,63276.752
2025-08-15 05:00:00,63202.6
2025-08-15 06:00:00,63569.41
2025-08-15 07:00:00,63633.026
2025-08-15 08:00:00,63687.666
2025-08-15 09:00:00,63771.584
2025-08-15 10:00:00,64303.502
2025-08-15 11:00:00,64454.724
2025-08-15 12:00:00,64319.232
2025-08-15 13:00:00,64434.652
2025-08-15 14:00:00,65277.159
2025-08-15 15:00:00,65220.293
2025-08-15 16:00:00,64459.744
2025-08-15 17:00:00,64223.27
2025-08-15 18:00:00,63648.014
2025-08-15 19:00:00,64323.715
2025-08-15 20:00:00,64588.61
2025-08-15 21:00:00,64678.835
2025-08-15 22:00:00,64848.578
2025-08-15 23:00:00,64843.519
2025-08-16 00:00:00,64578.743
2025-08-16 01:00:00,64499.8
2025-08-16 02:00:00,64489.582
2025-08-16 03:00:00,64330.993
2025-08-16 04:00:00,64373.317
2025-08-16 05:00:00,64462.48
2025-08-16 06:00:00,64516.511
2025-08-16 07:00:00,64642.069
2025-08-16 08:00:00,64523.621
2025-08-16 09:00:00,64443.841
2025-08-16 10:00:00,64382.424
2025-08-16 11:00:00,64460.705
2025-08-16 12:00:00,64498.309
2025-08-16 13:00:00,64702.545
2025-08-16 14:00:00,64535.883
2025-08-16 15:00:00,64197.304
2025-08-16 16:00:00,64160.802
2025-08-16 17:00:00,64198.932
2025-08-16 18:00:00,64355.899
2025-08-16 19:00:00,64290.091
2025-08-16 20:00:00,64197.578
2025-08-16 21:00:00,64291.452
2025-08-16 22:00:00,64292.727
2025-08-16 23:00:00,64272.643
2025-08-17 00:00:00,64587.742
2025-08-17 01:00:00,64450.146
2025-08-17 02:00:00,64151.246
2025-08-17 03:00:00,64254.311
2025-08-17 04:00:00,64093.011
2025-08-17 05:00:00,63940.377
2025-08-17 06:00:00,63875.795
2025-08-17 07:00:00,64076.539
2025-08-17 08:00:00,64090.601
2025-08-17 09:00:00,63622.608
2025-08-17 10:00:00,63613.965
2025-08-17 11:00:00,63737.539
2025-08-17 12:00:00,63753.136
2025-08-17 13:00:00,63789.481
2025-08-17 14:00:00,63643.874
2025-08-17 15:00:00,63635.309
2025-08-17 16:00:00,63568.416
2025-08-17 17:00:00,63461.989
2025-08-17 18:00:00,63807.241
2025-08-17 19:00:00,63739.286
2025-08-17 20:00:00,63897.95
2025-08-17 21:00:00,63690.424
2025-08-17 22:00:00,63399.626
2025-08-17 23:00:00,63533.56
2025-08-18 00:00:00,63452.758
2025-08-18 01:00:00,63228.262
2025-08-18 02:00:00,62991.587
2025-08-18 03:00:00,63365.211
2025-08-18 04:00:00,63028.895
2025-08-18 05:00:00,63031.944
2025-08-18 06:00:00,64076.044
2025-08-18 07:00:00,65333.946
2025-08-18 08:00:00,65852.595
2025-08-18 09:00:00,66512.159
2025-08-18 10:00:00,66724.422
2025-08-18 11:00:00,66511.782
2025-08-18 12:00:00,66775.735
2025-08-18 13:00:00,66985.123
2025-08-18 14:00:00,66604.738
2025-08-18 15:00:00,66650.912
2025-08-18 16:00:00,66716.558
2025-08-18 17:00:00,67055.538
2025-08-18 18:00:00,66623.337
2025-08-18 19:00:00,66797.38099999
2025-08-18 20:00:00,66167.765
2025-08-18 21:00:00,65551.962
2025-08-18 22:00:00,65252.976
2025-08-18 23:00:00,65209.798
2025-08-19 00:00:00,65278.369
2025-08-19 01:00:00,64501.339
2025-08-19 02:00:00,64295.844
2025-08-19 03:00:00,64115.909
2025-08-19 04:00:00,63811.978
2025-08-19 05:00:00,62693.427
2025-08-19 06:00:00,62922.128
2025-08-19 07:00:00,62575.415
2025-08-19 08:00:00,62327.357
2025-08-19 09:00:00,62191.822
2025-08-19 10:00:00,62496.598
2025-08-19 11:00:00,62841.178
2025-08-19 12:00:00,63211.688
2025-08-19 13:00:00,63168.121
2025-08-19 14:00:00,63247.183
2025-08-19 15:00:00,63371.134
2025-08-19 16:00:00,63267.672
2025-08-19 17:00:00,63011.252
2025-08-19 18:00:00,63002.745
2025-08-19 19:00:00,61432.713
2025-08-19 20:00:00,61999.342
2025-08-19 21:00:00,62568.503
2025-08-19 22:00:00,63427.303
2025-08-19 23:00:00,63840.524
2025-08-20 00:00:00,64369.788
2025-08-20 01:00:00,64488.075
2025-08-20 02:00:00,64399.283
2025-08-20 03:00:00,64409.517
2025-08-20 04:00:00,64140.39
2025-08-20 05:00:00,63902.797
2025-08-20 06:00:00,64050.081
2025-08-20 07:00:00,64101.359
2025-08-20 08:00:00,64322.191
2025-08-20 09:00:00,64322.557
2025-08-20 10:00:00,64339.887
2025-08-20 11:00:00,64519.608
2025-08-20 12:00:00,64268.931
2025-08-20 13:00:00,64434.386
2025-08-20 14:00:00,64649.853
2025-08-20 15:00:00,64773.335
2025-08-20 16:00:00,63919.533
2025-08-20 17:00:00,63954.279
2025-08-20 18:00:00,63662.617
2025-08-20 19:00:00,62988.887
2025-08-20 20:00:00,62568.598
2025-08-20 21:00:00,62926.882
2025-08-20 22:00:00,62693.219
2025-08-20 23:00:00,62980.799
2025-08-21 00:00:00,62795.43
2025-08-21 01:00:00,62728.88
2025-08-21 02:00:00,62458.711
2025-08-21 03:00:00,62509.492
2025-08-21 04:00:00,62324.391
2025-08-21 05:00:00,62108.577
2025-08-21 06:00:00,61996.872
2025-08-21 07:00:00,61925.472
2025-08-21 08:00:00,61729.48
2025-08-21 09:00:00,62008.191
2025-08-21 10:00:00,62076.699
2025-08-21 11:00:00,62945.706
2025-08-21 12:00:00,62652.806
2025-08-21 13:00:00,62636.793
2025-08-21 14:00:00,62514.993
2025-08-21 15:00:00,62673.065
2025-08-21 16:00:00,62665.382
2025-08-21 17:00:00,62729.895
2025-08-21 18:00:00,62944.929
2025-08-21 19:00:00,62757.031
2025-08-21 20:00:00,63117.311
2025-08-21 21:00:00,63454.259
2025-08-21 22:00:00,63988.076
2025-08-21 23:00:00,64372.349
2025-08-22 00:00:00,64633.119
2025-08-22 01:00:00,64581.081
2025-08-22 02:00:00,64669.74
2025-08-22 03:00:00,64684.258
2025-08-22 04:00:00,64536.823
2025-08-22 05:00:00,64545.921
2025-08-22 06:00:00,64573.136
2025-08-22 07:00:00,63951.331
2025-08-22 08:00:00,63866.269
2025-08-22 09:00:00,63907.009
2025-08-22 10:00:00,63812.558
2025-08-22 11:00:00,64126.834
2025-08-22 12:00:00,63818.536
2025-08-22 13:00:00,63981.68
2025-08-22 14:00:00,64839.823
2025-08-22 15:00:00,64819.729
2025-08-22 16:00:00,64444.906
2025-08-22 17:00:00,63403.032
2025-08-22 18:00:00,63323.552
2025-08-22 19:00:00,61265.971
2025-08-22 20:00:00,61192.719
2025-08-22 21:00:00,60821.115
2025-08-22 22:00:00,61108.132
2025-08-22 23:00:00,60891.405
2025-08-23 00:00:00,60767.318
2025-08-23 01:00:00,61123.528
2025-08-23 02:00:00,60843.411
2025-08-23 03:00:00,60975.362
2025-08-23 04:00:00,60834.396
2025-08-23 05:00:00,60876.281
2025-08-23 06:00:00,60995.676
2025-08-23 07:00:00,60331.67
2025-08-23 08:00:00,60523.276
2025-08-23 09:00:00,61023.195
2025-08-23 10:00:00,61083.864
2025-08-23 11:00:00,61245.835
2025-08-23 12:00:00,61266.401
2025-08-23 13:00:00,61285.657
2025-08-23 14:00:00,61266.015
2025-08-23 15:00:00,61319.617
2025-08-23 16:00:00,61573.008
2025-08-23 17:00:00,61596.825
2025-08-23 18:00:00,62238.757
2025-08-23 19:00:00,62672.89
2025-08-23 20:00:00,63948.227
2025-08-23 21:00:00,64518.285
2025-08-23 22:00:00,65594.961
2025-08-23 23:00:00,65750.335
2025-08-24 00:00:00,65657.37699999
2025-08-24 01:00:00,65551.426
2025-08-24 02:00:00,65381.061
2025-08-24 03:00:00,65363.839
2025-08-24 04:00:00,65188.703
2025-08-24 05:00:00,65206.143
2025-08-24 06:00:00,64851.389
2025-08-24 07:00:00,64493.424
2025-08-24 08:00:00,64563.053
2025-08-24 09:00:00,64602.617
2025-08-24 10:00:00,64695.655
2025-08-24 11:00:00,64798.799
2025-08-24 12:00:00,64836.131
2025-08-24 13:00:00,65128.534
2025-08-24 14:00:00,65529.869
2025-08-24 15:00:00,65449.548
2025-08-24 16:00:00,65290.782
2025-08-24 17:00:00,65489.763
2025-08-24 18:00:00,65904.109
2025-08-24 19:00:00,66402.909
2025-08-24 20:00:00,66550.88099999
2025-08-24 21:00:00,67027.045
2025-08-24 22:00:00,67329.677
2025-08-24 23:00:00,68559.773
2025-08-25 00:00:00,65591.6
2025-08-25 01:00:00,66197.172
2025-08-25 02:00:00,66444.022
2025-08-25 03:00:00,66644.56
2025-08-25 04:00:00,66411.94899999
2025-08-25 05:00:00,66548.54399999
2025-08-25 06:00:00,66703.007
2025-08-25 07:00:00,66427.581
2025-08-25 08:00:00,66404.311
2025-08-25 09:00:00,66337.482
2025-08-25 10:00:00,66674.403
2025-08-25 11:00:00,67368.414
2025-08-25 12:00:00,67300.618
2025-08-25 13:00:00,67585.552
2025-08-25 14:00:00,68448.498
2025-08-25 15:00:00,68483.55499999
2025-08-25 16:00:00,68661.172
2025-08-25 17:00:00,69115.247
2025-08-25 18:00:00,69003.889
2025-08-25 19:00:00,69370.557
2025-08-25 20:00:00,68919.12699999
2025-08-25 21:00:00,68534.531
2025-08-25 22:00:00,68098.556
2025-08-25 23:00:00,67721.11599999
2025-08-26 00:00:00,66489.898
2025-08-26 01:00:00,66155.265
2025-08-26 02:00:00,67143.547
2025-08-26 03:00:00,67438.326
2025-08-26 04:00:00,67437.85099999
2025-08-26 05:00:00,69172.48
2025-08-26 06:00:00,69061.75999999
2025-08-26 07:00:00,69230.038
2025-08-26 08:00:00,69392.73299999
2025-08-26 09:00:00,69605.013
2025-08-26 10:00:00,69409.303
2025-08-26 11:00:00,69050.594
2025-08-26 12:00:00,68433.113
2025-08-26 13:00:00,67807.378
2025-08-26 14:00:00,68179.086
2025-08-26 15:00:00,68190.19
2025-08-26 16:00:00,68481.989
2025-08-26 17:00:00,68351.738
2025-08-26 18:00:00,68832.011
2025-08-26 19:00:00,68937.999
2025-08-26 20:00:00,67748.755
2025-08-26 21:00:00,68111.482
2025-08-26 22:00:00,67665.164
2025-08-26 23:00:00,68253.626
2025-08-27 00:00:00,68194.236
2025-08-27 01:00:00,68133.586
2025-08-27 02:00:00,67837.802
2025-08-27 03:00:00,67134.444
2025-08-27 04:00:00,66694.944
2025-08-27 05:00:00,66292.714
2025-08-27 06:00:00,66163.344
2025-08-27 07:00:00,66726.155
2025-08-27 08:00:00,66112.424
2025-08-27 09:00:00,66450.908
2025-08-27 10:00:00,66399.772
2025-08-27 11:00:00,66356.86599999
2025-08-27 12:00:00,66166.77499999
2025-08-27 13:00:00,66364.164
2025-08-27 14:00:00,66321.37699999
2025-08-27 15:00:00,66386.379
2025-08-27 16:00:00,66605.952
2025-08-27 17:00:00,66252.223
2025-08-27 18:00:00,66461.21799999
2025-08-27 19:00:00,66135.681
2025-08-27 20:00:00,66533.772
2025-08-27 21:00:00,66459.378
2025-08-27 22:00:00,66688.44
2025-08-27 23:00:00,67736.291
2025-08-28 00:00:00,67308.30499999
2025-08-28 01:00:00,66112.03
2025-08-28 02:00:00,65685.908
2025-08-28 03:00:00,65544.844
2025-08-28 04:00:00,65430.92
2025-08-28 05:00:00,65527.128
2025-08-28 06:00:00,65242.095
2025-08-28 07:00:00,64838.152
2025-08-28 08:00:00,64473.81
2025-08-28 09:00:00,64645.54
2025-08-28 10:00:00,65205.884
2025-08-28 11:00:00,65324.37
2025-08-28 12:00:00,65673.785
2025-08-28 13:00:00,65588.725
2025-08-28 14:00:00,65840.121
2025-08-28 15:00:00,65773.683
2025-08-28 16:00:00,65883.098
2025-08-28 17:00:00,65831.194
2025-08-28 18:00:00,65975.02099999
2025-08-28 19:00:00,65914.65399999
2025-08-28 20:00:00,65860.175
2025-08-28 21:00:00,65684.97199999
2025-08-28 22:00:00,65767.493
2025-08-28 23:00:00,65889.644
2025-08-29 00:00:00,66529.609
2025-08-29 01:00:00,66310.522
2025-08-29 02:00:00,66079.74
2025-08-29 03:00:00,65190.81
2025-08-29 04:00:00,65431.52
2025-08-29 05:00:00,65405.128
2025-08-29 06:00:00,66514.864
2025-08-29 07:00:00,66605.584
2025-08-29 08:00:00,66635.759
2025-08-29 09:00:00,66532.70299999
2025-08-29 10:00:00,66284.638
2025-08-29 11:00:00,66697.643
2025-08-29 12:00:00,66850.774
2025-08-29 13:00:00,67553.75
2025-08-29 14:00:00,66992.946
2025-08-29 15:00:00,67054.017
2025-08-29 16:00:00,66913.25199999
2025-08-29 17:00:00,66473.856
2025-08-29 18:00:00,66388.614
2025-08-29 19:00:00,68833.423
2025-08-29 20:00:00,70166.364
2025-08-29 21:00:00,70339.583
2025-08-29 22:00:00,70417.23299999
2025-08-29 23:00:00,70498.249
2025-08-30 00:00:00,71505.255
2025-08-30 01:00:00,72412.74099999
2025-08-30 02:00:00,72935.16499999
2025-08-30 03:00:00,72901.03
2025-08-30 04:00:00,72713.376
2025-08-30 05:00:00,72638.485
2025-08-30 06:00:00,72322.969
2025-08-30 07:00:00,72382.93399999
2025-08-30 08:00:00,72295.292
2025-08-30 09:00:00,72280.484
2025-08-30 10:00:00,72467.664
2025-08-30 11:00:00,72500.416
2025-08-30 12:00:00,72625.39999999
2025-08-30 13:00:00,72524.595
2025-08-30 14:00:00,72288.818
2025-08-30 15:00:00,72339.285
2025-08-30 16:00:00,72317.516
2025-08-30 17:00:00,72105.925
2025-08-30 18:00:00,71832.537
2025-08-30 19:00:00,72262.364
2025-08-30 20:00:00,72181.763
2025-08-30 21:00:00,72173.485
2025-08-30 22:00:00,72011.386
2025-08-30 23:00:00,72154.653
2025-08-31 00:00:00,72244.114
2025-08-31 01:00:00,71802.244
2025-08-31 02:00:00,71279.97
2025-08-31 03:00:00,71054.21
2025-08-31 04:00:00,71087.826
2025-08-31 05:00:00,70812.35099999
2025-08-31 06:00:00,70681.642
2025-08-31 07:00:00,70647.552
2025-08-31 08:00:00,70686.191
2025-08-31 09:00:00,70681.614
2025-08-31 10:00:00,70936.994
2025-08-31 11:00:00,70925.212
2025-08-31 12:00:00,71000.758
2025-08-31 13:00:00,71222.007
2025-08-31 14:00:00,70893.755
2025-08-31 15:00:00,71352.716
2025-08-31 16:00:00,71346.762
2025-08-31 17:00:00,71334.63
2025-08-31 18:00:00,71320.86199999
2025-08-31 19:00:00,71244.442
2025-08-31 20:00:00,71041.054
2025-08-31 21:00:00,70662.017
2025-08-31 22:00:00,70985.706
2025-08-31 23:00:00,70706.454
2025-09-01 00:00:00,70621.96
2025-09-01 01:00:00,70674.96
2025-09-01 02:00:00,70585.997
2025-09-01 03:00:00,70371.838
2025-09-01 04:00:00,69811.213
2025-09-01 05:00:00,69758.384
2025-09-01 06:00:00,69954.071
2025-09-01 07:00:00,70380.871
2025-09-01 08:00:00,70646.666
2025-09-01 09:00:00,70796.276
2025-09-01 10:00:00,71003.268
2025-09-01 11:00:00,71016.053
2025-09-01 12:00:00,70845.43799999
2025-09-01 13:00:00,70872.564
2025-09-01 14:00:00,70953.802
2025-09-01 15:00:00,70684.323
2025-09-01 16:00:00,71204.007
2025-09-01 17:00:00,71504.74
2025-09-01 18:00:00,71414.36599999
2025-09-01 19:00:00,71497.031
2025-09-01 20:00:00,71179.79399999
2025-09-01 21:00:00,71270.508
2025-09-01 22:00:00,70995.471
2025-09-01 23:00:00,71007.288
2025-09-02 00:00:00,70947.083
2025-09-02 01:00:00,69148.693
2025-09-02 02:00:00,69012.174
2025-09-02 03:00:00,68870.316
2025-09-02 04:00:00,68720.586
2025-09-02 05:00:00,68796.238
2025-09-02 06:00:00,69112.124
2025-09-02 07:00:00,69448.403
2025-09-02 08:00:00,70288.086
2025-09-02 09:00:00,70782.993
2025-09-02 10:00:00,70971.97599999
2025-09-02 11:00:00,71137.119
2025-09-02 12:00:00,71183.13099999
2025-09-02 13:00:00,71442.416
2025-09-02 14:00:00,71117.607
2025-09-02 15:00:00,71504.295
2025-09-02 16:00:00,71682.429
2025-09-02 17:00:00,70965.978
2025-09-02 18:00:00,69930.632
2025-09-02 19:00:00,70565.034
2025-09-02 20:00:00,70981.793
2025-09-02 21:00:00,71232.738
2025-09-02 22:00:00,71249.41099999
2025-09-02 23:00:00,71282.734
2025-09-03 00:00:00,71423.168
2025-09-03 01:00:00,71312.56299999
2025-09-03 02:00:00,71388.102
2025-09-03 03:00:00,71735.32799999
2025-09-03 04:00:00,71963.384
2025-09-03 05:00:00,71693.674
2025-09-03 06:00:00,71804.542
2025-09-03 07:00:00,71416.163
2025-09-03 08:00:00,71461.844
2025-09-03 09:00:00,71383.939
2025-09-03 10:00:00,71323.493
2025-09-03 11:00:00,71224.89
2025-09-03 12:00:00,71264.57
2025-09-03 13:00:00,71419.717
2025-09-03 14:00:00,71481.91099999
2025-09-03 15:00:00,71583.20299999
2025-09-03 16:00:00,71890.247
2025-09-03 17:00:00,71846.288
2025-09-03 18:00:00,72631.16899999
2025-09-03 19:00:00,72400.026
2025-09-03 20:00:00,72478.84299999
2025-09-03 21:00:00,72353.407
2025-09-03 22:00:00,72688.892
2025-09-03 23:00:00,72727.229
2025-09-04 00:00:00,72504.33199999
2025-09-04 01:00:00,72331.07799999
2025-09-04 02:00:00,71728.95299999
2025-09-04 03:00:00,71669.54399999
2025-09-04 04:00:00,71713.861
2025-09-04 05:00:00,71557.823
2025-09-04 06:00:00,71656.00199999
2025-09-04 07:00:00,71354.255
2025-09-04 08:00:00,71121.818
2025-09-04 09:00:00,71262.52099999
2025-09-04 10:00:00,70886.63499999
2025-09-04 11:00:00,70941.243
2025-09-04 12:00:00,71646.78999999
2025-09-04 13:00:00,71734.301
2025-09-04 14:00:00,71710.546
2025-09-04 15:00:00,71008.153
2025-09-04 16:00:00,71050.437
2025-09-04 17:00:00,70734.515
2025-09-04 18:00:00,70989.75
2025-09-04 19:00:00,71336.384
2025-09-04 20:00:00,71329.676
2025-09-04 21:00:00,71572.104
2025-09-04 22:00:00,71664.91
2025-09-04 23:00:00,71554.969
2025-09-05 00:00:00,71285.00999999
2025-09-05 01:00:00,70942.083
2025-09-05 02:00:00,70807.00199999
2025-09-05 03:00:00,69931.607
2025-09-05 04:00:00,70115.78999999
2025-09-05 05:00:00,69413.137
2025-09-05 06:00:00,69331.739
2025-09-05 07:00:00,69493.162
2025-09-05 08:00:00,69611.494
2025-09-05 09:00:00,69951.435
2025-09-05 10:00:00,70403.145
2025-09-05 11:00:00,70967.206
2025-09-05 12:00:00,72613.69899999
2025-09-05 13:00:00,73131.178
2025-09-05 14:00:00,72855.105
2025-09-05 15:00:00,72491.38499999
2025-09-05 16:00:00,72407.781
2025-09-05 17:00:00,72651.82399999
2025-09-05 18:00:00,72704.69
2025-09-05 19:00:00,71291.974
2025-09-05 20:00:00,70534.5
2025-09-05 21:00:00,70538.981
2025-09-05 22:00:00,70860.383
2025-09-05 23:00:00,71129.234
2025-09-06 00:00:00,70713.124
2025-09-06 01:00:00,70659.763
2025-09-06 02:00:00,70504.158
2025-09-06 03:00:00,70434.955
2025-09-06 04:00:00,70401.288
2025-09-06 05:00:00,70245.494
2025-09-06 06:00:00,70144.93799999
2025-09-06 07:00:00,70131.932
2025-09-06 08:00:00,70236.988
2025-09-06 09:00:00,70639.61
2025-09-06 10:00:00,70434.465
2025-09-06 11:00:00,70390.908
2025-09-06 12:00:00,70268.664
2025-09-06 13:00:00,70072.007
2025-09-06 14:00:00,70048.354
2025-09-06 15:00:00,69935.653
2025-09-06 16:00:00,69979.28999999
2025-09-06 17:00:00,70073.924
2025-09-06 18:00:00,70036.596
2025-09-06 19:00:00,70024.57
2025-09-06 20:00:00,69695.538
2025-09-06 21:00:00,68465.447
2025-09-06 22:00:00,68626.463
2025-09-06 23:00:00,69319.7
2025-09-07 00:00:00,69272.028
2025-09-07 01:00:00,69377.283
2025-09-07 02:00:00,69194.31299999
2025-09-07 03:00:00,69236.564
2025-09-07 04:00:00,69239.772
2025-09-07 05:00:00,69514.17
2025-09-07 06:00:00,69248.014
2025-09-07 07:00:00,69382.49099999
2025-09-07 08:00:00,69426.163
2025-09-07 09:00:00,69622.316
2025-09-07 10:00:00,69872.887
2025-09-07 11:00:00,69918.446
2025-09-07 12:00:00,69881.03
2025-09-07 13:00:00,69837.902
2025-09-07 14:00:00,69597.86199999
2025-09-07 15:00:00,69603.48
2025-09-07 16:00:00,69658.807
2025-09-07 17:00:00,69586.708
2025-09-07 18:00:00,69528.466
2025-09-07 19:00:00,69759.60799999
2025-09-07 20:00:00,69931.64599999
2025-09-07 21:00:00,70096.251
2025-09-07 22:00:00,70079.58199999
2025-09-07 23:00:00,70063.91499999
2025-09-08 00:00:00,69983.996
2025-09-08 01:00:00,70106.607
2025-09-08 02:00:00,70134.386
2025-09-08 03:00:00,70139.853
2025-09-08 04:00:00,69918.894
2025-09-08 05:00:00,69063.532
2025-09-08 06:00:00,69458.738
2025-09-08 07:00:00,68980.315
2025-09-08 08:00:00,69106.846
2025-09-08 09:00:00,68885.822
2025-09-08 10:00:00,68845.795
2025-09-08 11:00:00,68929.177
2025-09-08 12:00:00,69444.00999999
2025-09-08 13:00:00,69297.53999999
2025-09-08 14:00:00,69715.829
2025-09-08 15:00:00,69757.00999999
2025-09-08 16:00:00,70108.072
2025-09-08 17:00:00,70317.17
2025-09-08 18:00:00,70193.622
2025-09-08 19:00:00,70466.312
2025-09-08 20:00:00,70484.509
2025-09-08 21:00:00,69833.56
2025-09-08 22:00:00,69910.488
2025-09-08 23:00:00,70241.378
2025-09-09 00:00:00,69990.998
2025-09-09 01:00:00,70032.73699999
2025-09-09 02:00:00,69437.552
2025-09-09 03:00:00,69320.79399999
2025-09-09 04:00:00,69218.318
2025-09-09 05:00:00,69224.642
2025-09-09 06:00:00,68956.308
2025-09-09 07:00:00,68434.323
2025-09-09 08:00:00,68322.622
2025-09-09 09:00:00,68305.585
2025-09-09 10:00:00,68598.073
2025-09-09 11:00:00,69854.151
2025-09-09 12:00:00,70207.736
2025-09-09 13:00:00,70449.293
2025-09-09 14:00:00,70569.418
2025-09-09 15:00:00,69905.74099999
2025-09-09 16:00:00,69627.11599999
2025-09-09 17:00:00,69474.07399999
2025-09-09 18:00:00,69405.032
2025-09-09 19:00:00,68729.914
2025-09-09 20:00:00,69383.925
2025-09-09 21:00:00,69888.009
2025-09-09 22:00:00,70158.36
2025-09-09 23:00:00,70297.388
2025-09-10 00:00:00,70633.052
2025-09-10 01:00:00,71581.63099999
2025-09-10 02:00:00,70683.664
2025-09-10 03:00:00,71765.394
2025-09-10 04:00:00,71770.33199999
2025-09-10 05:00:00,71063.486
2025-09-10 06:00:00,71270.276
2025-09-10 07:00:00,71814.391
2025-09-10 08:00:00,71723.306
2025-09-10 09:00:00,71435.407
2025-09-10 10:00:00,71498.41099999
2025-09-10 11:00:00,71196.944
2025-09-10 12:00:00,71347.168
2025-09-10 13:00:00,71081.581
2025-09-10 14:00:00,70659.429
2025-09-10 15:00:00,70713.322
2025-09-10 16:00:00,70783.909
2025-09-10 17:00:00,69697.508
2025-09-10 18:00:00,71853.273
2025-09-10 19:00:00,72598.336
2025-09-10 20:00:00,73168.856
2025-09-10 21:00:00,72376.34
2025-09-10 22:00:00,72621.079
2025-09-10 23:00:00,72992.75199999
2025-09-11 00:00:00,72493.622
2025-09-11 01:00:00,72439.371
2025-09-11 02:00:00,72898.852
2025-09-11 03:00:00,72974.064
2025-09-11 04:00:00,72914.524
2025-09-11 05:00:00,72930.96799999
2025-09-11 06:00:00,72787.998
2025-09-11 07:00:00,72541.72599999
2025-09-11 08:00:00,71728.52499999
2025-09-11 09:00:00,72046.952
2025-09-11 10:00:00,71194.532
2025-09-11 11:00:00,71391.17
2025-09-11 12:00:00,71214.048
2025-09-11 13:00:00,71530.496
2025-09-11 14:00:00,70286.31
2025-09-11 15:00:00,69744.295
2025-09-11 16:00:00,69819.22
2025-09-11 17:00:00,69493.446
2025-09-11 18:00:00,71014.186
2025-09-11 19:00:00,71187.42999999
2025-09-11 20:00:00,70776.049
2025-09-11 21:00:00,70777.071
2025-09-11 22:00:00,70968.865
2025-09-11 23:00:00,70827.714
2025-09-12 00:00:00,70534.762
2025-09-12 01:00:00,70918.77099999
2025-09-12 02:00:00,71172.948
2025-09-12 03:00:00,71505.28999999
2025-09-12 04:00:00,72519.698
2025-09-12 05:00:00,74402.106
2025-09-12 06:00:00,73995.083
2025-09-12 07:00:00,74080.308
2025-09-12 08:00:00,73536.05899999
2025-09-12 09:00:00,73924.977
2025-09-12 10:00:00,73946.599
2025-09-12 11:00:00,74005.69
2025-09-12 12:00:00,74098.808
2025-09-12 13:00:00,74154.73299999
2025-09-12 14:00:00,74400.598
2025-09-12 15:00:00,74361.239
2025-09-12 16:00:00,74420.042
2025-09-12 17:00:00,74165.848
2025-09-12 18:00:00,74127.466
2025-09-12 19:00:00,73561.416
2025-09-12 20:00:00,72954.539
2025-09-12 21:00:00,72585.762
2025-09-12 22:00:00,72572.604
2025-09-12 23:00:00,72226.806
2025-09-13 00:00:00,72197.514
2025-09-13 01:00:00,72379.71
2025-09-13 02:00:00,72018.528
2025-09-13 03:00:00,71894.72
2025-09-13 04:00:00,72212.37699999
2025-09-13 05:00:00,72443.978
2025-09-13 06:00:00,71658.117
2025-09-13 07:00:00,72102.191
2025-09-13 08:00:00,72047.912
2025-09-13 09:00:00,71993.708
2025-09-13 10:00:00,71819.564
2025-09-13 11:00:00,71792.043
2025-09-13 12:00:00,71761.205
2025-09-13 13:00:00,71595.464
2025-09-13 14:00:00,71558.819
2025-09-13 15:00:00,71451.946
2025-09-13 16:00:00,71204.046
2025-09-13 17:00:00,71132.54399999
2025-09-13 18:00:00,71156.11
2025-09-13 19:00:00,70902.542
2025-09-13 20:00:00,70867.352
2025-09-13 21:00:00,69864.317
2025-09-13 22:00:00,69852.258
2025-09-13 23:00:00,69889.448
2025-09-14 00:00:00,70068.679
2025-09-14 01:00:00,70499.53599999
2025-09-14 02:00:00,70343.85799999
2025-09-14 03:00:00,69931.38
2025-09-14 04:00:00,70222.546
2025-09-14 05:00:00,70280.334
2025-09-14 06:00:00,70171.076
2025-09-14 07:00:00,70072.637
2025-09-14 08:00:00,69968.955
2025-09-14 09:00:00,69845.926
2025-09-14 10:00:00,69461.572
2025-09-14 11:00:00,69412.958
2025-09-14 12:00:00,69602.25199999
2025-09-14 13:00:00,69668.189
2025-09-14 14:00:00,69888.708
2025-09-14 15:00:00,70054.292
2025-09-14 16:00:00,69818.153
2025-09-14 17:00:00,69920.936
2025-09-14 18:00:00,69172.734
2025-09-14 19:00:00,69553.924
2025-09-14 20:00:00,69342.119
2025-09-14 21:00:00,69325.402
2025-09-14 22:00:00,69377.97
2025-09-14 23:00:00,69758.558
2025-09-15 00:00:00,69708.674
2025-09-15 01:00:00,69454.0
2025-09-15 02:00:00,69483.75199999
2025-09-15 03:00:00,69637.197
2025-09-15 04:00:00,69010.589
2025-09-15 05:00:00,69516.07
2025-09-15 06:00:00,69142.07399999
2025-09-15 07:00:00,69029.158
2025-09-15 08:00:00,69039.436
2025-09-15 09:00:00,68741.436
2025-09-15 10:00:00,69431.27
2025-09-15 11:00:00,69610.042
2025-09-15 12:00:00,69371.05
2025-09-15 13:00:00,68538.53999999
2025-09-15 14:00:00,67550.75999999
2025-09-15 15:00:00,67787.747
2025-09-15 16:00:00,68395.878
2025-09-15 17:00:00,68488.439
2025-09-15 18:00:00,68331.777
2025-09-15 19:00:00,68094.315
2025-09-15 20:00:00,68215.94
2025-09-15 21:00:00,68247.921
2025-09-15 22:00:00,68093.912
2025-09-15 23:00:00,68980.538
2025-09-16 00:00:00,68602.912
2025-09-16 01:00:00,68332.007
2025-09-16 02:00:00,68162.471
2025-09-16 03:00:00,68210.034
2025-09-16 04:00:00,68223.20299999
2025-09-16 05:00:00,68267.352
2025-09-16 06:00:00,68558.812
2025-09-16 07:00:00,68663.094
2025-09-16 08:00:00,68751.017
2025-09-16 09:00:00,68543.003
2025-09-16 10:00:00,68832.49099999
2025-09-16 11:00:00,69303.553
2025-09-16 12:00:00,69531.452
2025-09-16 13:00:00,69550.91
2025-09-16 14:00:00,69510.27499999
2025-09-16 15:00:00,68935.782
2025-09-16 16:00:00,68816.323
2025-09-16 17:00:00,68954.121
2025-09-16 18:00:00,68114.451
2025-09-16 19:00:00,67575.423
2025-09-16 20:00:00,67164.89999999
2025-09-16 21:00:00,67574.285
2025-09-16 22:00:00,67503.12699999
2025-09-16 23:00:00,68412.215
2025-09-17 00:00:00,68570.122
2025-09-17 01:00:00,69138.293
2025-09-17 02:00:00,68924.538
2025-09-17 03:00:00,69064.79399999
2025-09-17 04:00:00,69257.55899999
2025-09-17 05:00:00,69415.272
2025-09-17 06:00:00,69316.798
2025-09-17 07:00:00,69187.89999999
2025-09-17 08:00:00,68892.379
2025-09-17 09:00:00,68495.153
2025-09-17 10:00:00,67651.942
2025-09-17 11:00:00,68029.825
2025-09-17 12:00:00,68635.05499999
2025-09-17 13:00:00,68340.505
2025-09-17 14:00:00,68328.12
2025-09-17 15:00:00,68076.496
2025-09-17 16:00:00,67584.624
2025-09-17 17:00:00,67204.352
2025-09-17 18:00:00,66679.997
2025-09-17 19:00:00,66593.592
2025-09-17 20:00:00,66720.71
2025-09-17 21:00:00,66511.66499999
2025-09-17 22:00:00,65319.017
2025-09-17 23:00:00,67586.61199999
2025-09-18 00:00:00,69644.863
2025-09-18 01:00:00,69252.117
2025-09-18 02:00:00,68843.91499999
2025-09-18 03:00:00,68332.98
2025-09-18 04:00:00,67944.34299999
2025-09-18 05:00:00,67764.864
2025-09-18 06:00:00,68365.109
2025-09-18 07:00:00,68434.414
2025-09-18 08:00:00,68181.185
2025-09-18 09:00:00,68305.757
2025-09-18 10:00:00,68210.5
2025-09-18 11:00:00,68046.777
2025-09-18 12:00:00,67981.966
2025-09-18 13:00:00,67616.74099999
2025-09-18 14:00:00,67546.405
2025-09-18 15:00:00,67706.801
2025-09-18 16:00:00,67676.92
2025-09-18 17:00:00,67694.82
2025-09-18 18:00:00,68388.195
2025-09-18 19:00:00,69769.629
2025-09-18 20:00:00,70227.432
2025-09-18 21:00:00,70612.387
2025-09-18 22:00:00,70916.647
2025-09-18 23:00:00,71488.632
2025-09-19 00:00:00,70452.031
2025-09-19 01:00:00,70246.268
2025-09-19 02:00:00,70216.64
2025-09-19 03:00:00,70710.455
2025-09-19 04:00:00,70920.849
2025-09-19 05:00:00,70775.387
2025-09-19 06:00:00,70971.613
2025-09-19 07:00:00,70623.96799999
2025-09-19 08:00:00,70670.429
2025-09-19 09:00:00,70550.97199999
2025-09-19 10:00:00,70249.255
2025-09-19 11:00:00,70160.497
2025-09-19 12:00:00,69788.06
2025-09-19 13:00:00,69376.12699999
2025-09-19 14:00:00,69130.606
2025-09-19 15:00:00,68998.615
2025-09-19 16:00:00,68992.99
2025-09-19 17:00:00,68798.583
2025-09-19 18:00:00,69526.38499999
2025-09-19 19:00:00,69088.82
2025-09-19 20:00:00,69555.69899999
2025-09-19 21:00:00,69819.464
2025-09-19 22:00:00,69660.466
2025-09-19 23:00:00,70115.287
2025-09-20 00:00:00,70282.11599999
2025-09-20 01:00:00,70726.58
2025-09-20 02:00:00,70754.451
2025-09-20 03:00:00,70672.712
2025-09-20 04:00:00,70605.579
2025-09-20 05:00:00,71662.678
2025-09-20 06:00:00,71806.81299999
2025-09-20 07:00:00,71934.762
2025-09-20 08:00:00,71902.30499999
2025-09-20 09:00:00,72021.52499999
2025-09-20 10:00:00,72044.546
2025-09-20 11:00:00,72000.647
2025-09-20 12:00:00,72422.966
2025-09-20 13:00:00,72367.338
2025-09-20 14:00:00,72353.318
2025-09-20 15:00:00,72348.451
2025-09-20 16:00:00,72271.405
2025-09-20 17:00:00,72031.23299999
2025-09-20 18:00:00,71947.853
2025-09-20 19:00:00,71869.337
2025-09-20 20:00:00,71632.119
2025-09-20 21:00:00,71407.681
2025-09-20 22:00:00,71086.376
2025-09-20 23:00:00,71030.908
2025-09-21 00:00:00,71080.511
2025-09-21 01:00:00,71042.974
2025-09-21 02:00:00,71033.765
2025-09-21 03:00:00,71025.077
2025-09-21 04:00:00,71055.882
2025-09-21 05:00:00,70799.629
2025-09-21 06:00:00,70871.68799999
2025-09-21 07:00:00,70840.259
2025-09-21 08:00:00,70933.942
2025-09-21 09:00:00,70939.047
2025-09-21 10:00:00,70928.859
2025-09-21 11:00:00,71049.8
2025-09-21 12:00:00,71168.787
2025-09-21 13:00:00,71203.123
2025-09-21 14:00:00,70823.98299999
2025-09-21 15:00:00,70808.527
2025-09-21 16:00:00,70635.739
2025-09-21 17:00:00,70556.119
2025-09-21 18:00:00,70514.81
2025-09-21 19:00:00,70243.156
2025-09-21 20:00:00,70288.829
2025-09-21 21:00:00,69864.326
2025-09-21 22:00:00,70116.715
2025-09-21 23:00:00,70324.56
2025-09-22 00:00:00,70238.739
2025-09-22 01:00:00,69715.852
2025-09-22 02:00:00,68898.821
2025-09-22 03:00:00,68906.598
2025-09-22 04:00:00,68647.647
2025-09-22 05:00:00,67649.20699999
2025-09-22 06:00:00,68722.924
2025-09-22 07:00:00,68835.923
2025-09-22 08:00:00,68999.989
2025-09-22 09:00:00,69059.25599999
2025-09-22 10:00:00,67611.736
2025-09-22 11:00:00,65965.238
2025-09-22 12:00:00,66635.61599999
2025-09-22 13:00:00,66885.098
2025-09-22 14:00:00,66869.515
2025-09-22 15:00:00,67278.418
2025-09-22 16:00:00,67393.017
2025-09-22 17:00:00,67403.576
2025-09-22 18:00:00,66602.966
2025-09-22 19:00:00,66836.827
2025-09-22 20:00:00,66419.633
2025-09-22 21:00:00,66624.55899999
2025-09-22 22:00:00,66707.956
2025-09-22 23:00:00,66443.277
2025-09-23 00:00:00,66486.159
2025-09-23 01:00:00,66030.507
2025-09-23 02:00:00,66494.711
2025-09-23 03:00:00,66421.49
2025-09-23 04:00:00,66382.564
2025-09-23 05:00:00,66420.63
2025-09-23 06:00:00,66316.86599999
2025-09-23 07:00:00,66452.2
2025-09-23 08:00:00,66785.629
2025-09-23 09:00:00,67233.59
2025-09-23 10:00:00,67895.562
2025-09-23 11:00:00,68064.022
2025-09-23 12:00:00,67425.494
2025-09-23 13:00:00,67312.815
2025-09-23 14:00:00,67366.871
2025-09-23 15:00:00,67673.136
2025-09-23 16:00:00,67713.31299999
2025-09-23 17:00:00,67856.186
2025-09-23 18:00:00,68081.00999999
2025-09-23 19:00:00,67394.557
2025-09-23 20:00:00,67431.142
2025-09-23 21:00:00,66878.066
2025-09-23 22:00:00,66937.959
2025-09-23 23:00:00,67314.515
2025-09-24 00:00:00,67209.035
2025-09-24 01:00:00,66966.647
2025-09-24 02:00:00,67121.797
2025-09-24 03:00:00,67114.565
2025-09-24 04:00:00,67132.068
2025-09-24 05:00:00,67563.47599999
2025-09-24 06:00:00,67736.99099999
2025-09-24 07:00:00,67813.28
2025-09-24 08:00:00,67802.148
2025-09-24 09:00:00,67970.789
2025-09-24 10:00:00,68531.996
2025-09-24 11:00:00,68707.089
2025-09-24 12:00:00,68661.242
2025-09-24 13:00:00,68417.969
2025-09-24 14:00:00,68401.364
2025-09-24 15:00:00,68260.778
2025-09-24 16:00:00,67963.5
2025-09-24 17:00:00,67669.445
2025-09-24 18:00:00,67231.98299999
2025-09-24 19:00:00,66592.93399999
2025-09-24 20:00:00,66532.74
2025-09-24 21:00:00,67236.348
2025-09-24 22:00:00,66805.493
2025-09-24 23:00:00,66780.382
2025-09-25 00:00:00,66777.845
2025-09-25 01:00:00,66550.28999999
2025-09-25 02:00:00,66637.303
2025-09-25 03:00:00,66464.706
2025-09-25 04:00:00,66485.49
2025-09-25 05:00:00,66305.647
2025-09-25 06:00:00,65624.41
2025-09-25 07:00:00,65756.514
2025-09-25 08:00:00,65791.725
2025-09-25 09:00:00,65915.856
2025-09-25 10:00:00,67011.749
2025-09-25 11:00:00,67203.97
2025-09-25 12:00:00,67741.912
2025-09-25 13:00:00,67963.634
2025-09-25 14:00:00,68001.954
2025-09-25 15:00:00,68144.067
2025-09-25 16:00:00,67454.52499999
2025-09-25 17:00:00,67502.825
2025-09-25 18:00:00,67464.955
2025-09-25 19:00:00,67353.827
2025-09-25 20:00:00,67331.1
2025-09-25 21:00:00,66800.109
2025-09-25 22:00:00,65451.134
2025-09-25 23:00:00,66622.73
2025-09-26 00:00:00,66023.388
2025-09-26 01:00:00,65735.28999999
2025-09-26 02:00:00,65969.71
2025-09-26 03:00:00,65957.00599999
2025-09-26 04:00:00,66242.229
2025-09-26 05:00:00,65999.94899999
2025-09-26 06:00:00,65694.956
2025-09-26 07:00:00,65519.87
2025-09-26 08:00:00,65532.115
2025-09-26 09:00:00,65553.382
2025-09-26 10:00:00,65673.41
2025-09-26 11:00:00,65968.662
2025-09-26 12:00:00,65850.944
2025-09-26 13:00:00,65967.11599999
2025-09-26 14:00:00,65663.244
2025-09-26 15:00:00,65478.532
2025-09-26 16:00:00,66023.414
2025-09-26 17:00:00,65738.936
2025-09-26 18:00:00,65773.186
2025-09-26 19:00:00,66349.071
2025-09-26 20:00:00,65950.224
2025-09-26 21:00:00,66120.359
2025-09-26 22:00:00,66602.436
2025-09-26 23:00:00,66409.86599999
2025-09-27 00:00:00,65569.425
2025-09-27 01:00:00,66213.8
2025-09-27 02:00:00,66013.004
2025-09-27 03:00:00,65876.0
2025-09-27 04:00:00,65800.248
2025-09-27 05:00:00,65925.59
2025-09-27 06:00:00,64837.192
2025-09-27 07:00:00,64920.433
2025-09-27 08:00:00,65887.306
2025-09-27 09:00:00,65980.19
2025-09-27 10:00:00,66062.587
2025-09-27 11:00:00,66087.942
2025-09-27 12:00:00,65748.636
2025-09-27 13:00:00,65792.236
2025-09-27 14:00:00,64935.5
2025-09-27 15:00:00,64796.846
2025-09-27 16:00:00,64788.62
2025-09-27 17:00:00,64822.794
2025-09-27 18:00:00,65016.132
2025-09-27 19:00:00,65011.072
2025-09-27 20:00:00,64834.006
2025-09-27 21:00:00,64877.059
2025-09-27 22:00:00,64846.618
2025-09-27 23:00:00,64819.74
2025-09-28 00:00:00,64862.728
2025-09-28 01:00:00,64889.732
2025-09-28 02:00:00,64836.976
2025-09-28 03:00:00,64735.088
2025-09-28 04:00:00,64749.884
2025-09-28 05:00:00,64833.73
2025-09-28 06:00:00,64718.148
2025-09-28 07:00:00,64919.188
2025-09-28 08:00:00,64891.525
2025-09-28 09:00:00,64886.917
2025-09-28 10:00:00,64872.054
2025-09-28 11:00:00,64901.958
2025-09-28 12:00:00,64860.086
2025-09-28 13:00:00,65058.208
2025-09-28 14:00:00,65564.60799999
2025-09-28 15:00:00,65483.848
2025-09-28 16:00:00,65410.651
2025-09-28 17:00:00,64972.108
2025-09-28 18:00:00,65105.944
2025-09-28 19:00:00,64766.83
2025-09-28 20:00:00,65001.91
2025-09-28 21:00:00,64805.904
2025-09-28 22:00:00,64865.307
2025-09-28 23:00:00,64726.849
2025-09-29 00:00:00,64523.302
2025-09-29 01:00:00,64962.641
2025-09-29 02:00:00,64903.024
2025-09-29 03:00:00,64345.872
2025-09-29 04:00:00,64663.82
2025-09-29 05:00:00,65130.194
2025-09-29 06:00:00,65472.88
2025-09-29 07:00:00,66128.81
2025-09-29 08:00:00,66059.42
2025-09-29 09:00:00,66373.538
2025-09-29 10:00:00,66689.796
2025-09-29 11:00:00,66847.581
2025-09-29 12:00:00,66736.043
2025-09-29 13:00:00,66818.249
2025-09-29 14:00:00,67179.674
2025-09-29 15:00:00,67259.454
2025-09-29 16:00:00,67349.81299999
2025-09-29 17:00:00,67394.423
2025-09-29 18:00:00,66881.36199999
2025-09-29 19:00:00,67945.52
2025-09-29 20:00:00,68976.505
2025-09-29 21:00:00,69107.879
2025-09-29 22:00:00,68560.992
2025-09-29 23:00:00,68773.132
2025-09-30 00:00:00,68458.653
2025-09-30 01:00:00,68624.08199999
2025-09-30 02:00:00,68491.02099999
2025-09-30 03:00:00,68650.591
2025-09-30 04:00:00,68707.505
2025-09-30 05:00:00,68709.566
2025-09-30 06:00:00,68905.23299999
2025-09-30 07:00:00,69130.105
2025-09-30 08:00:00,69331.452
2025-09-30 09:00:00,69292.617
2025-09-30 10:00:00,69249.63099999
2025-09-30 11:00:00,68876.322
2025-09-30 12:00:00,68702.818
2025-09-30 13:00:00,68401.338
2025-09-30 14:00:00,67924.117
2025-09-30 15:00:00,67617.424
2025-09-30 16:00:00,67032.076
2025-09-30 17:00:00,67177.796
2025-09-30 18:00:00,67336.855
2025-09-30 19:00:00,67099.837
2025-09-30 20:00:00,67439.941
2025-09-30 21:00:00,67628.888
2025-09-30 22:00:00,67767.224
2025-09-30 23:00:00,67993.855
2025-10-01 00:00:00,66893.863
2025-10-01 01:00:00,67341.057
2025-10-01 02:00:00,66766.0
2025-10-01 03:00:00,66730.166
2025-10-01 04:00:00,66833.91899999
2025-10-01 05:00:00,66791.14
2025-10-01 06:00:00,66619.78
2025-10-01 07:00:00,67187.34299999
2025-10-01 08:00:00,67100.248
2025-10-01 09:00:00,68240.28599999
2025-10-01 10:00:00,68461.43399999
2025-10-01 11:00:00,68856.276
2025-10-01 12:00:00,68853.327
2025-10-01 13:00:00,67853.791
2025-10-01 14:00:00,70049.91099999
2025-10-01 15:00:00,70650.422
2025-10-01 16:00:00,70426.369
2025-10-01 17:00:00,70538.667
2025-10-01 18:00:00,70452.287
2025-10-01 19:00:00,70844.901
2025-10-01 20:00:00,71001.009
2025-10-01 21:00:00,71301.163
2025-10-01 22:00:00,71010.247
2025-10-01 23:00:00,70901.466
2025-10-02 00:00:00,70947.985
2025-10-02 01:00:00,71008.194
2025-10-02 02:00:00,71202.793
2025-10-02 03:00:00,70976.848
2025-10-02 04:00:00,70739.38
2025-10-02 05:00:00,70279.91
2025-10-02 06:00:00,70287.27499999
2025-10-02 07:00:00,70264.079
2025-10-02 08:00:00,70106.513
2025-10-02 09:00:00,70181.14
2025-10-02 10:00:00,70588.982
2025-10-02 11:00:00,70075.368
2025-10-02 12:00:00,70424.176
2025-10-02 13:00:00,70352.373
2025-10-02 14:00:00,70425.23699999
2025-10-02 15:00:00,69945.97199999
2025-10-02 16:00:00,70125.28599999
2025-10-02 17:00:00,70869.508
2025-10-02 18:00:00,70902.29399999
2025-10-02 19:00:00,71086.803
2025-10-02 20:00:00,70920.68399999
2025-10-02 21:00:00,70809.155
2025-10-02 22:00:00,70989.066
2025-10-02 23:00:00,69262.95
2025-10-03 00:00:00,70876.87699999
2025-10-03 01:00:00,71463.046
2025-10-03 02:00:00,71370.147
2025-10-03 03:00:00,70955.069
2025-10-03 04:00:00,70509.038
2025-10-03 05:00:00,69923.336
2025-10-03 06:00:00,69755.878
2025-10-03 07:00:00,69430.63
2025-10-03 08:00:00,69236.378
2025-10-03 09:00:00,69129.302
2025-10-03 10:00:00,68691.916
2025-10-03 11:00:00,68553.857
2025-10-03 12:00:00,68375.038
2025-10-03 13:00:00,67824.395
2025-10-03 14:00:00,67776.089
2025-10-03 15:00:00,67930.634
2025-10-03 16:00:00,68040.895
2025-10-03 17:00:00,67864.167
2025-10-03 18:00:00,68005.394
2025-10-03 19:00:00,68883.66099999
2025-10-03 20:00:00,70203.205
2025-10-03 21:00:00,69525.10099999
2025-10-03 22:00:00,69405.695
2025-10-03 23:00:00,69174.15399999
2025-10-04 00:00:00,70185.495
2025-10-04 01:00:00,69947.03599999
2025-10-04 02:00:00,69248.792
2025-10-04 03:00:00,69026.528
2025-10-04 04:00:00,68971.56299999
2025-10-04 05:00:00,69084.12
2025-10-04 06:00:00,68977.713
2025-10-04 07:00:00,68826.46
2025-10-04 08:00:00,69028.762
2025-10-04 09:00:00,68724.368
2025-10-04 10:00:00,68969.128
2025-10-04 11:00:00,69155.7
2025-10-04 12:00:00,69143.641
2025-10-04 13:00:00,69132.186
2025-10-04 14:00:00,69016.853
2025-10-04 15:00:00,68902.378
2025-10-04 16:00:00,68823.772
2025-10-04 17:00:00,68658.068
2025-10-04 18:00:00,69158.788
2025-10-04 19:00:00,68785.766
2025-10-04 20:00:00,68650.84
2025-10-04 21:00:00,68717.499
2025-10-04 22:00:00,68682.137
2025-10-04 23:00:00,68730.978
2025-10-05 00:00:00,68707.20299999
2025-10-05 01:00:00,68575.657
2025-10-05 02:00:00,68255.312
2025-10-05 03:00:00,68373.318
2025-10-05 04:00:00,68407.614
2025-10-05 05:00:00,68384.07
2025-10-05 06:00:00,68385.087
2025-10-05 07:00:00,68819.225
2025-10-05 08:00:00,68837.668
2025-10-05 09:00:00,68218.401
2025-10-05 10:00:00,68779.285
2025-10-05 11:00:00,69539.629
2025-10-05 12:00:00,69722.999
2025-10-05 13:00:00,69822.532
2025-10-05 14:00:00,68988.27899999
2025-10-05 15:00:00,68644.613
2025-10-05 16:00:00,68499.512
2025-10-05 17:00:00,67809.405
2025-10-05 18:00:00,68251.322
2025-10-05 19:00:00,68553.088
2025-10-05 20:00:00,68512.17
2025-10-05 21:00:00,68000.599
2025-10-05 22:00:00,68100.85099999
2025-10-05 23:00:00,68012.03
2025-10-06 00:00:00,67990.935
2025-10-06 01:00:00,67892.534
2025-10-06 02:00:00,67950.069
2025-10-06 03:00:00,68188.812
2025-10-06 04:00:00,68415.329
2025-10-06 05:00:00,68706.903
2025-10-06 06:00:00,69415.96799999
2025-10-06 07:00:00,69509.89
2025-10-06 08:00:00,69768.644
2025-10-06 09:00:00,69911.176
2025-10-06 10:00:00,70032.433
2025-10-06 11:00:00,69440.931
2025-10-06 12:00:00,69906.589
2025-10-06 13:00:00,69845.97199999
2025-10-06 14:00:00,69700.802
2025-10-06 15:00:00,69813.943
2025-10-06 16:00:00,70170.629
2025-10-06 17:00:00,70041.75
2025-10-06 18:00:00,70157.73699999
2025-10-06 19:00:00,70567.98299999
2025-10-06 20:00:00,70500.35099999
2025-10-06 21:00:00,71380.118
2025-10-06 22:00:00,71106.206
2025-10-06 23:00:00,70952.221
2025-10-07 00:00:00,70412.79399999
2025-10-07 01:00:00,70924.421
2025-10-07 02:00:00,70990.996
2025-10-07 03:00:00,70546.012
2025-10-07 04:00:00,70531.244
2025-10-07 05:00:00,70861.21799999
2025-10-07 06:00:00,70632.833
2025-10-07 07:00:00,70243.57799999
2025-10-07 08:00:00,70123.826
2025-10-07 09:00:00,69815.852
2025-10-07 10:00:00,69818.621
2025-10-07 11:00:00,69239.464
2025-10-07 12:00:00,69370.10799999
2025-10-07 13:00:00,69000.197
2025-10-07 14:00:00,68838.107
2025-10-07 15:00:00,69090.906
2025-10-07 16:00:00,69399.30899999
2025-10-07 17:00:00,68989.617
2025-10-07 18:00:00,68061.782
2025-10-07 19:00:00,67805.961
2025-10-07 20:00:00,69056.604
2025-10-07 21:00:00,71106.205
2025-10-07 22:00:00,71139.032
2025-10-07 23:00:00,70662.947
2025-10-08 00:00:00,71236.98299999
2025-10-08 01:00:00,70900.158
2025-10-08 02:00:00,70436.721
2025-10-08 03:00:00,70143.486
2025-10-08 04:00:00,67833.22599999
2025-10-08 05:00:00,69680.07
2025-10-08 06:00:00,69889.024
2025-10-08 07:00:00,69635.033
2025-10-08 08:00:00,69098.045
2025-10-08 09:00:00,69153.14
2025-10-08 10:00:00,68977.898
2025-10-08 11:00:00,68787.95699999
2025-10-08 12:00:00,68609.259
2025-10-08 13:00:00,68546.97599999
2025-10-08 14:00:00,69666.854
2025-10-08 15:00:00,69754.623
2025-10-08 16:00:00,69873.716
2025-10-08 17:00:00,69493.364
2025-10-08 18:00:00,69033.066
2025-10-08 19:00:00,69553.115
2025-10-08 20:00:00,69433.72199999
2025-10-08 21:00:00,69645.086
2025-10-08 22:00:00,69434.186
2025-10-08 23:00:00,69188.572
2025-10-09 00:00:00,69000.615
2025-10-09 01:00:00,68107.28999999
2025-10-09 02:00:00,68123.422
2025-10-09 03:00:00,68163.272
2025-10-09 04:00:00,68103.754
2025-10-09 05:00:00,68045.04399999
2025-10-09 06:00:00,67677.514
2025-10-09 07:00:00,66903.799
2025-10-09 08:00:00,67927.606
2025-10-09 09:00:00,68091.84
2025-10-09 10:00:00,68147.562
2025-10-09 11:00:00,68030.354
2025-10-09 12:00:00,67853.875
2025-10-09 13:00:00,67214.861
2025-10-09 14:00:00,67815.81
2025-10-09 15:00:00,68087.818
2025-10-09 16:00:00,68098.304
2025-10-09 17:00:00,67995.75599999
2025-10-09 18:00:00,67015.73299999
2025-10-09 19:00:00,68601.379
2025-10-09 20:00:00,69545.73299999
2025-10-09 21:00:00,67986.519
2025-10-09 22:00:00,70107.009
2025-10-09 23:00:00,70000.262
2025-10-10 00:00:00,70273.45699999
2025-10-10 01:00:00,70371.61
2025-10-10 02:00:00,70894.96799999
2025-10-10 03:00:00,71039.393
2025-10-10 04:00:00,70687.486
2025-10-10 05:00:00,70768.697
2025-10-10 06:00:00,70938.166
2025-10-10 07:00:00,70723.89
2025-10-10 08:00:00,71070.905
2025-10-10 09:00:00,71132.84
2025-10-10 10:00:00,71329.118
2025-10-10 11:00:00,71129.819
2025-10-10 12:00:00,70671.634
2025-10-10 13:00:00,70943.204
2025-10-10 14:00:00,71008.072
2025-10-10 15:00:00,71022.758
2025-10-10 16:00:00,70971.479
2025-10-10 17:00:00,70975.876
2025-10-10 18:00:00,70789.437
2025-10-10 19:00:00,69904.24099999
2025-10-10 20:00:00,67914.383
2025-10-10 21:00:00,70570.478
2025-10-10 22:00:00,70343.259
2025-10-10 23:00:00,71140.15399999
2025-10-11 00:00:00,70826.819
2025-10-11 01:00:00,68782.086
2025-10-11 02:00:00,51222.788
2025-10-11 03:00:00,51057.625
2025-10-11 04:00:00,51320.088
2025-10-11 05:00:00,51131.423
2025-10-11 06:00:00,50707.689
2025-10-11 07:00:00,48994.784
2025-10-11 08:00:00,48368.675
2025-10-11 09:00:00,48124.003
2025-10-11 10:00:00,47816.809
2025-10-11 11:00:00,47934.876
2025-10-11 12:00:00,47502.562
2025-10-11 13:00:00,48335.522
2025-10-11 14:00:00,48275.863
2025-10-11 15:00:00,48253.823
2025-10-11 16:00:00,47988.332
2025-10-11 17:00:00,47988.917
2025-10-11 18:00:00,47949.876
2025-10-11 19:00:00,47192.951
2025-10-11 20:00:00,46898.072
2025-10-11 21:00:00,47335.369
2025-10-11 22:00:00,47455.859
2025-10-11 23:00:00,47385.873
2025-10-12 00:00:00,47020.667
2025-10-12 01:00:00,46304.779
2025-10-12 02:00:00,45706.673
2025-10-12 03:00:00,45530.357
2025-10-12 04:00:00,45444.52
2025-10-12 05:00:00,46128.201
2025-10-12 06:00:00,46447.761
2025-10-12 07:00:00,46968.6
2025-10-12 08:00:00,46559.785
2025-10-12 09:00:00,46635.256
2025-10-12 10:00:00,46666.956
2025-10-12 11:00:00,46383.969
2025-10-12 12:00:00,46300.651
2025-10-12 13:00:00,46296.986
2025-10-12 14:00:00,46370.678
2025-10-12 15:00:00,46368.378
2025-10-12 16:00:00,46547.438
2025-10-12 17:00:00,46901.142
2025-10-12 18:00:00,46688.549
2025-10-12 19:00:00,47769.861
2025-10-12 20:00:00,49406.551
2025-10-12 21:00:00,49797.144
2025-10-12 22:00:00,49574.443
2025-10-12 23:00:00,49346.084
2025-10-13 00:00:00,49807.967
2025-10-13 01:00:00,50589.793
2025-10-13 02:00:00,50824.975
2025-10-13 03:00:00,50912.196
2025-10-13 04:00:00,50353.107
2025-10-13 05:00:00,50714.635
2025-10-13 06:00:00,51150.64
2025-10-13 07:00:00,51022.974
2025-10-13 08:00:00,50819.72
2025-10-13 09:00:00,50939.07
2025-10-13 10:00:00,50747.609
2025-10-13 11:00:00,51515.894
2025-10-13 12:00:00,51076.607
2025-10-13 13:00:00,51395.02
2025-10-13 14:00:00,51601.741
2025-10-13 15:00:00,51461.073
2025-10-13 16:00:00,50507.573
2025-10-13 17:00:00,51382.83
2025-10-13 18:00:00,50934.651
2025-10-13 19:00:00,50501.297
2025-10-13 20:00:00,50263.948
2025-10-13 21:00:00,50604.799
2025-10-13 22:00:00,50876.863
2025-10-13 23:00:00,50418.183
2025-10-14 00:00:00,51511.274
2025-10-14 01:00:00,50630.4
2025-10-14 02:00:00,50681.246
2025-10-14 03:00:00,50468.084
2025-10-14 04:00:00,49954.831
2025-10-14 05:00:00,50192.22
2025-10-14 06:00:00,49760.585
2025-10-14 07:00:00,49331.734
2025-10-14 08:00:00,50136.862
2025-10-14 09:00:00,50408.656
2025-10-14 10:00:00,48994.556
2025-10-14 11:00:00,48831.784
2025-10-14 12:00:00,48442.326
2025-10-14 13:00:00,48588.837
2025-10-14 14:00:00,48341.973
2025-10-14 15:00:00,48883.446
2025-10-14 16:00:00,49851.856
2025-10-14 17:00:00,48628.657
2025-10-14 18:00:00,49841.416
2025-10-14 19:00:00,51905.21
2025-10-14 20:00:00,51537.554
2025-10-14 21:00:00,52830.052
2025-10-14 22:00:00,52316.632
2025-10-14 23:00:00,52110.71
2025-10-15 00:00:00,51066.885
2025-10-15 01:00:00,50678.948
2025-10-15 02:00:00,50379.092
2025-10-15 03:00:00,49880.999
2025-10-15 04:00:00,49824.913
2025-10-15 05:00:00,49229.703
2025-10-15 06:00:00,49277.338
2025-10-15 07:00:00,49465.523
2025-10-15 08:00:00,49175.536
2025-10-15 09:00:00,49121.498
2025-10-15 10:00:00,49597.736
2025-10-15 11:00:00,49206.414
2025-10-15 12:00:00,49730.418
2025-10-15 13:00:00,50098.464
2025-10-15 14:00:00,49741.96
2025-10-15 15:00:00,49982.921
2025-10-15 16:00:00,50032.576
2025-10-15 17:00:00,49999.931
2025-10-15 18:00:00,49890.286
2025-10-15 19:00:00,49789.701
2025-10-15 20:00:00,49858.189
2025-10-15 21:00:00,50143.776
2025-10-15 22:00:00,49965.496
2025-10-15 23:00:00,50055.018
2025-10-16 00:00:00,50313.424
2025-10-16 01:00:00,50034.977
2025-10-16 02:00:00,49465.191
2025-10-16 03:00:00,49394.374
2025-10-16 04:00:00,49193.254
2025-10-16 05:00:00,49537.636
2025-10-16 06:00:00,49446.672
2025-10-16 07:00:00,49619.394
2025-10-16 08:00:00,49724.38
2025-10-16 09:00:00,49344.924
2025-10-16 10:00:00,49205.24
2025-10-16 11:00:00,49700.086
2025-10-16 12:00:00,49549.923
2025-10-16 13:00:00,49852.49
2025-10-16 14:00:00,49674.363
2025-10-16 15:00:00,49985.014
2025-10-16 16:00:00,49872.189
2025-10-16 17:00:00,50054.675
2025-10-16 18:00:00,49371.936
2025-10-16 19:00:00,49686.266
2025-10-16 20:00:00,49727.739
2025-10-16 21:00:00,51040.092
2025-10-16 22:00:00,50860.155
2025-10-16 23:00:00,51206.157
2025-10-17 00:00:00,50884.91
2025-10-17 01:00:00,51083.83
2025-10-17 02:00:00,51123.695
2025-10-17 03:00:00,51157.729
2025-10-17 04:00:00,50995.046
2025-10-17 05:00:00,52347.352
2025-10-17 06:00:00,51669.485
2025-10-17 07:00:00,51630.116
2025-10-17 08:00:00,51516.417
2025-10-17 09:00:00,51013.946
2025-10-17 10:00:00,50802.504
2025-10-17 11:00:00,50447.945
2025-10-17 12:00:00,50487.4
2025-10-17 13:00:00,51608.982
2025-10-17 14:00:00,52549.608
2025-10-17 15:00:00,52681.852
2025-10-17 16:00:00,53198.383
2025-10-17 17:00:00,52813.445
2025-10-17 18:00:00,53005.502
2025-10-17 19:00:00,52713.728
2025-10-17 20:00:00,53626.776
2025-10-17 21:00:00,53180.113
2025-10-17 22:00:00,52429.568
2025-10-17 23:00:00,52030.134
2025-10-18 00:00:00,51795.691
2025-10-18 01:00:00,51570.27
2025-10-18 02:00:00,50752.287
2025-10-18 03:00:00,50670.292
2025-10-18 04:00:00,50159.249
2025-10-18 05:00:00,50327.722
2025-10-18 06:00:00,51114.315
2025-10-18 07:00:00,51774.367
2025-10-18 08:00:00,51395.306
2025-10-18 09:00:00,51149.219
2025-10-18 10:00:00,50642.896
2025-10-18 11:00:00,50436.551
2025-10-18 12:00:00,51370.316
2025-10-18 13:00:00,51601.645
2025-10-18 14:00:00,51628.47
2025-10-18 15:00:00,51612.738
2025-10-18 16:00:00,51574.786
2025-10-18 17:00:00,51603.33
2025-10-18 18:00:00,51606.717
2025-10-18 19:00:00,50664.475
2025-10-18 20:00:00,50378.454
2025-10-18 21:00:00,50322.91
2025-10-18 22:00:00,50254.412
2025-10-18 23:00:00,50316.794
2025-10-19 00:00:00,50278.532
2025-10-19 01:00:00,50207.986
2025-10-19 02:00:00,50265.26
2025-10-19 03:00:00,50220.892
2025-10-19 04:00:00,50276.924
2025-10-19 05:00:00,50152.638
2025-10-19 06:00:00,50668.744
2025-10-19 07:00:00,50655.76
2025-10-19 08:00:00,50785.946
2025-10-19 09:00:00,50905.944
2025-10-19 10:00:00,50932.536
2025-10-19 11:00:00,51242.986
2025-10-19 12:00:00,51310.384
2025-10-19 13:00:00,50478.222
2025-10-19 14:00:00,50692.44
2025-10-19 15:00:00,51388.582
2025-10-19 16:00:00,51754.702
2025-10-19 17:00:00,51777.386
2025-10-19 18:00:00,51687.857
2025-10-19 19:00:00,51703.787
2025-10-19 20:00:00,51346.786
2025-10-19 21:00:00,51206.333
2025-10-19 22:00:00,50921.836
2025-10-19 23:00:00,51011.526
2025-10-20 00:00:00,50412.512
2025-10-20 01:00:00,50355.845
2025-10-20 02:00:00,50655.822
2025-10-20 03:00:00,51180.303
2025-10-20 04:00:00,50901.855
2025-10-20 05:00:00,50964.171
2025-10-20 06:00:00,51022.077
2025-10-20 07:00:00,51193.186
2025-10-20 08:00:00,50976.993
2025-10-20 09:00:00,50934.58
2025-10-20 10:00:00,51697.424
2025-10-20 11:00:00,53553.201
2025-10-20 12:00:00,53680.871
2025-10-20 13:00:00,53920.882
2025-10-20 14:00:00,53441.949
2025-10-20 15:00:00,54019.28
2025-10-20 16:00:00,53889.522
2025-10-20 17:00:00,53786.198
2025-10-20 18:00:00,53788.397
2025-10-20 19:00:00,53771.659
2025-10-20 20:00:00,54005.57
2025-10-20 21:00:00,53643.004
2025-10-20 22:00:00,53375.139
2025-10-20 23:00:00,53633.228
2025-10-21 00:00:00,53418.404
2025-10-21 01:00:00,53530.994
2025-10-21 02:00:00,53358.481
2025-10-21 03:00:00,53533.27
2025-10-21 04:00:00,53558.706
2025-10-21 05:00:00,53770.491
2025-10-21 06:00:00,53219.78
2025-10-21 07:00:00,53611.176
2025-10-21 08:00:00,52989.113
2025-10-21 09:00:00,50317.523
2025-10-21 10:00:00,51738.209
2025-10-21 11:00:00,52347.907
2025-10-21 12:00:00,52682.607
2025-10-21 13:00:00,51961.78
2025-10-21 14:00:00,51989.742
2025-10-21 15:00:00,51755.229
2025-10-21 16:00:00,51924.012
2025-10-21 17:00:00,52402.262
2025-10-21 18:00:00,51833.219
2025-10-21 19:00:00,52742.727
2025-10-21 20:00:00,54015.732
2025-10-21 21:00:00,53525.121
2025-10-21 22:00:00,53693.435
2025-10-21 23:00:00,53213.803
2025-10-22 00:00:00,53173.022
2025-10-22 01:00:00,52310.817
2025-10-22 02:00:00,51806.414
2025-10-22 03:00:00,50531.64
2025-10-22 04:00:00,50470.408
2025-10-22 05:00:00,49737.255
2025-10-22 06:00:00,49013.625
2025-10-22 07:00:00,49518.986
2025-10-22 08:00:00,49587.606
2025-10-22 09:00:00,50467.058
2025-10-22 10:00:00,51067.299
2025-10-22 11:00:00,51332.506
2025-10-22 12:00:00,50838.667
2025-10-22 13:00:00,50882.47
2025-10-22 14:00:00,50646.731
2025-10-22 15:00:00,50401.74
2025-10-22 16:00:00,48551.935
2025-10-22 17:00:00,49301.172
2025-10-22 18:00:00,51182.228
2025-10-22 19:00:00,51580.861
2025-10-22 20:00:00,50742.444
2025-10-22 21:00:00,49700.784
2025-10-22 22:00:00,49758.979
2025-10-22 23:00:00,49832.961
2025-10-23 00:00:00,49831.674
2025-10-23 01:00:00,49189.324
2025-10-23 02:00:00,48754.607
2025-10-23 03:00:00,49174.404
2025-10-23 04:00:00,48589.273
2025-10-23 05:00:00,48874.972
2025-10-23 06:00:00,49291.748
2025-10-23 07:00:00,49631.143
2025-10-23 08:00:00,49786.518
2025-10-23 09:00:00,50072.936
2025-10-23 10:00:00,50338.422
2025-10-23 11:00:00,51208.723
2025-10-23 12:00:00,50624.793
2025-10-23 13:00:00,50803.173
2025-10-23 14:00:00,50862.694
2025-10-23 15:00:00,51554.438
2025-10-23 16:00:00,51453.655
2025-10-23 17:00:00,51344.27
2025-10-23 18:00:00,51913.722
2025-10-23 19:00:00,52322.095
2025-10-23 20:00:00,53170.12
2025-10-23 21:00:00,52821.322
2025-10-23 22:00:00,51966.282
2025-10-23 23:00:00,50867.887
2025-10-24 00:00:00,50955.473
2025-10-24 01:00:00,49817.928
2025-10-24 02:00:00,49694.212
2025-10-24 03:00:00,50409.797
2025-10-24 04:00:00,50488.8
2025-10-24 05:00:00,50742.89
2025-10-24 06:00:00,50571.112
2025-10-24 07:00:00,50872.69
2025-10-24 08:00:00,50847.242
2025-10-24 09:00:00,51003.646
2025-10-24 10:00:00,51478.973
2025-10-24 11:00:00,52210.257
2025-10-24 12:00:00,51801.908
2025-10-24 13:00:00,51818.488
2025-10-24 14:00:00,52420.938
2025-10-24 15:00:00,52317.384
2025-10-24 16:00:00,52108.906
2025-10-24 17:00:00,53316.589
2025-10-24 18:00:00,52946.84
2025-10-24 19:00:00,52767.947
2025-10-24 20:00:00,52028.438
2025-10-24 21:00:00,52273.206
2025-10-24 22:00:00,52262.095
2025-10-24 23:00:00,52283.308
2025-10-25 00:00:00,52356.645
2025-10-25 01:00:00,52162.452
2025-10-25 02:00:00,51656.605
2025-10-25 03:00:00,51773.571
2025-10-25 04:00:00,51837.131
2025-10-25 05:00:00,51718.739
2025-10-25 06:00:00,51698.39
2025-10-25 07:00:00,51730.502
2025-10-25 08:00:00,51772.332
2025-10-25 09:00:00,51452.398
2025-10-25 10:00:00,51591.142
2025-10-25 11:00:00,51408.567
2025-10-25 12:00:00,51075.959
2025-10-25 13:00:00,51098.998
2025-10-25 14:00:00,51170.843
2025-10-25 15:00:00,51489.673
2025-10-25 16:00:00,51432.546
2025-10-25 17:00:00,51577.886
2025-10-25 18:00:00,51405.142
2025-10-25 19:00:00,51367.834
2025-10-25 20:00:00,51115.967
2025-10-25 21:00:00,51179.65
2025-10-25 22:00:00,51530.549
2025-10-25 23:00:00,51803.516
2025-10-26 00:00:00,51937.864
2025-10-26 01:00:00,52032.82
2025-10-26 02:00:00,52008.944
2025-10-26 03:00:00,52095.054
2025-10-26 04:00:00,52086.384
2025-10-26 05:00:00,52059.528
2025-10-26 06:00:00,52225.047
2025-10-26 07:00:00,52161.68
2025-10-26 08:00:00,52687.142
2025-10-26 09:00:00,52709.24
2025-10-26 10:00:00,52357.51
2025-10-26 11:00:00,52555.176
2025-10-26 12:00:00,52547.244
2025-10-26 13:00:00,52652.994
2025-10-26 14:00:00,52883.299
2025-10-26 15:00:00,52663.913
2025-10-26 16:00:00,53055.325
2025-10-26 17:00:00,53276.652
2025-10-26 18:00:00,53314.034
2025-10-26 19:00:00,53540.427
2025-10-26 20:00:00,53746.616
2025-10-26 21:00:00,54027.446
2025-10-26 22:00:00,53828.229
2025-10-26 23:00:00,53655.642
2025-10-27 00:00:00,53577.245
2025-10-27 01:00:00,53837.025
2025-10-27 02:00:00,52935.05
2025-10-27 03:00:00,52230.005
2025-10-27 04:00:00,52192.671
2025-10-27 05:00:00,52732.958
2025-10-27 06:00:00,52865.056
2025-10-27 07:00:00,53236.69
2025-10-27 08:00:00,53269.575
2025-10-27 09:00:00,53458.501
2025-10-27 10:00:00,53779.627
2025-10-27 11:00:00,54092.754
2025-10-27 12:00:00,54186.931
2025-10-27 13:00:00,54140.834
2025-10-27 14:00:00,53983.892
2025-10-27 15:00:00,54092.305
2025-10-27 16:00:00,54147.265
2025-10-27 17:00:00,54806.64
2025-10-27 18:00:00,54844.256
2025-10-27 19:00:00,54247.747
2025-10-27 20:00:00,54332.273
2025-10-27 21:00:00,54194.367
2025-10-27 22:00:00,54185.244
2025-10-27 23:00:00,54397.755
2025-10-28 00:00:00,54352.241
2025-10-28 01:00:00,54063.942
2025-10-28 02:00:00,54003.603
2025-10-28 03:00:00,54076.765
2025-10-28 04:00:00,53360.696
2025-10-28 05:00:00,53418.622
2025-10-28 06:00:00,53691.224
2025-10-28 07:00:00,53491.562
2025-10-28 08:00:00,53379.493
2025-10-28 09:00:00,53392.655
2025-10-28 10:00:00,53359.057
2025-10-28 11:00:00,53894.042
2025-10-28 12:00:00,54709.414
2025-10-28 13:00:00,54708.449
2025-10-28 14:00:00,54612.342
2025-10-28 15:00:00,54352.171
2025-10-28 16:00:00,54447.248
2025-10-28 17:00:00,54276.24
2025-10-28 18:00:00,53898.187
2025-10-28 19:00:00,53977.933
2025-10-28 20:00:00,54381.861
2025-10-28 21:00:00,54054.201
2025-10-28 22:00:00,54161.566
2025-10-28 23:00:00,53828.58
2025-10-29 00:00:00,53198.386
2025-10-29 01:00:00,50897.771
2025-10-29 02:00:00,50894.148
2025-10-29 03:00:00,51263.91
2025-10-29 04:00:00,51468.772
2025-10-29 05:00:00,51815.043
2025-10-29 06:00:00,52084.508
2025-10-29 07:00:00,52448.492
2025-10-29 08:00:00,52361.962
2025-10-29 09:00:00,52518.891
2025-10-29 10:00:00,52668.318
2025-10-29 11:00:00,52522.461
2025-10-29 12:00:00,52348.511
2025-10-29 13:00:00,52168.43
2025-10-29 14:00:00,52259.578
2025-10-29 15:00:00,52231.877
2025-10-29 16:00:00,52587.456
2025-10-29 17:00:00,52516.635
2025-10-29 18:00:00,52209.598
2025-10-29 19:00:00,51956.794
2025-10-29 20:00:00,52004.6
2025-10-29 21:00:00,52593.075
2025-10-29 22:00:00,53172.576
2025-10-29 23:00:00,54009.188
2025-10-30 00:00:00,54139.735
2025-10-30 01:00:00,55029.946
2025-10-30 02:00:00,54620.956
2025-10-30 03:00:00,53644.335
2025-10-30 04:00:00,53602.92
2025-10-30 05:00:00,53063.899
2025-10-30 06:00:00,53973.517
2025-10-30 07:00:00,54099.97
2025-10-30 08:00:00,54016.103
2025-10-30 09:00:00,54481.741
2025-10-30 10:00:00,55403.901
2025-10-30 11:00:00,55334.307
2025-10-30 12:00:00,54940.999
2025-10-30 13:00:00,54625.786
2025-10-30 14:00:00,52986.502
2025-10-30 15:00:00,53294.302
2025-10-30 16:00:00,53380.035
2025-10-30 17:00:00,53523.43
2025-10-30 18:00:00,54060.942
2025-10-30 19:00:00,55332.178
2025-10-30 20:00:00,55154.607
2025-10-30 21:00:00,55488.479
2025-10-30 22:00:00,54357.888
2025-10-30 23:00:00,53673.227
2025-10-31 00:00:00,54025.818
2025-10-31 01:00:00,54464.692
2025-10-31 02:00:00,55284.552
2025-10-31 03:00:00,55307.194
2025-10-31 04:00:00,55307.751
2025-10-31 05:00:00,55778.765
2025-10-31 06:00:00,54761.85
2025-10-31 07:00:00,53914.211
2025-10-31 08:00:00,53550.161
2025-10-31 09:00:00,53916.622
2025-10-31 10:00:00,53549.831
2025-10-31 11:00:00,52879.118
2025-10-31 12:00:00,52333.239
2025-10-31 13:00:00,52406.814
2025-10-31 14:00:00,52812.752
2025-10-31 15:00:00,52812.017
2025-10-31 16:00:00,52760.715
2025-10-31 17:00:00,52404.423
2025-10-31 18:00:00,52596.569
2025-10-31 19:00:00,52279.806
2025-10-31 20:00:00,51811.941
2025-10-31 21:00:00,50653.777
2025-10-31 22:00:00,50683.796
2025-10-31 23:00:00,50548.774
2025-11-01 00:00:00,51010.884
2025-11-01 01:00:00,51012.2
2025-11-01 02:00:00,50528.541
2025-11-01 03:00:00,50528.214
2025-11-01 04:00:00,50495.11
2025-11-01 05:00:00,50511.138
2025-11-01 06:00:00,50403.324
2025-11-01 07:00:00,50129.809
2025-11-01 08:00:00,50164.36
2025-11-01 09:00:00,51107.925
2025-11-01 10:00:00,51195.389
2025-11-01 11:00:00,50782.32
2025-11-01 12:00:00,50840.337
2025-11-01 13:00:00,50859.184
2025-11-01 14:00:00,50786.975
2025-11-01 15:00:00,50921.818
2025-11-01 16:00:00,50870.488
2025-11-01 17:00:00,50864.589
2025-11-01 18:00:00,50710.185
2025-11-01 19:00:00,50667.979
2025-11-01 20:00:00,51297.544
2025-11-01 21:00:00,51345.943
2025-11-01 22:00:00,51413.717
2025-11-01 23:00:00,51412.145
2025-11-02 00:00:00,51297.813
2025-11-02 01:00:00,51176.614
2025-11-02 02:00:00,49930.68
2025-11-02 03:00:00,49772.915
2025-11-02 04:00:00,49837.575
2025-11-02 05:00:00,49806.316
2025-11-02 06:00:00,49821.971
2025-11-02 07:00:00,49926.499
2025-11-02 08:00:00,49920.073
2025-11-02 09:00:00,49943.208
2025-11-02 10:00:00,50065.462
2025-11-02 11:00:00,50195.463
2025-11-02 12:00:00,50215.416
2025-11-02 13:00:00,50268.234
2025-11-02 14:00:00,50327.917
2025-11-02 15:00:00,50352.65
2025-11-02 16:00:00,50413.326
2025-11-02 17:00:00,50895.119
2025-11-02 18:00:00,50498.932
2025-11-02 19:00:00,50477.904
2025-11-02 20:00:00,50438.019
2025-11-02 21:00:00,50152.901
2025-11-02 22:00:00,50235.863
2025-11-02 23:00:00,50196.179
2025-11-03 00:00:00,50284.647
2025-11-03 01:00:00,50270.627
2025-11-03 02:00:00,50244.767
2025-11-03 03:00:00,49885.141
2025-11-03 04:00:00,49897.904
2025-11-03 05:00:00,49853.736
2025-11-03 06:00:00,49855.717
2025-11-03 07:00:00,50288.466
2025-11-03 08:00:00,50320.837
2025-11-03 09:00:00,50836.4
2025-11-03 10:00:00,51506.548
2025-11-03 11:00:00,51648.016
2025-11-03 12:00:00,52229.226
2025-11-03 13:00:00,52525.225
2025-11-03 14:00:00,52828.003
2025-11-03 15:00:00,52271.106
2025-11-03 16:00:00,52103.781
2025-11-03 17:00:00,52177.368
2025-11-03 18:00:00,52003.911
2025-11-03 19:00:00,51747.063
2025-11-03 20:00:00,51969.524
2025-11-03 21:00:00,52018.12
2025-11-03 22:00:00,51452.215
2025-11-03 23:00:00,51301.497
2025-11-04 00:00:00,51170.778
2025-11-04 01:00:00,50862.855
2025-11-04 02:00:00,50540.014
2025-11-04 03:00:00,50601.257
2025-11-04 04:00:00,50952.81
2025-11-04 05:00:00,50695.695
2025-11-04 06:00:00,50872.783
2025-11-04 07:00:00,51097.196
2025-11-04 08:00:00,51143.521
2025-11-04 09:00:00,51384.954
2025-11-04 10:00:00,51741.864
2025-11-04 11:00:00,52207.26
2025-11-04 12:00:00,52804.117
2025-11-04 13:00:00,52484.897
2025-11-04 14:00:00,52539.648
2025-11-04 15:00:00,52556.976
2025-11-04 16:00:00,52651.01
2025-11-04 17:00:00,52679.796
2025-11-04 18:00:00,52828.751
2025-11-04 19:00:00,53137.799
2025-11-04 20:00:00,52871.355
2025-11-04 21:00:00,54139.057
2025-11-04 22:00:00,54610.722
2025-11-04 23:00:00,55149.783
2025-11-05 00:00:00,55017.712
2025-11-05 01:00:00,54569.036
2025-11-05 02:00:00,54325.828
2025-11-05 03:00:00,53962.92
2025-11-05 04:00:00,53673.062
2025-11-05 05:00:00,53305.351
2025-11-05 06:00:00,52879.798
2025-11-05 07:00:00,53006.654
2025-11-05 08:00:00,53386.583
2025-11-05 09:00:00,53337.922
2025-11-05 10:00:00,53326.338
2025-11-05 11:00:00,53265.833
2025-11-05 12:00:00,53220.322
2025-11-05 13:00:00,53061.942
2025-11-05 14:00:00,52828.328
2025-11-05 15:00:00,52863.558
2025-11-05 16:00:00,52678.93
2025-11-05 17:00:00,52664.6
2025-11-05 18:00:00,52073.466
2025-11-05 19:00:00,52630.111
2025-11-05 20:00:00,52819.244
2025-11-05 21:00:00,52754.126
2025-11-05 22:00:00,52775.897
2025-11-05 23:00:00,52699.019
2025-11-06 00:00:00,52711.351
2025-11-06 01:00:00,52253.335
2025-11-06 02:00:00,51959.14
2025-11-06 03:00:00,51622.231
2025-11-06 04:00:00,52198.459
2025-11-06 05:00:00,52190.761
2025-11-06 06:00:00,52453.86
2025-11-06 07:00:00,52044.354
2025-11-06 08:00:00,52111.464
2025-11-06 09:00:00,51997.387
2025-11-06 10:00:00,51943.479
2025-11-06 11:00:00,51988.58
2025-11-06 12:00:00,51905.713
2025-11-06 13:00:00,52161.245
2025-11-06 14:00:00,52362.652
2025-11-06 15:00:00,52536.378
2025-11-06 16:00:00,52927.815
2025-11-06 17:00:00,52388.032
2025-11-06 18:00:00,52342.654
2025-11-06 19:00:00,51788.976
2025-11-06 20:00:00,52009.298
2025-11-06 21:00:00,51804.024
2025-11-06 22:00:00,52523.441
2025-11-06 23:00:00,52905.509
2025-11-07 00:00:00,52894.007
2025-11-07 01:00:00,52680.322
2025-11-07 02:00:00,52643.36
2025-11-07 03:00:00,52521.304
2025-11-07 04:00:00,52604.57
2025-11-07 05:00:00,52557.594
2025-11-07 06:00:00,52486.281
2025-11-07 07:00:00,53022.109
2025-11-07 08:00:00,52732.096
2025-11-07 09:00:00,52219.147
2025-11-07 10:00:00,51938.299
2025-11-07 11:00:00,52125.156
2025-11-07 12:00:00,51609.896
2025-11-07 13:00:00,51263.706
2025-11-07 14:00:00,51356.052
2025-11-07 15:00:00,51503.847
2025-11-07 16:00:00,51862.57
2025-11-07 17:00:00,52319.488
2025-11-07 18:00:00,52924.786
2025-11-07 19:00:00,52777.089
2025-11-07 20:00:00,53299.355
2025-11-07 21:00:00,53906.796
2025-11-07 22:00:00,53765.948
2025-11-07 23:00:00,53331.464
2025-11-08 00:00:00,52814.278
2025-11-08 01:00:00,51604.518
2025-11-08 02:00:00,51105.375
2025-11-08 03:00:00,50875.323
2025-11-08 04:00:00,50230.501
2025-11-08 05:00:00,50238.662
2025-11-08 06:00:00,50221.918
2025-11-08 07:00:00,49544.976
2025-11-08 08:00:00,49195.211
2025-11-08 09:00:00,49496.621
2025-11-08 10:00:00,49708.614
2025-11-08 11:00:00,49716.731
2025-11-08 12:00:00,49734.211
2025-11-08 13:00:00,49638.495
2025-11-08 14:00:00,49628.409
2025-11-08 15:00:00,49601.901
2025-11-08 16:00:00,49826.78
2025-11-08 17:00:00,49987.525
2025-11-08 18:00:00,49751.274
2025-11-08 19:00:00,49716.516
2025-11-08 20:00:00,49966.75
2025-11-08 21:00:00,50075.306
2025-11-08 22:00:00,50286.729
2025-11-08 23:00:00,50144.454
2025-11-09 00:00:00,50142.813
2025-11-09 01:00:00,50160.619
2025-11-09 02:00:00,50782.016
2025-11-09 03:00:00,50912.54
2025-11-09 04:00:00,50889.199
2025-11-09 05:00:00,50720.7
2025-11-09 06:00:00,50913.301
2025-11-09 07:00:00,50859.658
2025-11-09 08:00:00,50038.206
2025-11-09 09:00:00,50718.281
2025-11-09 10:00:00,50739.926
2025-11-09 11:00:00,50459.841
2025-11-09 12:00:00,50758.089
2025-11-09 13:00:00,50792.89
2025-11-09 14:00:00,50233.9
2025-11-09 15:00:00,50033.985
2025-11-09 16:00:00,50556.786
2025-11-09 17:00:00,50357.252
2025-11-09 18:00:00,50599.493
2025-11-09 19:00:00,50121.174
2025-11-09 20:00:00,50456.937
2025-11-09 21:00:00,50756.934
2025-11-09 22:00:00,50911.911
2025-11-09 23:00:00,50998.172
2025-11-10 00:00:00,50617.112
2025-11-10 01:00:00,50251.536
2025-11-10 02:00:00,50150.884
2025-11-10 03:00:00,49749.144
2025-11-10 04:00:00,49514.662
2025-11-10 05:00:00,49980.683
2025-11-10 06:00:00,50035.27
2025-11-10 07:00:00,50314.972
2025-11-10 08:00:00,50579.72
2025-11-10 09:00:00,50712.637
2025-11-10 10:00:00,50860.589
2025-11-10 11:00:00,50959.362
2025-11-10 12:00:00,51131.152
2025-11-10 13:00:00,51616.64
2025-11-10 14:00:00,51931.626
2025-11-10 15:00:00,51894.302
2025-11-10 16:00:00,51949.707
2025-11-10 17:00:00,51822.606
2025-11-10 18:00:00,52077.679
2025-11-10 19:00:00,52143.022
2025-11-10 20:00:00,51890.954
2025-11-10 21:00:00,51861.842
2025-11-10 22:00:00,51639.158
2025-11-10 23:00:00,51675.756
2025-11-11 00:00:00,51784.862
2025-11-11 01:00:00,51550.814
2025-11-11 02:00:00,51091.823
2025-11-11 03:00:00,51461.752
2025-11-11 04:00:00,51685.12
2025-11-11 05:00:00,51512.713
2025-11-11 06:00:00,50576.153
2025-11-11 07:00:00,50537.556
2025-11-11 08:00:00,50647.832
2025-11-11 09:00:00,50657.017
2025-11-11 10:00:00,50804.036
2025-11-11 11:00:00,49892.03
2025-11-11 12:00:00,49850.153
2025-11-11 13:00:00,49927.742
2025-11-11 14:00:00,50119.223
2025-11-11 15:00:00,50293.916
2025-11-11 16:00:00,50256.282
2025-11-11 17:00:00,50251.659
2025-11-11 18:00:00,50880.632
2025-11-11 19:00:00,50868.476
2025-11-11 20:00:00,51422.321
2025-11-11 21:00:00,51964.712
2025-11-11 22:00:00,52120.973
2025-11-11 23:00:00,52692.638
2025-11-12 00:00:00,52601.549
2025-11-12 01:00:00,51999.866
2025-11-12 02:00:00,51269.364
2025-11-12 03:00:00,51332.735
2025-11-12 04:00:00,51467.938
2025-11-12 05:00:00,51353.686
2025-11-12 06:00:00,51549.599
2025-11-12 07:00:00,51680.292
2025-11-12 08:00:00,51893.282
2025-11-12 09:00:00,51979.092
2025-11-12 10:00:00,51941.667
2025-11-12 11:00:00,52235.138
2025-11-12 12:00:00,51956.208
2025-11-12 13:00:00,52277.949
2025-11-12 14:00:00,51524.55
2025-11-12 15:00:00,51737.404
2025-11-12 16:00:00,51899.988
2025-11-12 17:00:00,51827.76
2025-11-12 18:00:00,52215.48
2025-11-12 19:00:00,52056.633
2025-11-12 20:00:00,52416.277
2025-11-12 21:00:00,52685.196
2025-11-12 22:00:00,53213.216
2025-11-12 23:00:00,53313.516
2025-11-13 00:00:00,52763.021
2025-11-13 01:00:00,52790.173
2025-11-13 02:00:00,53000.768
2025-11-13 03:00:00,53011.62
2025-11-13 04:00:00,53124.875
2025-11-13 05:00:00,53397.457
2025-11-13 06:00:00,53129.066
2025-11-13 07:00:00,53134.916
2025-11-13 08:00:00,52664.988
2025-11-13 09:00:00,52384.64
2025-11-13 10:00:00,52302.82
2025-11-13 11:00:00,52302.865
2025-11-13 12:00:00,52422.772
2025-11-13 13:00:00,51991.919
2025-11-13 14:00:00,51647.375
2025-11-13 15:00:00,51688.059
2025-11-13 16:00:00,51588.892
2025-11-13 17:00:00,51581.069
2025-11-13 18:00:00,51783.259
2025-11-13 19:00:00,51745.249
2025-11-13 20:00:00,51822.263
2025-11-13 21:00:00,51928.184
2025-11-13 22:00:00,52439.282
2025-11-13 23:00:00,53659.327
2025-11-14 00:00:00,55042.363
2025-11-14 01:00:00,55691.57
2025-11-14 02:00:00,56369.955
2025-11-14 03:00:00,56287.489
2025-11-14 04:00:00,55648.476
2025-11-14 05:00:00,54907.258
2025-11-14 06:00:00,54868.621
2025-11-14 07:00:00,54874.636
2025-11-14 08:00:00,54850.911
2025-11-14 09:00:00,55090.652
2025-11-14 10:00:00,55331.121
2025-11-14 11:00:00,55890.037
2025-11-14 12:00:00,55692.158
2025-11-14 13:00:00,55615.904
2025-11-14 14:00:00,55359.348
2025-11-14 15:00:00,55549.214
2025-11-14 16:00:00,55473.295
2025-11-14 17:00:00,56169.127
2025-11-14 18:00:00,56999.214
2025-11-14 19:00:00,57489.028
2025-11-14 20:00:00,57208.526
2025-11-14 21:00:00,57236.963
2025-11-14 22:00:00,56261.256
2025-11-14 23:00:00,56308.458
2025-11-15 00:00:00,57172.184
2025-11-15 01:00:00,58067.036
2025-11-15 02:00:00,57669.235
2025-11-15 03:00:00,57677.54
2025-11-15 04:00:00,57606.893
2025-11-15 05:00:00,57750.685
2025-11-15 06:00:00,57634.819
2025-11-15 07:00:00,57030.152
2025-11-15 08:00:00,56603.105
2025-11-15 09:00:00,56360.594
2025-11-15 10:00:00,56261.361
2025-11-15 11:00:00,56159.566
2025-11-15 12:00:00,56035.439
2025-11-15 13:00:00,55929.631
2025-11-15 14:00:00,56028.819
2025-11-15 15:00:00,56253.717
2025-11-15 16:00:00,56156.837
2025-11-15 17:00:00,56154.523
2025-11-15 18:00:00,56432.644
2025-11-15 19:00:00,56380.375
2025-11-15 20:00:00,56432.044
2025-11-15 21:00:00,56111.92
2025-11-15 22:00:00,56211.237
2025-11-15 23:00:00,56373.884
2025-11-16 00:00:00,56489.062
2025-11-16 01:00:00,58013.38
2025-11-16 02:00:00,58065.095
2025-11-16 03:00:00,57681.218
2025-11-16 04:00:00,57623.507
2025-11-16 05:00:00,57697.445
2025-11-16 06:00:00,57961.297
2025-11-16 07:00:00,58144.668
2025-11-16 08:00:00,58198.023
2025-11-16 09:00:00,58145.63
2025-11-16 10:00:00,58088.889
2025-11-16 11:00:00,57958.551
2025-11-16 12:00:00,58094.577
2025-11-16 13:00:00,58040.609
2025-11-16 14:00:00,57867.166
2025-11-16 15:00:00,57927.21
2025-11-16 16:00:00,57888.662
2025-11-16 17:00:00,58053.563
2025-11-16 18:00:00,58027.31
2025-11-16 19:00:00,58074.719
2025-11-16 20:00:00,57366.922
2025-11-16 21:00:00,57532.169
2025-11-16 22:00:00,57050.066
2025-11-16 23:00:00,56824.721
2025-11-17 00:00:00,56974.002
2025-11-17 01:00:00,57180.496
2025-11-17 02:00:00,57309.022
2025-11-17 03:00:00,57191.328
2025-11-17 04:00:00,57683.928
2025-11-17 05:00:00,57180.528
2025-11-17 06:00:00,56890.782
2025-11-17 07:00:00,56810.353
2025-11-17 08:00:00,56926.815
2025-11-17 09:00:00,56951.903
2025-11-17 10:00:00,56589.813
2025-11-17 11:00:00,56450.035
2025-11-17 12:00:00,56449.538
2025-11-17 13:00:00,55859.639
2025-11-17 14:00:00,55885.375
2025-11-17 15:00:00,55787.057
2025-11-17 16:00:00,55844.279
2025-11-17 17:00:00,55876.532
2025-11-17 18:00:00,55927.604
2025-11-17 19:00:00,56890.911
2025-11-17 20:00:00,57218.523
2025-11-17 21:00:00,58733.05
2025-11-17 22:00:00,58682.997
2025-11-17 23:00:00,57659.253
2025-11-18 00:00:00,59032.207
2025-11-18 01:00:00,60049.793
2025-11-18 02:00:00,60454.487
2025-11-18 03:00:00,60560.522
2025-11-18 04:00:00,60663.803
2025-11-18 05:00:00,61215.383
2025-11-18 06:00:00,61742.968
2025-11-18 07:00:00,61041.038
2025-11-18 08:00:00,61422.391
2025-11-18 09:00:00,62310.743
2025-11-18 10:00:00,62547.082
2025-11-18 11:00:00,62551.701
2025-11-18 12:00:00,62542.666
2025-11-18 13:00:00,61776.881
2025-11-18 14:00:00,60933.09
2025-11-18 15:00:00,60981.169
2025-11-18 16:00:00,60471.712
2025-11-18 17:00:00,59636.978
2025-11-18 18:00:00,60415.893
2025-11-18 19:00:00,60725.883
2025-11-18 20:00:00,58756.555
2025-11-18 21:00:00,58433.583
2025-11-18 22:00:00,57750.76
2025-11-18 23:00:00,57880.667
2025-11-19 00:00:00,59213.3
2025-11-19 01:00:00,58576.013
2025-11-19 02:00:00,58153.257
2025-11-19 03:00:00,57203.056
2025-11-19 04:00:00,57272.561
2025-11-19 05:00:00,56949.353
2025-11-19 06:00:00,56787.781
2025-11-19 07:00:00,56619.835
2025-11-19 08:00:00,56478.18
2025-11-19 09:00:00,56745.911
2025-11-19 10:00:00,56925.365
2025-11-19 11:00:00,57387.34
2025-11-19 12:00:00,57526.699
2025-11-19 13:00:00,57425.945
2025-11-19 14:00:00,57599.316
2025-11-19 15:00:00,57645.676
2025-11-19 16:00:00,57672.273
2025-11-19 17:00:00,57257.447
2025-11-19 18:00:00,58822.031
2025-11-19 19:00:00,58942.488
2025-11-19 20:00:00,59189.498
2025-11-19 21:00:00,59278.219
2025-11-19 22:00:00,59850.027
2025-11-19 23:00:00,60221.596
2025-11-20 00:00:00,60500.097
2025-11-20 01:00:00,60814.325
2025-11-20 02:00:00,61058.05
2025-11-20 03:00:00,60789.099
2025-11-20 04:00:00,60461.573
2025-11-20 05:00:00,59968.375
2025-11-20 06:00:00,59442.873
2025-11-20 07:00:00,59200.813
2025-11-20 08:00:00,59184.969
2025-11-20 09:00:00,59231.531
2025-11-20 10:00:00,59276.471
2025-11-20 11:00:00,59370.561
2025-11-20 12:00:00,59556.729
2025-11-20 13:00:00,59556.725
2025-11-20 14:00:00,59269.151
2025-11-20 15:00:00,59372.17
2025-11-20 16:00:00,59423.476
2025-11-20 17:00:00,59030.526
2025-11-20 18:00:00,58816.23
2025-11-20 19:00:00,59895.857
2025-11-20 20:00:00,60020.921
2025-11-20 21:00:00,59120.221
2025-11-20 22:00:00,61238.054
2025-11-20 23:00:00,60848.863
2025-11-21 00:00:00,61619.744
2025-11-21 01:00:00,62278.169
2025-11-21 02:00:00,62382.91
2025-11-21 03:00:00,63521.382
2025-11-21 04:00:00,63549.615
2025-11-21 05:00:00,63330.307
2025-11-21 06:00:00,63393.305
2025-11-21 07:00:00,62237.694
2025-11-21 08:00:00,62146.314
2025-11-21 09:00:00,62173.096
2025-11-21 10:00:00,62916.662
2025-11-21 11:00:00,63194.96
2025-11-21 12:00:00,62206.869
2025-11-21 13:00:00,62181.204
2025-11-21 14:00:00,61313.007
2025-11-21 15:00:00,61829.351
2025-11-21 16:00:00,61318.718
2025-11-21 17:00:00,61338.333
2025-11-21 18:00:00,61521.329
2025-11-21 19:00:00,62295.702
2025-11-21 20:00:00,61608.325
2025-11-21 21:00:00,62119.616
2025-11-21 22:00:00,61934.681
2025-11-21 23:00:00,61085.173
2025-11-22 00:00:00,60835.028
2025-11-22 01:00:00,60152.115
2025-11-22 02:00:00,60211.911
2025-11-22 03:00:00,60107.631
2025-11-22 04:00:00,60275.999
2025-11-22 05:00:00,60260.707
2025-11-22 06:00:00,60524.478
2025-11-22 07:00:00,60523.155
2025-11-22 08:00:00,59985.535
2025-11-22 09:00:00,60046.628
2025-11-22 10:00:00,60103.367
2025-11-22 11:00:00,60257.542
2025-11-22 12:00:00,60306.415
2025-11-22 13:00:00,60349.855
2025-11-22 14:00:00,60895.135
2025-11-22 15:00:00,60573.892
2025-11-22 16:00:00,60819.272
2025-11-22 17:00:00,60874.005
2025-11-22 18:00:00,60701.887
2025-11-22 19:00:00,60363.172
2025-11-22 20:00:00,60007.463
2025-11-22 21:00:00,60170.181
2025-11-22 22:00:00,60216.009
2025-11-22 23:00:00,60086.024
2025-11-23 00:00:00,60089.271
2025-11-23 01:00:00,59844.164
2025-11-23 02:00:00,59790.586
2025-11-23 03:00:00,59860.748
2025-11-23 04:00:00,59839.715
2025-11-23 05:00:00,60576.595
2025-11-23 06:00:00,60779.349
2025-11-23 07:00:00,60514.32
2025-11-23 08:00:00,60650.832
2025-11-23 09:00:00,60964.155
2025-11-23 10:00:00,60753.513
2025-11-23 11:00:00,60594.554
2025-11-23 12:00:00,59994.692
2025-11-23 13:00:00,59974.054
2025-11-23 14:00:00,60104.146
2025-11-23 15:00:00,60238.402
2025-11-23 16:00:00,60450.161
2025-11-23 17:00:00,60666.759
2025-11-23 18:00:00,61850.518
2025-11-23 19:00:00,62089.308
2025-11-23 20:00:00,62110.28
2025-11-23 21:00:00,61670.254
2025-11-23 22:00:00,61708.446
2025-11-23 23:00:00,61646.775
2025-11-24 00:00:00,61910.079
2025-11-24 01:00:00,62198.753
2025-11-24 02:00:00,61932.13
2025-11-24 03:00:00,61719.541
2025-11-24 04:00:00,60810.862
2025-11-24 05:00:00,60167.445
2025-11-24 06:00:00,60701.292
2025-11-24 07:00:00,60631.015
2025-11-24 08:00:00,60570.289
2025-11-24 09:00:00,61074.545
2025-11-24 10:00:00,60817.741
2025-11-24 11:00:00,60919.199
2025-11-24 12:00:00,60619.854
2025-11-24 13:00:00,60400.16
2025-11-24 14:00:00,60863.345
2025-11-24 15:00:00,60813.289
2025-11-24 16:00:00,60717.929
2025-11-24 17:00:00,60681.221
2025-11-24 18:00:00,60838.314
2025-11-24 19:00:00,61009.952
2025-11-24 20:00:00,61096.059
2025-11-24 21:00:00,59989.607
2025-11-24 22:00:00,60303.075
2025-11-24 23:00:00,60252.266
2025-11-25 00:00:00,60106.755
2025-11-25 01:00:00,59929.745
2025-11-25 02:00:00,59861.845
2025-11-25 03:00:00,59837.453
2025-11-25 04:00:00,59830.372
2025-11-25 05:00:00,59147.667
2025-11-25 06:00:00,59279.32
2025-11-25 07:00:00,58932.122
2025-11-25 08:00:00,58878.615
2025-11-25 09:00:00,58697.805
2025-11-25 10:00:00,58874.508
2025-11-25 11:00:00,59014.742
2025-11-25 12:00:00,58720.052
2025-11-25 13:00:00,58392.33
2025-11-25 14:00:00,58966.122
2025-11-25 15:00:00,58853.875
2025-11-25 16:00:00,58737.524
2025-11-25 17:00:00,58177.779
2025-11-25 18:00:00,57993.009
2025-11-25 19:00:00,59967.37
2025-11-25 20:00:00,59229.173
2025-11-25 21:00:00,58249.854
2025-11-25 22:00:00,57635.209
2025-11-25 23:00:00,56867.81
2025-11-26 00:00:00,55785.859
2025-11-26 01:00:00,55408.288
2025-11-26 02:00:00,55677.526
2025-11-26 03:00:00,55480.39
2025-11-26 04:00:00,55633.844
2025-11-26 05:00:00,56153.085
2025-11-26 06:00:00,56115.841
2025-11-26 07:00:00,56219.077
2025-11-26 08:00:00,57651.219
2025-11-26 09:00:00,57710.795
2025-11-26 10:00:00,57377.591
2025-11-26 11:00:00,57566.303
2025-11-26 12:00:00,57735.373
2025-11-26 13:00:00,57661.343
2025-11-26 14:00:00,57973.588
2025-11-26 15:00:00,58061.856
2025-11-26 16:00:00,58082.766
2025-11-26 17:00:00,58383.425
2025-11-26 18:00:00,58194.546
2025-11-26 19:00:00,57715.362
2025-11-26 20:00:00,57836.023
2025-11-26 21:00:00,57811.614
2025-11-26 22:00:00,55691.609
2025-11-26 23:00:00,55698.408
2025-11-27 00:00:00,55909.813
2025-11-27 01:00:00,55784.932
2025-11-27 02:00:00,55659.545
2025-11-27 03:00:00,55814.274
2025-11-27 04:00:00,56007.139
2025-11-27 05:00:00,56366.42
2025-11-27 06:00:00,56164.486
2025-11-27 07:00:00,56635.227
2025-11-27 08:00:00,57421.775
2025-11-27 09:00:00,57485.836
2025-11-27 10:00:00,57567.327
2025-11-27 11:00:00,57884.816
2025-11-27 12:00:00,57817.642
2025-11-27 13:00:00,57983.157
2025-11-27 14:00:00,58120.183
2025-11-27 15:00:00,58463.28
2025-11-27 16:00:00,58722.828
2025-11-27 17:00:00,58469.641
2025-11-27 18:00:00,57527.834
2025-11-27 19:00:00,57949.535
2025-11-27 20:00:00,58138.555
2025-11-27 21:00:00,57383.17
2025-11-27 22:00:00,57626.644
2025-11-27 23:00:00,57738.978
2025-11-28 00:00:00,57582.618
2025-11-28 01:00:00,57529.638
2025-11-28 02:00:00,57512.865
2025-11-28 03:00:00,57331.175
2025-11-28 04:00:00,57298.212
2025-11-28 05:00:00,57216.026
2025-11-28 06:00:00,57105.946
2025-11-28 07:00:00,56940.307
2025-11-28 08:00:00,57052.743
2025-11-28 09:00:00,56970.607
2025-11-28 10:00:00,57278.567
2025-11-28 11:00:00,57319.008
2025-11-28 12:00:00,56313.657
2025-11-28 13:00:00,56450.735
2025-11-28 14:00:00,56636.579
2025-11-28 15:00:00,56722.197
2025-11-28 16:00:00,56932.899
2025-11-28 17:00:00,57124.385
2025-11-28 18:00:00,56542.555
2025-11-28 19:00:00,55188.12
2025-11-28 20:00:00,55126.922
2025-11-28 21:00:00,56282.344
2025-11-28 22:00:00,55562.585
2025-11-28 23:00:00,55758.991
2025-11-29 00:00:00,55655.629
2025-11-29 01:00:00,55742.403
2025-11-29 02:00:00,55432.401
2025-11-29 03:00:00,55071.888
2025-11-29 04:00:00,54860.454
2025-11-29 05:00:00,54818.976
2025-11-29 06:00:00,54875.46
2025-11-29 07:00:00,55023.209
2025-11-29 08:00:00,55063.427
2025-11-29 09:00:00,55049.747
2025-11-29 10:00:00,55046.156
2025-11-29 11:00:00,55022.934
2025-11-29 12:00:00,55101.652
2025-11-29 13:00:00,54949.126
2025-11-29 14:00:00,54993.008
2025-11-29 15:00:00,55268.883
2025-11-29 16:00:00,55253.052
2025-11-29 17:00:00,55726.044
2025-11-29 18:00:00,55784.982
2025-11-29 19:00:00,55671.174
2025-11-29 20:00:00,55703.022
2025-11-29 21:00:00,55603.529
2025-11-29 22:00:00,55324.949
2025-11-29 23:00:00,56086.241
2025-11-30 00:00:00,55303.872
2025-11-30 01:00:00,55233.172
2025-11-30 02:00:00,55296.844
2025-11-30 03:00:00,55158.158
2025-11-30 04:00:00,55162.878
2025-11-30 05:00:00,55183.12
2025-11-30 06:00:00,55166.128
2025-11-30 07:00:00,55158.641
2025-11-30 08:00:00,55175.889
2025-11-30 09:00:00,55326.721
2025-11-30 10:00:00,55246.372
2025-11-30 11:00:00,55273.393
2025-11-30 12:00:00,55526.115
2025-11-30 13:00:00,55256.25
2025-11-30 14:00:00,55656.659
2025-11-30 15:00:00,55637.54
2025-11-30 16:00:00,55583.075
2025-11-30 17:00:00,55641.308
2025-11-30 18:00:00,55426.298
2025-11-30 19:00:00,55409.557
2025-11-30 20:00:00,55390.457
2025-11-30 21:00:00,55386.946
2025-11-30 22:00:00,55310.155
2025-11-30 23:00:00,55236.18
2025-12-01 00:00:00,55233.832
2025-12-01 01:00:00,55035.934
2025-12-01 02:00:00,54730.933
2025-12-01 03:00:00,54998.443
2025-12-01 04:00:00,54739.881
2025-12-01 05:00:00,54559.503
2025-12-01 06:00:00,55474.208
2025-12-01 07:00:00,55170.088
2025-12-01 08:00:00,55755.981
2025-12-01 09:00:00,55659.044
2025-12-01 10:00:00,56162.48
2025-12-01 11:00:00,57152.747
2025-12-01 12:00:00,57765.119
2025-12-01 13:00:00,57651.135
2025-12-01 14:00:00,57236.199
2025-12-01 15:00:00,57099.634
2025-12-01 16:00:00,57225.383
2025-12-01 17:00:00,57294.305
2025-12-01 18:00:00,57664.281
2025-12-01 19:00:00,57143.912
2025-12-01 20:00:00,57166.764
2025-12-01 21:00:00,56723.503
2025-12-01 22:00:00,56383.291
2025-12-01 23:00:00,56548.421
2025-12-02 00:00:00,56499.695
2025-12-02 01:00:00,56891.186
2025-12-02 02:00:00,55734.691
2025-12-02 03:00:00,55629.31
2025-12-02 04:00:00,55643.726
2025-12-02 05:00:00,55700.389
2025-12-02 06:00:00,55103.428
2025-12-02 07:00:00,54887.264
2025-12-02 08:00:00,53541.393
2025-12-02 09:00:00,53504.439
2025-12-02 10:00:00,53230.106
2025-12-02 11:00:00,53063.133
2025-12-02 12:00:00,52889.02
2025-12-02 13:00:00,53739.596
2025-12-02 14:00:00,53066.11
2025-12-02 15:00:00,52600.806
2025-12-02 16:00:00,53183.369
2025-12-02 17:00:00,53269.648
2025-12-02 18:00:00,53078.937
2025-12-02 19:00:00,52701.219
2025-12-02 20:00:00,53514.892
2025-12-02 21:00:00,53902.17
2025-12-02 22:00:00,54123.767
2025-12-02 23:00:00,54029.511
2025-12-03 00:00:00,53990.853
2025-12-03 01:00:00,53781.923
2025-12-03 02:00:00,53548.497
2025-12-03 03:00:00,53240.845
2025-12-03 04:00:00,53318.747
2025-12-03 05:00:00,53433.171
2025-12-03 06:00:00,53524.594
2025-12-03 07:00:00,54326.421
2025-12-03 08:00:00,54423.64
2025-12-03 09:00:00,54465.524
2025-12-03 10:00:00,53911.074
2025-12-03 11:00:00,54453.115
2025-12-03 12:00:00,54162.879
2025-12-03 13:00:00,54251.316
2025-12-03 14:00:00,54268.365
2025-12-03 15:00:00,54294.827
2025-12-03 16:00:00,54261.475
2025-12-03 17:00:00,54127.775
2025-12-03 18:00:00,54400.037
2025-12-03 19:00:00,53913.046
2025-12-03 20:00:00,54291.229
2025-12-03 21:00:00,54094.217
2025-12-03 22:00:00,54280.43
2025-12-03 23:00:00,53132.779
2025-12-04 00:00:00,53205.653
2025-12-04 01:00:00,52967.92
2025-12-04 02:00:00,52810.592
2025-12-04 03:00:00,52691.196
2025-12-04 04:00:00,52572.331
2025-12-04 05:00:00,51892.29
2025-12-04 06:00:00,51735.046
2025-12-04 07:00:00,51947.993
2025-12-04 08:00:00,52179.149
2025-12-04 09:00:00,52140.192
2025-12-04 10:00:00,52109.654
2025-12-04 11:00:00,51945.831
2025-12-04 12:00:00,52145.882
2025-12-04 13:00:00,51993.459
2025-12-04 14:00:00,52275.223
2025-12-04 15:00:00,52489.351
2025-12-04 16:00:00,52665.92
2025-12-04 17:00:00,52641.186
2025-12-04 18:00:00,53697.777
2025-12-04 19:00:00,54343.857
2025-12-04 20:00:00,53955.618
2025-12-04 21:00:00,53901.071
2025-12-04 22:00:00,53933.802
2025-12-04 23:00:00,53822.933
2025-12-05 00:00:00,54011.594
2025-12-05 01:00:00,54219.942
2025-12-05 02:00:00,53938.185
2025-12-05 03:00:00,53884.663
2025-12-05 04:00:00,53995.28
2025-12-05 05:00:00,54139.863
2025-12-05 06:00:00,54295.655
2025-12-05 07:00:00,54380.586
2025-12-05 08:00:00,54593.285
2025-12-05 09:00:00,54359.267
2025-12-05 10:00:00,54356.511
2025-12-05 11:00:00,54421.735
2025-12-05 12:00:00,54424.569
2025-12-05 13:00:00,54372.285
2025-12-05 14:00:00,54474.148
2025-12-05 15:00:00,54709.292
2025-12-05 16:00:00,54212.635
2025-12-05 17:00:00,54390.774
2025-12-05 18:00:00,54553.376
2025-12-05 19:00:00,54232.64
2025-12-05 20:00:00,53358.507
2025-12-05 21:00:00,53142.473
2025-12-05 22:00:00,52062.186
2025-12-05 23:00:00,51036.492
2025-12-06 00:00:00,50588.734
2025-12-06 01:00:00,50054.997
2025-12-06 02:00:00,49516.88
2025-12-06 03:00:00,51036.089
2025-12-06 04:00:00,50837.369
2025-12-06 05:00:00,50978.959
2025-12-06 06:00:00,50905.437
2025-12-06 07:00:00,50788.565
2025-12-06 08:00:00,50762.222
2025-12-06 09:00:00,51099.737
2025-12-06 10:00:00,51076.887
2025-12-06 11:00:00,51075.549
2025-12-06 12:00:00,51142.409
2025-12-06 13:00:00,50982.339
2025-12-06 14:00:00,50912.138
2025-12-06 15:00:00,50884.05
2025-12-06 16:00:00,50938.6
2025-12-06 17:00:00,50958.711
2025-12-06 18:00:00,51097.401
2025-12-06 19:00:00,50789.233
2025-12-06 20:00:00,50517.328
2025-12-06 21:00:00,50520.919
2025-12-06 22:00:00,50553.343
2025-12-06 23:00:00,50869.651
2025-12-07 00:00:00,50711.038
2025-12-07 01:00:00,50697.913
2025-12-07 02:00:00,50647.163
2025-12-07 03:00:00,50512.345
2025-12-07 04:00:00,50593.653
2025-12-07 05:00:00,50561.43
2025-12-07 06:00:00,50611.234
2025-12-07 07:00:00,50530.615
2025-12-07 08:00:00,50530.145
2025-12-07 09:00:00,50239.097
2025-12-07 10:00:00,50212.956
2025-12-07 11:00:00,50301.251
2025-12-07 12:00:00,50380.598
2025-12-07 13:00:00,50665.219
2025-12-07 14:00:00,50859.369
2025-12-07 15:00:00,50897.341
2025-12-07 16:00:00,51036.207
2025-12-07 17:00:00,51038.188
2025-12-07 18:00:00,50948.161
2025-12-07 19:00:00,51168.96
2025-12-07 20:00:00,50188.516
2025-12-07 21:00:00,50423.214
2025-12-07 22:00:00,50776.998
2025-12-07 23:00:00,50574.356
2025-12-08 00:00:00,50441.406
2025-12-08 01:00:00,50436.256
2025-12-08 02:00:00,49397.61
2025-12-08 03:00:00,49830.76
2025-12-08 04:00:00,49682.825
2025-12-08 05:00:00,50210.653
2025-12-08 06:00:00,50166.827
2025-12-08 07:00:00,50268.572
2025-12-08 08:00:00,50144.615
2025-12-08 09:00:00,50252.023
2025-12-08 10:00:00,50151.225
2025-12-08 11:00:00,50137.808
2025-12-08 12:00:00,50320.121
2025-12-08 13:00:00,50566.347
2025-12-08 14:00:00,50904.874
2025-12-08 15:00:00,50943.744
2025-12-08 16:00:00,50779.952
2025-12-08 17:00:00,50355.029
2025-12-08 18:00:00,49732.49
2025-12-08 19:00:00,49773.828
2025-12-08 20:00:00,50955.486
2025-12-08 21:00:00,51745.535
2025-12-08 22:00:00,51897.355
2025-12-08 23:00:00,51746.13
2025-12-09 00:00:00,51718.918
2025-12-09 01:00:00,51360.681
2025-12-09 02:00:00,51215.937
2025-12-09 03:00:00,50618.577
2025-12-09 04:00:00,50570.482
2025-12-09 05:00:00,50750.678
2025-12-09 06:00:00,50825.393
2025-12-09 07:00:00,50847.016
2025-12-09 08:00:00,50933.03
2025-12-09 09:00:00,50584.959
2025-12-09 10:00:00,50853.651
2025-12-09 11:00:00,50902.716
2025-12-09 12:00:00,50745.737
2025-12-09 13:00:00,50948.49
2025-12-09 14:00:00,50649.828
2025-12-09 15:00:00,50679.184
2025-12-09 16:00:00,50904.192
2025-12-09 17:00:00,51234.613
2025-12-09 18:00:00,51301.485
2025-12-09 19:00:00,51398.902
2025-12-09 20:00:00,50305.65
2025-12-09 21:00:00,47651.076
2025-12-09 22:00:00,47492.949
2025-12-09 23:00:00,47625.405
2025-12-10 00:00:00,48122.242
2025-12-10 01:00:00,47904.387
2025-12-10 02:00:00,47837.898
2025-12-10 03:00:00,48058.499
2025-12-10 04:00:00,48261.783
2025-12-10 05:00:00,48148.417
2025-12-10 06:00:00,47953.461
2025-12-10 07:00:00,47695.049
2025-12-10 08:00:00,47696.084
2025-12-10 09:00:00,47621.762
2025-12-10 10:00:00,47589.863
2025-12-10 11:00:00,47548.969
2025-12-10 12:00:00,47613.544
2025-12-10 13:00:00,47580.362
2025-12-10 14:00:00,47557.537
2025-12-10 15:00:00,47125.249
2025-12-10 16:00:00,47038.846
2025-12-10 17:00:00,47095.155
2025-12-10 18:00:00,47193.973
2025-12-10 19:00:00,47052.871
2025-12-10 20:00:00,47098.859
2025-12-10 21:00:00,47350.643
2025-12-10 22:00:00,47117.715
2025-12-10 23:00:00,46104.561
2025-12-11 00:00:00,46761.348
2025-12-11 01:00:00,47466.977
2025-12-11 02:00:00,47427.255
2025-12-11 03:00:00,48040.293
2025-12-11 04:00:00,47554.9
2025-12-11 05:00:00,46976.191
2025-12-11 06:00:00,47018.508
2025-12-11 07:00:00,47198.206
2025-12-11 08:00:00,47696.931
2025-12-11 09:00:00,47976.463
2025-12-11 10:00:00,48091.944
2025-12-11 11:00:00,48007.003
2025-12-11 12:00:00,48328.463
2025-12-11 13:00:00,48479.332
2025-12-11 14:00:00,48620.219
2025-12-11 15:00:00,48621.552
2025-12-11 16:00:00,48766.542
2025-12-11 17:00:00,48671.732
2025-12-11 18:00:00,49270.554
2025-12-11 19:00:00,48964.607
2025-12-11 20:00:00,49331.795
2025-12-11 21:00:00,49346.122
2025-12-11 22:00:00,49391.743
2025-12-11 23:00:00,48905.276
2025-12-12 00:00:00,48596.31
2025-12-12 01:00:00,48634.054
2025-12-12 02:00:00,48471.52
2025-12-12 03:00:00,48713.25
2025-12-12 04:00:00,48808.512
2025-12-12 05:00:00,49083.97
2025-12-12 06:00:00,48802.04
2025-12-12 07:00:00,48758.594
2025-12-12 08:00:00,48776.334
2025-12-12 09:00:00,48884.889
2025-12-12 10:00:00,48446.842
2025-12-12 11:00:00,48571.044
2025-12-12 12:00:00,48257.401
2025-12-12 13:00:00,48186.984
2025-12-12 14:00:00,48315.217
2025-12-12 15:00:00,48321.275
2025-12-12 16:00:00,48336.482
2025-12-12 17:00:00,48375.607
2025-12-12 18:00:00,48373.491
2025-12-12 19:00:00,48701.631
2025-12-12 20:00:00,48502.091
2025-12-12 21:00:00,49668.167
2025-12-12 22:00:00,49810.933
2025-12-12 23:00:00,49311.179
2025-12-13 00:00:00,49215.352
2025-12-13 01:00:00,48782.691
2025-12-13 02:00:00,48776.867
2025-12-13 03:00:00,48744.528
2025-12-13 04:00:00,48631.761
2025-12-13 05:00:00,48509.941
2025-12-13 06:00:00,48478.174
2025-12-13 07:00:00,48505.579
2025-12-13 08:00:00,48485.706
2025-12-13 09:00:00,48485.685
2025-12-13 10:00:00,48507.315
2025-12-13 11:00:00,48340.021
2025-12-13 12:00:00,48380.234
2025-12-13 13:00:00,48684.805
2025-12-13 14:00:00,48628.822
2025-12-13 15:00:00,48727.299
2025-12-13 16:00:00,48779.021
2025-12-13 17:00:00,48578.039
2025-12-13 18:00:00,48647.051
2025-12-13 19:00:00,48430.414
2025-12-13 20:00:00,48902.273
2025-12-13 21:00:00,48784.866
2025-12-13 22:00:00,48686.625
2025-12-13 23:00:00,48667.795
2025-12-14 00:00:00,48832.497
2025-12-14 01:00:00,48811.295
2025-12-14 02:00:00,49275.351
2025-12-14 03:00:00,49322.446
2025-12-14 04:00:00,49430.613
2025-12-14 05:00:00,49538.666
2025-12-14 06:00:00,49479.302
2025-12-14 07:00:00,49598.231
2025-12-14 08:00:00,49595.353
2025-12-14 09:00:00,49664.662
2025-12-14 10:00:00,50067.425
2025-12-14 11:00:00,49882.469
2025-12-14 12:00:00,49921.733
2025-12-14 13:00:00,49939.812
2025-12-14 14:00:00,50085.831
2025-12-14 15:00:00,50184.898
2025-12-14 16:00:00,49721.128
2025-12-14 17:00:00,49961.739
2025-12-14 18:00:00,50237.373
2025-12-14 19:00:00,50239.271
2025-12-14 20:00:00,50375.705
2025-12-14 21:00:00,50127.451
2025-12-14 22:00:00,50362.922
2025-12-14 23:00:00,50610.526
2025-12-15 00:00:00,50973.515
2025-12-15 01:00:00,51128.874
2025-12-15 02:00:00,51157.397
2025-12-15 03:00:00,50838.963
2025-12-15 04:00:00,50763.675
2025-12-15 05:00:00,51231.108
2025-12-15 06:00:00,50930.846
2025-12-15 07:00:00,50468.768
2025-12-15 08:00:00,50211.58
2025-12-15 09:00:00,50684.152
2025-12-15 10:00:00,50548.893
2025-12-15 11:00:00,50474.691
2025-12-15 12:00:00,50345.913
2025-12-15 13:00:00,50270.514
2025-12-15 14:00:00,50390.209
2025-12-15 15:00:00,50264.018
2025-12-15 16:00:00,49940.337
2025-12-15 17:00:00,49614.265
2025-12-15 18:00:00,49769.379
2025-12-15 19:00:00,50023.875
2025-12-15 20:00:00,52380.71
2025-12-15 21:00:00,53670.196
2025-12-15 22:00:00,53528.485
2025-12-15 23:00:00,52986.517
2025-12-16 00:00:00,53294.33
2025-12-16 01:00:00,54008.29
2025-12-16 02:00:00,53833.882
2025-12-16 03:00:00,53844.37
2025-12-16 04:00:00,54290.33
2025-12-16 05:00:00,54167.912
2025-12-16 06:00:00,53882.56
2025-12-16 07:00:00,54192.404
2025-12-16 08:00:00,53993.321
2025-12-16 09:00:00,53992.693
2025-12-16 10:00:00,54111.005
2025-12-16 11:00:00,54126.586
2025-12-16 12:00:00,53501.23
2025-12-16 13:00:00,53567.958
2025-12-16 14:00:00,53902.405
2025-12-16 15:00:00,53805.307
2025-12-16 16:00:00,53829.245
2025-12-16 17:00:00,53746.005
2025-12-16 18:00:00,51893.01
2025-12-16 19:00:00,51652.811
2025-12-16 20:00:00,51240.192
2025-12-16 21:00:00,51331.75
2025-12-16 22:00:00,51189.03
2025-12-16 23:00:00,51208.766
2025-12-17 00:00:00,51039.721
2025-12-17 01:00:00,50957.103
2025-12-17 02:00:00,50838.066
2025-12-17 03:00:00,50889.992
2025-12-17 04:00:00,50899.394
2025-12-17 05:00:00,50846.515
2025-12-17 06:00:00,50921.576
2025-12-17 07:00:00,50893.917
2025-12-17 08:00:00,51129.359
2025-12-17 09:00:00,50815.378
2025-12-17 10:00:00,51125.677
2025-12-17 11:00:00,51295.014
2025-12-17 12:00:00,50964.086
2025-12-17 13:00:00,51220.993
2025-12-17 14:00:00,51555.277
2025-12-17 15:00:00,52150.005
2025-12-17 16:00:00,52211.485
2025-12-17 17:00:00,52440.011
2025-12-17 18:00:00,52873.729
2025-12-17 19:00:00,50463.527
2025-12-17 20:00:00,50623.773
2025-12-17 21:00:00,50377.076
2025-12-17 22:00:00,50576.184
2025-12-17 23:00:00,50563.317
2025-12-18 00:00:00,50482.571
2025-12-18 01:00:00,50266.629
2025-12-18 02:00:00,50224.524
2025-12-18 03:00:00,49961.705
2025-12-18 04:00:00,50354.979
2025-12-18 05:00:00,50651.178
2025-12-18 06:00:00,50413.784
2025-12-18 07:00:00,50361.265
2025-12-18 08:00:00,49642.316
2025-12-18 09:00:00,50404.406
2025-12-18 10:00:00,50219.865
2025-12-18 11:00:00,50042.142
2025-12-18 12:00:00,49883.151
2025-12-18 13:00:00,49990.086
2025-12-18 14:00:00,49674.2
2025-12-18 15:00:00,49748.823
2025-12-18 16:00:00,49593.673
2025-12-18 17:00:00,49683.031
2025-12-18 18:00:00,50292.078
2025-12-18 19:00:00,51303.101
2025-12-18 20:00:00,51641.516
2025-12-18 21:00:00,51735.497
2025-12-18 22:00:00,49719.257
2025-12-18 23:00:00,49463.168
2025-12-19 00:00:00,49828.962
2025-12-19 01:00:00,49660.963
2025-12-19 02:00:00,49213.236
2025-12-19 03:00:00,49139.858
2025-12-19 04:00:00,49288.869
2025-12-19 05:00:00,49095.386
2025-12-19 06:00:00,48965.218
2025-12-19 07:00:00,48834.254
2025-12-19 08:00:00,47962.92
2025-12-19 09:00:00,48124.728
2025-12-19 10:00:00,48098.188
2025-12-19 11:00:00,47745.105
2025-12-19 12:00:00,48156.4
2025-12-19 13:00:00,48514.668
2025-12-19 14:00:00,48766.998
2025-12-19 15:00:00,49468.446
2025-12-19 16:00:00,49599.309
2025-12-19 17:00:00,49828.725
2025-12-19 18:00:00,50122.553
2025-12-19 19:00:00,50596.79
2025-12-19 20:00:00,51393.407
2025-12-19 21:00:00,51015.121
2025-12-19 22:00:00,50394.649
2025-12-19 23:00:00,50259.373
2025-12-20 00:00:00,49961.073
2025-12-20 01:00:00,49664.037
2025-12-20 02:00:00,49455.764
2025-12-20 03:00:00,49380.211
2025-12-20 04:00:00,49293.106
2025-12-20 05:00:00,48663.669
2025-12-20 06:00:00,48560.923
2025-12-20 07:00:00,48527.178
2025-12-20 08:00:00,48549.5
2025-12-20 09:00:00,48634.464
2025-12-20 10:00:00,48630.933
2025-12-20 11:00:00,48837.954
2025-12-20 12:00:00,49023.342
2025-12-20 13:00:00,49025.137
2025-12-20 14:00:00,49224.63
2025-12-20 15:00:00,49328.129
2025-12-20 16:00:00,49267.254
2025-12-20 17:00:00,49264.328
2025-12-20 18:00:00,49233.523
2025-12-20 19:00:00,49253.536
2025-12-20 20:00:00,49487.92
2025-12-20 21:00:00,49544.69
2025-12-20 22:00:00,49460.607
2025-12-20 23:00:00,49385.341
2025-12-21 00:00:00,49359.224
2025-12-21 01:00:00,49160.712
2025-12-21 02:00:00,49053.627
2025-12-21 03:00:00,48963.682
2025-12-21 04:00:00,48999.066
2025-12-21 05:00:00,49087.859
2025-12-21 06:00:00,49089.824
2025-12-21 07:00:00,49012.282
2025-12-21 08:00:00,49021.994
2025-12-21 09:00:00,49192.626
2025-12-21 10:00:00,49130.781
2025-12-21 11:00:00,49152.326
2025-12-21 12:00:00,49122.146
2025-12-21 13:00:00,48978.017
2025-12-21 14:00:00,49357.87
2025-12-21 15:00:00,49676.967
2025-12-21 16:00:00,49660.789
2025-12-21 17:00:00,49779.93
2025-12-21 18:00:00,49531.924
2025-12-21 19:00:00,49367.926
2025-12-21 20:00:00,48847.701
2025-12-21 21:00:00,48789.555
2025-12-21 22:00:00,48793.516
2025-12-21 23:00:00,48721.768
2025-12-22 00:00:00,48602.245
2025-12-22 01:00:00,48567.075
2025-12-22 02:00:00,48485.059
2025-12-22 03:00:00,48390.443
2025-12-22 04:00:00,48772.819
2025-12-22 05:00:00,48397.622
2025-12-22 06:00:00,48516.445
2025-12-22 07:00:00,48244.873
2025-12-22 08:00:00,48402.793
2025-12-22 09:00:00,48387.94
2025-12-22 10:00:00,48424.962
2025-12-22 11:00:00,48463.019
2025-12-22 12:00:00,48882.272
2025-12-22 13:00:00,49050.021
2025-12-22 14:00:00,49323.496
2025-12-22 15:00:00,49219.148
2025-12-22 16:00:00,49211.992
2025-12-22 17:00:00,49510.855
2025-12-22 18:00:00,49721.334
2025-12-22 19:00:00,50036.454
2025-12-22 20:00:00,49002.138
2025-12-22 21:00:00,49301.244
2025-12-22 22:00:00,49418.138
2025-12-22 23:00:00,49289.733
2025-12-23 00:00:00,48297.112
2025-12-23 01:00:00,47887.176
2025-12-23 02:00:00,47748.972
2025-12-23 03:00:00,47493.115
2025-12-23 04:00:00,47477.369
2025-12-23 05:00:00,47694.284
2025-12-23 06:00:00,47893.912
2025-12-23 07:00:00,47239.386
2025-12-23 08:00:00,46991.216
2025-12-23 09:00:00,46841.123
2025-12-23 10:00:00,47104.783
2025-12-23 11:00:00,47249.559
2025-12-23 12:00:00,47514.389
2025-12-23 13:00:00,47879.192
2025-12-23 14:00:00,48280.458
2025-12-23 15:00:00,48410.186
2025-12-23 16:00:00,48816.626
2025-12-23 17:00:00,48966.012
2025-12-23 18:00:00,48513.909
2025-12-23 19:00:00,48410.489
2025-12-23 20:00:00,49139.844
2025-12-23 21:00:00,49031.362
2025-12-23 22:00:00,47979.954
2025-12-23 23:00:00,48526.22
2025-12-24 00:00:00,48603.829
2025-12-24 01:00:00,48348.773
2025-12-24 02:00:00,48217.692
2025-12-24 03:00:00,48100.004
2025-12-24 04:00:00,48470.326
2025-12-24 05:00:00,48506.691
2025-12-24 06:00:00,48440.6
2025-12-24 07:00:00,48471.508
2025-12-24 08:00:00,48932.989
2025-12-24 09:00:00,48785.668
2025-12-24 10:00:00,49048.883
2025-12-24 11:00:00,48895.532
2025-12-24 12:00:00,49041.327
2025-12-24 13:00:00,49056.492
2025-12-24 14:00:00,49214.741
2025-12-24 15:00:00,49361.682
2025-12-24 16:00:00,49509.921
2025-12-24 17:00:00,50044.758
2025-12-24 18:00:00,49746.348
2025-12-24 19:00:00,49382.787
2025-12-24 20:00:00,49588.293
2025-12-24 21:00:00,49779.504
2025-12-24 22:00:00,49529.321
2025-12-24 23:00:00,49290.896
2025-12-25 00:00:00,48809.46
2025-12-25 01:00:00,48794.347
2025-12-25 02:00:00,49100.11
2025-12-25 03:00:00,48725.389
2025-12-25 04:00:00,48259.005
2025-12-25 05:00:00,48565.101
2025-12-25 06:00:00,48554.002
2025-12-25 07:00:00,48463.563
2025-12-25 08:00:00,48461.201
2025-12-25 09:00:00,48322.683
2025-12-25 10:00:00,48173.911
2025-12-25 11:00:00,48161.504
2025-12-25 12:00:00,48151.863
2025-12-25 13:00:00,47959.959
2025-12-25 14:00:00,47964.507
2025-12-25 15:00:00,47997.573
2025-12-25 16:00:00,47950.88
2025-12-25 17:00:00,48039.979
2025-12-25 18:00:00,48159.274
2025-12-25 19:00:00,48249.099
2025-12-25 20:00:00,48442.809
2025-12-25 21:00:00,48198.673
2025-12-25 22:00:00,48336.346
2025-12-25 23:00:00,48244.122
2025-12-26 00:00:00,48274.98
2025-12-26 01:00:00,47894.137
2025-12-26 02:00:00,47935.959
2025-12-26 03:00:00,47495.395
2025-12-26 04:00:00,47507.061
2025-12-26 05:00:00,47636.933
2025-12-26 06:00:00,47651.09
2025-12-26 07:00:00,48089.948
2025-12-26 08:00:00,48209.667
2025-12-26 09:00:00,48219.946
2025-12-26 10:00:00,48505.306
2025-12-26 11:00:00,48726.642
2025-12-26 12:00:00,48750.417
2025-12-26 13:00:00,48520.657
2025-12-26 14:00:00,48599.683
2025-12-26 15:00:00,48820.522
2025-12-26 16:00:00,48895.929
2025-12-26 17:00:00,48993.471
2025-12-26 18:00:00,50998.539
2025-12-26 19:00:00,49960.52
2025-12-26 20:00:00,51979.534
2025-12-26 21:00:00,51266.714
2025-12-26 22:00:00,50820.154
2025-12-26 23:00:00,50657.875
2025-12-27 00:00:00,50459.409
2025-12-27 01:00:00,50319.623
2025-12-27 02:00:00,50092.52
2025-12-27 03:00:00,49788.082
2025-12-27 04:00:00,49737.933
2025-12-27 05:00:00,49719.939
2025-12-27 06:00:00,49806.566
2025-12-27 07:00:00,49889.273
2025-12-27 08:00:00,49877.215
2025-12-27 09:00:00,49864.96
2025-12-27 10:00:00,49814.283
2025-12-27 11:00:00,49829.217
2025-12-27 12:00:00,49806.231
2025-12-27 13:00:00,49873.745
2025-12-27 14:00:00,49798.217
2025-12-27 15:00:00,49674.429
2025-12-27 16:00:00,49618.237
2025-12-27 17:00:00,49634.271
2025-12-27 18:00:00,49582.318
2025-12-27 19:00:00,49550.749
2025-12-27 20:00:00,49584.159
2025-12-27 21:00:00,49553.625
2025-12-27 22:00:00,49558.915
2025-12-27 23:00:00,49577.213
2025-12-28 00:00:00,49499.668
2025-12-28 01:00:00,49458.034
2025-12-28 02:00:00,49332.798
2025-12-28 03:00:00,48952.983
2025-12-28 04:00:00,49322.863
2025-12-28 05:00:00,49393.051
2025-12-28 06:00:00,49414.089
2025-12-28 07:00:00,49444.047
2025-12-28 08:00:00,49426.205
2025-12-28 09:00:00,49410.347
2025-12-28 10:00:00,49312.665
2025-12-28 11:00:00,49427.615
2025-12-28 12:00:00,49418.493
2025-12-28 13:00:00,49523.151
2025-12-28 14:00:00,49618.437
2025-12-28 15:00:00,49494.083
2025-12-28 16:00:00,49503.312
2025-12-28 17:00:00,49701.375
2025-12-28 18:00:00,49705.941
2025-12-28 19:00:00,49836.976
2025-12-28 20:00:00,49861.539
2025-12-28 21:00:00,49805.16
2025-12-28 22:00:00,49806.197
2025-12-28 23:00:00,49718.947
2025-12-29 00:00:00,49655.436
2025-12-29 01:00:00,49576.195
2025-12-29 02:00:00,49584.304
2025-12-29 03:00:00,49268.608
2025-12-29 04:00:00,49292.319
2025-12-29 05:00:00,49224.602
2025-12-29 06:00:00,49462.547
2025-12-29 07:00:00,49356.339
2025-12-29 08:00:00,49879.856
2025-12-29 09:00:00,50552.834
2025-12-29 10:00:00,50909.689
2025-12-29 11:00:00,51339.876
2025-12-29 12:00:00,50901.572
2025-12-29 13:00:00,51129.168
2025-12-29 14:00:00,49743.296
2025-12-29 15:00:00,49407.465
2025-12-29 16:00:00,49305.54
2025-12-29 17:00:00,49732.415
2025-12-29 18:00:00,50305.848
2025-12-29 19:00:00,49706.291
2025-12-29 20:00:00,50274.605
2025-12-29 21:00:00,50330.5
2025-12-29 22:00:00,50530.084
2025-12-29 23:00:00,50352.932
2025-12-30 00:00:00,50344.889
2025-12-30 01:00:00,50370.017
2025-12-30 02:00:00,50529.896
2025-12-30 03:00:00,51263.914
2025-12-30 04:00:00,51508.872
2025-12-30 05:00:00,51593.751
2025-12-30 06:00:00,51619.991
2025-12-30 07:00:00,51899.213
2025-12-30 08:00:00,51896.321
2025-12-30 09:00:00,52004.185
2025-12-30 10:00:00,52035.587
2025-12-30 11:00:00,51995.5
2025-12-30 12:00:00,52226.858
2025-12-30 13:00:00,51757.77
2025-12-30 14:00:00,51587.145
2025-12-30 15:00:00,51629.985
2025-12-30 16:00:00,51368.3
2025-12-30 17:00:00,51148.23
2025-12-30 18:00:00,51334.9
2025-12-30 19:00:00,50248.635
2025-12-30 20:00:00,50690.2
2025-12-30 21:00:00,50986.869
2025-12-30 22:00:00,50958.801
2025-12-30 23:00:00,50775.816
2025-12-31 00:00:00,50366.008
2025-12-31 01:00:00,50355.739
2025-12-31 02:00:00,50432.254
2025-12-31 03:00:00,50523.818
2025-12-31 04:00:00,50805.956
2025-12-31 05:00:00,50921.452
2025-12-31 06:00:00,51111.87
2025-12-31 07:00:00,51242.739
2025-12-31 08:00:00,51514.355
2025-12-31 09:00:00,51330.666
2025-12-31 10:00:00,51503.304
2025-12-31 11:00:00,51565.32
2025-12-31 12:00:00,51598.531
2025-12-31 13:00:00,51867.27
2025-12-31 14:00:00,51943.672
2025-12-31 15:00:00,51864.177
2025-12-31 16:00:00,51857.58
2025-12-31 17:00:00,51664.26
2025-12-31 18:00:00,52194.869
2025-12-31 19:00:00,52175.234
2025-12-31 20:00:00,52423.717
2025-12-31 21:00:00,51797.728
2025-12-31 22:00:00,51985.759
2025-12-31 23:00:00,52085.944
2026-01-01 00:00:00,52263.325
2026-01-01 01:00:00,51925.531
2026-01-01 02:00:00,51830.442
2026-01-01 03:00:00,51823.869
2026-01-01 04:00:00,51882.92
2026-01-01 05:00:00,52140.744
2026-01-01 06:00:00,52068.558
2026-01-01 07:00:00,52035.396
2026-01-01 08:00:00,52038.922
2026-01-01 09:00:00,52267.586
2026-01-01 10:00:00,52387.848
2026-01-01 11:00:00,52438.616
2026-01-01 12:00:00,52430.603
2026-01-01 13:00:00,52676.791
2026-01-01 14:00:00,52567.046
2026-01-01 15:00:00,52620.214
2026-01-01 16:00:00,52791.114
2026-01-01 17:00:00,52750.503
2026-01-01 18:00:00,52763.311
2026-01-01 19:00:00,52689.686
2026-01-01 20:00:00,52809.477
2026-01-01 21:00:00,52668.728
2026-01-01 22:00:00,52123.32
2026-01-01 23:00:00,51752.191
2026-01-02 00:00:00,51804.132
2026-01-02 01:00:00,51813.283
2026-01-02 02:00:00,51712.314
2026-01-02 03:00:00,51080.737
2026-01-02 04:00:00,51098.963
2026-01-02 05:00:00,51568.053
2026-01-02 06:00:00,51677.975
2026-01-02 07:00:00,51476.579
2026-01-02 08:00:00,51892.064
2026-01-02 09:00:00,52256.762
2026-01-02 10:00:00,52246.472
2026-01-02 11:00:00,52344.08
2026-01-02 12:00:00,52309.968
2026-01-02 13:00:00,52519.962
2026-01-02 14:00:00,52911.274
2026-01-02 15:00:00,54057.226
2026-01-02 16:00:00,53950.843
2026-01-02 17:00:00,53825.068
2026-01-02 18:00:00,53720.412
2026-01-02 19:00:00,53280.7
2026-01-02 20:00:00,53385.618
2026-01-02 21:00:00,53574.765
2026-01-02 22:00:00,53421.478
2026-01-02 23:00:00,52935.719
2026-01-03 00:00:00,52600.907
2026-01-03 01:00:00,52590.145
2026-01-03 02:00:00,52455.121
2026-01-03 03:00:00,52188.111
2026-01-03 04:00:00,52388.915
2026-01-03 05:00:00,52291.172
2026-01-03 06:00:00,52314.081
2026-01-03 07:00:00,52355.626
2026-01-03 08:00:00,52388.795
2026-01-03 09:00:00,52489.143
2026-01-03 10:00:00,52515.916
2026-01-03 11:00:00,52757.559
2026-01-03 12:00:00,51872.55
2026-01-03 13:00:00,51454.517
2026-01-03 14:00:00,51360.637
2026-01-03 15:00:00,51405.181
2026-01-03 16:00:00,51419.965
2026-01-03 17:00:00,51297.638
2026-01-03 18:00:00,51600.681
2026-01-03 19:00:00,51558.429
2026-01-03 20:00:00,51827.551
2026-01-03 21:00:00,52128.897
2026-01-03 22:00:00,52280.859
2026-01-03 23:00:00,52275.333
2026-01-04 00:00:00,52320.981
2026-01-04 01:00:00,52516.221
2026-01-04 02:00:00,52674.868
2026-01-04 03:00:00,53055.215
2026-01-04 04:00:00,53331.013
2026-01-04 05:00:00,54321.305
2026-01-04 06:00:00,54364.311
2026-01-04 07:00:00,54460.759
2026-01-04 08:00:00,54537.601
2026-01-04 09:00:00,54691.479
2026-01-04 10:00:00,54787.191
2026-01-04 11:00:00,54451.15
2026-01-04 12:00:00,54496.938
2026-01-04 13:00:00,54551.257
2026-01-04 14:00:00,54661.39
2026-01-04 15:00:00,54731.533
2026-01-04 16:00:00,54735.141
2026-01-04 17:00:00,54577.134
2026-01-04 18:00:00,54395.989
2026-01-04 19:00:00,54298.601
2026-01-04 20:00:00,54345.507
2026-01-04 21:00:00,54450.181
2026-01-04 22:00:00,54519.137
2026-01-04 23:00:00,54231.807
2026-01-05 00:00:00,54044.486
2026-01-05 01:00:00,53980.631
2026-01-05 02:00:00,53888.203
2026-01-05 03:00:00,53745.207
2026-01-05 04:00:00,53293.95
2026-01-05 05:00:00,53343.133
2026-01-05 06:00:00,53946.683
2026-01-05 07:00:00,53854.652
2026-01-05 08:00:00,54120.088
2026-01-05 09:00:00,53964.66
2026-01-05 10:00:00,54049.655
2026-01-05 11:00:00,53752.519
2026-01-05 12:00:00,53537.377
2026-01-05 13:00:00,53434.246
2026-01-05 14:00:00,53373.694
2026-01-05 15:00:00,53562.104
2026-01-05 16:00:00,53848.849
2026-01-05 17:00:00,54154.668
2026-01-05 18:00:00,54186.506
2026-01-05 19:00:00,54085.227
2026-01-05 20:00:00,55168.604
2026-01-05 21:00:00,55942.973
2026-01-05 22:00:00,55187.399
2026-01-05 23:00:00,55157.267
2026-01-06 00:00:00,55063.671
2026-01-06 01:00:00,54120.691
2026-01-06 02:00:00,53720.713
2026-01-06 03:00:00,53425.745
2026-01-06 04:00:00,53480.034
2026-01-06 05:00:00,53295.575
2026-01-06 06:00:00,53241.45
2026-01-06 07:00:00,52851.211
2026-01-06 08:00:00,52665.658
2026-01-06 09:00:00,52703.07
2026-01-06 10:00:00,52680.128
2026-01-06 11:00:00,52621.197
2026-01-06 12:00:00,52266.541
2026-01-06 13:00:00,52370.123
2026-01-06 14:00:00,52339.397
2026-01-06 15:00:00,52374.771
2026-01-06 16:00:00,52188.407
2026-01-06 17:00:00,52275.28
2026-01-06 18:00:00,52358.568
2026-01-06 19:00:00,51720.105
2026-01-06 20:00:00,51938.298
2026-01-06 21:00:00,51720.789
2026-01-06 22:00:00,51829.683
2026-01-06 23:00:00,52734.912
2026-01-07 00:00:00,52319.764
2026-01-07 01:00:00,51819.119
2026-01-07 02:00:00,51247.568
2026-01-07 03:00:00,51222.478
2026-01-07 04:00:00,51354.591
2026-01-07 05:00:00,51698.104
2026-01-07 06:00:00,51330.098
2026-01-07 07:00:00,51734.058
2026-01-07 08:00:00,51642.408
2026-01-07 09:00:00,51844.758
2026-01-07 10:00:00,51831.014
2026-01-07 11:00:00,51836.403
2026-01-07 12:00:00,51950.949
2026-01-07 13:00:00,51972.471
2026-01-07 14:00:00,52254.361
2026-01-07 15:00:00,52463.664
2026-01-07 16:00:00,52423.554
2026-01-07 17:00:00,52276.819
2026-01-07 18:00:00,52373.631
2026-01-07 19:00:00,53470.855
2026-01-07 20:00:00,53294.378
2026-01-07 21:00:00,54270.091
2026-01-07 22:00:00,54144.159
2026-01-07 23:00:00,53796.146
2026-01-08 00:00:00,54356.74
2026-01-08 01:00:00,54530.823
2026-01-08 02:00:00,54567.451
2026-01-08 03:00:00,54500.311
2026-01-08 04:00:00,54672.539
2026-01-08 05:00:00,54948.513
2026-01-08 06:00:00,55033.851
2026-01-08 07:00:00,54169.817
2026-01-08 08:00:00,53924.496
2026-01-08 09:00:00,54082.442
2026-01-08 10:00:00,54488.119
2026-01-08 11:00:00,55719.45
2026-01-08 12:00:00,56617.732
2026-01-08 13:00:00,56099.29
2026-01-08 14:00:00,56156.712
2026-01-08 15:00:00,56601.44
2026-01-08 16:00:00,56758.959
2026-01-08 17:00:00,56826.738
2026-01-08 18:00:00,56767.922
2026-01-08 19:00:00,56964.227
2026-01-08 20:00:00,56158.508
2026-01-08 21:00:00,57258.297
2026-01-08 22:00:00,56047.458
2026-01-08 23:00:00,55502.035
2026-01-09 00:00:00,55177.113
2026-01-09 01:00:00,54818.983
2026-01-09 02:00:00,54729.854
2026-01-09 03:00:00,54620.582
2026-01-09 04:00:00,54527.862
2026-01-09 05:00:00,54470.339
2026-01-09 06:00:00,53911.85
2026-01-09 07:00:00,54290.388
2026-01-09 08:00:00,54465.193
2026-01-09 09:00:00,54479.753
2026-01-09 10:00:00,54377.267
2026-01-09 11:00:00,54490.689
2026-01-09 12:00:00,53855.055
2026-01-09 13:00:00,53434.907
2026-01-09 14:00:00,54093.083
2026-01-09 15:00:00,54115.455
2026-01-09 16:00:00,54089.234
2026-01-09 17:00:00,53700.1
2026-01-09 18:00:00,53835.897
2026-01-09 19:00:00,54044.149
2026-01-09 20:00:00,52981.218
2026-01-09 21:00:00,53114.537
2026-01-09 22:00:00,53136.924
2026-01-09 23:00:00,52409.118
2026-01-10 00:00:00,52645.519
2026-01-10 01:00:00,52390.263
2026-01-10 02:00:00,51874.671
2026-01-10 03:00:00,51348.919
2026-01-10 04:00:00,51191.911
2026-01-10 05:00:00,50801.305
2026-01-10 06:00:00,50975.271
2026-01-10 07:00:00,50961.607
2026-01-10 08:00:00,50953.565
2026-01-10 09:00:00,50885.771
2026-01-10 10:00:00,50945.845
2026-01-10 11:00:00,50889.884
2026-01-10 12:00:00,50954.845
2026-01-10 13:00:00,50907.075
2026-01-10 14:00:00,50810.696
2026-01-10 15:00:00,50903.609
2026-01-10 16:00:00,50856.159
2026-01-10 17:00:00,50836.977
2026-01-10 18:00:00,50586.085
2026-01-10 19:00:00,50676.458
2026-01-10 20:00:00,50878.414
2026-01-10 21:00:00,51075.801
2026-01-10 22:00:00,51014.887
2026-01-10 23:00:00,51034.123
2026-01-11 00:00:00,51055.065
2026-01-11 01:00:00,51041.285
2026-01-11 02:00:00,50860.186
2026-01-11 03:00:00,50683.055
2026-01-11 04:00:00,50716.451
2026-01-11 05:00:00,50691.904
2026-01-11 06:00:00,50694.239
2026-01-11 07:00:00,50610.578
2026-01-11 08:00:00,50622.839
2026-01-11 09:00:00,50615.649
2026-01-11 10:00:00,50643.797
2026-01-11 11:00:00,50573.055
2026-01-11 12:00:00,50572.103
2026-01-11 13:00:00,50537.741
2026-01-11 14:00:00,50639.721
2026-01-11 15:00:00,50688.583
2026-01-11 16:00:00,50802.41
2026-01-11 17:00:00,51179.298
2026-01-11 18:00:00,51311.211
2026-01-11 19:00:00,51370.304
2026-01-11 20:00:00,51561.516
2026-01-11 21:00:00,51507.347
2026-01-11 22:00:00,51501.279
2026-01-11 23:00:00,51600.645
2026-01-12 00:00:00,51233.775
2026-01-12 01:00:00,50819.556
2026-01-12 02:00:00,50771.696
2026-01-12 03:00:00,51683.79
2026-01-12 04:00:00,52006.351
2026-01-12 05:00:00,51781.824
2026-01-12 06:00:00,51611.947
2026-01-12 07:00:00,51267.283
2026-01-12 08:00:00,50844.663
2026-01-12 09:00:00,50852.724
2026-01-12 10:00:00,50799.872
2026-01-12 11:00:00,50658.468
2026-01-12 12:00:00,50484.781
2026-01-12 13:00:00,50876.692
2026-01-12 14:00:00,51380.123
2026-01-12 15:00:00,51928.118
2026-01-12 16:00:00,52764.935
2026-01-12 17:00:00,53033.648
2026-01-12 18:00:00,53156.928
2026-01-12 19:00:00,53166.0
2026-01-12 20:00:00,51801.398
2026-01-12 21:00:00,50301.776
2026-01-12 22:00:00,49437.001
2026-01-12 23:00:00,49142.814
2026-01-13 00:00:00,49008.756
2026-01-13 01:00:00,48600.603
2026-01-13 02:00:00,48065.682
2026-01-13 03:00:00,48055.351
2026-01-13 04:00:00,47976.252
2026-01-13 05:00:00,48111.794
2026-01-13 06:00:00,48070.722
2026-01-13 07:00:00,48156.247
2026-01-13 08:00:00,48522.936
2026-01-13 09:00:00,48519.434
2026-01-13 10:00:00,48682.005
2026-01-13 11:00:00,49092.4
2026-01-13 12:00:00,49322.377
2026-01-13 13:00:00,49431.17
2026-01-13 14:00:00,49479.986
2026-01-13 15:00:00,49518.933
2026-01-13 16:00:00,49438.373
2026-01-13 17:00:00,49234.889
2026-01-13 18:00:00,49223.891
2026-01-13 19:00:00,49965.877
2026-01-13 20:00:00,51068.385
2026-01-13 21:00:00,51626.325
2026-01-13 22:00:00,51934.796
2026-01-13 23:00:00,52360.881
2026-01-14 00:00:00,52283.295
2026-01-14 01:00:00,53828.891
2026-01-14 02:00:00,54297.877
2026-01-14 03:00:00,51708.101
2026-01-14 04:00:00,51975.634
2026-01-14 05:00:00,52520.568
2026-01-14 06:00:00,52349.354
2026-01-14 07:00:00,52490.515
2026-01-14 08:00:00,52500.486
2026-01-14 09:00:00,52349.592
2026-01-14 10:00:00,52421.087
2026-01-14 11:00:00,52253.506
2026-01-14 12:00:00,52254.942
2026-01-14 13:00:00,52059.61
2026-01-14 14:00:00,52086.826
2026-01-14 15:00:00,51926.899
2026-01-14 16:00:00,51934.52
2026-01-14 17:00:00,52145.516
2026-01-14 18:00:00,52162.39
2026-01-14 19:00:00,53715.288
2026-01-14 20:00:00,54729.102
2026-01-14 21:00:00,55272.776
2026-01-14 22:00:00,55729.231
2026-01-14 23:00:00,54616.289
2026-01-15 00:00:00,54481.917
2026-01-15 01:00:00,55104.889
2026-01-15 02:00:00,55114.889
2026-01-15 03:00:00,55179.728
2026-01-15 04:00:00,54992.835
2026-01-15 05:00:00,54742.017
2026-01-15 06:00:00,54586.706
2026-01-15 07:00:00,54334.354
2026-01-15 08:00:00,53677.505
2026-01-15 09:00:00,53336.396
2026-01-15 10:00:00,53161.28
2026-01-15 11:00:00,52987.849
2026-01-15 12:00:00,52757.662
2026-01-15 13:00:00,52629.945
2026-01-15 14:00:00,52727.489
2026-01-15 15:00:00,52981.532
2026-01-15 16:00:00,52861.822
2026-01-15 17:00:00,52769.486
2026-01-15 18:00:00,52714.99
2026-01-15 19:00:00,53268.939
2026-01-15 20:00:00,52504.334
2026-01-15 21:00:00,52670.326
2026-01-15 22:00:00,52518.208
2026-01-15 23:00:00,51822.069
2026-01-16 00:00:00,51107.304
2026-01-16 01:00:00,50600.368
2026-01-16 02:00:00,50462.831
2026-01-16 03:00:00,50110.138
2026-01-16 04:00:00,50041.795
2026-01-16 05:00:00,50154.068
2026-01-16 06:00:00,50097.233
2026-01-16 07:00:00,50260.943
2026-01-16 08:00:00,49991.705
2026-01-16 09:00:00,49734.448
2026-01-16 10:00:00,49990.062
2026-01-16 11:00:00,49682.92
2026-01-16 12:00:00,49713.183
2026-01-16 13:00:00,49451.899
2026-01-16 14:00:00,49577.506
2026-01-16 15:00:00,49687.374
2026-01-16 16:00:00,49871.336
2026-01-16 17:00:00,49947.488
2026-01-16 18:00:00,50068.012
2026-01-16 19:00:00,50072.39
2026-01-16 20:00:00,51682.225
2026-01-16 21:00:00,51842.947
2026-01-16 22:00:00,51260.324
2026-01-16 23:00:00,51363.477
2026-01-17 00:00:00,51282.711
2026-01-17 01:00:00,50708.137
2026-01-17 02:00:00,50478.793
2026-01-17 03:00:00,50256.747
2026-01-17 04:00:00,50243.633
2026-01-17 05:00:00,50293.736
2026-01-17 06:00:00,50365.932
2026-01-17 07:00:00,50503.669
2026-01-17 08:00:00,50586.577
2026-01-17 09:00:00,50611.322
2026-01-17 10:00:00,50622.832
2026-01-17 11:00:00,50372.548
2026-01-17 12:00:00,50503.376
2026-01-17 13:00:00,50448.774
2026-01-17 14:00:00,50419.864
2026-01-17 15:00:00,50395.111
2026-01-17 16:00:00,50472.985
2026-01-17 17:00:00,50521.498
2026-01-17 18:00:00,50498.224
2026-01-17 19:00:00,50701.288
2026-01-17 20:00:00,50558.995
2026-01-17 21:00:00,50437.868
2026-01-17 22:00:00,50475.414
2026-01-17 23:00:00,50611.624
2026-01-18 00:00:00,50497.764
2026-01-18 01:00:00,50888.088
2026-01-18 02:00:00,50848.611
2026-01-18 03:00:00,50353.076
2026-01-18 04:00:00,50319.555
2026-01-18 05:00:00,50242.721
2026-01-18 06:00:00,50031.393
2026-01-18 07:00:00,50023.173
2026-01-18 08:00:00,50151.193
2026-01-18 09:00:00,50089.113
2026-01-18 10:00:00,50022.915
2026-01-18 11:00:00,50030.115
2026-01-18 12:00:00,50091.477
2026-01-18 13:00:00,50227.701
2026-01-18 14:00:00,50213.095
2026-01-18 15:00:00,50169.761
2026-01-18 16:00:00,50070.285
2026-01-18 17:00:00,50023.849
2026-01-18 18:00:00,49859.536
2026-01-18 19:00:00,49735.492
2026-01-18 20:00:00,49883.089
2026-01-18 21:00:00,49914.346
2026-01-18 22:00:00,49863.467
2026-01-18 23:00:00,49688.624
2026-01-19 00:00:00,49614.374
2026-01-19 01:00:00,49559.038
2026-01-19 02:00:00,49661.524
2026-01-19 03:00:00,49779.311
2026-01-19 04:00:00,49132.879
2026-01-19 05:00:00,49694.04
2026-01-19 06:00:00,50785.237
2026-01-19 07:00:00,51562.826
2026-01-19 08:00:00,51930.361
2026-01-19 09:00:00,52192.775
2026-01-19 10:00:00,52176.314
2026-01-19 11:00:00,51890.851
2026-01-19 12:00:00,51833.642
2026-01-19 13:00:00,52093.731
2026-01-19 14:00:00,51709.031
2026-01-19 15:00:00,51650.077
2026-01-19 16:00:00,51483.998
2026-01-19 17:00:00,51536.257
2026-01-19 18:00:00,51164.394
2026-01-19 19:00:00,51057.457
2026-01-19 20:00:00,50974.641
2026-01-19 21:00:00,50741.126
2026-01-19 22:00:00,49913.767
2026-01-19 23:00:00,49764.041
2026-01-20 00:00:00,49661.837
2026-01-20 01:00:00,49526.63
2026-01-20 02:00:00,49575.487
2026-01-20 03:00:00,49777.014
2026-01-20 04:00:00,49721.871
2026-01-20 05:00:00,49895.799
2026-01-20 06:00:00,49969.927
2026-01-20 07:00:00,50079.115
2026-01-20 08:00:00,50078.621
2026-01-20 09:00:00,50720.816
2026-01-20 10:00:00,51262.92
2026-01-20 11:00:00,51546.244
2026-01-20 12:00:00,52031.142
2026-01-20 13:00:00,52099.344
2026-01-20 14:00:00,52405.554
2026-01-20 15:00:00,52800.473
2026-01-20 16:00:00,52667.982
2026-01-20 17:00:00,52857.741
2026-01-20 18:00:00,52901.303
2026-01-20 19:00:00,53575.532
2026-01-20 20:00:00,53694.601
2026-01-20 21:00:00,54249.935
2026-01-20 22:00:00,53940.102
2026-01-20 23:00:00,54196.355
2026-01-21 00:00:00,54461.42
2026-01-21 01:00:00,55182.915
2026-01-21 02:00:00,54784.969
2026-01-21 03:00:00,54401.032
2026-01-21 04:00:00,54519.359
2026-01-21 05:00:00,54203.91
2026-01-21 06:00:00,54096.761
2026-01-21 07:00:00,53797.621
2026-01-21 08:00:00,53582.696
2026-01-21 09:00:00,53584.544
2026-01-21 10:00:00,52870.374
2026-01-21 11:00:00,52625.213
2026-01-21 12:00:00,52392.195
2026-01-21 13:00:00,51923.486
2026-01-21 14:00:00,51851.551
2026-01-21 15:00:00,51798.547
2026-01-21 16:00:00,51660.747
2026-01-21 17:00:00,51961.427
2026-01-21 18:00:00,52143.803
2026-01-21 19:00:00,51791.91
2026-01-21 20:00:00,51808.199
2026-01-21 21:00:00,51390.902
2026-01-21 22:00:00,52339.594
2026-01-21 23:00:00,52411.681
2026-01-22 00:00:00,52901.286
2026-01-22 01:00:00,51704.381
2026-01-22 02:00:00,51355.313
2026-01-22 03:00:00,51041.264
2026-01-22 04:00:00,50638.155
2026-01-22 05:00:00,50829.143
2026-01-22 06:00:00,50190.035
2026-01-22 07:00:00,50421.339
2026-01-22 08:00:00,50525.034
2026-01-22 09:00:00,50639.482
2026-01-22 10:00:00,50683.85
2026-01-22 11:00:00,50613.74
2026-01-22 12:00:00,50689.582
2026-01-22 13:00:00,50665.642
2026-01-22 14:00:00,50819.808
2026-01-22 15:00:00,50836.601
2026-01-22 16:00:00,50762.906
2026-01-22 17:00:00,50900.156
2026-01-22 18:00:00,51275.214
2026-01-22 19:00:00,52345.103
2026-01-22 20:00:00,52592.513
2026-01-22 21:00:00,52834.949
2026-01-22 22:00:00,52938.374
2026-01-22 23:00:00,52452.098
2026-01-23 00:00:00,51864.822
2026-01-23 01:00:00,51329.64
2026-01-23 02:00:00,51226.124
2026-01-23 03:00:00,51100.583
2026-01-23 04:00:00,51020.074
2026-01-23 05:00:00,51027.631
2026-01-23 06:00:00,50975.925
2026-01-23 07:00:00,50594.822
2026-01-23 08:00:00,50608.357
2026-01-23 09:00:00,50523.913
2026-01-23 10:00:00,50411.849
2026-01-23 11:00:00,50532.706
2026-01-23 12:00:00,50414.873
2026-01-23 13:00:00,50031.737
2026-01-23 14:00:00,49884.393
2026-01-23 15:00:00,50064.011
2026-01-23 16:00:00,50027.866
2026-01-23 17:00:00,49965.675
2026-01-23 18:00:00,50064.475
2026-01-23 19:00:00,50061.405
2026-01-23 20:00:00,49894.798
2026-01-23 21:00:00,50400.427
2026-01-23 22:00:00,48525.023
2026-01-23 23:00:00,48351.158
2026-01-24 00:00:00,47590.273
2026-01-24 01:00:00,47386.427
2026-01-24 02:00:00,47442.383
2026-01-24 03:00:00,47568.683
2026-01-24 04:00:00,47533.508
2026-01-24 05:00:00,47552.783
2026-01-24 06:00:00,47622.935
2026-01-24 07:00:00,47783.1
2026-01-24 08:00:00,47855.038
2026-01-24 09:00:00,47754.812
2026-01-24 10:00:00,47790.428
2026-01-24 11:00:00,47754.66
2026-01-24 12:00:00,47804.078
2026-01-24 13:00:00,47835.301
2026-01-24 14:00:00,47750.881
2026-01-24 15:00:00,47749.049
2026-01-24 16:00:00,47846.775
2026-01-24 17:00:00,47972.054
2026-01-24 18:00:00,47982.457
2026-01-24 19:00:00,48241.357
2026-01-24 20:00:00,48553.648
2026-01-24 21:00:00,49116.601
2026-01-24 22:00:00,49189.015
2026-01-24 23:00:00,49126.341
2026-01-25 00:00:00,49079.919
2026-01-25 01:00:00,49080.357
2026-01-25 02:00:00,49030.353
2026-01-25 03:00:00,48945.209
2026-01-25 04:00:00,48923.302
2026-01-25 05:00:00,48944.521
2026-01-25 06:00:00,48829.919
2026-01-25 07:00:00,48881.115
2026-01-25 08:00:00,48989.037
2026-01-25 09:00:00,49077.611
2026-01-25 10:00:00,49157.068
2026-01-25 11:00:00,48960.359
2026-01-25 12:00:00,49130.987
2026-01-25 13:00:00,49413.674
2026-01-25 14:00:00,49646.066
2026-01-25 15:00:00,50066.294
2026-01-25 16:00:00,50183.007
2026-01-25 17:00:00,50914.791
2026-01-25 18:00:00,51208.148
2026-01-25 19:00:00,51214.254
2026-01-25 20:00:00,51035.794
2026-01-25 21:00:00,51382.187
2026-01-25 22:00:00,51585.119
2026-01-25 23:00:00,51060.894
2026-01-26 00:00:00,51266.804
2026-01-26 01:00:00,51445.428
2026-01-26 02:00:00,51596.171
2026-01-26 03:00:00,52059.317
2026-01-26 04:00:00,52459.302
2026-01-26 05:00:00,52222.201
2026-01-26 06:00:00,51522.112
2026-01-26 07:00:00,51509.217
2026-01-26 08:00:00,51571.227
2026-01-26 09:00:00,51821.052
2026-01-26 10:00:00,51648.313
2026-01-26 11:00:00,51628.724
2026-01-26 12:00:00,51594.788
2026-01-26 13:00:00,51288.305
2026-01-26 14:00:00,51146.651
2026-01-26 15:00:00,51059.369
2026-01-26 16:00:00,51099.708
2026-01-26 17:00:00,50955.538
2026-01-26 18:00:00,51052.734
2026-01-26 19:00:00,50935.401
2026-01-26 20:00:00,50296.412
2026-01-26 21:00:00,50048.483
2026-01-26 22:00:00,50109.031
2026-01-26 23:00:00,50276.196
2026-01-27 00:00:00,49747.068
2026-01-27 01:00:00,49744.916
2026-01-27 02:00:00,49676.306
2026-01-27 03:00:00,49561.221
2026-01-27 04:00:00,49756.831
2026-01-27 05:00:00,49833.741
2026-01-27 06:00:00,49849.698
2026-01-27 07:00:00,50181.417
2026-01-27 08:00:00,50248.664
2026-01-27 09:00:00,50179.853
2026-01-27 10:00:00,50103.322
2026-01-27 11:00:00,50222.312
2026-01-27 12:00:00,50193.132
2026-01-27 13:00:00,50008.356
2026-01-27 14:00:00,50105.956
2026-01-27 15:00:00,50344.885
2026-01-27 16:00:00,50486.794
2026-01-27 17:00:00,50796.484
2026-01-27 18:00:00,51154.078
2026-01-27 19:00:00,51926.353
2026-01-27 20:00:00,52604.54
2026-01-27 21:00:00,52476.766
2026-01-27 22:00:00,52036.603
2026-01-27 23:00:00,52238.988
2026-01-28 00:00:00,51891.965
2026-01-28 01:00:00,51346.294
2026-01-28 02:00:00,51010.947
2026-01-28 03:00:00,50970.443
2026-01-28 04:00:00,51200.339
2026-01-28 05:00:00,51102.091
2026-01-28 06:00:00,51166.193
2026-01-28 07:00:00,51316.912
2026-01-28 08:00:00,51289.068
2026-01-28 09:00:00,51041.914
2026-01-28 10:00:00,51163.261
2026-01-28 11:00:00,51158.464
2026-01-28 12:00:00,51109.705
2026-01-28 13:00:00,51002.917
2026-01-28 14:00:00,51148.682
2026-01-28 15:00:00,51760.104
2026-01-28 16:00:00,51932.045
2026-01-28 17:00:00,52371.994
2026-01-28 18:00:00,51962.558
2026-01-28 19:00:00,51452.981
2026-01-28 20:00:00,51366.307
2026-01-28 21:00:00,51464.151
2026-01-28 22:00:00,53048.729
2026-01-28 23:00:00,52006.652
2026-01-29 00:00:00,51729.942
2026-01-29 01:00:00,51517.723
2026-01-29 02:00:00,51451.36
2026-01-29 03:00:00,51433.919
2026-01-29 04:00:00,51449.827
2026-01-29 05:00:00,51462.663
2026-01-29 06:00:00,51412.206
2026-01-29 07:00:00,51454.233
2026-01-29 08:00:00,51486.275
2026-01-29 09:00:00,51636.174
2026-01-29 10:00:00,51823.191
2026-01-29 11:00:00,51919.919
2026-01-29 12:00:00,52077.011
2026-01-29 13:00:00,52230.076
2026-01-29 14:00:00,52422.647
2026-01-29 15:00:00,52900.283
2026-01-29 16:00:00,53160.127
2026-01-29 17:00:00,53118.089
2026-01-29 18:00:00,53334.518
2026-01-29 19:00:00,52481.525
2026-01-29 20:00:00,55521.584
2026-01-29 21:00:00,59134.881
2026-01-29 22:00:00,58017.876
2026-01-29 23:00:00,58604.553
2026-01-30 00:00:00,59148.53
2026-01-30 01:00:00,59447.169
2026-01-30 02:00:00,59539.326
2026-01-30 03:00:00,59055.121
2026-01-30 04:00:00,59149.5
2026-01-30 05:00:00,58502.326
2026-01-30 06:00:00,56213.533
2026-01-30 07:00:00,56023.652
2026-01-30 08:00:00,55859.422
2026-01-30 09:00:00,55437.827
2026-01-30 10:00:00,55815.05
2026-01-30 11:00:00,54907.587
2026-01-30 12:00:00,55015.109
2026-01-30 13:00:00,54794.249
2026-01-30 14:00:00,55022.78
2026-01-30 15:00:00,54888.706
2026-01-30 16:00:00,54910.07
2026-01-30 17:00:00,54413.586
2026-01-30 18:00:00,54416.027
2026-01-30 19:00:00,53414.282
2026-01-30 20:00:00,53071.649
2026-01-30 21:00:00,52794.576
2026-01-30 22:00:00,52811.353
2026-01-30 23:00:00,51945.435
2026-01-31 00:00:00,52012.822
2026-01-31 01:00:00,52814.662
2026-01-31 02:00:00,53311.583
2026-01-31 03:00:00,52917.94
2026-01-31 04:00:00,52720.809
2026-01-31 05:00:00,52751.465
2026-01-31 06:00:00,52794.318
2026-01-31 07:00:00,52668.438
2026-01-31 08:00:00,52617.841
2026-01-31 09:00:00,52514.897
2026-01-31 10:00:00,52264.954
2026-01-31 11:00:00,52077.391
2026-01-31 12:00:00,52078.277
2026-01-31 13:00:00,51923.764
2026-01-31 14:00:00,51833.61
2026-01-31 15:00:00,51803.372
2026-01-31 16:00:00,51892.947
2026-01-31 17:00:00,51973.153
2026-01-31 18:00:00,52137.679
2026-01-31 19:00:00,52137.99
2026-01-31 20:00:00,52903.943
2026-01-31 21:00:00,52961.689
2026-01-31 22:00:00,52972.01
2026-01-31 23:00:00,52274.544
2026-02-01 00:00:00,51501.572
2026-02-01 01:00:00,52153.78
2026-02-01 02:00:00,51518.709
2026-02-01 03:00:00,51733.711
2026-02-01 04:00:00,51221.411
2026-02-01 05:00:00,51862.485
2026-02-01 06:00:00,51129.857
2026-02-01 07:00:00,50888.927
2026-02-01 08:00:00,50861.925
2026-02-01 09:00:00,50719.086
2026-02-01 10:00:00,49774.89
2026-02-01 11:00:00,49477.082
2026-02-01 12:00:00,49814.111
2026-02-01 13:00:00,49579.998
2026-02-01 14:00:00,49526.339
2026-02-01 15:00:00,49701.053
2026-02-01 16:00:00,49499.041
2026-02-01 17:00:00,49303.001
2026-02-01 18:00:00,48656.403
2026-02-01 19:00:00,49504.011
2026-02-01 20:00:00,49347.859
2026-02-01 21:00:00,49474.76
2026-02-01 22:00:00,49640.155
2026-02-01 23:00:00,48869.345
2026-02-02 00:00:00,48178.446
2026-02-02 01:00:00,48360.509
2026-02-02 02:00:00,48573.371
2026-02-02 03:00:00,48496.162
2026-02-02 04:00:00,48579.222
2026-02-02 05:00:00,48432.412
2026-02-02 06:00:00,48839.429
2026-02-02 07:00:00,48718.055
2026-02-02 08:00:00,48912.232
2026-02-02 09:00:00,48372.625
2026-02-02 10:00:00,48253.515
2026-02-02 11:00:00,48273.351
2026-02-02 12:00:00,48525.301
2026-02-02 13:00:00,48809.589
2026-02-02 14:00:00,48892.789
2026-02-02 15:00:00,49064.733
2026-02-02 16:00:00,49123.596
2026-02-02 17:00:00,48719.784
2026-02-02 18:00:00,49129.742
2026-02-02 19:00:00,48750.962
2026-02-02 20:00:00,48043.329
2026-02-02 21:00:00,47840.516
2026-02-02 22:00:00,47400.433
2026-02-02 23:00:00,47340.411
2026-02-03 00:00:00,47361.126
2026-02-03 01:00:00,47041.972
2026-02-03 02:00:00,46950.126
2026-02-03 03:00:00,47043.951
2026-02-03 04:00:00,47010.387
2026-02-03 05:00:00,47077.206
2026-02-03 06:00:00,47158.862
2026-02-03 07:00:00,46610.837
2026-02-03 08:00:00,46971.114
2026-02-03 09:00:00,46967.09
2026-02-03 10:00:00,46799.179
2026-02-03 11:00:00,46803.73
2026-02-03 12:00:00,46999.549
2026-02-03 13:00:00,47341.647
2026-02-03 14:00:00,46809.607
2026-02-03 15:00:00,46679.885
2026-02-03 16:00:00,46587.403
2026-02-03 17:00:00,47197.828
2026-02-03 18:00:00,46802.647
2026-02-03 19:00:00,46335.536
2026-02-03 20:00:00,46356.869
2026-02-03 21:00:00,47568.022
2026-02-03 22:00:00,48059.948
2026-02-03 23:00:00,49315.653
2026-02-04 00:00:00,50209.369
2026-02-04 01:00:00,49229.612
2026-02-04 02:00:00,48632.536
2026-02-04 03:00:00,47909.326
2026-02-04 04:00:00,47779.247
2026-02-04 05:00:00,48198.067
2026-02-04 06:00:00,48773.313
2026-02-04 07:00:00,48681.516
2026-02-04 08:00:00,47787.15
2026-02-04 09:00:00,47556.466
2026-02-04 10:00:00,47233.545
2026-02-04 11:00:00,47296.295
2026-02-04 12:00:00,47484.24
2026-02-04 13:00:00,47819.232
2026-02-04 14:00:00,47656.846
2026-02-04 15:00:00,47384.619
2026-02-04 16:00:00,47218.349
2026-02-04 17:00:00,46496.658
2026-02-04 18:00:00,46579.614
2026-02-04 19:00:00,46906.033
2026-02-04 20:00:00,46914.634
2026-02-04 21:00:00,47328.697
2026-02-04 22:00:00,49841.164
2026-02-04 23:00:00,51497.806
2026-02-05 00:00:00,52033.833
2026-02-05 01:00:00,51778.219
2026-02-05 02:00:00,52554.347
2026-02-05 03:00:00,52805.056
2026-02-05 04:00:00,52904.457
2026-02-05 05:00:00,52559.148
2026-02-05 06:00:00,52362.862
2026-02-05 07:00:00,52914.118
2026-02-05 08:00:00,53173.527
2026-02-05 09:00:00,53210.118
2026-02-05 10:00:00,53637.866
2026-02-05 11:00:00,53816.65
2026-02-05 12:00:00,52796.52
2026-02-05 13:00:00,53455.106
2026-02-05 14:00:00,53836.48
2026-02-05 15:00:00,53000.923
2026-02-05 16:00:00,55019.122
2026-02-05 17:00:00,55645.009
2026-02-05 18:00:00,55500.221
2026-02-05 19:00:00,55481.094
2026-02-05 20:00:00,56414.828
2026-02-05 21:00:00,56614.979
2026-02-05 22:00:00,56637.369
2026-02-05 23:00:00,56806.344
2026-02-06 00:00:00,57992.487
2026-02-06 01:00:00,56399.202
2026-02-06 02:00:00,56013.713
2026-02-06 03:00:00,56755.526
2026-02-06 04:00:00,56858.546
2026-02-06 05:00:00,53807.501
2026-02-06 06:00:00,52751.319
2026-02-06 07:00:00,52475.93
2026-02-06 08:00:00,52609.728
2026-02-06 09:00:00,53022.474
2026-02-06 10:00:00,53634.761
2026-02-06 11:00:00,52945.293
2026-02-06 12:00:00,54236.339
2026-02-06 13:00:00,54264.896
2026-02-06 14:00:00,53824.294
2026-02-06 15:00:00,53612.073
2026-02-06 16:00:00,53916.264
2026-02-06 17:00:00,53976.702
2026-02-06 18:00:00,53902.646
2026-02-06 19:00:00,53237.795
2026-02-06 20:00:00,51623.083
2026-02-06 21:00:00,51474.714
2026-02-06 22:00:00,50086.149
2026-02-06 23:00:00,49303.909
2026-02-07 00:00:00,48835.227
2026-02-07 01:00:00,47962.294
2026-02-07 02:00:00,47608.427
2026-02-07 03:00:00,47229.103
2026-02-07 04:00:00,47290.611
2026-02-07 05:00:00,47006.989
2026-02-07 06:00:00,47063.52
2026-02-07 07:00:00,46948.792
2026-02-07 08:00:00,47231.244
2026-02-07 09:00:00,47233.388
2026-02-07 10:00:00,46315.085
2026-02-07 11:00:00,45183.377
2026-02-07 12:00:00,46085.908
2026-02-07 13:00:00,45578.782
2026-02-07 14:00:00,46048.785
2026-02-07 15:00:00,46522.25
2026-02-07 16:00:00,46746.076
2026-02-07 17:00:00,45877.966
2026-02-07 18:00:00,46005.211
2026-02-07 19:00:00,45994.384
2026-02-07 20:00:00,46678.673
2026-02-07 21:00:00,46164.48
2026-02-07 22:00:00,45856.647
2026-02-07 23:00:00,46292.654
2026-02-08 00:00:00,46006.196
2026-02-08 01:00:00,46180.83
2026-02-08 02:00:00,46109.649
2026-02-08 03:00:00,45935.056
2026-02-08 04:00:00,45922.857
2026-02-08 05:00:00,46025.572
2026-02-08 06:00:00,45983.457
2026-02-08 07:00:00,45770.761
2026-02-08 08:00:00,45853.166
2026-02-08 09:00:00,45847.799
2026-02-08 10:00:00,45924.724
2026-02-08 11:00:00,45947.355
2026-02-08 12:00:00,46156.047
2026-02-08 13:00:00,45624.935
2026-02-08 14:00:00,45904.415
2026-02-08 15:00:00,45845.143
2026-02-08 16:00:00,45965.982
2026-02-08 17:00:00,46406.511
2026-02-08 18:00:00,46429.108
2026-02-08 19:00:00,46713.7
2026-02-08 20:00:00,46669.089
2026-02-08 21:00:00,46337.765
2026-02-08 22:00:00,46252.895
2026-02-08 23:00:00,46257.15
2026-02-09 00:00:00,46315.11
2026-02-09 01:00:00,46215.184
2026-02-09 02:00:00,46225.551
2026-02-09 03:00:00,46186.513
2026-02-09 04:00:00,45261.156
2026-02-09 05:00:00,45218.99
2026-02-09 06:00:00,45051.164
2026-02-09 07:00:00,44895.324
2026-02-09 08:00:00,45052.561
2026-02-09 09:00:00,45166.919
2026-02-09 10:00:00,45314.387
2026-02-09 11:00:00,44835.106
2026-02-09 12:00:00,44907.235
2026-02-09 13:00:00,44908.524
2026-02-09 14:00:00,45541.048
2026-02-09 15:00:00,45832.521
2026-02-09 16:00:00,45792.346
2026-02-09 17:00:00,45602.311
2026-02-09 18:00:00,45641.321
2026-02-09 19:00:00,45620.038
2026-02-09 20:00:00,46006.801
2026-02-09 21:00:00,46699.163
2026-02-09 22:00:00,46330.515
2026-02-09 23:00:00,46108.261
2026-02-10 00:00:00,46142.57
2026-02-10 01:00:00,46443.786
2026-02-10 02:00:00,45932.637
2026-02-10 03:00:00,45797.527
2026-02-10 04:00:00,45567.081
2026-02-10 05:00:00,45772.038
2026-02-10 06:00:00,45618.773
2026-02-10 07:00:00,45309.5
2026-02-10 08:00:00,45539.337
2026-02-10 09:00:00,45438.501
2026-02-10 10:00:00,45245.097
2026-02-10 11:00:00,45002.337
2026-02-10 12:00:00,44668.181
2026-02-10 13:00:00,44405.05
2026-02-10 14:00:00,44428.634
2026-02-10 15:00:00,44394.524
2026-02-10 16:00:00,44447.551
2026-02-10 17:00:00,44376.84
2026-02-10 18:00:00,44973.198
2026-02-10 19:00:00,45222.607
2026-02-10 20:00:00,45554.744
2026-02-10 21:00:00,45174.811
2026-02-10 22:00:00,45454.985
2026-02-10 23:00:00,45404.133
2026-02-11 00:00:00,45461.446
2026-02-11 01:00:00,45325.971
2026-02-11 02:00:00,45096.935
2026-02-11 03:00:00,45002.122
2026-02-11 04:00:00,44959.803
2026-02-11 05:00:00,45036.906
2026-02-11 06:00:00,45025.133
2026-02-11 07:00:00,44798.896
2026-02-11 08:00:00,44805.415
2026-02-11 09:00:00,46645.416
2026-02-11 10:00:00,46880.13
2026-02-11 11:00:00,46211.32
2026-02-11 12:00:00,45898.29
2026-02-11 13:00:00,45894.061
2026-02-11 14:00:00,45801.832
2026-02-11 15:00:00,46748.768
2026-02-11 16:00:00,46643.924
2026-02-11 17:00:00,45835.457
2026-02-11 18:00:00,45567.237
2026-02-11 19:00:00,47561.172
2026-02-11 20:00:00,46074.517
2026-02-11 21:00:00,45828.377
2026-02-11 22:00:00,45824.87
2026-02-11 23:00:00,46047.871
2026-02-12 00:00:00,46192.268
2026-02-12 01:00:00,46409.558
2026-02-12 02:00:00,46261.124
2026-02-12 03:00:00,46141.454
2026-02-12 04:00:00,46551.043
2026-02-12 05:00:00,46189.024
2026-02-12 06:00:00,46127.104
2026-02-12 07:00:00,46342.593
2026-02-12 08:00:00,46421.15
2026-02-12 09:00:00,46269.912
2026-02-12 10:00:00,46496.078
2026-02-12 11:00:00,46432.961
2026-02-12 12:00:00,46536.075
2026-02-12 13:00:00,46784.401
2026-02-12 14:00:00,47315.562
2026-02-12 15:00:00,47448.984
2026-02-12 16:00:00,47439.9
2026-02-12 17:00:00,47603.313
2026-02-12 18:00:00,47450.466
2026-02-12 19:00:00,48776.372
2026-02-12 20:00:00,47945.303
2026-02-12 21:00:00,49516.339
2026-02-12 22:00:00,49510.936
2026-02-12 23:00:00,49084.114
2026-02-13 00:00:00,49075.368
2026-02-13 01:00:00,49189.436
2026-02-13 02:00:00,49390.173
2026-02-13 03:00:00,49250.323
2026-02-13 04:00:00,49374.469
2026-02-13 05:00:00,49194.699
2026-02-13 06:00:00,48475.075
2026-02-13 07:00:00,48086.203
2026-02-13 08:00:00,47100.909
2026-02-13 09:00:00,47260.354
2026-02-13 10:00:00,47190.395
2026-02-13 11:00:00,46934.15
2026-02-13 12:00:00,47158.551
2026-02-13 13:00:00,47396.172
2026-02-13 14:00:00,47234.995
2026-02-13 15:00:00,46959.519
2026-02-13 16:00:00,46768.034
2026-02-13 17:00:00,46652.583
2026-02-13 18:00:00,46480.463
2026-02-13 19:00:00,47779.072
2026-02-13 20:00:00,46782.236
2026-02-13 21:00:00,46611.047
2026-02-13 22:00:00,46944.404
2026-02-13 23:00:00,47171.701
2026-02-14 00:00:00,47272.521
2026-02-14 01:00:00,47349.083
2026-02-14 02:00:00,47120.808
2026-02-14 03:00:00,47045.766
2026-02-14 04:00:00,47032.17
2026-02-14 05:00:00,47080.81
2026-02-14 06:00:00,47044.839
2026-02-14 07:00:00,46992.315
2026-02-14 08:00:00,47190.529
2026-02-14 09:00:00,47104.322
2026-02-14 10:00:00,47081.158
2026-02-14 11:00:00,46979.8
2026-02-14 12:00:00,46780.102
2026-02-14 13:00:00,46150.589
2026-02-14 14:00:00,46315.696
2026-02-14 15:00:00,46337.199
2026-02-14 16:00:00,46077.33
2026-02-14 17:00:00,45767.369
2026-02-14 18:00:00,45687.641
2026-02-14 19:00:00,45863.263
2026-02-14 20:00:00,45741.838
2026-02-14 21:00:00,45872.412
2026-02-14 22:00:00,46063.399
2026-02-14 23:00:00,45977.172
2026-02-15 00:00:00,46007.496
2026-02-15 01:00:00,46123.042
2026-02-15 02:00:00,45935.636
2026-02-15 03:00:00,45795.612
2026-02-15 04:00:00,45783.68
2026-02-15 05:00:00,45506.13
2026-02-15 06:00:00,45867.126
2026-02-15 07:00:00,45960.733
2026-02-15 08:00:00,46096.894
2026-02-15 09:00:00,46429.242
2026-02-15 10:00:00,46445.613
2026-02-15 11:00:00,46541.556
2026-02-15 12:00:00,46600.828
2026-02-15 13:00:00,46108.044
2026-02-15 14:00:00,46327.262
2026-02-15 15:00:00,46582.386
2026-02-15 16:00:00,46509.872
2026-02-15 17:00:00,45712.165
2026-02-15 18:00:00,45959.387
2026-02-15 19:00:00,45868.351
2026-02-15 20:00:00,45580.483
2026-02-15 21:00:00,45752.018
2026-02-15 22:00:00,45328.249
2026-02-15 23:00:00,45538.275
2026-02-16 00:00:00,45661.655
2026-02-16 01:00:00,45639.289
2026-02-16 02:00:00,45539.938
2026-02-16 03:00:00,45203.407
2026-02-16 04:00:00,45252.784
2026-02-16 05:00:00,45189.486
2026-02-16 06:00:00,45140.362
2026-02-16 07:00:00,45096.832
2026-02-16 08:00:00,45228.293
2026-02-16 09:00:00,46275.463
2026-02-16 10:00:00,46119.662
2026-02-16 11:00:00,46227.742
2026-02-16 12:00:00,46363.152
2026-02-16 13:00:00,46317.136
2026-02-16 14:00:00,46836.084
2026-02-16 15:00:00,46839.482
2026-02-16 16:00:00,46865.463
2026-02-16 17:00:00,46725.478
2026-02-16 18:00:00,46134.292
2026-02-16 19:00:00,46333.478
2026-02-16 20:00:00,45296.897
2026-02-16 21:00:00,45399.97
2026-02-16 22:00:00,45232.552
2026-02-16 23:00:00,45184.342
2026-02-17 00:00:00,45069.763
2026-02-17 01:00:00,44646.274
2026-02-17 02:00:00,44658.888
2026-02-17 03:00:00,44748.57
2026-02-17 04:00:00,44834.532
2026-02-17 05:00:00,44932.067
2026-02-17 06:00:00,45018.525
2026-02-17 07:00:00,44889.7
2026-02-17 08:00:00,44991.744
2026-02-17 09:00:00,45023.007
2026-02-17 10:00:00,45138.063
2026-02-17 11:00:00,44975.911
2026-02-17 12:00:00,45007.833
2026-02-17 13:00:00,45025.083
2026-02-17 14:00:00,45037.912
2026-02-17 15:00:00,45001.265
2026-02-17 16:00:00,45028.743
2026-02-17 17:00:00,44846.419
2026-02-17 18:00:00,44590.168
2026-02-17 19:00:00,44537.836
2026-02-17 20:00:00,45381.192
2026-02-17 21:00:00,45404.614
2026-02-17 22:00:00,47041.408
2026-02-17 23:00:00,46109.752
2026-02-18 00:00:00,45876.656
2026-02-18 01:00:00,45677.863
2026-02-18 02:00:00,45695.335
2026-02-18 03:00:00,45475.797
2026-02-18 04:00:00,45592.656
2026-02-18 05:00:00,45739.546
2026-02-18 06:00:00,45647.606
2026-02-18 07:00:00,45667.968
2026-02-18 08:00:00,45709.067
2026-02-18 09:00:00,45697.139
2026-02-18 10:00:00,45641.425
2026-02-18 11:00:00,45489.577
2026-02-18 12:00:00,45301.308
2026-02-18 13:00:00,45529.791
2026-02-18 14:00:00,45618.114
2026-02-18 15:00:00,45695.954
2026-02-18 16:00:00,45554.17
2026-02-18 17:00:00,45575.996
2026-02-18 18:00:00,45620.712
2026-02-18 19:00:00,45870.436
2026-02-18 20:00:00,45250.022
2026-02-18 21:00:00,45647.914
2026-02-18 22:00:00,45991.429
2026-02-18 23:00:00,46187.409
2026-02-19 00:00:00,46818.161
2026-02-19 01:00:00,47320.075
2026-02-19 02:00:00,47168.563
2026-02-19 03:00:00,47203.079
2026-02-19 04:00:00,47299.886
2026-02-19 05:00:00,47423.972
2026-02-19 06:00:00,47359.009
2026-02-19 07:00:00,47237.244
2026-02-19 08:00:00,46991.088
2026-02-19 09:00:00,46741.995
2026-02-19 10:00:00,46595.657
2026-02-19 11:00:00,46101.123
2026-02-19 12:00:00,46043.864
2026-02-19 13:00:00,46058.223
2026-02-19 14:00:00,46094.748
2026-02-19 15:00:00,46155.118
2026-02-19 16:00:00,46108.568
2026-02-19 17:00:00,46175.978
2026-02-19 18:00:00,46387.437
2026-02-19 19:00:00,46052.847
2026-02-19 20:00:00,45404.791
2026-02-19 21:00:00,45474.883
2026-02-19 22:00:00,45080.99
2026-02-19 23:00:00,45594.287
2026-02-20 00:00:00,44998.958
2026-02-20 01:00:00,44818.023
2026-02-20 02:00:00,44631.489
2026-02-20 03:00:00,44500.193
2026-02-20 04:00:00,44503.491
2026-02-20 05:00:00,44972.187
2026-02-20 06:00:00,44990.394
2026-02-20 07:00:00,45039.438
2026-02-20 08:00:00,44866.742
2026-02-20 09:00:00,44776.466
2026-02-20 10:00:00,44667.781
2026-02-20 11:00:00,44989.251
2026-02-20 12:00:00,45013.519
2026-02-20 13:00:00,44944.819
2026-02-20 14:00:00,44903.498
2026-02-20 15:00:00,45195.656
2026-02-20 16:00:00,44350.888
2026-02-20 17:00:00,44794.812
2026-02-20 18:00:00,45237.369
2026-02-20 19:00:00,45192.356
2026-02-20 20:00:00,45546.982
2026-02-20 21:00:00,46118.142
2026-02-20 22:00:00,45945.158
2026-02-20 23:00:00,46542.256
2026-02-21 00:00:00,46405.026
2026-02-21 01:00:00,46407.572
2026-02-21 02:00:00,46450.253
2026-02-21 03:00:00,46295.343
2026-02-21 04:00:00,46297.384
2026-02-21 05:00:00,46178.839
2026-02-21 06:00:00,46216.479
2026-02-21 07:00:00,46289.616
2026-02-21 08:00:00,46266.306
2026-02-21 09:00:00,46310.696
2026-02-21 10:00:00,46355.93
2026-02-21 11:00:00,46404.184
2026-02-21 12:00:00,46438.009
2026-02-21 13:00:00,46620.517
2026-02-21 14:00:00,46822.239
2026-02-21 15:00:00,46947.152
2026-02-21 16:00:00,46996.195
2026-02-21 17:00:00,46682.029
2026-02-21 18:00:00,46864.867
2026-02-21 19:00:00,46679.891
2026-02-21 20:00:00,46905.97
2026-02-21 21:00:00,47307.465
2026-02-21 22:00:00,47114.262
2026-02-21 23:00:00,46936.187
2026-02-22 00:00:00,47155.091
2026-02-22 01:00:00,46567.591
2026-02-22 02:00:00,46446.141
2026-02-22 03:00:00,45776.381
2026-02-22 04:00:00,45489.616
2026-02-22 05:00:00,45690.854
2026-02-22 06:00:00,45358.332
2026-02-22 07:00:00,45828.397
2026-02-22 08:00:00,45770.955
2026-02-22 09:00:00,45784.519
2026-02-22 10:00:00,46417.841
2026-02-22 11:00:00,46240.526
2026-02-22 12:00:00,46115.249
2026-02-22 13:00:00,46091.301
2026-02-22 14:00:00,46095.965
2026-02-22 15:00:00,45931.903
2026-02-22 16:00:00,45957.629
2026-02-22 17:00:00,45687.139
2026-02-22 18:00:00,46131.821
2026-02-22 19:00:00,45725.898
2026-02-22 20:00:00,45028.835
2026-02-22 21:00:00,45172.829
2026-02-22 22:00:00,44909.563
2026-02-22 23:00:00,45012.595
2026-02-23 00:00:00,45028.394
2026-02-23 01:00:00,45034.515
2026-02-23 02:00:00,44992.483
2026-02-23 03:00:00,44851.332
2026-02-23 04:00:00,45012.973
2026-02-23 05:00:00,45809.279
2026-02-23 06:00:00,45869.192
2026-02-23 07:00:00,46991.762
2026-02-23 08:00:00,47307.107
2026-02-23 09:00:00,47204.447
2026-02-23 10:00:00,47773.516
2026-02-23 11:00:00,47804.027
2026-02-23 12:00:00,47584.422
2026-02-23 13:00:00,46983.693
2026-02-23 14:00:00,46962.81
2026-02-23 15:00:00,46506.033
2026-02-23 16:00:00,46052.897
2026-02-23 17:00:00,46126.944
2026-02-23 18:00:00,46013.867
2026-02-23 19:00:00,46248.192
2026-02-23 20:00:00,46459.341
2026-02-23 21:00:00,46322.96
2026-02-23 22:00:00,46295.428
2026-02-23 23:00:00,46690.869
2026-02-24 00:00:00,46965.088
2026-02-24 01:00:00,47698.966
2026-02-24 02:00:00,47339.093
2026-02-24 03:00:00,47024.893
2026-02-24 04:00:00,47417.613
2026-02-24 05:00:00,47386.879
2026-02-24 06:00:00,46887.742
2026-02-24 07:00:00,47285.842
2026-02-24 08:00:00,47977.181
2026-02-24 09:00:00,48928.831
2026-02-24 10:00:00,49636.687
2026-02-24 11:00:00,49591.305
2026-02-24 12:00:00,50137.604
2026-02-24 13:00:00,50144.382
2026-02-24 14:00:00,50092.277
2026-02-24 15:00:00,50109.203
2026-02-24 16:00:00,49949.406
2026-02-24 17:00:00,49886.937
2026-02-24 18:00:00,49440.037
2026-02-24 19:00:00,50043.345
2026-02-24 20:00:00,50299.001
2026-02-24 21:00:00,49900.317
2026-02-24 22:00:00,49217.035
2026-02-24 23:00:00,48212.678
2026-02-25 00:00:00,47207.909
2026-02-25 01:00:00,47104.202
2026-02-25 02:00:00,46788.651
2026-02-25 03:00:00,46820.886
2026-02-25 04:00:00,46897.805
2026-02-25 05:00:00,46915.763
2026-02-25 06:00:00,44947.222
2026-02-25 07:00:00,45143.084
2026-02-25 08:00:00,45339.754
2026-02-25 09:00:00,44906.182
2026-02-25 10:00:00,45482.931
2026-02-25 11:00:00,45187.951
2026-02-25 12:00:00,45297.798
2026-02-25 13:00:00,45325.389
2026-02-25 14:00:00,45314.484
2026-02-25 15:00:00,45277.28
2026-02-25 16:00:00,45312.079
2026-02-25 17:00:00,46433.892
2026-02-25 18:00:00,46691.614
2026-02-25 19:00:00,46297.751
2026-02-25 20:00:00,46463.911
2026-02-25 21:00:00,49749.056
2026-02-25 22:00:00,49119.079
2026-02-25 23:00:00,48917.228
2026-02-26 00:00:00,48764.949
2026-02-26 01:00:00,48404.904
2026-02-26 02:00:00,47412.242
2026-02-26 03:00:00,46421.926
2026-02-26 04:00:00,46037.943
2026-02-26 05:00:00,46143.411
2026-02-26 06:00:00,46830.734
2026-02-26 07:00:00,47030.988
2026-02-26 08:00:00,47056.16
2026-02-26 09:00:00,46939.336
2026-02-26 10:00:00,46780.17
2026-02-26 11:00:00,46611.115
2026-02-26 12:00:00,46437.683
2026-02-26 13:00:00,46679.734
2026-02-26 14:00:00,46906.002
2026-02-26 15:00:00,46918.116
2026-02-26 16:00:00,46847.802
2026-02-26 17:00:00,46652.495
2026-02-26 18:00:00,46438.816
2026-02-26 19:00:00,46771.647
2026-02-26 20:00:00,46789.007
2026-02-26 21:00:00,46929.29
2026-02-26 22:00:00,46780.64
2026-02-26 23:00:00,46837.539
2026-02-27 00:00:00,46156.907
2026-02-27 01:00:00,45720.538
2026-02-27 02:00:00,45412.76
2026-02-27 03:00:00,45469.485
2026-02-27 04:00:00,45469.286
2026-02-27 05:00:00,45707.191
2026-02-27 06:00:00,45700.958
2026-02-27 07:00:00,45821.471
2026-02-27 08:00:00,45901.333
2026-02-27 09:00:00,45856.394
2026-02-27 10:00:00,45918.761
2026-02-27 11:00:00,45893.397
2026-02-27 12:00:00,45813.144
2026-02-27 13:00:00,45970.964
2026-02-27 14:00:00,45689.381
2026-02-27 15:00:00,45122.531
2026-02-27 16:00:00,45087.081
2026-02-27 17:00:00,45101.234
2026-02-27 18:00:00,45379.765
2026-02-27 19:00:00,45687.806
2026-02-27 20:00:00,45910.252
2026-02-27 21:00:00,46133.101
2026-02-27 22:00:00,46133.042
2026-02-27 23:00:00,45741.354
2026-02-28 00:00:00,45383.961
2026-02-28 01:00:00,45327.979
2026-02-28 02:00:00,44982.914
2026-02-28 03:00:00,44402.246
2026-02-28 04:00:00,44888.514
2026-02-28 05:00:00,44923.029
2026-02-28 06:00:00,44819.219
2026-02-28 07:00:00,44784.886
2026-02-28 08:00:00,44437.205
2026-02-28 09:00:00,44422.996
2026-02-28 10:00:00,44366.24
2026-02-28 11:00:00,43442.011
2026-02-28 12:00:00,43660.154
2026-02-28 13:00:00,44290.49
2026-02-28 14:00:00,44533.963
2026-02-28 15:00:00,45010.965
2026-02-28 16:00:00,45157.286
2026-02-28 17:00:00,45391.509
2026-02-28 18:00:00,44678.344
2026-02-28 19:00:00,43491.62
2026-02-28 20:00:00,44381.399
2026-02-28 21:00:00,44329.134
2026-02-28 22:00:00,44394.756
2026-02-28 23:00:00,43937.92
2026-03-01 00:00:00,44704.321
2026-03-01 01:00:00,44257.584
2026-03-01 02:00:00,44195.374
2026-03-01 03:00:00,43893.71
2026-03-01 04:00:00,44075.292
2026-03-01 05:00:00,44054.282
2026-03-01 06:00:00,43621.477
2026-03-01 07:00:00,43939.769
2026-03-01 08:00:00,43990.104
2026-03-01 09:00:00,43961.58999999
2026-03-01 10:00:00,43785.434
2026-03-01 11:00:00,43871.731
2026-03-01 12:00:00,43905.96499999
2026-03-01 13:00:00,44074.449
2026-03-01 14:00:00,44319.919
2026-03-01 15:00:00,44348.505
2026-03-01 16:00:00,44607.756
2026-03-01 17:00:00,44595.476
2026-03-01 18:00:00,43785.637
2026-03-01 19:00:00,44197.732
2026-03-01 20:00:00,44326.372
2026-03-01 21:00:00,44106.638
2026-03-01 22:00:00,44233.068
2026-03-01 23:00:00,43997.52
2026-03-02 00:00:00,43791.724
2026-03-02 01:00:00,43338.601
2026-03-02 02:00:00,43254.635
2026-03-02 03:00:00,43708.422
2026-03-02 04:00:00,43611.565
2026-03-02 05:00:00,43569.51
2026-03-02 06:00:00,43360.211
2026-03-02 07:00:00,42970.39
2026-03-02 08:00:00,43366.241
2026-03-02 09:00:00,43340.805
2026-03-02 10:00:00,43432.757
2026-03-02 11:00:00,43440.30399999
2026-03-02 12:00:00,43460.766
2026-03-02 13:00:00,43516.741
2026-03-02 14:00:00,43635.214
2026-03-02 15:00:00,43550.457
2026-03-02 16:00:00,43644.269
2026-03-02 17:00:00,43782.212
2026-03-02 18:00:00,43733.631
2026-03-02 19:00:00,44416.672
2026-03-02 20:00:00,47695.518
2026-03-02 21:00:00,48228.311
2026-03-02 22:00:00,47875.314
2026-03-02 23:00:00,47796.741
2026-03-03 00:00:00,47647.163
2026-03-03 01:00:00,47137.022
2026-03-03 02:00:00,47045.709
2026-03-03 03:00:00,47108.831
2026-03-03 04:00:00,47298.371
2026-03-03 05:00:00,47178.421
2026-03-03 06:00:00,47047.078
2026-03-03 07:00:00,46731.803
2026-03-03 08:00:00,46645.045
2026-03-03 09:00:00,46745.638
2026-03-03 10:00:00,46690.181
2026-03-03 11:00:00,46336.047
2026-03-03 12:00:00,46230.921
2026-03-03 13:00:00,45515.125
2026-03-03 14:00:00,45693.577
2026-03-03 15:00:00,45969.576
2026-03-03 16:00:00,45634.024
2026-03-03 17:00:00,44891.403
2026-03-03 18:00:00,44562.354
2026-03-03 19:00:00,43893.028
2026-03-03 20:00:00,44655.849
2026-03-03 21:00:00,43908.144
2026-03-03 22:00:00,44103.001
2026-03-03 23:00:00,44317.16
2026-03-04 00:00:00,44598.894
2026-03-04 01:00:00,44291.545
2026-03-04 02:00:00,44147.712
2026-03-04 03:00:00,44167.675
2026-03-04 04:00:00,44087.936
2026-03-04 05:00:00,44011.859
2026-03-04 06:00:00,44376.702
2026-03-04 07:00:00,44218.759
2026-03-04 08:00:00,44065.39
2026-03-04 09:00:00,43291.782
2026-03-04 10:00:00,42561.526
2026-03-04 11:00:00,42648.644
2026-03-04 12:00:00,43364.998
2026-03-04 13:00:00,44700.73
2026-03-04 14:00:00,45992.959
2026-03-04 15:00:00,47340.217
2026-03-04 16:00:00,47681.292
2026-03-04 17:00:00,47383.53
2026-03-04 18:00:00,47620.157
2026-03-04 19:00:00,49410.628
2026-03-04 20:00:00,48938.246
2026-03-04 21:00:00,49355.003
2026-03-04 22:00:00,49745.69
2026-03-04 23:00:00,51376.419
2026-03-05 00:00:00,51712.579
2026-03-05 01:00:00,52120.044
2026-03-05 02:00:00,52015.066
2026-03-05 03:00:00,51746.071
2026-03-05 04:00:00,51029.868
2026-03-05 05:00:00,51067.222
2026-03-05 06:00:00,51057.711
2026-03-05 07:00:00,50783.791
2026-03-05 08:00:00,50507.589
2026-03-05 09:00:00,50174.335
2026-03-05 10:00:00,49939.133
2026-03-05 11:00:00,49179.172
2026-03-05 12:00:00,48783.785
2026-03-05 13:00:00,48613.753
2026-03-05 14:00:00,48439.326
2026-03-05 15:00:00,47189.454
2026-03-05 16:00:00,47037.082
2026-03-05 17:00:00,47396.934
2026-03-05 18:00:00,47186.949
2026-03-05 19:00:00,47397.964
2026-03-05 20:00:00,47497.575
2026-03-05 21:00:00,45991.557
2026-03-05 22:00:00,45624.035
2026-03-05 23:00:00,45017.675
2026-03-06 00:00:00,44658.998
2026-03-06 01:00:00,44258.586
2026-03-06 02:00:00,45623.621
2026-03-06 03:00:00,45514.727
2026-03-06 04:00:00,45485.784
2026-03-06 05:00:00,45408.496
2026-03-06 06:00:00,45362.341
2026-03-06 07:00:00,45437.809
2026-03-06 08:00:00,45695.205
2026-03-06 09:00:00,45694.881
2026-03-06 10:00:00,45194.692
2026-03-06 11:00:00,44583.359
2026-03-06 12:00:00,44482.189
2026-03-06 13:00:00,44788.021
2026-03-06 14:00:00,44477.643
2026-03-06 15:00:00,44030.552
2026-03-06 16:00:00,43918.103
2026-03-06 17:00:00,44153.488
2026-03-06 18:00:00,44284.674
2026-03-06 19:00:00,46466.977
2026-03-06 20:00:00,46231.738
2026-03-06 21:00:00,46262.149
2026-03-06 22:00:00,46407.055
2026-03-06 23:00:00,45562.248
2026-03-07 00:00:00,45298.453
2026-03-07 01:00:00,47440.112
2026-03-07 02:00:00,47396.216
2026-03-07 03:00:00,47185.5
2026-03-07 04:00:00,47270.82
2026-03-07 05:00:00,47450.666
2026-03-07 06:00:00,47430.485
2026-03-07 07:00:00,47603.56
2026-03-07 08:00:00,47833.659
2026-03-07 09:00:00,47603.824
2026-03-07 10:00:00,47630.038
2026-03-07 11:00:00,47805.445
2026-03-07 12:00:00,48006.348
2026-03-07 13:00:00,48095.415
2026-03-07 14:00:00,48155.984
2026-03-07 15:00:00,48254.95
2026-03-07 16:00:00,48630.189
2026-03-07 17:00:00,48276.289
2026-03-07 18:00:00,48272.421
2026-03-07 19:00:00,48114.473
2026-03-07 20:00:00,48153.618
2026-03-07 21:00:00,48132.847
2026-03-07 22:00:00,48167.392
2026-03-07 23:00:00,48341.778
2026-03-08 00:00:00,47979.931
2026-03-08 01:00:00,47948.601
2026-03-08 02:00:00,48211.626
2026-03-08 03:00:00,48108.524
2026-03-08 04:00:00,48237.566
2026-03-08 05:00:00,48329.818
2026-03-08 06:00:00,48499.71
2026-03-08 07:00:00,48199.372
2026-03-08 08:00:00,48444.57
2026-03-08 09:00:00,48216.455
2026-03-08 10:00:00,48189.212
2026-03-08 11:00:00,48546.171
2026-03-08 12:00:00,48430.918
2026-03-08 13:00:00,48405.32
2026-03-08 14:00:00,48345.305
2026-03-08 15:00:00,48346.442
2026-03-08 16:00:00,48158.628
2026-03-08 17:00:00,47943.917
2026-03-08 18:00:00,48150.372
2026-03-08 19:00:00,48212.746
2026-03-08 20:00:00,48315.476
2026-03-08 21:00:00,48202.165
2026-03-08 22:00:00,48232.904
2026-03-08 23:00:00,48693.201
2026-03-09 00:00:00,48900.405
2026-03-09 01:00:00,49271.787
2026-03-09 02:00:00,49160.067
2026-03-09 03:00:00,49507.322
2026-03-09 04:00:00,49170.811
2026-03-09 05:00:00,48718.532
2026-03-09 06:00:00,48559.227
2026-03-09 07:00:00,49200.215
2026-03-09 08:00:00,48493.847
2026-03-09 09:00:00,48330.577
2026-03-09 10:00:00,48483.316
2026-03-09 11:00:00,47727.409
2026-03-09 12:00:00,48147.758
2026-03-09 13:00:00,48150.51
2026-03-09 14:00:00,47961.223
2026-03-09 15:00:00,47445.713
2026-03-09 16:00:00,47545.126
2026-03-09 17:00:00,48277.97
2026-03-09 18:00:00,48292.504
2026-03-09 19:00:00,47785.244
2026-03-09 20:00:00,47995.682
2026-03-09 21:00:00,47844.584
2026-03-09 22:00:00,47681.991
2026-03-09 23:00:00,47675.441
2026-03-10 00:00:00,47235.522
2026-03-10 01:00:00,47331.458
2026-03-10 02:00:00,47398.328
2026-03-10 03:00:00,47140.716
2026-03-10 04:00:00,47074.37
2026-03-10 05:00:00,47259.657
2026-03-10 06:00:00,47227.862
2026-03-10 07:00:00,45611.461
2026-03-10 08:00:00,45556.431
2026-03-10 09:00:00,45329.935
2026-03-10 10:00:00,45667.567
2026-03-10 11:00:00,45667.717
2026-03-10 12:00:00,46036.449
2026-03-10 13:00:00,46684.835
2026-03-10 14:00:00,46015.774
2026-03-10 15:00:00,46081.296
2026-03-10 16:00:00,46162.39
2026-03-10 17:00:00,45730.407
2026-03-10 18:00:00,45334.81
2026-03-10 19:00:00,45083.522
2026-03-10 20:00:00,46044.055
2026-03-10 21:00:00,46492.849
2026-03-10 22:00:00,46065.119
2026-03-10 23:00:00,45480.716
2026-03-11 00:00:00,44999.602
2026-03-11 01:00:00,44759.043
2026-03-11 02:00:00,44678.496
2026-03-11 03:00:00,44157.944
2026-03-11 04:00:00,43907.673
2026-03-11 05:00:00,43669.953
2026-03-11 06:00:00,43646.007
2026-03-11 07:00:00,43381.029
2026-03-11 08:00:00,43520.28699999
2026-03-11 09:00:00,43846.543
2026-03-11 10:00:00,43919.562
2026-03-11 11:00:00,44383.556
2026-03-11 12:00:00,44285.825
2026-03-11 13:00:00,44236.745
2026-03-11 14:00:00,44278.55
2026-03-11 15:00:00,44293.569
2026-03-11 16:00:00,44132.905
2026-03-11 17:00:00,44458.4
2026-03-11 18:00:00,44305.717
2026-03-11 19:00:00,45918.544
2026-03-11 20:00:00,45487.062
2026-03-11 21:00:00,45827.458
2026-03-11 22:00:00,46001.199
2026-03-11 23:00:00,45803.547
2026-03-12 00:00:00,45194.896
2026-03-12 01:00:00,45015.394
2026-03-12 02:00:00,44896.832
2026-03-12 03:00:00,44645.617
2026-03-12 04:00:00,44751.505
2026-03-12 05:00:00,44888.809
2026-03-12 06:00:00,44833.009
2026-03-12 07:00:00,44650.395
2026-03-12 08:00:00,44648.357
2026-03-12 09:00:00,44662.084
2026-03-12 10:00:00,44525.156
2026-03-12 11:00:00,44441.317
2026-03-12 12:00:00,44292.193
2026-03-12 13:00:00,44583.638
2026-03-12 14:00:00,44800.555
2026-03-12 15:00:00,44647.192
2026-03-12 16:00:00,45110.776
2026-03-12 17:00:00,45098.322
2026-03-12 18:00:00,45454.305
2026-03-12 19:00:00,44629.293
2026-03-12 20:00:00,44656.289
2026-03-12 21:00:00,44536.308
2026-03-12 22:00:00,44528.02
2026-03-12 23:00:00,44463.948
2026-03-13 00:00:00,45401.834
2026-03-13 01:00:00,45610.937
2026-03-13 02:00:00,45570.014
2026-03-13 03:00:00,46223.867
2026-03-13 04:00:00,46075.762
2026-03-13 05:00:00,46138.623
2026-03-13 06:00:00,46300.176
2026-03-13 07:00:00,46331.949
2026-03-13 08:00:00,46156.468
2026-03-13 09:00:00,46163.822
2026-03-13 10:00:00,46738.254
2026-03-13 11:00:00,46718.055
2026-03-13 12:00:00,47078.062
2026-03-13 13:00:00,47803.7
2026-03-13 14:00:00,48194.893
2026-03-13 15:00:00,48536.649
2026-03-13 16:00:00,49080.73
2026-03-13 17:00:00,49164.765
2026-03-13 18:00:00,49581.285
2026-03-13 19:00:00,49331.633
2026-03-13 20:00:00,48251.155
2026-03-13 21:00:00,46521.747
2026-03-13 22:00:00,47420.527
2026-03-13 23:00:00,46912.195
2026-03-14 00:00:00,46865.523
2026-03-14 01:00:00,46145.329
2026-03-14 02:00:00,45657.041
2026-03-14 03:00:00,46417.555
2026-03-14 04:00:00,46284.301
2026-03-14 05:00:00,46495.187
2026-03-14 06:00:00,46275.997
2026-03-14 07:00:00,46301.054
2026-03-14 08:00:00,46158.958
2026-03-14 09:00:00,46324.985
2026-03-14 10:00:00,46364.362
2026-03-14 11:00:00,46650.345
2026-03-14 12:00:00,46569.238
2026-03-14 13:00:00,46560.374
2026-03-14 14:00:00,46573.346
2026-03-14 15:00:00,46483.805
2026-03-14 16:00:00,46508.56
2026-03-14 17:00:00,46536.019
2026-03-14 18:00:00,46817.845
2026-03-14 19:00:00,46959.77
2026-03-14 20:00:00,47137.806
2026-03-14 21:00:00,46995.661
2026-03-14 22:00:00,47247.627
2026-03-14 23:00:00,47413.749
2026-03-15 00:00:00,47344.563
2026-03-15 01:00:00,47237.898
2026-03-15 02:00:00,47213.921
2026-03-15 03:00:00,47198.753
2026-03-15 04:00:00,46987.69
2026-03-15 05:00:00,46768.902
2026-03-15 06:00:00,46654.454
2026-03-15 07:00:00,46556.195
2026-03-15 08:00:00,46677.957
2026-03-15 09:00:00,46932.295
2026-03-15 10:00:00,46550.694
2026-03-15 11:00:00,46430.744
2026-03-15 12:00:00,46109.317
2026-03-15 13:00:00,46041.301
2026-03-15 14:00:00,45888.27
2026-03-15 15:00:00,46020.656
2026-03-15 16:00:00,46168.023
2026-03-15 17:00:00,45922.392
2026-03-15 18:00:00,46098.264
2026-03-15 19:00:00,46084.104
2026-03-15 20:00:00,45884.413
2026-03-15 21:00:00,45960.434
2026-03-15 22:00:00,45690.346
2026-03-15 23:00:00,45750.37
2026-03-16 00:00:00,45828.614
2026-03-16 01:00:00,45979.897
2026-03-16 02:00:00,46584.996
2026-03-16 03:00:00,46673.786
2026-03-16 04:00:00,45785.138
2026-03-16 05:00:00,45733.807
2026-03-16 06:00:00,45699.191
2026-03-16 07:00:00,45801.531
2026-03-16 08:00:00,45089.873
2026-03-16 09:00:00,45222.538
2026-03-16 10:00:00,45527.89
2026-03-16 11:00:00,45425.419
2026-03-16 12:00:00,45856.07
2026-03-16 13:00:00,45588.741
2026-03-16 14:00:00,45282.053
2026-03-16 15:00:00,45530.799
2026-03-16 16:00:00,45450.101
2026-03-16 17:00:00,45600.696
2026-03-16 18:00:00,45947.312
2026-03-16 19:00:00,45321.568
2026-03-16 20:00:00,45933.4
2026-03-16 21:00:00,46133.456
2026-03-16 22:00:00,46509.338
2026-03-16 23:00:00,47093.611
2026-03-17 00:00:00,46962.737
2026-03-17 01:00:00,47055.682
2026-03-17 02:00:00,47486.367
2026-03-17 03:00:00,48914.067
2026-03-17 04:00:00,49281.045
2026-03-17 05:00:00,48932.818
2026-03-17 06:00:00,49001.35
2026-03-17 07:00:00,48711.288
2026-03-17 08:00:00,48197.836
2026-03-17 09:00:00,47448.429
2026-03-17 10:00:00,47240.313
2026-03-17 11:00:00,46995.544
2026-03-17 12:00:00,46920.991
2026-03-17 13:00:00,47218.704
2026-03-17 14:00:00,47357.234
2026-03-17 15:00:00,46797.881
2026-03-17 16:00:00,46720.612
2026-03-17 17:00:00,46902.584
2026-03-17 18:00:00,46429.088
2026-03-17 19:00:00,46380.724
2026-03-17 20:00:00,46554.401
2026-03-17 21:00:00,46517.87
2026-03-17 22:00:00,46725.12
2026-03-17 23:00:00,46817.974
2026-03-18 00:00:00,46455.85
2026-03-18 01:00:00,47088.131
2026-03-18 02:00:00,46888.339
2026-03-18 03:00:00,46197.159
2026-03-18 04:00:00,47064.186
2026-03-18 05:00:00,46789.543
2026-03-18 06:00:00,46772.404
2026-03-18 07:00:00,47126.138
2026-03-18 08:00:00,46581.892
2026-03-18 09:00:00,46525.958
2026-03-18 10:00:00,46237.46
2026-03-18 11:00:00,45756.111
2026-03-18 12:00:00,45700.057
2026-03-18 13:00:00,45893.858
2026-03-18 14:00:00,45831.914
2026-03-18 15:00:00,45748.566
2026-03-18 16:00:00,45078.468
2026-03-18 17:00:00,45390.084
2026-03-18 18:00:00,45896.849
2026-03-18 19:00:00,47120.936
2026-03-18 20:00:00,47990.594
2026-03-18 21:00:00,48602.845
2026-03-18 22:00:00,48799.603
2026-03-18 23:00:00,48725.56
2026-03-19 00:00:00,48638.903
2026-03-19 01:00:00,48678.243
2026-03-19 02:00:00,48491.096
2026-03-19 03:00:00,48758.945
2026-03-19 04:00:00,48554.889
2026-03-19 05:00:00,47940.919
2026-03-19 06:00:00,47913.446
2026-03-19 07:00:00,47742.94
2026-03-19 08:00:00,47771.506
2026-03-19 09:00:00,48257.611
2026-03-19 10:00:00,48409.987
2026-03-19 11:00:00,48547.11
2026-03-19 12:00:00,47784.678
2026-03-19 13:00:00,47949.279
2026-03-19 14:00:00,47703.881
2026-03-19 15:00:00,47913.863
2026-03-19 16:00:00,47923.113
2026-03-19 17:00:00,48093.449
2026-03-19 18:00:00,49433.456
2026-03-19 19:00:00,49053.86
2026-03-19 20:00:00,49634.626
2026-03-19 21:00:00,49469.958
2026-03-19 22:00:00,49802.941
2026-03-19 23:00:00,49592.687
2026-03-20 00:00:00,51306.586
2026-03-20 01:00:00,51291.98
2026-03-20 02:00:00,51064.456
2026-03-20 03:00:00,50677.031
2026-03-20 04:00:00,48581.585
2026-03-20 05:00:00,48408.951
2026-03-20 06:00:00,48147.348
2026-03-20 07:00:00,48161.201
2026-03-20 08:00:00,48185.18
2026-03-20 09:00:00,48334.61
2026-03-20 10:00:00,48267.901
2026-03-20 11:00:00,48214.715
2026-03-20 12:00:00,48333.056
2026-03-20 13:00:00,47270.9
2026-03-20 14:00:00,48004.875
2026-03-20 15:00:00,48060.173
2026-03-20 16:00:00,48123.697
2026-03-20 17:00:00,48128.917
2026-03-20 18:00:00,48071.459
2026-03-20 19:00:00,48464.024
2026-03-20 20:00:00,48204.647
2026-03-20 21:00:00,48675.598
2026-03-20 22:00:00,48224.343
2026-03-20 23:00:00,48948.778
2026-03-21 00:00:00,48681.954
2026-03-21 01:00:00,48599.538
2026-03-21 02:00:00,48238.61
2026-03-21 03:00:00,47718.942
2026-03-21 04:00:00,47070.054
2026-03-21 05:00:00,47111.272
2026-03-21 06:00:00,46987.783
2026-03-21 07:00:00,47049.832
2026-03-21 08:00:00,46865.216
2026-03-21 09:00:00,46866.192
2026-03-21 10:00:00,46658.783
2026-03-21 11:00:00,46794.277
2026-03-21 12:00:00,46617.667
2026-03-21 13:00:00,46550.351
2026-03-21 14:00:00,46564.337
2026-03-21 15:00:00,46700.427
2026-03-21 16:00:00,46747.116
2026-03-21 17:00:00,46745.204
2026-03-21 18:00:00,46758.988
2026-03-21 19:00:00,46690.343
2026-03-21 20:00:00,46772.243
2026-03-21 21:00:00,47189.51
2026-03-21 22:00:00,47149.292
2026-03-21 23:00:00,47367.236
2026-03-22 00:00:00,47543.896
2026-03-22 01:00:00,47450.088
2026-03-22 02:00:00,47451.47
2026-03-22 03:00:00,47600.496
2026-03-22 04:00:00,48338.052
2026-03-22 05:00:00,47586.415
2026-03-22 06:00:00,48637.407
2026-03-22 07:00:00,48598.207
2026-03-22 08:00:00,48719.862
2026-03-22 09:00:00,49015.113
2026-03-22 10:00:00,49326.707
2026-03-22 11:00:00,49517.176
2026-03-22 12:00:00,49699.682
2026-03-22 13:00:00,50063.684
2026-03-22 14:00:00,50324.89
2026-03-22 15:00:00,50577.937
2026-03-22 16:00:00,50659.124
2026-03-22 17:00:00,50868.212
2026-03-22 18:00:00,50593.814
2026-03-22 19:00:00,50374.24
2026-03-22 20:00:00,51171.655
2026-03-22 21:00:00,50909.369
2026-03-22 22:00:00,50923.308
2026-03-22 23:00:00,50542.543
2026-03-23 00:00:00,51248.35
2026-03-23 01:00:00,51045.666
2026-03-23 02:00:00,50316.664
2026-03-23 03:00:00,49497.921
2026-03-23 04:00:00,49473.756
2026-03-23 05:00:00,49699.489
2026-03-23 06:00:00,50275.874
2026-03-23 07:00:00,50241.307
2026-03-23 08:00:00,49900.652
2026-03-23 09:00:00,50211.566
2026-03-23 10:00:00,49494.706
2026-03-23 11:00:00,49369.612
2026-03-23 12:00:00,49219.73
2026-03-23 13:00:00,48941.452
2026-03-23 14:00:00,48571.289
2026-03-23 15:00:00,48613.636
2026-03-23 16:00:00,46347.677
2026-03-23 17:00:00,46601.56
2026-03-23 18:00:00,45966.04
2026-03-23 19:00:00,45494.745
2026-03-23 20:00:00,45520.977
2026-03-23 21:00:00,45040.726
2026-03-23 22:00:00,44883.042
2026-03-23 23:00:00,44549.185
2026-03-24 00:00:00,43968.124
2026-03-24 01:00:00,43856.081
2026-03-24 02:00:00,43955.46899999
2026-03-24 03:00:00,43722.94
2026-03-24 04:00:00,44473.526
2026-03-24 05:00:00,44671.854
2026-03-24 06:00:00,44626.832
2026-03-24 07:00:00,44677.562
2026-03-24 08:00:00,44353.925
2026-03-24 09:00:00,44160.69
2026-03-24 10:00:00,44169.727
2026-03-24 11:00:00,44025.159
2026-03-24 12:00:00,45234.131
2026-03-24 13:00:00,45449.162
2026-03-24 14:00:00,45772.645
2026-03-24 15:00:00,45749.034
2026-03-24 16:00:00,45835.031
2026-03-24 17:00:00,45837.512
2026-03-24 18:00:00,45433.152
2026-03-24 19:00:00,46973.947
2026-03-24 20:00:00,47756.472
2026-03-24 21:00:00,47213.212
2026-03-24 22:00:00,49505.841
2026-03-24 23:00:00,49570.524
2026-03-25 00:00:00,49454.357
2026-03-25 01:00:00,48584.037
2026-03-25 02:00:00,47155.458
2026-03-25 03:00:00,46259.237
2026-03-25 04:00:00,45508.212
2026-03-25 05:00:00,44622.184
2026-03-25 06:00:00,44485.872
2026-03-25 07:00:00,44098.574
2026-03-25 08:00:00,44002.141
2026-03-25 09:00:00,44222.644
2026-03-25 10:00:00,44770.062
2026-03-25 11:00:00,44894.137
2026-03-25 12:00:00,44986.739
2026-03-25 13:00:00,46151.683
2026-03-25 14:00:00,46267.259
2026-03-25 15:00:00,46620.991
2026-03-25 16:00:00,45944.134
2026-03-25 17:00:00,45544.817
2026-03-25 18:00:00,45703.516
2026-03-25 19:00:00,46387.858
2026-03-25 20:00:00,45808.628
2026-03-25 21:00:00,45481.879
2026-03-25 22:00:00,44875.154
2026-03-25 23:00:00,45350.636
2026-03-26 00:00:00,45377.949
2026-03-26 01:00:00,45414.955
2026-03-26 02:00:00,45392.501
2026-03-26 03:00:00,45436.804
2026-03-26 04:00:00,45457.963
2026-03-26 05:00:00,45280.305
2026-03-26 06:00:00,45328.633
2026-03-26 07:00:00,45343.85
2026-03-26 08:00:00,45349.282
2026-03-26 09:00:00,45541.93
2026-03-26 10:00:00,44996.96
2026-03-26 11:00:00,45581.336
2026-03-26 12:00:00,46143.299
2026-03-26 13:00:00,45776.634
2026-03-26 14:00:00,45176.069
2026-03-26 15:00:00,45514.135
2026-03-26 16:00:00,45494.203
2026-03-26 17:00:00,46265.125
2026-03-26 18:00:00,47870.785
2026-03-26 19:00:00,48166.268
2026-03-26 20:00:00,48374.58
2026-03-26 21:00:00,49179.985
2026-03-26 22:00:00,48850.42
2026-03-26 23:00:00,49497.12
2026-03-27 00:00:00,49661.111
2026-03-27 01:00:00,49965.474
2026-03-27 02:00:00,50078.762
2026-03-27 03:00:00,50303.695
2026-03-27 04:00:00,50349.901
2026-03-27 05:00:00,50287.393
2026-03-27 06:00:00,50271.813
2026-03-27 07:00:00,50230.187
2026-03-27 08:00:00,50223.531
2026-03-27 09:00:00,50066.591
2026-03-27 10:00:00,49798.339
2026-03-27 11:00:00,49896.528
2026-03-27 12:00:00,49825.388
2026-03-27 13:00:00,49012.463
2026-03-27 14:00:00,49447.189
2026-03-27 15:00:00,50250.858
2026-03-27 16:00:00,51500.015
2026-03-27 17:00:00,52056.86
2026-03-27 18:00:00,52870.927
2026-03-27 19:00:00,53830.97
2026-03-27 20:00:00,54616.243
2026-03-27 21:00:00,54801.081
2026-03-27 22:00:00,54916.771
2026-03-27 23:00:00,55298.524
2026-03-28 00:00:00,54819.029
2026-03-28 01:00:00,54914.123
2026-03-28 02:00:00,54492.116
2026-03-28 03:00:00,54426.407
2026-03-28 04:00:00,54013.668
2026-03-28 05:00:00,53839.89
2026-03-28 06:00:00,54146.245
2026-03-28 07:00:00,54629.097
2026-03-28 08:00:00,54505.125
2026-03-28 09:00:00,54284.273
2026-03-28 10:00:00,54263.45
2026-03-28 11:00:00,54310.461
2026-03-28 12:00:00,54546.704
2026-03-28 13:00:00,54139.386
2026-03-28 14:00:00,53732.378
2026-03-28 15:00:00,53717.653
2026-03-28 16:00:00,53778.402
2026-03-28 17:00:00,53936.142
2026-03-28 18:00:00,53228.817
2026-03-28 19:00:00,53214.528
2026-03-28 20:00:00,53274.292
2026-03-28 21:00:00,53337.236
2026-03-28 22:00:00,53066.252
2026-03-28 23:00:00,53097.042
2026-03-29 00:00:00,53106.117
2026-03-29 01:00:00,53380.985
2026-03-29 02:00:00,53401.106
2026-03-29 03:00:00,53273.448
2026-03-29 04:00:00,52855.143
2026-03-29 05:00:00,52795.576
2026-03-29 06:00:00,52636.96
2026-03-29 07:00:00,52572.969
2026-03-29 08:00:00,52687.532
2026-03-29 09:00:00,52465.729
2026-03-29 10:00:00,52550.383
2026-03-29 11:00:00,52605.45
2026-03-29 12:00:00,52547.222
2026-03-29 13:00:00,52585.686
2026-03-29 14:00:00,52677.504
2026-03-29 15:00:00,52795.684
2026-03-29 16:00:00,52575.748
2026-03-29 17:00:00,52565.992
2026-03-29 18:00:00,52721.749
2026-03-29 19:00:00,52754.869
2026-03-29 20:00:00,53288.344
2026-03-29 21:00:00,52974.763
2026-03-29 22:00:00,53289.702
2026-03-29 23:00:00,53198.66
2026-03-30 00:00:00,53245.378
2026-03-30 01:00:00,53251.366
2026-03-30 02:00:00,53499.181
2026-03-30 03:00:00,52669.217
2026-03-30 04:00:00,53477.916
2026-03-30 05:00:00,52853.3
2026-03-30 06:00:00,52550.302
2026-03-30 07:00:00,51135.675
2026-03-30 08:00:00,50544.336
2026-03-30 09:00:00,50228.953
2026-03-30 10:00:00,50188.468
2026-03-30 11:00:00,50530.555
2026-03-30 12:00:00,50919.688
2026-03-30 13:00:00,50615.372
2026-03-30 14:00:00,50558.654
2026-03-30 15:00:00,50605.968
2026-03-30 16:00:00,51033.875
2026-03-30 17:00:00,50920.456
2026-03-30 18:00:00,51269.498
2026-03-30 19:00:00,51042.874
2026-03-30 20:00:00,51652.995
2026-03-30 21:00:00,51682.68
2026-03-30 22:00:00,50483.933
2026-03-30 23:00:00,50220.581
2026-03-31 00:00:00,50189.68
2026-03-31 01:00:00,50286.027
2026-03-31 02:00:00,50141.734
2026-03-31 03:00:00,50138.638
2026-03-31 04:00:00,49960.58
2026-03-31 05:00:00,49977.958
2026-03-31 06:00:00,49048.537
2026-03-31 07:00:00,48993.457
2026-03-31 08:00:00,48592.33
2026-03-31 09:00:00,48666.924
2026-03-31 10:00:00,48868.847
2026-03-31 11:00:00,48890.065
2026-03-31 12:00:00,49054.57
2026-03-31 13:00:00,49353.277
2026-03-31 14:00:00,49560.627
2026-03-31 15:00:00,50152.972
2026-03-31 16:00:00,50401.715
2026-03-31 17:00:00,50608.061
2026-03-31 18:00:00,50029.184
2026-03-31 19:00:00,50061.804
2026-03-31 20:00:00,48872.016
2026-03-31 21:00:00,48926.757
2026-03-31 22:00:00,48672.183
2026-03-31 23:00:00,48294.794
2026-04-01 00:00:00,48201.928
2026-04-01 01:00:00,48304.104
2026-04-01 02:00:00,47923.187
2026-04-01 03:00:00,47987.103
2026-04-01 04:00:00,48297.673
2026-04-01 05:00:00,48615.308
2026-04-01 06:00:00,48963.305
2026-04-01 07:00:00,49247.571
2026-04-01 08:00:00,49026.567
2026-04-01 09:00:00,48997.192
2026-04-01 10:00:00,48962.306
2026-04-01 11:00:00,49530.116
2026-04-01 12:00:00,50409.777
2026-04-01 13:00:00,49980.828
2026-04-01 14:00:00,50191.308
2026-04-01 15:00:00,50216.684
2026-04-01 16:00:00,50119.329
2026-04-01 17:00:00,49935.256
2026-04-01 18:00:00,49662.996
2026-04-01 19:00:00,50135.531
2026-04-01 20:00:00,50389.329
2026-04-01 21:00:00,50850.511
2026-04-01 22:00:00,50234.857
2026-04-01 23:00:00,49787.688
2026-04-02 00:00:00,49499.026
2026-04-02 01:00:00,49474.296
2026-04-02 02:00:00,49463.404
2026-04-02 03:00:00,49468.395
2026-04-02 04:00:00,49549.16
2026-04-02 05:00:00,49094.878
2026-04-02 06:00:00,48922.202
2026-04-02 07:00:00,48442.596
2026-04-02 08:00:00,48476.664
2026-04-02 09:00:00,48425.575
2026-04-02 10:00:00,48816.219
2026-04-02 11:00:00,48998.388
2026-04-02 12:00:00,49225.884
2026-04-02 13:00:00,48996.362
2026-04-02 14:00:00,49378.161
2026-04-02 15:00:00,49769.819
2026-04-02 16:00:00,50009.228
2026-04-02 17:00:00,50720.032
2026-04-02 18:00:00,51019.781
2026-04-02 19:00:00,49886.278
2026-04-02 20:00:00,49269.166
2026-04-02 21:00:00,49534.943
2026-04-02 22:00:00,49516.363
2026-04-02 23:00:00,49444.592
2026-04-03 00:00:00,49059.862
2026-04-03 01:00:00,49053.202
2026-04-03 02:00:00,49064.357
2026-04-03 03:00:00,48994.278
2026-04-03 04:00:00,49122.54
2026-04-03 05:00:00,49242.92
2026-04-03 06:00:00,49141.324
2026-04-03 07:00:00,50285.925
2026-04-03 08:00:00,50449.941
2026-04-03 09:00:00,50395.807
2026-04-03 10:00:00,50406.645
2026-04-03 11:00:00,50230.449
2026-04-03 12:00:00,48923.691
2026-04-03 13:00:00,49152.792
2026-04-03 14:00:00,49312.364
2026-04-03 15:00:00,48979.54
2026-04-03 16:00:00,49030.659
2026-04-03 17:00:00,49347.188
2026-04-03 18:00:00,50255.396
2026-04-03 19:00:00,49111.068
2026-04-03 20:00:00,49231.965
2026-04-03 21:00:00,49300.842
2026-04-03 22:00:00,49639.167
2026-04-03 23:00:00,49578.112
2026-04-04 00:00:00,49442.027
2026-04-04 01:00:00,49403.645
2026-04-04 02:00:00,49029.726
2026-04-04 03:00:00,49025.49
2026-04-04 04:00:00,48962.756
2026-04-04 05:00:00,48792.834
2026-04-04 06:00:00,48638.055
2026-04-04 07:00:00,48638.402
2026-04-04 08:00:00,48527.75
2026-04-04 09:00:00,48581.083
2026-04-04 10:00:00,48609.268
2026-04-04 11:00:00,48466.706
2026-04-04 12:00:00,48632.108
2026-04-04 13:00:00,48618.704
2026-04-04 14:00:00,48831.14
2026-04-04 15:00:00,48582.481
2026-04-04 16:00:00,48520.461
2026-04-04 17:00:00,48565.18
2026-04-04 18:00:00,48429.875
2026-04-04 19:00:00,48634.399
2026-04-04 20:00:00,48664.623
2026-04-04 21:00:00,48655.822
2026-04-04 22:00:00,48729.17
2026-04-04 23:00:00,48692.624
2026-04-05 00:00:00,48770.061
2026-04-05 01:00:00,48856.244
2026-04-05 02:00:00,48921.482
2026-04-05 03:00:00,48927.606
2026-04-05 04:00:00,48963.916
2026-04-05 05:00:00,48945.197
2026-04-05 06:00:00,48837.098
2026-04-05 07:00:00,48808.208
2026-04-05 08:00:00,48835.091
2026-04-05 09:00:00,48890.744
2026-04-05 10:00:00,48916.983
2026-04-05 11:00:00,48650.885
2026-04-05 12:00:00,48761.924
2026-04-05 13:00:00,48703.567
2026-04-05 14:00:00,48644.881
2026-04-05 15:00:00,48563.15
2026-04-05 16:00:00,48725.931
2026-04-05 17:00:00,48669.074
2026-04-05 18:00:00,48443.114
2026-04-05 19:00:00,48268.845
2026-04-05 20:00:00,48215.039
2026-04-05 21:00:00,48497.74
2026-04-05 22:00:00,48597.752
2026-04-05 23:00:00,48379.868
2026-04-06 00:00:00,48240.924
2026-04-06 01:00:00,48388.676
2026-04-06 02:00:00,48537.422
2026-04-06 03:00:00,49122.392
2026-04-06 04:00:00,50470.068
2026-04-06 05:00:00,50849.902
2026-04-06 06:00:00,51317.828
2026-04-06 07:00:00,51833.871
2026-04-06 08:00:00,52082.359
2026-04-06 09:00:00,52290.655
2026-04-06 10:00:00,52521.429
2026-04-06 11:00:00,52595.237
2026-04-06 12:00:00,52822.615
2026-04-06 13:00:00,52994.516
2026-04-06 14:00:00,52632.606
2026-04-06 15:00:00,52915.447
2026-04-06 16:00:00,52951.985
2026-04-06 17:00:00,53505.171
2026-04-06 18:00:00,53301.411
2026-04-06 19:00:00,52852.939
2026-04-06 20:00:00,53529.191
2026-04-06 21:00:00,53929.635
2026-04-06 22:00:00,54023.739
2026-04-06 23:00:00,54650.893
2026-04-07 00:00:00,54439.174
2026-04-07 01:00:00,54223.319
2026-04-07 02:00:00,54233.773
2026-04-07 03:00:00,52969.974
2026-04-07 04:00:00,50327.276
2026-04-07 05:00:00,50282.643
2026-04-07 06:00:00,50294.128
2026-04-07 07:00:00,49737.482
2026-04-07 08:00:00,49774.948
2026-04-07 09:00:00,49653.199
2026-04-07 10:00:00,49792.795
2026-04-07 11:00:00,49798.687
2026-04-07 12:00:00,49710.384
2026-04-07 13:00:00,49809.621
2026-04-07 14:00:00,49696.489
2026-04-07 15:00:00,48587.46
2026-04-07 16:00:00,47845.987
2026-04-07 17:00:00,48332.173
2026-04-07 18:00:00,48334.444
2026-04-07 19:00:00,48903.693
2026-04-07 20:00:00,49064.367
2026-04-07 21:00:00,49684.323
2026-04-07 22:00:00,49081.085
2026-04-07 23:00:00,48151.429
2026-04-08 00:00:00,49198.107
2026-04-08 01:00:00,49375.091
2026-04-08 02:00:00,48881.774
2026-04-08 03:00:00,49253.256
2026-04-08 04:00:00,50421.815
2026-04-08 05:00:00,50962.93
2026-04-08 06:00:00,50651.001
2026-04-08 07:00:00,50490.938
2026-04-08 08:00:00,50391.068
2026-04-08 09:00:00,50336.049
2026-04-08 10:00:00,50593.121
2026-04-08 11:00:00,50559.23
2026-04-08 12:00:00,50574.335
2026-04-08 13:00:00,50593.662
2026-04-08 14:00:00,50908.051
2026-04-08 15:00:00,50850.031
2026-04-08 16:00:00,51444.728
2026-04-08 17:00:00,51906.742
2026-04-08 18:00:00,53703.807
2026-04-08 19:00:00,53521.653
2026-04-08 20:00:00,53229.723
2026-04-08 21:00:00,52794.657
2026-04-08 22:00:00,53562.659
2026-04-08 23:00:00,52445.834
2026-04-09 00:00:00,52101.326
2026-04-09 01:00:00,51982.534
2026-04-09 02:00:00,52346.104
2026-04-09 03:00:00,51899.61
2026-04-09 04:00:00,51944.951
2026-04-09 05:00:00,51909.252
2026-04-09 06:00:00,51318.959
2026-04-09 07:00:00,51095.36
2026-04-09 08:00:00,51092.68
2026-04-09 09:00:00,51137.832
2026-04-09 10:00:00,50772.277
2026-04-09 11:00:00,50813.695
2026-04-09 12:00:00,50405.72
2026-04-09 13:00:00,50256.754
2026-04-09 14:00:00,50619.655
2026-04-09 15:00:00,50720.575
2026-04-09 16:00:00,50656.883
2026-04-09 17:00:00,50778.962
2026-04-09 18:00:00,50660.053
2026-04-09 19:00:00,50705.567
2026-04-09 20:00:00,51818.903
2026-04-09 21:00:00,53003.854
2026-04-09 22:00:00,53624.315
2026-04-09 23:00:00,52764.523
2026-04-10 00:00:00,52738.185
2026-04-10 01:00:00,54153.349
2026-04-10 02:00:00,54184.138
2026-04-10 03:00:00,53525.421
2026-04-10 04:00:00,52691.659
2026-04-10 05:00:00,52360.188
2026-04-10 06:00:00,53173.813
2026-04-10 07:00:00,53118.613
2026-04-10 08:00:00,52807.435
2026-04-10 09:00:00,52483.565
2026-04-10 10:00:00,52810.768
2026-04-10 11:00:00,52929.472
2026-04-10 12:00:00,52301.252
2026-04-10 13:00:00,52327.546
2026-04-10 14:00:00,52254.721
2026-04-10 15:00:00,52301.724
2026-04-10 16:00:00,52329.982
2026-04-10 17:00:00,52647.575
2026-04-10 18:00:00,53015.025
2026-04-10 19:00:00,56398.357
2026-04-10 20:00:00,55656.425
2026-04-10 21:00:00,55509.944
2026-04-10 22:00:00,56132.848
2026-04-10 23:00:00,56476.057
2026-04-11 00:00:00,56650.649
2026-04-11 01:00:00,56722.76
2026-04-11 02:00:00,56452.758
2026-04-11 03:00:00,55395.614
2026-04-11 04:00:00,54913.261
2026-04-11 05:00:00,54685.506
2026-04-11 06:00:00,54590.982
2026-04-11 07:00:00,54524.025
2026-04-11 08:00:00,54309.06
2026-04-11 09:00:00,54399.385
2026-04-11 10:00:00,54427.379
2026-04-11 11:00:00,54287.147
2026-04-11 12:00:00,54182.99
2026-04-11 13:00:00,54139.701
2026-04-11 14:00:00,53778.393
2026-04-11 15:00:00,53737.943
2026-04-11 16:00:00,53633.431
2026-04-11 17:00:00,53361.346
2026-04-11 18:00:00,53101.427
2026-04-11 19:00:00,53112.082
2026-04-11 20:00:00,53163.517
2026-04-11 21:00:00,52909.812
2026-04-11 22:00:00,53443.25
2026-04-11 23:00:00,53414.432
2026-04-12 00:00:00,53935.551
2026-04-12 01:00:00,54060.663
2026-04-12 02:00:00,54267.981
2026-04-12 03:00:00,54390.525
2026-04-12 04:00:00,53956.054
2026-04-12 05:00:00,53530.335
2026-04-12 06:00:00,52288.94
2026-04-12 07:00:00,50834.301
2026-04-12 08:00:00,50740.829
2026-04-12 09:00:00,50622.195
2026-04-12 10:00:00,50378.448
2026-04-12 11:00:00,50473.759
2026-04-12 12:00:00,50501.788
2026-04-12 13:00:00,50541.072
2026-04-12 14:00:00,50688.913
2026-04-12 15:00:00,50669.917
2026-04-12 16:00:00,50785.043
2026-04-12 17:00:00,51610.599
2026-04-12 18:00:00,51030.056
2026-04-12 19:00:00,50218.727
2026-04-12 20:00:00,50526.59
2026-04-12 21:00:00,50461.505
2026-04-12 22:00:00,49763.316
2026-04-12 23:00:00,49962.793
2026-04-13 00:00:00,49832.217
2026-04-13 01:00:00,49819.445
2026-04-13 02:00:00,49781.597
2026-04-13 03:00:00,49552.797
2026-04-13 04:00:00,49459.36
2026-04-13 05:00:00,49171.675
2026-04-13 06:00:00,49201.897
2026-04-13 07:00:00,49110.058
2026-04-13 08:00:00,49279.771
2026-04-13 09:00:00,49316.721
2026-04-13 10:00:00,49208.763
2026-04-13 11:00:00,49379.456
2026-04-13 12:00:00,49648.174
2026-04-13 13:00:00,49605.543
2026-04-13 14:00:00,49587.063
2026-04-13 15:00:00,49582.907
2026-04-13 16:00:00,49545.825
2026-04-13 17:00:00,49683.896
2026-04-13 18:00:00,49130.641
2026-04-13 19:00:00,50459.561
2026-04-13 20:00:00,49987.741
2026-04-13 21:00:00,49490.584
2026-04-13 22:00:00,50286.093
2026-04-13 23:00:00,50940.072
2026-04-14 00:00:00,50225.718
2026-04-14 01:00:00,50863.772
2026-04-14 02:00:00,51003.376
2026-04-14 03:00:00,50817.617
2026-04-14 04:00:00,51777.919
2026-04-14 05:00:00,51862.153
2026-04-14 06:00:00,52052.916
2026-04-14 07:00:00,52390.759
2026-04-14 08:00:00,52707.698
2026-04-14 09:00:00,52716.673
2026-04-14 10:00:00,52815.194
2026-04-14 11:00:00,53013.201
2026-04-14 12:00:00,54278.393
2026-04-14 13:00:00,55076.883
2026-04-14 14:00:00,54900.382
2026-04-14 15:00:00,54949.871
2026-04-14 16:00:00,55034.818
2026-04-14 17:00:00,55186.836
2026-04-14 18:00:00,57295.071
2026-04-14 19:00:00,58091.708
2026-04-14 20:00:00,57840.983
2026-04-14 21:00:00,58100.627
2026-04-14 22:00:00,56965.014
2026-04-14 23:00:00,56544.741
2026-04-15 00:00:00,56716.453
2026-04-15 01:00:00,56351.801
2026-04-15 02:00:00,55935.568
2026-04-15 03:00:00,55689.709
2026-04-15 04:00:00,55475.401
2026-04-15 05:00:00,54868.141
2026-04-15 06:00:00,54750.263
2026-04-15 07:00:00,54225.638
2026-04-15 08:00:00,54236.917
2026-04-15 09:00:00,54118.729
2026-04-15 10:00:00,54658.619
2026-04-15 11:00:00,54879.118
2026-04-15 12:00:00,54164.242
2026-04-15 13:00:00,53972.407
2026-04-15 14:00:00,54279.14
2026-04-15 15:00:00,54187.431
2026-04-15 16:00:00,53906.055
2026-04-15 17:00:00,53273.035
2026-04-15 18:00:00,53624.632
2026-04-15 19:00:00,53406.116
2026-04-15 20:00:00,52590.591
2026-04-15 21:00:00,52610.768
2026-04-15 22:00:00,52828.337
2026-04-15 23:00:00,53231.095
2026-04-16 00:00:00,52971.074
2026-04-16 01:00:00,52503.591
2026-04-16 02:00:00,52558.173
2026-04-16 03:00:00,52647.589
2026-04-16 04:00:00,52510.831
2026-04-16 05:00:00,52449.014
2026-04-16 06:00:00,52439.079
2026-04-16 07:00:00,52356.005
2026-04-16 08:00:00,52586.154
2026-04-16 09:00:00,52668.206
2026-04-16 10:00:00,52763.803
2026-04-16 11:00:00,52822.727
2026-04-16 12:00:00,52802.005
2026-04-16 13:00:00,52439.645
2026-04-16 14:00:00,52556.34
2026-04-16 15:00:00,53129.241
2026-04-16 16:00:00,52940.225
2026-04-16 17:00:00,53026.955
2026-04-16 18:00:00,52698.778
2026-04-16 19:00:00,52124.459
2026-04-16 20:00:00,52405.215
2026-04-16 21:00:00,51898.897
2026-04-16 22:00:00,51272.847
2026-04-16 23:00:00,51169.374
2026-04-17 00:00:00,51916.041
2026-04-17 01:00:00,52309.095
2026-04-17 02:00:00,52340.822
2026-04-17 03:00:00,52592.693
2026-04-17 04:00:00,52622.645
2026-04-17 05:00:00,52524.491
2026-04-17 06:00:00,52465.398
2026-04-17 07:00:00,52499.676
2026-04-17 08:00:00,52477.777
2026-04-17 09:00:00,52699.287
2026-04-17 10:00:00,53223.276
2026-04-17 11:00:00,53203.961
2026-04-17 12:00:00,53402.148
2026-04-17 13:00:00,54251.829
2026-04-17 14:00:00,55362.372
2026-04-17 15:00:00,55281.69
2026-04-17 16:00:00,55104.27
2026-04-17 17:00:00,55973.485
2026-04-17 18:00:00,55801.812
2026-04-17 19:00:00,58315.29
2026-04-17 20:00:00,59668.824
2026-04-17 21:00:00,59721.252
2026-04-17 22:00:00,59523.565
2026-04-17 23:00:00,59031.874
2026-04-18 00:00:00,58431.305
2026-04-18 01:00:00,58062.351
2026-04-18 02:00:00,57668.115
2026-04-18 03:00:00,57513.187
2026-04-18 04:00:00,56736.672
2026-04-18 05:00:00,56695.093
2026-04-18 06:00:00,56191.295
2026-04-18 07:00:00,56337.556
2026-04-18 08:00:00,56424.831
2026-04-18 09:00:00,56248.073
2026-04-18 10:00:00,56366.17
2026-04-18 11:00:00,56260.817
2026-04-18 12:00:00,55941.581
2026-04-18 13:00:00,55298.969
2026-04-18 14:00:00,55347.533
2026-04-18 15:00:00,54360.892
2026-04-18 16:00:00,54797.837
2026-04-18 17:00:00,54170.719
2026-04-18 18:00:00,53971.728
2026-04-18 19:00:00,53042.188
2026-04-18 20:00:00,52380.336
2026-04-18 21:00:00,52395.35
2026-04-18 22:00:00,52259.861
2026-04-18 23:00:00,51869.399
2026-04-19 00:00:00,52187.52
2026-04-19 01:00:00,51811.846
2026-04-19 02:00:00,51695.334
2026-04-19 03:00:00,51615.678
2026-04-19 04:00:00,51606.368
2026-04-19 05:00:00,51519.618
2026-04-19 06:00:00,51502.002
2026-04-19 07:00:00,51365.388
2026-04-19 08:00:00,51199.53
2026-04-19 09:00:00,50828.79
2026-04-19 10:00:00,50852.994
2026-04-19 11:00:00,50371.622
2026-04-19 12:00:00,50440.899
2026-04-19 13:00:00,50115.18
2026-04-19 14:00:00,50072.028
2026-04-19 15:00:00,49910.94
2026-04-19 16:00:00,50051.578
2026-04-19 17:00:00,49938.725
2026-04-19 18:00:00,50229.636
2026-04-19 19:00:00,50051.659
2026-04-19 20:00:00,49881.238
2026-04-19 21:00:00,49751.707
2026-04-19 22:00:00,50025.277
2026-04-19 23:00:00,50313.037
2026-04-20 00:00:00,50217.278
2026-04-20 01:00:00,49513.855
2026-04-20 02:00:00,49377.662
2026-04-20 03:00:00,48834.957
2026-04-20 04:00:00,49374.059
2026-04-20 05:00:00,49280.89
2026-04-20 06:00:00,49676.866
2026-04-20 07:00:00,49665.246
2026-04-20 08:00:00,49633.583
2026-04-20 09:00:00,49958.095
2026-04-20 10:00:00,50014.402
2026-04-20 11:00:00,50431.895
2026-04-20 12:00:00,50315.918
2026-04-20 13:00:00,49740.028
2026-04-20 14:00:00,49706.207
2026-04-20 15:00:00,49780.701
2026-04-20 16:00:00,49866.626
2026-04-20 17:00:00,49881.728
2026-04-20 18:00:00,50757.233
2026-04-20 19:00:00,50527.382
2026-04-20 20:00:00,51197.055
2026-04-20 21:00:00,50856.823
2026-04-20 22:00:00,51051.499
2026-04-20 23:00:00,50891.114
2026-04-21 00:00:00,51028.783
2026-04-21 01:00:00,51329.106
2026-04-21 02:00:00,51264.753
2026-04-21 03:00:00,51400.795
2026-04-21 04:00:00,51149.732
2026-04-21 05:00:00,51046.512
2026-04-21 06:00:00,50892.868
2026-04-21 07:00:00,50177.445
2026-04-21 08:00:00,49651.367
2026-04-21 09:00:00,49711.858
2026-04-21 10:00:00,49745.508
2026-04-21 11:00:00,49672.974
2026-04-21 12:00:00,49932.895
2026-04-21 13:00:00,49992.002
2026-04-21 14:00:00,50382.45
2026-04-21 15:00:00,51200.261
2026-04-21 16:00:00,50931.512
2026-04-21 17:00:00,50160.246
2026-04-21 18:00:00,51555.197
2026-04-21 19:00:00,51367.501
2026-04-21 20:00:00,51277.076
2026-04-21 21:00:00,51296.079
2026-04-21 22:00:00,50992.389
2026-04-21 23:00:00,50890.272
2026-04-22 00:00:00,50734.251
2026-04-22 01:00:00,51049.691
2026-04-22 02:00:00,51055.629
2026-04-22 03:00:00,50691.391
2026-04-22 04:00:00,50152.433
2026-04-22 05:00:00,50814.683
2026-04-22 06:00:00,50813.193
2026-04-22 07:00:00,50401.328
2026-04-22 08:00:00,52074.464
2026-04-22 09:00:00,52485.462
2026-04-22 10:00:00,52571.693
2026-04-22 11:00:00,52802.007
2026-04-22 12:00:00,52702.254
2026-04-22 13:00:00,53181.545
2026-04-22 14:00:00,53459.596
2026-04-22 15:00:00,53525.128
2026-04-22 16:00:00,53718.738
2026-04-22 17:00:00,54349.856
2026-04-22 18:00:00,54868.323
2026-04-22 19:00:00,56484.839
2026-04-22 20:00:00,57125.395
2026-04-22 21:00:00,57876.748
2026-04-22 22:00:00,58071.598
2026-04-22 23:00:00,57988.993
2026-04-23 00:00:00,58342.831
2026-04-23 01:00:00,58139.099
2026-04-23 02:00:00,58177.322
2026-04-23 03:00:00,58130.395
2026-04-23 04:00:00,57150.536
2026-04-23 05:00:00,55789.8
2026-04-23 06:00:00,55710.58
2026-04-23 07:00:00,55275.418
2026-04-23 08:00:00,54573.943
2026-04-23 09:00:00,54167.2
2026-04-23 10:00:00,54490.285
2026-04-23 11:00:00,54630.86
2026-04-23 12:00:00,54555.374
2026-04-23 13:00:00,54441.306
2026-04-23 14:00:00,54048.958
2026-04-23 15:00:00,53649.141
2026-04-23 16:00:00,53197.695
2026-04-23 17:00:00,53407.763
2026-04-23 18:00:00,53517.12
2026-04-23 19:00:00,53025.105
2026-04-23 20:00:00,52662.312
2026-04-23 21:00:00,54579.545
2026-04-23 22:00:00,51519.808
2026-04-23 23:00:00,51809.633
2026-04-24 00:00:00,51196.891
2026-04-24 01:00:00,51487.178
2026-04-24 02:00:00,51246.411
2026-04-24 03:00:00,51889.666
2026-04-24 04:00:00,51873.462
2026-04-24 05:00:00,51869.408
2026-04-24 06:00:00,51722.83
2026-04-24 07:00:00,51911.254
2026-04-24 08:00:00,52435.408
2026-04-24 09:00:00,52390.778
2026-04-24 10:00:00,52073.657
2026-04-24 11:00:00,52374.335
2026-04-24 12:00:00,52131.273
2026-04-24 13:00:00,51668.619
2026-04-24 14:00:00,51353.888
2026-04-24 15:00:00,51742.998
2026-04-24 16:00:00,51558.851
2026-04-24 17:00:00,51424.974
2026-04-24 18:00:00,50718.036
2026-04-24 19:00:00,51342.672
2026-04-24 20:00:00,50446.323
2026-04-24 21:00:00,49367.432
2026-04-24 22:00:00,49385.627
2026-04-24 23:00:00,49119.489
2026-04-25 00:00:00,48942.013
2026-04-25 01:00:00,48957.7
2026-04-25 02:00:00,48836.805
2026-04-25 03:00:00,48943.08
2026-04-25 04:00:00,49158.805
2026-04-25 05:00:00,49067.634
2026-04-25 06:00:00,48820.652
2026-04-25 07:00:00,48867.815
2026-04-25 08:00:00,48724.598
2026-04-25 09:00:00,48697.168
2026-04-25 10:00:00,48346.906
2026-04-25 11:00:00,48375.394
2026-04-25 12:00:00,48393.502
2026-04-25 13:00:00,48410.613
2026-04-25 14:00:00,48379.114
2026-04-25 15:00:00,48402.6
2026-04-25 16:00:00,48350.117
2026-04-25 17:00:00,48436.75
2026-04-25 18:00:00,48502.332
2026-04-25 19:00:00,48441.53
2026-04-25 20:00:00,48472.511
2026-04-25 21:00:00,48909.714
2026-04-25 22:00:00,49123.047
2026-04-25 23:00:00,49150.332
2026-04-26 00:00:00,49312.975
2026-04-26 01:00:00,49308.706
2026-04-26 02:00:00,49584.348
2026-04-26 03:00:00,49531.532
2026-04-26 04:00:00,49411.464
2026-04-26 05:00:00,49334.626
2026-04-26 06:00:00,49358.822
2026-04-26 07:00:00,49379.648
2026-04-26 08:00:00,49351.64
2026-04-26 09:00:00,49157.947
2026-04-26 10:00:00,48321.569
2026-04-26 11:00:00,48062.058
2026-04-26 12:00:00,48124.499
2026-04-26 13:00:00,48326.382
2026-04-26 14:00:00,48633.257
2026-04-26 15:00:00,48688.157
2026-04-26 16:00:00,48785.537
2026-04-26 17:00:00,48451.147
2026-04-26 18:00:00,48506.157
2026-04-26 19:00:00,48561.674
2026-04-26 20:00:00,48610.588
2026-04-26 21:00:00,48748.109
2026-04-26 22:00:00,48638.766
2026-04-26 23:00:00,48304.648
2026-04-27 00:00:00,48485.99
2026-04-27 01:00:00,48551.68
2026-04-27 02:00:00,47336.191
2026-04-27 03:00:00,48553.836
2026-04-27 04:00:00,48218.45
2026-04-27 05:00:00,48356.95
2026-04-27 06:00:00,51026.32
2026-04-27 07:00:00,52145.507
2026-04-27 08:00:00,52214.956
2026-04-27 09:00:00,52232.816
2026-04-27 10:00:00,51711.868
2026-04-27 11:00:00,50376.105
2026-04-27 12:00:00,50669.13
2026-04-27 13:00:00,50771.632
2026-04-27 14:00:00,50789.501
2026-04-27 15:00:00,51100.646
2026-04-27 16:00:00,51034.76
2026-04-27 17:00:00,51146.436
2026-04-27 18:00:00,51810.794
2026-04-27 19:00:00,51334.712
2026-04-27 20:00:00,50488.695
2026-04-27 21:00:00,51274.756
2026-04-27 22:00:00,51887.791
2026-04-27 23:00:00,52133.391
2026-04-28 00:00:00,52061.46
2026-04-28 01:00:00,52014.593
2026-04-28 02:00:00,52112.699
2026-04-28 03:00:00,52228.003
2026-04-28 04:00:00,51963.968
2026-04-28 05:00:00,51840.362
2026-04-28 06:00:00,52214.005
2026-04-28 07:00:00,51341.716
2026-04-28 08:00:00,50984.402
2026-04-28 09:00:00,50500.893
2026-04-28 10:00:00,50514.035
2026-04-28 11:00:00,50231.273
2026-04-28 12:00:00,49620.524
2026-04-28 13:00:00,49949.687
2026-04-28 14:00:00,50061.257
2026-04-28 15:00:00,50316.877
2026-04-28 16:00:00,50347.758
2026-04-28 17:00:00,50753.392
2026-04-28 18:00:00,51054.115
2026-04-28 19:00:00,51140.676
2026-04-28 20:00:00,50911.185
2026-04-28 21:00:00,50955.007
2026-04-28 22:00:00,51714.089
2026-04-28 23:00:00,51550.586
2026-04-29 00:00:00,51435.252
2026-04-29 01:00:00,51320.529
2026-04-29 02:00:00,51095.226
2026-04-29 03:00:00,50993.979
2026-04-29 04:00:00,50997.33
2026-04-29 05:00:00,51085.127
2026-04-29 06:00:00,50828.75
2026-04-29 07:00:00,50742.621
2026-04-29 08:00:00,50346.625
2026-04-29 09:00:00,48985.265
2026-04-29 10:00:00,49398.016
2026-04-29 11:00:00,49344.629
2026-04-29 12:00:00,49348.197
2026-04-29 13:00:00,49267.479
2026-04-29 14:00:00,48848.837
2026-04-29 15:00:00,49087.244
2026-04-29 16:00:00,49478.483
2026-04-29 17:00:00,49114.481
2026-04-29 18:00:00,48844.602
2026-04-29 19:00:00,48943.765
2026-04-29 20:00:00,47890.121
2026-04-29 21:00:00,49271.031
2026-04-29 22:00:00,49218.22
2026-04-29 23:00:00,48538.939
2026-04-30 00:00:00,48644.686
2026-04-30 01:00:00,49127.06
2026-04-30 02:00:00,49371.881
2026-04-30 03:00:00,49723.971
2026-04-30 04:00:00,49815.733
2026-04-30 05:00:00,49658.942
2026-04-30 06:00:00,48981.075
2026-04-30 07:00:00,48079.547
2026-04-30 08:00:00,48328.974
2026-04-30 09:00:00,48754.549
2026-04-30 10:00:00,48660.502
2026-04-30 11:00:00,48654.948
2026-04-30 12:00:00,48973.681
2026-04-30 13:00:00,49102.009
2026-04-30 14:00:00,49002.016
2026-04-30 15:00:00,49572.749
2026-04-30 16:00:00,49556.56
2026-04-30 17:00:00,49482.384
2026-04-30 18:00:00,49602.65
2026-04-30 19:00:00,50033.153
2026-04-30 20:00:00,50175.641
2026-04-30 21:00:00,50078.992
2026-04-30 22:00:00,50127.992
2026-04-30 23:00:00,50056.972
2026-05-01 00:00:00,49926.737
2026-05-01 01:00:00,49707.634
2026-05-01 02:00:00,49937.575
2026-05-01 03:00:00,50217.108
2026-05-01 04:00:00,50358.905
2026-05-01 05:00:00,50608.325
2026-05-01 06:00:00,50536.206
2026-05-01 07:00:00,50986.761
2026-05-01 08:00:00,51084.617
2026-05-01 09:00:00,51349.503
2026-05-01 10:00:00,51319.144
2026-05-01 11:00:00,51312.898
2026-05-01 12:00:00,51524.552
2026-05-01 13:00:00,51239.918
2026-05-01 14:00:00,51283.958
2026-05-01 15:00:00,51533.259
2026-05-01 16:00:00,51561.533
2026-05-01 17:00:00,52546.764
2026-05-01 18:00:00,52170.539
2026-05-01 19:00:00,53152.67
2026-05-01 20:00:00,53701.584
2026-05-01 21:00:00,53724.677
2026-05-01 22:00:00,53841.444
2026-05-01 23:00:00,54115.976
2026-05-02 00:00:00,54049.281
2026-05-02 01:00:00,53584.339
2026-05-02 02:00:00,53446.068
2026-05-02 03:00:00,53635.01
2026-05-02 04:00:00,53747.089
2026-05-02 05:00:00,53736.522
2026-05-02 06:00:00,53605.076
2026-05-02 07:00:00,53452.544
2026-05-02 08:00:00,53555.898
2026-05-02 09:00:00,53275.186
2026-05-02 10:00:00,53136.262
2026-05-02 11:00:00,52701.86
2026-05-02 12:00:00,52605.368
2026-05-02 13:00:00,52348.868
2026-05-02 14:00:00,52199.73
2026-05-02 15:00:00,52308.991
2026-05-02 16:00:00,52102.972
2026-05-02 17:00:00,51980.078
2026-05-02 18:00:00,51934.681
2026-05-02 19:00:00,52023.497
2026-05-02 20:00:00,51925.552
2026-05-02 21:00:00,51822.386
2026-05-02 22:00:00,51835.93
2026-05-02 23:00:00,51930.246
2026-05-03 00:00:00,51927.878
2026-05-03 01:00:00,51924.719
2026-05-03 02:00:00,50661.819
2026-05-03 03:00:00,50713.931
2026-05-03 04:00:00,50753.387
2026-05-03 05:00:00,50621.985
2026-05-03 06:00:00,50505.02
2026-05-03 07:00:00,50384.408
2026-05-03 08:00:00,50273.478
2026-05-03 09:00:00,50639.788
2026-05-03 10:00:00,50651.075
2026-05-03 11:00:00,50570.923
2026-05-03 12:00:00,50635.82
2026-05-03 13:00:00,50757.798
2026-05-03 14:00:00,51427.793
2026-05-03 15:00:00,51504.869
2026-05-03 16:00:00,52538.661
2026-05-03 17:00:00,53347.537
2026-05-03 18:00:00,53471.898
2026-05-03 19:00:00,53584.249
2026-05-03 20:00:00,53632.463
2026-05-03 21:00:00,53539.226
2026-05-03 22:00:00,53628.384
2026-05-03 23:00:00,53796.992
2026-05-04 00:00:00,53793.293
2026-05-04 01:00:00,52960.723
2026-05-04 02:00:00,53235.39
2026-05-04 03:00:00,53330.861
2026-05-04 04:00:00,52247.365
2026-05-04 05:00:00,52216.956
2026-05-04 06:00:00,53261.338
2026-05-04 07:00:00,55384.282
2026-05-04 08:00:00,54694.428
2026-05-04 09:00:00,55206.362
2026-05-04 10:00:00,54847.16
2026-05-04 11:00:00,54216.117
2026-05-04 12:00:00,54332.482
2026-05-04 13:00:00,54129.637
2026-05-04 14:00:00,54187.6
2026-05-04 15:00:00,52832.145
2026-05-04 16:00:00,52844.34
2026-05-04 17:00:00,52616.723
2026-05-04 18:00:00,52664.961
2026-05-04 19:00:00,52817.691
2026-05-04 20:00:00,53574.044
2026-05-04 21:00:00,54292.375
2026-05-04 22:00:00,54971.003
2026-05-04 23:00:00,54760.123
2026-05-05 00:00:00,54893.486
2026-05-05 01:00:00,54814.487
2026-05-05 02:00:00,54641.391
2026-05-05 03:00:00,54543.916
2026-05-05 04:00:00,54577.966
2026-05-05 05:00:00,55153.576
2026-05-05 06:00:00,55205.101
2026-05-05 07:00:00,55223.572
2026-05-05 08:00:00,56227.449
2026-05-05 09:00:00,56496.578
2026-05-05 10:00:00,56865.854
2026-05-05 11:00:00,57170.138
2026-05-05 12:00:00,56977.287
2026-05-05 13:00:00,57055.746
2026-05-05 14:00:00,57049.611
2026-05-05 15:00:00,57074.102
2026-05-05 16:00:00,57102.85
2026-05-05 17:00:00,56628.734
2026-05-05 18:00:00,57079.821
2026-05-05 19:00:00,57593.019
2026-05-05 20:00:00,57577.607
2026-05-05 21:00:00,57690.309
2026-05-05 22:00:00,57641.203
2026-05-05 23:00:00,57455.707
2026-05-06 00:00:00,57311.231
2026-05-06 01:00:00,57345.673
2026-05-06 02:00:00,57190.174
2026-05-06 03:00:00,57800.336
2026-05-06 04:00:00,57349.475
2026-05-06 05:00:00,56621.898
2026-05-06 06:00:00,56786.402
2026-05-06 07:00:00,56543.405
2026-05-06 08:00:00,56568.094
2026-05-06 09:00:00,56173.968
2026-05-06 10:00:00,55853.994
2026-05-06 11:00:00,55617.542
2026-05-06 12:00:00,55598.389
2026-05-06 13:00:00,55873.192
2026-05-06 14:00:00,55755.155
2026-05-06 15:00:00,55524.924
2026-05-06 16:00:00,55437.798
2026-05-06 17:00:00,55148.202
2026-05-06 18:00:00,55059.999
2026-05-06 19:00:00,53982.449
2026-05-06 20:00:00,53623.319
2026-05-06 21:00:00,53390.838
2026-05-06 22:00:00,53213.446
2026-05-06 23:00:00,53020.263
2026-05-07 00:00:00,52899.764
2026-05-07 01:00:00,52536.468
2026-05-07 02:00:00,52322.64
2026-05-07 03:00:00,52264.032
2026-05-07 04:00:00,51986.312
2026-05-07 05:00:00,51766.967
2026-05-07 06:00:00,51545.299
2026-05-07 07:00:00,51612.692
2026-05-07 08:00:00,51472.37
2026-05-07 09:00:00,51376.867
2026-05-07 10:00:00,51146.084
2026-05-07 11:00:00,51425.779
2026-05-07 12:00:00,51977.181
2026-05-07 13:00:00,52062.199
2026-05-07 14:00:00,52175.832
2026-05-07 15:00:00,52572.958
2026-05-07 16:00:00,52133.786
2026-05-07 17:00:00,51988.762
2026-05-07 18:00:00,53012.558
2026-05-07 19:00:00,52411.947
2026-05-07 20:00:00,52419.263
2026-05-07 21:00:00,52154.509
2026-05-07 22:00:00,52641.341
2026-05-07 23:00:00,52039.686
2026-05-08 00:00:00,52059.698
2026-05-08 01:00:00,52004.354
2026-05-08 02:00:00,51785.182
2026-05-08 03:00:00,51886.981
2026-05-08 04:00:00,51997.212
2026-05-08 05:00:00,52837.704
2026-05-08 06:00:00,52809.408
2026-05-08 07:00:00,53448.746
2026-05-08 08:00:00,53014.609
2026-05-08 09:00:00,52997.516
2026-05-08 10:00:00,52516.26
2026-05-08 11:00:00,52349.668
2026-05-08 12:00:00,52213.372
2026-05-08 13:00:00,52207.909
2026-05-08 14:00:00,52112.996
2026-05-08 15:00:00,52732.159
2026-05-08 16:00:00,52661.03
2026-05-08 17:00:00,52523.592
2026-05-08 18:00:00,53178.402
2026-05-08 19:00:00,52943.042
2026-05-08 20:00:00,51887.673
2026-05-08 21:00:00,52170.018
2026-05-08 22:00:00,52355.712
2026-05-08 23:00:00,52675.059
2026-05-09 00:00:00,52655.14
2026-05-09 01:00:00,52460.144
2026-05-09 02:00:00,52287.492
2026-05-09 03:00:00,52310.585
2026-05-09 04:00:00,52208.332
2026-05-09 05:00:00,51786.474
2026-05-09 06:00:00,51635.791
2026-05-09 07:00:00,51838.326
2026-05-09 08:00:00,51814.317
2026-05-09 09:00:00,51688.548
2026-05-09 10:00:00,51799.82
2026-05-09 11:00:00,51801.752
2026-05-09 12:00:00,51886.33
2026-05-09 13:00:00,51704.018
2026-05-09 14:00:00,51704.504
2026-05-09 15:00:00,51822.063
2026-05-09 16:00:00,51829.728
2026-05-09 17:00:00,51845.803
2026-05-09 18:00:00,51837.46
2026-05-09 19:00:00,51795.402
2026-05-09 20:00:00,52032.926
2026-05-09 21:00:00,51755.821
2026-05-09 22:00:00,51984.454
2026-05-09 23:00:00,51679.989
2026-05-10 00:00:00,51637.165
2026-05-10 01:00:00,51594.073
2026-05-10 02:00:00,51625.225
2026-05-10 03:00:00,51534.987
2026-05-10 04:00:00,51495.384
2026-05-10 05:00:00,51528.578
2026-05-10 06:00:00,51577.425
2026-05-10 07:00:00,51685.098
2026-05-10 08:00:00,51964.488
2026-05-10 09:00:00,51875.553
2026-05-10 10:00:00,51864.576
2026-05-10 11:00:00,51876.654
2026-05-10 12:00:00,51936.723
2026-05-10 13:00:00,52158.417
2026-05-10 14:00:00,52235.251
2026-05-10 15:00:00,52219.458
2026-05-10 16:00:00,52136.784
2026-05-10 17:00:00,52195.076
2026-05-10 18:00:00,52817.669
2026-05-10 19:00:00,52868.367
2026-05-10 20:00:00,52906.599
2026-05-10 21:00:00,52903.882
2026-05-10 22:00:00,52616.709
2026-05-10 23:00:00,52304.809
2026-05-11 00:00:00,52413.254
2026-05-11 01:00:00,51124.157
2026-05-11 02:00:00,51756.479
2026-05-11 03:00:00,51686.056
2026-05-11 04:00:00,51913.228
2026-05-11 05:00:00,51806.494
2026-05-11 06:00:00,52440.995
2026-05-11 07:00:00,52152.799
2026-05-11 08:00:00,52452.282
2026-05-11 09:00:00,52398.013
2026-05-11 10:00:00,52351.014
2026-05-11 11:00:00,52373.757
2026-05-11 12:00:00,52427.449
2026-05-11 13:00:00,52631.737
2026-05-11 14:00:00,52822.178
2026-05-11 15:00:00,52937.869
2026-05-11 16:00:00,52906.787
2026-05-11 17:00:00,52808.986
2026-05-11 18:00:00,52779.782
2026-05-11 19:00:00,52904.87
2026-05-11 20:00:00,52212.066
2026-05-11 21:00:00,51915.222
2026-05-11 22:00:00,51795.96
2026-05-11 23:00:00,51826.865
2026-05-12 00:00:00,51954.034
2026-05-12 01:00:00,51980.179
2026-05-12 02:00:00,51806.329
2026-05-12 03:00:00,51926.915
2026-05-12 04:00:00,51956.65
2026-05-12 05:00:00,51506.707
2026-05-12 06:00:00,50312.217
2026-05-12 07:00:00,50381.06
2026-05-12 08:00:00,50234.993
2026-05-12 09:00:00,50288.241
2026-05-12 10:00:00,50383.796
2026-05-12 11:00:00,50847.062
2026-05-12 12:00:00,51340.989
2026-05-12 13:00:00,51710.385
2026-05-12 14:00:00,51892.699
2026-05-12 15:00:00,52031.734
2026-05-12 16:00:00,52107.81
2026-05-12 17:00:00,53654.957
2026-05-12 18:00:00,52718.976
2026-05-12 19:00:00,52886.109
2026-05-12 20:00:00,53306.693
2026-05-12 21:00:00,53242.482
2026-05-12 22:00:00,53195.559
2026-05-12 23:00:00,53184.565
2026-05-13 00:00:00,53122.257
2026-05-13 01:00:00,53045.007
2026-05-13 02:00:00,53018.93
2026-05-13 03:00:00,53067.296
2026-05-13 04:00:00,52831.015
2026-05-13 05:00:00,52728.048
2026-05-13 06:00:00,52653.854
2026-05-13 07:00:00,52492.804
2026-05-13 08:00:00,52721.044
2026-05-13 09:00:00,52800.509
2026-05-13 10:00:00,52625.937
2026-05-13 11:00:00,52574.967
2026-05-13 12:00:00,52492.764
2026-05-13 13:00:00,52432.329
2026-05-13 14:00:00,52247.934
2026-05-13 15:00:00,52306.365
2026-05-13 16:00:00,52799.679
2026-05-13 17:00:00,52864.374
2026-05-13 18:00:00,53395.948
2026-05-13 19:00:00,54619.839
2026-05-13 20:00:00,55140.978
2026-05-13 21:00:00,56686.822
2026-05-13 22:00:00,56471.773
2026-05-13 23:00:00,55894.912
2026-05-14 00:00:00,55822.512
2026-05-14 01:00:00,56109.12
2026-05-14 02:00:00,55973.755
2026-05-14 03:00:00,56028.869
2026-05-14 04:00:00,55989.962
2026-05-14 05:00:00,56755.873
2026-05-14 06:00:00,56718.114
2026-05-14 07:00:00,55845.361
2026-05-14 08:00:00,55014.397
2026-05-14 09:00:00,55763.856
2026-05-14 10:00:00,55370.719
2026-05-14 11:00:00,55121.857
2026-05-14 12:00:00,55174.973
2026-05-14 13:00:00,55100.47
2026-05-14 14:00:00,54199.491
2026-05-14 15:00:00,53379.631
2026-05-14 16:00:00,53227.194
2026-05-14 17:00:00,52872.588
2026-05-14 18:00:00,52895.932
2026-05-14 19:00:00,51594.442
2026-05-14 20:00:00,51453.37
2026-05-14 21:00:00,51724.249
2026-05-14 22:00:00,51864.535
2026-05-14 23:00:00,52722.693
2026-05-15 00:00:00,53039.471
2026-05-15 01:00:00,53035.424
2026-05-15 02:00:00,53128.541
2026-05-15 03:00:00,53185.756
2026-05-15 04:00:00,52879.052
2026-05-15 05:00:00,52689.091
2026-05-15 06:00:00,52381.575
2026-05-15 07:00:00,52683.151
2026-05-15 08:00:00,53129.135
2026-05-15 09:00:00,52710.575
2026-05-15 10:00:00,52241.385
2026-05-15 11:00:00,52182.274
2026-05-15 12:00:00,52239.99
2026-05-15 13:00:00,52339.501
2026-05-15 14:00:00,52826.416
2026-05-15 15:00:00,52606.993
2026-05-15 16:00:00,52743.727
2026-05-15 17:00:00,52446.258
2026-05-15 18:00:00,52396.591
2026-05-15 19:00:00,53479.158
2026-05-15 20:00:00,53560.365
2026-05-15 21:00:00,53891.923
2026-05-15 22:00:00,53722.814
2026-05-15 23:00:00,53877.874
2026-05-16 00:00:00,53664.492
2026-05-16 01:00:00,53978.651
2026-05-16 02:00:00,53804.875
2026-05-16 03:00:00,53673.901
2026-05-16 04:00:00,53594.783
2026-05-16 05:00:00,53630.525
2026-05-16 06:00:00,53707.965
2026-05-16 07:00:00,53625.897
2026-05-16 08:00:00,53581.228
2026-05-16 09:00:00,53642.771
2026-05-16 10:00:00,53680.454
2026-05-16 11:00:00,53824.893
2026-05-16 12:00:00,53310.73
2026-05-16 13:00:00,53178.451
2026-05-16 14:00:00,53137.725
2026-05-16 15:00:00,53379.372
2026-05-16 16:00:00,53341.62
2026-05-16 17:00:00,53513.036
2026-05-16 18:00:00,53628.236
2026-05-16 19:00:00,53789.788
2026-05-16 20:00:00,53890.152
2026-05-16 21:00:00,55252.844
2026-05-16 22:00:00,55179.158
2026-05-16 23:00:00,55131.719
2026-05-17 00:00:00,55166.784
2026-05-17 01:00:00,55106.672
2026-05-17 02:00:00,54903.448
2026-05-17 03:00:00,54846.571
2026-05-17 04:00:00,54819.784
2026-05-17 05:00:00,54467.553
2026-05-17 06:00:00,54401.399
2026-05-17 07:00:00,54528.507
2026-05-17 08:00:00,54592.3
2026-05-17 09:00:00,54551.374
2026-05-17 10:00:00,54676.995
2026-05-17 11:00:00,54679.206
2026-05-17 12:00:00,54682.284
2026-05-17 13:00:00,54728.39
2026-05-17 14:00:00,54767.444
2026-05-17 15:00:00,54707.419
2026-05-17 16:00:00,54958.187
2026-05-17 17:00:00,54905.28
2026-05-17 18:00:00,54720.332
2026-05-17 19:00:00,54479.659
2026-05-17 20:00:00,54634.806
2026-05-17 21:00:00,54643.725
2026-05-17 22:00:00,54391.03
2026-05-17 23:00:00,54011.715
2026-05-18 00:00:00,53864.589
2026-05-18 01:00:00,53921.181
2026-05-18 02:00:00,53685.021
2026-05-18 03:00:00,53884.6
2026-05-18 04:00:00,52837.455
2026-05-18 05:00:00,53137.728
2026-05-18 06:00:00,53531.198
2026-05-18 07:00:00,53590.108
2026-05-18 08:00:00,53914.332
2026-05-18 09:00:00,54911.301
2026-05-18 10:00:00,54938.424
2026-05-18 11:00:00,54748.691
2026-05-18 12:00:00,55801.571
2026-05-18 13:00:00,55748.937
2026-05-18 14:00:00,55777.191
2026-05-18 15:00:00,55607.075
2026-05-18 16:00:00,55802.339
2026-05-18 17:00:00,55463.278
2026-05-18 18:00:00,54533.377
2026-05-18 19:00:00,54575.409
2026-05-18 20:00:00,55978.968
2026-05-18 21:00:00,56067.499
2026-05-18 22:00:00,55714.377
2026-05-18 23:00:00,55040.827
2026-05-19 00:00:00,54584.473
2026-05-19 01:00:00,54160.234
2026-05-19 02:00:00,53824.675
2026-05-19 03:00:00,53649.053
2026-05-19 04:00:00,53541.905
2026-05-19 05:00:00,53232.865
2026-05-19 06:00:00,53160.044
2026-05-19 07:00:00,53003.029
2026-05-19 08:00:00,53211.198
2026-05-19 09:00:00,53177.728
2026-05-19 10:00:00,53299.389
2026-05-19 11:00:00,53248.074
2026-05-19 12:00:00,53102.905
2026-05-19 13:00:00,53117.985
2026-05-19 14:00:00,53101.249
2026-05-19 15:00:00,53251.431
2026-05-19 16:00:00,53242.142
2026-05-19 17:00:00,53274.343
2026-05-19 18:00:00,53114.26
2026-05-19 19:00:00,53892.703
2026-05-19 20:00:00,54361.271
2026-05-19 21:00:00,54221.236
2026-05-19 22:00:00,53874.583
2026-05-19 23:00:00,53670.499
2026-05-20 00:00:00,53661.67
2026-05-20 01:00:00,53811.133
2026-05-20 02:00:00,53489.513
2026-05-20 03:00:00,53313.06
2026-05-20 04:00:00,53401.909
2026-05-20 05:00:00,53119.305
2026-05-20 06:00:00,53165.511
2026-05-20 07:00:00,53215.556
2026-05-20 08:00:00,53240.929
2026-05-20 09:00:00,53218.297
2026-05-20 10:00:00,53247.505
2026-05-20 11:00:00,53068.247
2026-05-20 12:00:00,52907.695
2026-05-20 13:00:00,52975.206
2026-05-20 14:00:00,52768.827
2026-05-20 15:00:00,52844.161
2026-05-20 16:00:00,52716.822
2026-05-20 17:00:00,52543.837
2026-05-20 18:00:00,52894.073
2026-05-20 19:00:00,52805.148
2026-05-20 20:00:00,52067.462
2026-05-20 21:00:00,52003.038
2026-05-20 22:00:00,51952.706
2026-05-20 23:00:00,51729.385
2026-05-21 00:00:00,51853.817
2026-05-21 01:00:00,51702.679
2026-05-21 02:00:00,51415.319
2026-05-21 03:00:00,51416.468
2026-05-21 04:00:00,51506.871
2026-05-21 05:00:00,51398.771
2026-05-21 06:00:00,51179.955
2026-05-21 07:00:00,52468.015
2026-05-21 08:00:00,52713.301
2026-05-21 09:00:00,53001.721
2026-05-21 10:00:00,52365.009
2026-05-21 11:00:00,52535.062
2026-05-21 12:00:00,52294.807
2026-05-21 13:00:00,52256.129
2026-05-21 14:00:00,52264.668
2026-05-21 15:00:00,52614.271
2026-05-21 16:00:00,53338.815
2026-05-21 17:00:00,53644.834
2026-05-21 18:00:00,53903.454
2026-05-21 19:00:00,54247.792
2026-05-21 20:00:00,53900.509
2026-05-21 21:00:00,53676.443
2026-05-21 22:00:00,52547.41
2026-05-21 23:00:00,52307.523
2026-05-22 00:00:00,52862.986
2026-05-22 01:00:00,52274.453
2026-05-22 02:00:00,52337.77
2026-05-22 03:00:00,52153.344
2026-05-22 04:00:00,52146.234
2026-05-22 05:00:00,51606.021
2026-05-22 06:00:00,51642.232
2026-05-22 07:00:00,51691.863
2026-05-22 08:00:00,51739.033
2026-05-22 09:00:00,51510.9
2026-05-22 10:00:00,51524.892
2026-05-22 11:00:00,51628.668
2026-05-22 12:00:00,51723.431
2026-05-22 13:00:00,51953.866
2026-05-22 14:00:00,52321.968
2026-05-22 15:00:00,52499.8
2026-05-22 16:00:00,52840.248
2026-05-22 17:00:00,52342.987
2026-05-22 18:00:00,53076.931
2026-05-22 19:00:00,54584.229
2026-05-22 20:00:00,55079.024
2026-05-22 21:00:00,55152.124
2026-05-22 22:00:00,55029.827
2026-05-22 23:00:00,54408.695
2026-05-23 00:00:00,54975.271
2026-05-23 01:00:00,55229.27
2026-05-23 02:00:00,55091.419
2026-05-23 03:00:00,55163.162
2026-05-23 04:00:00,55196.436
2026-05-23 05:00:00,55154.289
2026-05-23 06:00:00,55410.51
2026-05-23 07:00:00,55593.766
2026-05-23 08:00:00,55480.686
2026-05-23 09:00:00,55522.278
2026-05-23 10:00:00,55765.83
2026-05-23 11:00:00,55744.687
2026-05-23 12:00:00,53700.398
2026-05-23 13:00:00,55643.979
2026-05-23 14:00:00,56276.444
2026-05-23 15:00:00,56401.697
2026-05-23 16:00:00,56527.572
2026-05-23 17:00:00,56527.69
2026-05-23 18:00:00,56779.08
2026-05-23 19:00:00,56161.634
2026-05-23 20:00:00,55953.132
2026-05-23 21:00:00,55518.603
2026-05-23 22:00:00,55725.038
2026-05-23 23:00:00,56028.228
2026-05-24 00:00:00,55147.616
2026-05-24 01:00:00,53156.04
2026-05-24 02:00:00,52582.13
2026-05-24 03:00:00,52527.979
2026-05-24 04:00:00,52514.797
2026-05-24 05:00:00,52567.675
2026-05-24 06:00:00,52548.26
2026-05-24 07:00:00,52594.833
2026-05-24 08:00:00,52545.148
2026-05-24 09:00:00,52715.685
2026-05-24 10:00:00,52765.977
2026-05-24 11:00:00,52915.693
2026-05-24 12:00:00,53244.561
2026-05-24 13:00:00,53196.453
2026-05-24 14:00:00,52937.05
2026-05-24 15:00:00,52842.069
2026-05-24 16:00:00,52963.357
2026-05-24 17:00:00,52976.521
2026-05-24 18:00:00,52566.055
2026-05-24 19:00:00,52493.508
2026-05-24 20:00:00,52460.592
2026-05-24 21:00:00,51937.047
2026-05-24 22:00:00,51988.213
2026-05-24 23:00:00,51962.019
2026-05-25 00:00:00,51908.145
2026-05-25 01:00:00,51932.187
2026-05-25 02:00:00,52273.324
2026-05-25 03:00:00,51964.646
2026-05-25 04:00:00,52076.636
2026-05-25 05:00:00,51702.494
2026-05-25 06:00:00,51810.038
2026-05-25 07:00:00,52190.785
2026-05-25 08:00:00,52255.888
2026-05-25 09:00:00,53150.328
2026-05-25 10:00:00,53740.525
2026-05-25 11:00:00,53990.603
2026-05-25 12:00:00,53970.506
2026-05-25 13:00:00,54203.55
2026-05-25 14:00:00,54261.087
2026-05-25 15:00:00,54233.614
2026-05-25 16:00:00,54353.879
2026-05-25 17:00:00,54446.516
2026-05-25 18:00:00,54527.633
2026-05-25 19:00:00,54672.513
2026-05-25 20:00:00,54892.61
2026-05-25 21:00:00,54862.805
2026-05-25 22:00:00,54649.869
2026-05-25 23:00:00,54597.88
2026-05-26 00:00:00,54412.789
2026-05-26 01:00:00,54339.382
2026-05-26 02:00:00,54313.062
2026-05-26 03:00:00,53988.563
2026-05-26 04:00:00,53998.431
2026-05-26 05:00:00,53537.433
2026-05-26 06:00:00,53191.335
2026-05-26 07:00:00,52970.91
2026-05-26 08:00:00,52762.695
2026-05-26 09:00:00,52637.287
2026-05-26 10:00:00,52074.171
2026-05-26 11:00:00,51881.752
2026-05-26 12:00:00,51803.232
2026-05-26 13:00:00,51791.145
2026-05-26 14:00:00,51936.05
2026-05-26 15:00:00,51845.4
2026-05-26 16:00:00,51693.143
2026-05-26 17:00:00,51052.125
2026-05-26 18:00:00,51234.227
2026-05-26 19:00:00,50727.536
2026-05-26 20:00:00,49985.859
2026-05-26 21:00:00,49640.561
2026-05-26 22:00:00,50344.128
2026-05-26 23:00:00,50502.95
2026-05-27 00:00:00,50469.434
2026-05-27 01:00:00,50357.017
2026-05-27 02:00:00,50338.369
2026-05-27 03:00:00,50536.9
2026-05-27 04:00:00,50500.124
2026-05-27 05:00:00,50781.822
2026-05-27 06:00:00,51083.122
2026-05-27 07:00:00,51141.283
2026-05-27 08:00:00,51182.389
2026-05-27 09:00:00,52959.843
2026-05-27 10:00:00,53253.679
2026-05-27 11:00:00,53681.827
2026-05-27 12:00:00,54186.886
2026-05-27 13:00:00,54284.527
2026-05-27 14:00:00,54728.057
2026-05-27 15:00:00,54751.718
2026-05-27 16:00:00,54750.326
2026-05-27 17:00:00,54686.314
2026-05-27 18:00:00,56917.231
2026-05-27 19:00:00,57638.549
2026-05-27 20:00:00,57207.256
2026-05-27 21:00:00,57224.187
2026-05-27 22:00:00,56561.341
2026-05-27 23:00:00,56806.641
2026-05-28 00:00:00,56714.528
2026-05-28 01:00:00,56343.961
2026-05-28 02:00:00,56362.712
2026-05-28 03:00:00,56694.255
2026-05-28 04:00:00,57496.286
2026-05-28 05:00:00,57772.249
2026-05-28 06:00:00,57628.378
2026-05-28 07:00:00,57817.711
2026-05-28 08:00:00,57875.403
2026-05-28 09:00:00,58517.827
2026-05-28 10:00:00,59267.446
2026-05-28 11:00:00,59972.947
2026-05-28 12:00:00,60762.765
2026-05-28 13:00:00,60893.42
2026-05-28 14:00:00,61294.608
2026-05-28 15:00:00,61208.001
2026-05-28 16:00:00,61355.838
2026-05-28 17:00:00,60988.642
2026-05-28 18:00:00,60741.537
2026-05-28 19:00:00,61744.023
2026-05-28 20:00:00,61382.887
2026-05-28 21:00:00,60963.794
2026-05-28 22:00:00,60243.328
2026-05-28 23:00:00,59548.228
2026-05-29 00:00:00,59127.22
2026-05-29 01:00:00,58402.653
2026-05-29 02:00:00,58309.557
2026-05-29 03:00:00,58275.085
2026-05-29 04:00:00,58319.26
2026-05-29 05:00:00,57705.013
2026-05-29 06:00:00,57746.409
2026-05-29 07:00:00,58205.056
2026-05-29 08:00:00,58608.463
2026-05-29 09:00:00,58713.686
2026-05-29 10:00:00,57470.915
2026-05-29 11:00:00,57456.532
2026-05-29 12:00:00,56412.63
2026-05-29 13:00:00,56140.447
2026-05-29 14:00:00,56156.125
2026-05-29 15:00:00,56257.078
2026-05-29 16:00:00,56019.123
2026-05-29 17:00:00,56162.563
2026-05-29 18:00:00,56389.387
2026-05-29 19:00:00,57287.455
2026-05-29 20:00:00,56043.278
2026-05-29 21:00:00,56247.219
2026-05-29 22:00:00,55803.417
2026-05-29 23:00:00,55053.402
2026-05-30 00:00:00,54604.164
2026-05-30 01:00:00,54605.874
2026-05-30 02:00:00,53772.586
2026-05-30 03:00:00,53953.958
2026-05-30 04:00:00,54012.864
2026-05-30 05:00:00,54146.532
2026-05-30 06:00:00,53955.434
2026-05-30 07:00:00,54045.616
2026-05-30 08:00:00,54004.662
2026-05-30 09:00:00,54190.386
2026-05-30 10:00:00,54455.231
2026-05-30 11:00:00,54278.009
2026-05-30 12:00:00,54251.793
2026-05-30 13:00:00,54231.659
2026-05-30 14:00:00,54323.879
2026-05-30 15:00:00,54396.215
2026-05-30 16:00:00,54258.209
2026-05-30 17:00:00,54344.296
2026-05-30 18:00:00,54620.828
2026-05-30 19:00:00,54450.047
2026-05-30 20:00:00,54302.919
2026-05-30 21:00:00,54417.146
2026-05-30 22:00:00,54418.561
2026-05-30 23:00:00,54441.231
2026-05-31 00:00:00,54939.785
2026-05-31 01:00:00,54935.286
2026-05-31 02:00:00,54905.778
2026-05-31 03:00:00,54671.585
2026-05-31 04:00:00,54589.365
2026-05-31 05:00:00,54846.989
2026-05-31 06:00:00,54805.843
2026-05-31 07:00:00,54796.071
2026-05-31 08:00:00,55040.613
2026-05-31 09:00:00,54813.49
2026-05-31 10:00:00,54738.861
2026-05-31 11:00:00,54736.466
2026-05-31 12:00:00,54945.505
2026-05-31 13:00:00,54888.763
2026-05-31 14:00:00,54938.78
2026-05-31 15:00:00,55029.655
2026-05-31 16:00:00,55033.157
2026-05-31 17:00:00,54944.508
2026-05-31 18:00:00,54991.802
2026-05-31 19:00:00,54933.794
2026-05-31 20:00:00,54945.938
2026-05-31 21:00:00,54708.117
2026-05-31 22:00:00,54331.187
2026-05-31 23:00:00,54318.022
2026-06-01 00:00:00,54354.66
2026-06-01 01:00:00,54411.946
2026-06-01 02:00:00,54141.715
2026-06-01 03:00:00,54237.889
2026-06-01 04:00:00,53993.43
2026-06-01 05:00:00,53929.052
2026-06-01 06:00:00,53481.104
2026-06-01 07:00:00,53513.73
2026-06-01 08:00:00,53906.689
2026-06-01 09:00:00,53568.315
2026-06-01 10:00:00,53536.367
2026-06-01 11:00:00,53601.081
2026-06-01 12:00:00,53808.162
2026-06-01 13:00:00,54247.477
2026-06-01 14:00:00,54443.74
2026-06-01 15:00:00,56188.106
2026-06-01 16:00:00,55485.454
2026-06-01 17:00:00,57844.612
2026-06-01 18:00:00,58636.938
2026-06-01 19:00:00,59396.021
2026-06-01 20:00:00,59973.658
2026-06-01 21:00:00,61007.97
2026-06-01 22:00:00,60380.221
2026-06-01 23:00:00,60019.195
2026-06-02 00:00:00,58624.465
2026-06-02 01:00:00,58312.802
2026-06-02 02:00:00,57429.094
2026-06-02 03:00:00,57927.093
2026-06-02 04:00:00,58005.882
2026-06-02 05:00:00,58004.257
2026-06-02 06:00:00,57173.75
2026-06-02 07:00:00,57879.818
2026-06-02 08:00:00,57666.594
2026-06-02 09:00:00,57866.846
2026-06-02 10:00:00,58365.017
2026-06-02 11:00:00,57873.76
2026-06-02 12:00:00,58106.555
2026-06-02 13:00:00,57998.591
2026-06-02 14:00:00,57606.138
2026-06-02 15:00:00,57863.777
2026-06-02 16:00:00,58221.172
2026-06-02 17:00:00,58133.664
2026-06-02 18:00:00,58831.025
2026-06-02 19:00:00,58373.289
2026-06-02 20:00:00,59333.573
2026-06-02 21:00:00,59411.987
2026-06-02 22:00:00,60524.15
2026-06-02 23:00:00,60694.446
2026-06-03 00:00:00,58785.371
2026-06-03 01:00:00,58675.919
2026-06-03 02:00:00,58110.111
2026-06-03 03:00:00,58622.942
2026-06-03 04:00:00,58488.682
2026-06-03 05:00:00,57787.243
2026-06-03 06:00:00,58101.729
2026-06-03 07:00:00,58244.51
2026-06-03 08:00:00,58449.334
2026-06-03 09:00:00,57847.296
2026-06-03 10:00:00,56949.8
2026-06-03 11:00:00,57377.572
2026-06-03 12:00:00,59692.447
2026-06-03 13:00:00,59385.041
2026-06-03 14:00:00,59347.472
2026-06-03 15:00:00,58954.281
