datetime,funding_rate
2024-06-13 04:00:00,0.0001
2024-06-13 05:00:00,0.0001
2024-06-13 06:00:00,0.0001
2024-06-13 07:00:00,0.0001
2024-06-13 08:00:00,0.0001
2024-06-13 09:00:00,0.0001
2024-06-13 10:00:00,0.0001
2024-06-13 11:00:00,0.0001
2024-06-13 12:00:00,4.526e-05
2024-06-13 13:00:00,4.526e-05
2024-06-13 14:00:00,4.526e-05
2024-06-13 15:00:00,4.526e-05
2024-06-13 16:00:00,4.526e-05
2024-06-13 17:00:00,4.526e-05
2024-06-13 18:00:00,4.526e-05
2024-06-13 19:00:00,4.526e-05
2024-06-13 20:00:00,4.705e-05
2024-06-13 21:00:00,4.705e-05
2024-06-13 22:00:00,4.705e-05
2024-06-13 23:00:00,4.705e-05
2024-06-14 00:00:00,4.705e-05
2024-06-14 01:00:00,4.705e-05
2024-06-14 02:00:00,4.705e-05
2024-06-14 03:00:00,4.705e-05
2024-06-14 04:00:00,2.162e-05
2024-06-14 05:00:00,2.162e-05
2024-06-14 06:00:00,2.162e-05
2024-06-14 07:00:00,2.162e-05
2024-06-14 08:00:00,2.162e-05
2024-06-14 09:00:00,2.162e-05
2024-06-14 10:00:00,2.162e-05
2024-06-14 11:00:00,2.162e-05
2024-06-14 12:00:00,0.0001
2024-06-14 13:00:00,0.0001
2024-06-14 14:00:00,0.0001
2024-06-14 15:00:00,0.0001
2024-06-14 16:00:00,0.0001
2024-06-14 17:00:00,0.0001
2024-06-14 18:00:00,0.0001
2024-06-14 19:00:00,0.0001
2024-06-14 20:00:00,4.866e-05
2024-06-14 21:00:00,4.866e-05
2024-06-14 22:00:00,4.866e-05
2024-06-14 23:00:00,4.866e-05
2024-06-15 00:00:00,4.866e-05
2024-06-15 01:00:00,4.866e-05
2024-06-15 02:00:00,4.866e-05
2024-06-15 03:00:00,4.866e-05
2024-06-15 04:00:00,8.49e-06
2024-06-15 05:00:00,8.49e-06
2024-06-15 06:00:00,8.49e-06
2024-06-15 07:00:00,8.49e-06
2024-06-15 08:00:00,8.49e-06
2024-06-15 09:00:00,8.49e-06
2024-06-15 10:00:00,8.49e-06
2024-06-15 11:00:00,8.49e-06
2024-06-15 12:00:00,9.013e-05
2024-06-15 13:00:00,9.013e-05
2024-06-15 14:00:00,9.013e-05
2024-06-15 15:00:00,9.013e-05
2024-06-15 16:00:00,9.013e-05
2024-06-15 17:00:00,9.013e-05
2024-06-15 18:00:00,9.013e-05
2024-06-15 19:00:00,9.013e-05
2024-06-15 20:00:00,2.833e-05
2024-06-15 21:00:00,2.833e-05
2024-06-15 22:00:00,2.833e-05
2024-06-15 23:00:00,2.833e-05
2024-06-16 00:00:00,2.833e-05
2024-06-16 01:00:00,2.833e-05
2024-06-16 02:00:00,2.833e-05
2024-06-16 03:00:00,2.833e-05
2024-06-16 04:00:00,1.204e-05
2024-06-16 05:00:00,1.204e-05
2024-06-16 06:00:00,1.204e-05
2024-06-16 07:00:00,1.204e-05
2024-06-16 08:00:00,1.204e-05
2024-06-16 09:00:00,1.204e-05
2024-06-16 10:00:00,1.204e-05
2024-06-16 11:00:00,1.204e-05
2024-06-16 12:00:00,-1.968e-05
2024-06-16 13:00:00,-1.968e-05
2024-06-16 14:00:00,-1.968e-05
2024-06-16 15:00:00,-1.968e-05
2024-06-16 16:00:00,-1.968e-05
2024-06-16 17:00:00,-1.968e-05
2024-06-16 18:00:00,-1.968e-05
2024-06-16 19:00:00,-1.968e-05
2024-06-16 20:00:00,-2.464e-05
2024-06-16 21:00:00,-2.464e-05
2024-06-16 22:00:00,-2.464e-05
2024-06-16 23:00:00,-2.464e-05
2024-06-17 00:00:00,-2.464e-05
2024-06-17 01:00:00,-2.464e-05
2024-06-17 02:00:00,-2.464e-05
2024-06-17 03:00:00,-2.464e-05
2024-06-17 04:00:00,-2.987e-05
2024-06-17 05:00:00,-2.987e-05
2024-06-17 06:00:00,-2.987e-05
2024-06-17 07:00:00,-2.987e-05
2024-06-17 08:00:00,-2.987e-05
2024-06-17 09:00:00,-2.987e-05
2024-06-17 10:00:00,-2.987e-05
2024-06-17 11:00:00,-2.987e-05
2024-06-17 12:00:00,4.1e-06
2024-06-17 13:00:00,4.1e-06
2024-06-17 14:00:00,4.1e-06
2024-06-17 15:00:00,4.1e-06
2024-06-17 16:00:00,4.1e-06
2024-06-17 17:00:00,4.1e-06
2024-06-17 18:00:00,4.1e-06
2024-06-17 19:00:00,4.1e-06
2024-06-17 20:00:00,-9.86e-06
2024-06-17 21:00:00,-9.86e-06
2024-06-17 22:00:00,-9.86e-06
2024-06-17 23:00:00,-9.86e-06
2024-06-18 00:00:00,-9.86e-06
2024-06-18 01:00:00,-9.86e-06
2024-06-18 02:00:00,-9.86e-06
2024-06-18 03:00:00,-9.86e-06
2024-06-18 04:00:00,2.32e-06
2024-06-18 05:00:00,2.32e-06
2024-06-18 06:00:00,2.32e-06
2024-06-18 07:00:00,2.32e-06
2024-06-18 08:00:00,2.32e-06
2024-06-18 09:00:00,2.32e-06
2024-06-18 10:00:00,2.32e-06
2024-06-18 11:00:00,2.32e-06
2024-06-18 12:00:00,0.0001
2024-06-18 13:00:00,0.0001
2024-06-18 14:00:00,0.0001
2024-06-18 15:00:00,0.0001
2024-06-18 16:00:00,0.0001
2024-06-18 17:00:00,0.0001
2024-06-18 18:00:00,0.0001
2024-06-18 19:00:00,0.0001
2024-06-18 20:00:00,6.445e-05
2024-06-18 21:00:00,6.445e-05
2024-06-18 22:00:00,6.445e-05
2024-06-18 23:00:00,6.445e-05
2024-06-19 00:00:00,6.445e-05
2024-06-19 01:00:00,6.445e-05
2024-06-19 02:00:00,6.445e-05
2024-06-19 03:00:00,6.445e-05
2024-06-19 04:00:00,0.0001
2024-06-19 05:00:00,0.0001
2024-06-19 06:00:00,0.0001
2024-06-19 07:00:00,0.0001
2024-06-19 08:00:00,0.0001
2024-06-19 09:00:00,0.0001
2024-06-19 10:00:00,0.0001
2024-06-19 11:00:00,0.0001
2024-06-19 12:00:00,7.993e-05
2024-06-19 13:00:00,7.993e-05
2024-06-19 14:00:00,7.993e-05
2024-06-19 15:00:00,7.993e-05
2024-06-19 16:00:00,7.993e-05
2024-06-19 17:00:00,7.993e-05
2024-06-19 18:00:00,7.993e-05
2024-06-19 19:00:00,7.993e-05
2024-06-19 20:00:00,1.73e-06
2024-06-19 21:00:00,1.73e-06
2024-06-19 22:00:00,1.73e-06
2024-06-19 23:00:00,1.73e-06
2024-06-20 00:00:00,1.73e-06
2024-06-20 01:00:00,1.73e-06
2024-06-20 02:00:00,1.73e-06
2024-06-20 03:00:00,1.73e-06
2024-06-20 04:00:00,8.409e-05
2024-06-20 05:00:00,8.409e-05
2024-06-20 06:00:00,8.409e-05
2024-06-20 07:00:00,8.409e-05
2024-06-20 08:00:00,8.409e-05
2024-06-20 09:00:00,8.409e-05
2024-06-20 10:00:00,8.409e-05
2024-06-20 11:00:00,8.409e-05
2024-06-20 12:00:00,0.0001
2024-06-20 13:00:00,0.0001
2024-06-20 14:00:00,0.0001
2024-06-20 15:00:00,0.0001
2024-06-20 16:00:00,0.0001
2024-06-20 17:00:00,0.0001
2024-06-20 18:00:00,0.0001
2024-06-20 19:00:00,0.0001
2024-06-20 20:00:00,0.0001
2024-06-20 21:00:00,0.0001
2024-06-20 22:00:00,0.0001
2024-06-20 23:00:00,0.0001
2024-06-21 00:00:00,0.0001
2024-06-21 01:00:00,0.0001
2024-06-21 02:00:00,0.0001
2024-06-21 03:00:00,0.0001
2024-06-21 04:00:00,7.6e-05
2024-06-21 05:00:00,7.6e-05
2024-06-21 06:00:00,7.6e-05
2024-06-21 07:00:00,7.6e-05
2024-06-21 08:00:00,7.6e-05
2024-06-21 09:00:00,7.6e-05
2024-06-21 10:00:00,7.6e-05
2024-06-21 11:00:00,7.6e-05
2024-06-21 12:00:00,-1.57e-06
2024-06-21 13:00:00,-1.57e-06
2024-06-21 14:00:00,-1.57e-06
2024-06-21 15:00:00,-1.57e-06
2024-06-21 16:00:00,-1.57e-06
2024-06-21 17:00:00,-1.57e-06
2024-06-21 18:00:00,-1.57e-06
2024-06-21 19:00:00,-1.57e-06
2024-06-21 20:00:00,-3.133e-05
2024-06-21 21:00:00,-3.133e-05
2024-06-21 22:00:00,-3.133e-05
2024-06-21 23:00:00,-3.133e-05
2024-06-22 00:00:00,-3.133e-05
2024-06-22 01:00:00,-3.133e-05
2024-06-22 02:00:00,-3.133e-05
2024-06-22 03:00:00,-3.133e-05
2024-06-22 04:00:00,9.131e-05
2024-06-22 05:00:00,9.131e-05
2024-06-22 06:00:00,9.131e-05
2024-06-22 07:00:00,9.131e-05
2024-06-22 08:00:00,9.131e-05
2024-06-22 09:00:00,9.131e-05
2024-06-22 10:00:00,9.131e-05
2024-06-22 11:00:00,9.131e-05
2024-06-22 12:00:00,-7.713e-05
2024-06-22 13:00:00,-7.713e-05
2024-06-22 14:00:00,-7.713e-05
2024-06-22 15:00:00,-7.713e-05
2024-06-22 16:00:00,-7.713e-05
2024-06-22 17:00:00,-7.713e-05
2024-06-22 18:00:00,-7.713e-05
2024-06-22 19:00:00,-7.713e-05
2024-06-22 20:00:00,1.375e-05
2024-06-22 21:00:00,1.375e-05
2024-06-22 22:00:00,1.375e-05
2024-06-22 23:00:00,1.375e-05
2024-06-23 00:00:00,1.375e-05
2024-06-23 01:00:00,1.375e-05
2024-06-23 02:00:00,1.375e-05
2024-06-23 03:00:00,1.375e-05
2024-06-23 04:00:00,1.361e-05
2024-06-23 05:00:00,1.361e-05
2024-06-23 06:00:00,1.361e-05
2024-06-23 07:00:00,1.361e-05
2024-06-23 08:00:00,1.361e-05
2024-06-23 09:00:00,1.361e-05
2024-06-23 10:00:00,1.361e-05
2024-06-23 11:00:00,1.361e-05
2024-06-23 12:00:00,-2.913e-05
2024-06-23 13:00:00,-2.913e-05
2024-06-23 14:00:00,-2.913e-05
2024-06-23 15:00:00,-2.913e-05
2024-06-23 16:00:00,-2.913e-05
2024-06-23 17:00:00,-2.913e-05
2024-06-23 18:00:00,-2.913e-05
2024-06-23 19:00:00,-2.913e-05
2024-06-23 20:00:00,3.299e-05
2024-06-23 21:00:00,3.299e-05
2024-06-23 22:00:00,3.299e-05
2024-06-23 23:00:00,3.299e-05
2024-06-24 00:00:00,3.299e-05
2024-06-24 01:00:00,3.299e-05
2024-06-24 02:00:00,3.299e-05
2024-06-24 03:00:00,3.299e-05
2024-06-24 04:00:00,1.505e-05
2024-06-24 05:00:00,1.505e-05
2024-06-24 06:00:00,1.505e-05
2024-06-24 07:00:00,1.505e-05
2024-06-24 08:00:00,1.505e-05
2024-06-24 09:00:00,1.505e-05
2024-06-24 10:00:00,1.505e-05
2024-06-24 11:00:00,1.505e-05
2024-06-24 12:00:00,-6.977e-05
2024-06-24 13:00:00,-6.977e-05
2024-06-24 14:00:00,-6.977e-05
2024-06-24 15:00:00,-6.977e-05
2024-06-24 16:00:00,-6.977e-05
2024-06-24 17:00:00,-6.977e-05
2024-06-24 18:00:00,-6.977e-05
2024-06-24 19:00:00,-6.977e-05
2024-06-24 20:00:00,-0.0001414
2024-06-24 21:00:00,-0.0001414
2024-06-24 22:00:00,-0.0001414
2024-06-24 23:00:00,-0.0001414
2024-06-25 00:00:00,-0.0001414
2024-06-25 01:00:00,-0.0001414
2024-06-25 02:00:00,-0.0001414
2024-06-25 03:00:00,-0.0001414
2024-06-25 04:00:00,-0.0001186
2024-06-25 05:00:00,-0.0001186
2024-06-25 06:00:00,-0.0001186
2024-06-25 07:00:00,-0.0001186
2024-06-25 08:00:00,-0.0001186
2024-06-25 09:00:00,-0.0001186
2024-06-25 10:00:00,-0.0001186
2024-06-25 11:00:00,-0.0001186
2024-06-25 12:00:00,-8.286e-05
2024-06-25 13:00:00,-8.286e-05
2024-06-25 14:00:00,-8.286e-05
2024-06-25 15:00:00,-8.286e-05
2024-06-25 16:00:00,-8.286e-05
2024-06-25 17:00:00,-8.286e-05
2024-06-25 18:00:00,-8.286e-05
2024-06-25 19:00:00,-8.286e-05
2024-06-25 20:00:00,-2.683e-05
2024-06-25 21:00:00,-2.683e-05
2024-06-25 22:00:00,-2.683e-05
2024-06-25 23:00:00,-2.683e-05
2024-06-26 00:00:00,-2.683e-05
2024-06-26 01:00:00,-2.683e-05
2024-06-26 02:00:00,-2.683e-05
2024-06-26 03:00:00,-2.683e-05
2024-06-26 04:00:00,-0.00012635
2024-06-26 05:00:00,-0.00012635
2024-06-26 06:00:00,-0.00012635
2024-06-26 07:00:00,-0.00012635
2024-06-26 08:00:00,-0.00012635
2024-06-26 09:00:00,-0.00012635
2024-06-26 10:00:00,-0.00012635
2024-06-26 11:00:00,-0.00012635
2024-06-26 12:00:00,-9.366e-05
2024-06-26 13:00:00,-9.366e-05
2024-06-26 14:00:00,-9.366e-05
2024-06-26 15:00:00,-9.366e-05
2024-06-26 16:00:00,-9.366e-05
2024-06-26 17:00:00,-9.366e-05
2024-06-26 18:00:00,-9.366e-05
2024-06-26 19:00:00,-9.366e-05
2024-06-26 20:00:00,-6.612e-05
2024-06-26 21:00:00,-6.612e-05
2024-06-26 22:00:00,-6.612e-05
2024-06-26 23:00:00,-6.612e-05
2024-06-27 00:00:00,-6.612e-05
2024-06-27 01:00:00,-6.612e-05
2024-06-27 02:00:00,-6.612e-05
2024-06-27 03:00:00,-6.612e-05
2024-06-27 04:00:00,-3.526e-05
2024-06-27 05:00:00,-3.526e-05
2024-06-27 06:00:00,-3.526e-05
2024-06-27 07:00:00,-3.526e-05
2024-06-27 08:00:00,-3.526e-05
2024-06-27 09:00:00,-3.526e-05
2024-06-27 10:00:00,-3.526e-05
2024-06-27 11:00:00,-3.526e-05
2024-06-27 12:00:00,4.902e-05
2024-06-27 13:00:00,4.902e-05
2024-06-27 14:00:00,4.902e-05
2024-06-27 15:00:00,4.902e-05
2024-06-27 16:00:00,4.902e-05
2024-06-27 17:00:00,4.902e-05
2024-06-27 18:00:00,4.902e-05
2024-06-27 19:00:00,4.902e-05
2024-06-27 20:00:00,8.267e-05
2024-06-27 21:00:00,8.267e-05
2024-06-27 22:00:00,8.267e-05
2024-06-27 23:00:00,8.267e-05
2024-06-28 00:00:00,8.267e-05
2024-06-28 01:00:00,8.267e-05
2024-06-28 02:00:00,8.267e-05
2024-06-28 03:00:00,8.267e-05
2024-06-28 04:00:00,3.226e-05
2024-06-28 05:00:00,3.226e-05
2024-06-28 06:00:00,3.226e-05
2024-06-28 07:00:00,3.226e-05
2024-06-28 08:00:00,3.226e-05
2024-06-28 09:00:00,3.226e-05
2024-06-28 10:00:00,3.226e-05
2024-06-28 11:00:00,3.226e-05
2024-06-28 12:00:00,2.455e-05
2024-06-28 13:00:00,2.455e-05
2024-06-28 14:00:00,2.455e-05
2024-06-28 15:00:00,2.455e-05
2024-06-28 16:00:00,2.455e-05
2024-06-28 17:00:00,2.455e-05
2024-06-28 18:00:00,2.455e-05
2024-06-28 19:00:00,2.455e-05
2024-06-28 20:00:00,-2.545e-05
2024-06-28 21:00:00,-2.545e-05
2024-06-28 22:00:00,-2.545e-05
2024-06-28 23:00:00,-2.545e-05
2024-06-29 00:00:00,-2.545e-05
2024-06-29 01:00:00,-2.545e-05
2024-06-29 02:00:00,-2.545e-05
2024-06-29 03:00:00,-2.545e-05
2024-06-29 04:00:00,0.0001
2024-06-29 05:00:00,0.0001
2024-06-29 06:00:00,0.0001
2024-06-29 07:00:00,0.0001
2024-06-29 08:00:00,0.0001
2024-06-29 09:00:00,0.0001
2024-06-29 10:00:00,0.0001
2024-06-29 11:00:00,0.0001
2024-06-29 12:00:00,-0.0001494
2024-06-29 13:00:00,-0.0001494
2024-06-29 14:00:00,-0.0001494
2024-06-29 15:00:00,-0.0001494
2024-06-29 16:00:00,-0.0001494
2024-06-29 17:00:00,-0.0001494
2024-06-29 18:00:00,-0.0001494
2024-06-29 19:00:00,-0.0001494
2024-06-29 20:00:00,5.126e-05
2024-06-29 21:00:00,5.126e-05
2024-06-29 22:00:00,5.126e-05
2024-06-29 23:00:00,5.126e-05
2024-06-30 00:00:00,5.126e-05
2024-06-30 01:00:00,5.126e-05
2024-06-30 02:00:00,5.126e-05
2024-06-30 03:00:00,5.126e-05
2024-06-30 04:00:00,-5.87e-05
2024-06-30 05:00:00,-5.87e-05
2024-06-30 06:00:00,-5.87e-05
2024-06-30 07:00:00,-5.87e-05
2024-06-30 08:00:00,-5.87e-05
2024-06-30 09:00:00,-5.87e-05
2024-06-30 10:00:00,-5.87e-05
2024-06-30 11:00:00,-5.87e-05
2024-06-30 12:00:00,-6.335e-05
2024-06-30 13:00:00,-6.335e-05
2024-06-30 14:00:00,-6.335e-05
2024-06-30 15:00:00,-6.335e-05
2024-06-30 16:00:00,-6.335e-05
2024-06-30 17:00:00,-6.335e-05
2024-06-30 18:00:00,-6.335e-05
2024-06-30 19:00:00,-6.335e-05
2024-06-30 20:00:00,-0.00014348
2024-06-30 21:00:00,-0.00014348
2024-06-30 22:00:00,-0.00014348
2024-06-30 23:00:00,-0.00014348
2024-07-01 00:00:00,-0.00014348
2024-07-01 01:00:00,-0.00014348
2024-07-01 02:00:00,-0.00014348
2024-07-01 03:00:00,-0.00014348
2024-07-01 04:00:00,-1.829e-05
2024-07-01 05:00:00,-1.829e-05
2024-07-01 06:00:00,-1.829e-05
2024-07-01 07:00:00,-1.829e-05
2024-07-01 08:00:00,-1.829e-05
2024-07-01 09:00:00,-1.829e-05
2024-07-01 10:00:00,-1.829e-05
2024-07-01 11:00:00,-1.829e-05
2024-07-01 12:00:00,-0.00011856
2024-07-01 13:00:00,-0.00011856
2024-07-01 14:00:00,-0.00011856
2024-07-01 15:00:00,-0.00011856
2024-07-01 16:00:00,-0.00011856
2024-07-01 17:00:00,-0.00011856
2024-07-01 18:00:00,-0.00011856
2024-07-01 19:00:00,-0.00011856
2024-07-01 20:00:00,-3.625e-05
2024-07-01 21:00:00,-3.625e-05
2024-07-01 22:00:00,-3.625e-05
2024-07-01 23:00:00,-3.625e-05
2024-07-02 00:00:00,-3.625e-05
2024-07-02 01:00:00,-3.625e-05
2024-07-02 02:00:00,-3.625e-05
2024-07-02 03:00:00,-3.625e-05
2024-07-02 04:00:00,-6.61e-05
2024-07-02 05:00:00,-6.61e-05
2024-07-02 06:00:00,-6.61e-05
2024-07-02 07:00:00,-6.61e-05
2024-07-02 08:00:00,-6.61e-05
2024-07-02 09:00:00,-6.61e-05
2024-07-02 10:00:00,-6.61e-05
2024-07-02 11:00:00,-6.61e-05
2024-07-02 12:00:00,-5.81e-06
2024-07-02 13:00:00,-5.81e-06
2024-07-02 14:00:00,-5.81e-06
2024-07-02 15:00:00,-5.81e-06
2024-07-02 16:00:00,-5.81e-06
2024-07-02 17:00:00,-5.81e-06
2024-07-02 18:00:00,-5.81e-06
2024-07-02 19:00:00,-5.81e-06
2024-07-02 20:00:00,5.178e-05
2024-07-02 21:00:00,5.178e-05
2024-07-02 22:00:00,5.178e-05
2024-07-02 23:00:00,5.178e-05
2024-07-03 00:00:00,5.178e-05
2024-07-03 01:00:00,5.178e-05
2024-07-03 02:00:00,5.178e-05
2024-07-03 03:00:00,5.178e-05
2024-07-03 04:00:00,4.183e-05
2024-07-03 05:00:00,4.183e-05
2024-07-03 06:00:00,4.183e-05
2024-07-03 07:00:00,4.183e-05
2024-07-03 08:00:00,4.183e-05
2024-07-03 09:00:00,4.183e-05
2024-07-03 10:00:00,4.183e-05
2024-07-03 11:00:00,4.183e-05
2024-07-03 12:00:00,3.338e-05
2024-07-03 13:00:00,3.338e-05
2024-07-03 14:00:00,3.338e-05
2024-07-03 15:00:00,3.338e-05
2024-07-03 16:00:00,3.338e-05
2024-07-03 17:00:00,3.338e-05
2024-07-03 18:00:00,3.338e-05
2024-07-03 19:00:00,3.338e-05
2024-07-03 20:00:00,-2.314e-05
2024-07-03 21:00:00,-2.314e-05
2024-07-03 22:00:00,-2.314e-05
2024-07-03 23:00:00,-2.314e-05
2024-07-04 00:00:00,-2.314e-05
2024-07-04 01:00:00,-2.314e-05
2024-07-04 02:00:00,-2.314e-05
2024-07-04 03:00:00,-2.314e-05
2024-07-04 04:00:00,5.803e-05
2024-07-04 05:00:00,5.803e-05
2024-07-04 06:00:00,5.803e-05
2024-07-04 07:00:00,5.803e-05
2024-07-04 08:00:00,5.803e-05
2024-07-04 09:00:00,5.803e-05
2024-07-04 10:00:00,5.803e-05
2024-07-04 11:00:00,5.803e-05
2024-07-04 12:00:00,3.251e-05
2024-07-04 13:00:00,3.251e-05
2024-07-04 14:00:00,3.251e-05
2024-07-04 15:00:00,3.251e-05
2024-07-04 16:00:00,3.251e-05
2024-07-04 17:00:00,3.251e-05
2024-07-04 18:00:00,3.251e-05
2024-07-04 19:00:00,3.251e-05
2024-07-04 20:00:00,-2.617e-05
2024-07-04 21:00:00,-2.617e-05
2024-07-04 22:00:00,-2.617e-05
2024-07-04 23:00:00,-2.617e-05
2024-07-05 00:00:00,-2.617e-05
2024-07-05 01:00:00,-2.617e-05
2024-07-05 02:00:00,-2.617e-05
2024-07-05 03:00:00,-2.617e-05
2024-07-05 04:00:00,4.545e-05
2024-07-05 05:00:00,4.545e-05
2024-07-05 06:00:00,4.545e-05
2024-07-05 07:00:00,4.545e-05
2024-07-05 08:00:00,4.545e-05
2024-07-05 09:00:00,4.545e-05
2024-07-05 10:00:00,4.545e-05
2024-07-05 11:00:00,4.545e-05
2024-07-05 12:00:00,0.0001
2024-07-05 13:00:00,0.0001
2024-07-05 14:00:00,0.0001
2024-07-05 15:00:00,0.0001
2024-07-05 16:00:00,0.0001
2024-07-05 17:00:00,0.0001
2024-07-05 18:00:00,0.0001
2024-07-05 19:00:00,0.0001
2024-07-05 20:00:00,1.577e-05
2024-07-05 21:00:00,1.577e-05
2024-07-05 22:00:00,1.577e-05
2024-07-05 23:00:00,1.577e-05
2024-07-06 00:00:00,1.577e-05
2024-07-06 01:00:00,1.577e-05
2024-07-06 02:00:00,1.577e-05
2024-07-06 03:00:00,1.577e-05
2024-07-06 04:00:00,-1.215e-05
2024-07-06 05:00:00,-1.215e-05
2024-07-06 06:00:00,-1.215e-05
2024-07-06 07:00:00,-1.215e-05
2024-07-06 08:00:00,-1.215e-05
2024-07-06 09:00:00,-1.215e-05
2024-07-06 10:00:00,-1.215e-05
2024-07-06 11:00:00,-1.215e-05
2024-07-06 12:00:00,7.586e-05
2024-07-06 13:00:00,7.586e-05
2024-07-06 14:00:00,7.586e-05
2024-07-06 15:00:00,7.586e-05
2024-07-06 16:00:00,7.586e-05
2024-07-06 17:00:00,7.586e-05
2024-07-06 18:00:00,7.586e-05
2024-07-06 19:00:00,7.586e-05
2024-07-06 20:00:00,5.275e-05
2024-07-06 21:00:00,5.275e-05
2024-07-06 22:00:00,5.275e-05
2024-07-06 23:00:00,5.275e-05
2024-07-07 00:00:00,5.275e-05
2024-07-07 01:00:00,5.275e-05
2024-07-07 02:00:00,5.275e-05
2024-07-07 03:00:00,5.275e-05
2024-07-07 04:00:00,-5.467e-05
2024-07-07 05:00:00,-5.467e-05
2024-07-07 06:00:00,-5.467e-05
2024-07-07 07:00:00,-5.467e-05
2024-07-07 08:00:00,-5.467e-05
2024-07-07 09:00:00,-5.467e-05
2024-07-07 10:00:00,-5.467e-05
2024-07-07 11:00:00,-5.467e-05
2024-07-07 12:00:00,0.0001
2024-07-07 13:00:00,0.0001
2024-07-07 14:00:00,0.0001
2024-07-07 15:00:00,0.0001
2024-07-07 16:00:00,0.0001
2024-07-07 17:00:00,0.0001
2024-07-07 18:00:00,0.0001
2024-07-07 19:00:00,0.0001
2024-07-07 20:00:00,5.711e-05
2024-07-07 21:00:00,5.711e-05
2024-07-07 22:00:00,5.711e-05
2024-07-07 23:00:00,5.711e-05
2024-07-08 00:00:00,5.711e-05
2024-07-08 01:00:00,5.711e-05
2024-07-08 02:00:00,5.711e-05
2024-07-08 03:00:00,5.711e-05
2024-07-08 04:00:00,-2.263e-05
2024-07-08 05:00:00,-2.263e-05
2024-07-08 06:00:00,-2.263e-05
2024-07-08 07:00:00,-2.263e-05
2024-07-08 08:00:00,-2.263e-05
2024-07-08 09:00:00,-2.263e-05
2024-07-08 10:00:00,-2.263e-05
2024-07-08 11:00:00,-2.263e-05
2024-07-08 12:00:00,8.711e-05
2024-07-08 13:00:00,8.711e-05
2024-07-08 14:00:00,8.711e-05
2024-07-08 15:00:00,8.711e-05
2024-07-08 16:00:00,8.711e-05
2024-07-08 17:00:00,8.711e-05
2024-07-08 18:00:00,8.711e-05
2024-07-08 19:00:00,8.711e-05
2024-07-08 20:00:00,0.0001
2024-07-08 21:00:00,0.0001
2024-07-08 22:00:00,0.0001
2024-07-08 23:00:00,0.0001
2024-07-09 00:00:00,0.0001
2024-07-09 01:00:00,0.0001
2024-07-09 02:00:00,0.0001
2024-07-09 03:00:00,0.0001
2024-07-09 04:00:00,8.992e-05
2024-07-09 05:00:00,8.992e-05
2024-07-09 06:00:00,8.992e-05
2024-07-09 07:00:00,8.992e-05
2024-07-09 08:00:00,8.992e-05
2024-07-09 09:00:00,8.992e-05
2024-07-09 10:00:00,8.992e-05
2024-07-09 11:00:00,8.992e-05
2024-07-09 12:00:00,0.0001
2024-07-09 13:00:00,0.0001
2024-07-09 14:00:00,0.0001
2024-07-09 15:00:00,0.0001
2024-07-09 16:00:00,0.0001
2024-07-09 17:00:00,0.0001
2024-07-09 18:00:00,0.0001
2024-07-09 19:00:00,0.0001
2024-07-09 20:00:00,0.0001
2024-07-09 21:00:00,0.0001
2024-07-09 22:00:00,0.0001
2024-07-09 23:00:00,0.0001
2024-07-10 00:00:00,0.0001
2024-07-10 01:00:00,0.0001
2024-07-10 02:00:00,0.0001
2024-07-10 03:00:00,0.0001
2024-07-10 04:00:00,0.0001
2024-07-10 05:00:00,0.0001
2024-07-10 06:00:00,0.0001
2024-07-10 07:00:00,0.0001
2024-07-10 08:00:00,0.0001
2024-07-10 09:00:00,0.0001
2024-07-10 10:00:00,0.0001
2024-07-10 11:00:00,0.0001
2024-07-10 12:00:00,3.916e-05
2024-07-10 13:00:00,3.916e-05
2024-07-10 14:00:00,3.916e-05
2024-07-10 15:00:00,3.916e-05
2024-07-10 16:00:00,3.916e-05
2024-07-10 17:00:00,3.916e-05
2024-07-10 18:00:00,3.916e-05
2024-07-10 19:00:00,3.916e-05
2024-07-10 20:00:00,0.0001
2024-07-10 21:00:00,0.0001
2024-07-10 22:00:00,0.0001
2024-07-10 23:00:00,0.0001
2024-07-11 00:00:00,0.0001
2024-07-11 01:00:00,0.0001
2024-07-11 02:00:00,0.0001
2024-07-11 03:00:00,0.0001
2024-07-11 04:00:00,0.0001
2024-07-11 05:00:00,0.0001
2024-07-11 06:00:00,0.0001
2024-07-11 07:00:00,0.0001
2024-07-11 08:00:00,0.0001
2024-07-11 09:00:00,0.0001
2024-07-11 10:00:00,0.0001
2024-07-11 11:00:00,0.0001
2024-07-11 12:00:00,4.13e-05
2024-07-11 13:00:00,4.13e-05
2024-07-11 14:00:00,4.13e-05
2024-07-11 15:00:00,4.13e-05
2024-07-11 16:00:00,4.13e-05
2024-07-11 17:00:00,4.13e-05
2024-07-11 18:00:00,4.13e-05
2024-07-11 19:00:00,4.13e-05
2024-07-11 20:00:00,7.84e-06
2024-07-11 21:00:00,7.84e-06
2024-07-11 22:00:00,7.84e-06
2024-07-11 23:00:00,7.84e-06
2024-07-12 00:00:00,7.84e-06
2024-07-12 01:00:00,7.84e-06
2024-07-12 02:00:00,7.84e-06
2024-07-12 03:00:00,7.84e-06
2024-07-12 04:00:00,0.0001
2024-07-12 05:00:00,0.0001
2024-07-12 06:00:00,0.0001
2024-07-12 07:00:00,0.0001
2024-07-12 08:00:00,0.0001
2024-07-12 09:00:00,0.0001
2024-07-12 10:00:00,0.0001
2024-07-12 11:00:00,0.0001
2024-07-12 12:00:00,4.673e-05
2024-07-12 13:00:00,4.673e-05
2024-07-12 14:00:00,4.673e-05
2024-07-12 15:00:00,4.673e-05
2024-07-12 16:00:00,4.673e-05
2024-07-12 17:00:00,4.673e-05
2024-07-12 18:00:00,4.673e-05
2024-07-12 19:00:00,4.673e-05
2024-07-12 20:00:00,-3.418e-05
2024-07-12 21:00:00,-3.418e-05
2024-07-12 22:00:00,-3.418e-05
2024-07-12 23:00:00,-3.418e-05
2024-07-13 00:00:00,-3.418e-05
2024-07-13 01:00:00,-3.418e-05
2024-07-13 02:00:00,-3.418e-05
2024-07-13 03:00:00,-3.418e-05
2024-07-13 04:00:00,-1.64e-06
2024-07-13 05:00:00,-1.64e-06
2024-07-13 06:00:00,-1.64e-06
2024-07-13 07:00:00,-1.64e-06
2024-07-13 08:00:00,-1.64e-06
2024-07-13 09:00:00,-1.64e-06
2024-07-13 10:00:00,-1.64e-06
2024-07-13 11:00:00,-1.64e-06
2024-07-13 12:00:00,9.8e-07
2024-07-13 13:00:00,9.8e-07
2024-07-13 14:00:00,9.8e-07
2024-07-13 15:00:00,9.8e-07
2024-07-13 16:00:00,9.8e-07
2024-07-13 17:00:00,9.8e-07
2024-07-13 18:00:00,9.8e-07
2024-07-13 19:00:00,9.8e-07
2024-07-13 20:00:00,7.82e-05
2024-07-13 21:00:00,7.82e-05
2024-07-13 22:00:00,7.82e-05
2024-07-13 23:00:00,7.82e-05
2024-07-14 00:00:00,7.82e-05
2024-07-14 01:00:00,7.82e-05
2024-07-14 02:00:00,7.82e-05
2024-07-14 03:00:00,7.82e-05
2024-07-14 04:00:00,5.461e-05
2024-07-14 05:00:00,5.461e-05
2024-07-14 06:00:00,5.461e-05
2024-07-14 07:00:00,5.461e-05
2024-07-14 08:00:00,5.461e-05
2024-07-14 09:00:00,5.461e-05
2024-07-14 10:00:00,5.461e-05
2024-07-14 11:00:00,5.461e-05
2024-07-14 12:00:00,0.0001
2024-07-14 13:00:00,0.0001
2024-07-14 14:00:00,0.0001
2024-07-14 15:00:00,0.0001
2024-07-14 16:00:00,0.0001
2024-07-14 17:00:00,0.0001
2024-07-14 18:00:00,0.0001
2024-07-14 19:00:00,0.0001
2024-07-14 20:00:00,2.743e-05
2024-07-14 21:00:00,2.743e-05
2024-07-14 22:00:00,2.743e-05
2024-07-14 23:00:00,2.743e-05
2024-07-15 00:00:00,2.743e-05
2024-07-15 01:00:00,2.743e-05
2024-07-15 02:00:00,2.743e-05
2024-07-15 03:00:00,2.743e-05
2024-07-15 04:00:00,1.34e-06
2024-07-15 05:00:00,1.34e-06
2024-07-15 06:00:00,1.34e-06
2024-07-15 07:00:00,1.34e-06
2024-07-15 08:00:00,1.34e-06
2024-07-15 09:00:00,1.34e-06
2024-07-15 10:00:00,1.34e-06
2024-07-15 11:00:00,1.34e-06
2024-07-15 12:00:00,-4.93e-06
2024-07-15 13:00:00,-4.93e-06
2024-07-15 14:00:00,-4.93e-06
2024-07-15 15:00:00,-4.93e-06
2024-07-15 16:00:00,-4.93e-06
2024-07-15 17:00:00,-4.93e-06
2024-07-15 18:00:00,-4.93e-06
2024-07-15 19:00:00,-4.93e-06
2024-07-15 20:00:00,0.0001
2024-07-15 21:00:00,0.0001
2024-07-15 22:00:00,0.0001
2024-07-15 23:00:00,0.0001
2024-07-16 00:00:00,0.0001
2024-07-16 01:00:00,0.0001
2024-07-16 02:00:00,0.0001
2024-07-16 03:00:00,0.0001
2024-07-16 04:00:00,-4.633e-05
2024-07-16 05:00:00,-4.633e-05
2024-07-16 06:00:00,-4.633e-05
2024-07-16 07:00:00,-4.633e-05
2024-07-16 08:00:00,-4.633e-05
2024-07-16 09:00:00,-4.633e-05
2024-07-16 10:00:00,-4.633e-05
2024-07-16 11:00:00,-4.633e-05
2024-07-16 12:00:00,0.0001
2024-07-16 13:00:00,0.0001
2024-07-16 14:00:00,0.0001
2024-07-16 15:00:00,0.0001
2024-07-16 16:00:00,0.0001
2024-07-16 17:00:00,0.0001
2024-07-16 18:00:00,0.0001
2024-07-16 19:00:00,0.0001
2024-07-16 20:00:00,0.0001
2024-07-16 21:00:00,0.0001
2024-07-16 22:00:00,0.0001
2024-07-16 23:00:00,0.0001
2024-07-17 00:00:00,0.0001
2024-07-17 01:00:00,0.0001
2024-07-17 02:00:00,0.0001
2024-07-17 03:00:00,0.0001
2024-07-17 04:00:00,8.038e-05
2024-07-17 05:00:00,8.038e-05
2024-07-17 06:00:00,8.038e-05
2024-07-17 07:00:00,8.038e-05
2024-07-17 08:00:00,8.038e-05
2024-07-17 09:00:00,8.038e-05
2024-07-17 10:00:00,8.038e-05
2024-07-17 11:00:00,8.038e-05
2024-07-17 12:00:00,0.0001
2024-07-17 13:00:00,0.0001
2024-07-17 14:00:00,0.0001
2024-07-17 15:00:00,0.0001
2024-07-17 16:00:00,0.0001
2024-07-17 17:00:00,0.0001
2024-07-17 18:00:00,0.0001
2024-07-17 19:00:00,0.0001
2024-07-17 20:00:00,-1.974e-05
2024-07-17 21:00:00,-1.974e-05
2024-07-17 22:00:00,-1.974e-05
2024-07-17 23:00:00,-1.974e-05
2024-07-18 00:00:00,-1.974e-05
2024-07-18 01:00:00,-1.974e-05
2024-07-18 02:00:00,-1.974e-05
2024-07-18 03:00:00,-1.974e-05
2024-07-18 04:00:00,2.66e-06
2024-07-18 05:00:00,2.66e-06
2024-07-18 06:00:00,2.66e-06
2024-07-18 07:00:00,2.66e-06
2024-07-18 08:00:00,2.66e-06
2024-07-18 09:00:00,2.66e-06
2024-07-18 10:00:00,2.66e-06
2024-07-18 11:00:00,2.66e-06
2024-07-18 12:00:00,5.085e-05
2024-07-18 13:00:00,5.085e-05
2024-07-18 14:00:00,5.085e-05
2024-07-18 15:00:00,5.085e-05
2024-07-18 16:00:00,5.085e-05
2024-07-18 17:00:00,5.085e-05
2024-07-18 18:00:00,5.085e-05
2024-07-18 19:00:00,5.085e-05
2024-07-18 20:00:00,1.33e-05
2024-07-18 21:00:00,1.33e-05
2024-07-18 22:00:00,1.33e-05
2024-07-18 23:00:00,1.33e-05
2024-07-19 00:00:00,1.33e-05
2024-07-19 01:00:00,1.33e-05
2024-07-19 02:00:00,1.33e-05
2024-07-19 03:00:00,1.33e-05
2024-07-19 04:00:00,9.438e-05
2024-07-19 05:00:00,9.438e-05
2024-07-19 06:00:00,9.438e-05
2024-07-19 07:00:00,9.438e-05
2024-07-19 08:00:00,9.438e-05
2024-07-19 09:00:00,9.438e-05
2024-07-19 10:00:00,9.438e-05
2024-07-19 11:00:00,9.438e-05
2024-07-19 12:00:00,0.0001
2024-07-19 13:00:00,0.0001
2024-07-19 14:00:00,0.0001
2024-07-19 15:00:00,0.0001
2024-07-19 16:00:00,0.0001
2024-07-19 17:00:00,0.0001
2024-07-19 18:00:00,0.0001
2024-07-19 19:00:00,0.0001
2024-07-19 20:00:00,0.0001
2024-07-19 21:00:00,0.0001
2024-07-19 22:00:00,0.0001
2024-07-19 23:00:00,0.0001
2024-07-20 00:00:00,0.0001
2024-07-20 01:00:00,0.0001
2024-07-20 02:00:00,0.0001
2024-07-20 03:00:00,0.0001
2024-07-20 04:00:00,9.501e-05
2024-07-20 05:00:00,9.501e-05
2024-07-20 06:00:00,9.501e-05
2024-07-20 07:00:00,9.501e-05
2024-07-20 08:00:00,9.501e-05
2024-07-20 09:00:00,9.501e-05
2024-07-20 10:00:00,9.501e-05
2024-07-20 11:00:00,9.501e-05
2024-07-20 12:00:00,4.95e-05
2024-07-20 13:00:00,4.95e-05
2024-07-20 14:00:00,4.95e-05
2024-07-20 15:00:00,4.95e-05
2024-07-20 16:00:00,4.95e-05
2024-07-20 17:00:00,4.95e-05
2024-07-20 18:00:00,4.95e-05
2024-07-20 19:00:00,4.95e-05
2024-07-20 20:00:00,3.897e-05
2024-07-20 21:00:00,3.897e-05
2024-07-20 22:00:00,3.897e-05
2024-07-20 23:00:00,3.897e-05
2024-07-21 00:00:00,3.897e-05
2024-07-21 01:00:00,3.897e-05
2024-07-21 02:00:00,3.897e-05
2024-07-21 03:00:00,3.897e-05
2024-07-21 04:00:00,8.307e-05
2024-07-21 05:00:00,8.307e-05
2024-07-21 06:00:00,8.307e-05
2024-07-21 07:00:00,8.307e-05
2024-07-21 08:00:00,8.307e-05
2024-07-21 09:00:00,8.307e-05
2024-07-21 10:00:00,8.307e-05
2024-07-21 11:00:00,8.307e-05
2024-07-21 12:00:00,6.724e-05
2024-07-21 13:00:00,6.724e-05
2024-07-21 14:00:00,6.724e-05
2024-07-21 15:00:00,6.724e-05
2024-07-21 16:00:00,6.724e-05
2024-07-21 17:00:00,6.724e-05
2024-07-21 18:00:00,6.724e-05
2024-07-21 19:00:00,6.724e-05
2024-07-21 20:00:00,0.0001
2024-07-21 21:00:00,0.0001
2024-07-21 22:00:00,0.0001
2024-07-21 23:00:00,0.0001
2024-07-22 00:00:00,0.0001
2024-07-22 01:00:00,0.0001
2024-07-22 02:00:00,0.0001
2024-07-22 03:00:00,0.0001
2024-07-22 04:00:00,0.0001
2024-07-22 05:00:00,0.0001
2024-07-22 06:00:00,0.0001
2024-07-22 07:00:00,0.0001
2024-07-22 08:00:00,0.0001
2024-07-22 09:00:00,0.0001
2024-07-22 10:00:00,0.0001
2024-07-22 11:00:00,0.0001
2024-07-22 12:00:00,0.0001
2024-07-22 13:00:00,0.0001
2024-07-22 14:00:00,0.0001
2024-07-22 15:00:00,0.0001
2024-07-22 16:00:00,0.0001
2024-07-22 17:00:00,0.0001
2024-07-22 18:00:00,0.0001
2024-07-22 19:00:00,0.0001
2024-07-22 20:00:00,0.0001
2024-07-22 21:00:00,0.0001
2024-07-22 22:00:00,0.0001
2024-07-22 23:00:00,0.0001
2024-07-23 00:00:00,0.0001
2024-07-23 01:00:00,0.0001
2024-07-23 02:00:00,0.0001
2024-07-23 03:00:00,0.0001
2024-07-23 04:00:00,5.306e-05
2024-07-23 05:00:00,5.306e-05
2024-07-23 06:00:00,5.306e-05
2024-07-23 07:00:00,5.306e-05
2024-07-23 08:00:00,5.306e-05
2024-07-23 09:00:00,5.306e-05
2024-07-23 10:00:00,5.306e-05
2024-07-23 11:00:00,5.306e-05
2024-07-23 12:00:00,0.0001
2024-07-23 13:00:00,0.0001
2024-07-23 14:00:00,0.0001
2024-07-23 15:00:00,0.0001
2024-07-23 16:00:00,0.0001
2024-07-23 17:00:00,0.0001
2024-07-23 18:00:00,0.0001
2024-07-23 19:00:00,0.0001
2024-07-23 20:00:00,3.978e-05
2024-07-23 21:00:00,3.978e-05
2024-07-23 22:00:00,3.978e-05
2024-07-23 23:00:00,3.978e-05
2024-07-24 00:00:00,3.978e-05
2024-07-24 01:00:00,3.978e-05
2024-07-24 02:00:00,3.978e-05
2024-07-24 03:00:00,3.978e-05
2024-07-24 04:00:00,0.0001
2024-07-24 05:00:00,0.0001
2024-07-24 06:00:00,0.0001
2024-07-24 07:00:00,0.0001
2024-07-24 08:00:00,0.0001
2024-07-24 09:00:00,0.0001
2024-07-24 10:00:00,0.0001
2024-07-24 11:00:00,0.0001
2024-07-24 12:00:00,0.0001
2024-07-24 13:00:00,0.0001
2024-07-24 14:00:00,0.0001
2024-07-24 15:00:00,0.0001
2024-07-24 16:00:00,0.0001
2024-07-24 17:00:00,0.0001
2024-07-24 18:00:00,0.0001
2024-07-24 19:00:00,0.0001
2024-07-24 20:00:00,0.0001
2024-07-24 21:00:00,0.0001
2024-07-24 22:00:00,0.0001
2024-07-24 23:00:00,0.0001
2024-07-25 00:00:00,0.0001
2024-07-25 01:00:00,0.0001
2024-07-25 02:00:00,0.0001
2024-07-25 03:00:00,0.0001
2024-07-25 04:00:00,0.0001
2024-07-25 05:00:00,0.0001
2024-07-25 06:00:00,0.0001
2024-07-25 07:00:00,0.0001
2024-07-25 08:00:00,0.0001
2024-07-25 09:00:00,0.0001
2024-07-25 10:00:00,0.0001
2024-07-25 11:00:00,0.0001
2024-07-25 12:00:00,0.0001
2024-07-25 13:00:00,0.0001
2024-07-25 14:00:00,0.0001
2024-07-25 15:00:00,0.0001
2024-07-25 16:00:00,0.0001
2024-07-25 17:00:00,0.0001
2024-07-25 18:00:00,0.0001
2024-07-25 19:00:00,0.0001
2024-07-25 20:00:00,0.0001
2024-07-25 21:00:00,0.0001
2024-07-25 22:00:00,0.0001
2024-07-25 23:00:00,0.0001
2024-07-26 00:00:00,0.0001
2024-07-26 01:00:00,0.0001
2024-07-26 02:00:00,0.0001
2024-07-26 03:00:00,0.0001
2024-07-26 04:00:00,2.176e-05
2024-07-26 05:00:00,2.176e-05
2024-07-26 06:00:00,2.176e-05
2024-07-26 07:00:00,2.176e-05
2024-07-26 08:00:00,2.176e-05
2024-07-26 09:00:00,2.176e-05
2024-07-26 10:00:00,2.176e-05
2024-07-26 11:00:00,2.176e-05
2024-07-26 12:00:00,6.204e-05
2024-07-26 13:00:00,6.204e-05
2024-07-26 14:00:00,6.204e-05
2024-07-26 15:00:00,6.204e-05
2024-07-26 16:00:00,6.204e-05
2024-07-26 17:00:00,6.204e-05
2024-07-26 18:00:00,6.204e-05
2024-07-26 19:00:00,6.204e-05
2024-07-26 20:00:00,5.936e-05
2024-07-26 21:00:00,5.936e-05
2024-07-26 22:00:00,5.936e-05
2024-07-26 23:00:00,5.936e-05
2024-07-27 00:00:00,5.936e-05
2024-07-27 01:00:00,5.936e-05
2024-07-27 02:00:00,5.936e-05
2024-07-27 03:00:00,5.936e-05
2024-07-27 04:00:00,8.304e-05
2024-07-27 05:00:00,8.304e-05
2024-07-27 06:00:00,8.304e-05
2024-07-27 07:00:00,8.304e-05
2024-07-27 08:00:00,8.304e-05
2024-07-27 09:00:00,8.304e-05
2024-07-27 10:00:00,8.304e-05
2024-07-27 11:00:00,8.304e-05
2024-07-27 12:00:00,0.0001
2024-07-27 13:00:00,0.0001
2024-07-27 14:00:00,0.0001
2024-07-27 15:00:00,0.0001
2024-07-27 16:00:00,0.0001
2024-07-27 17:00:00,0.0001
2024-07-27 18:00:00,0.0001
2024-07-27 19:00:00,0.0001
2024-07-27 20:00:00,0.0001
2024-07-27 21:00:00,0.0001
2024-07-27 22:00:00,0.0001
2024-07-27 23:00:00,0.0001
2024-07-28 00:00:00,0.0001
2024-07-28 01:00:00,0.0001
2024-07-28 02:00:00,0.0001
2024-07-28 03:00:00,0.0001
2024-07-28 04:00:00,0.0001
2024-07-28 05:00:00,0.0001
2024-07-28 06:00:00,0.0001
2024-07-28 07:00:00,0.0001
2024-07-28 08:00:00,0.0001
2024-07-28 09:00:00,0.0001
2024-07-28 10:00:00,0.0001
2024-07-28 11:00:00,0.0001
2024-07-28 12:00:00,0.0001
2024-07-28 13:00:00,0.0001
2024-07-28 14:00:00,0.0001
2024-07-28 15:00:00,0.0001
2024-07-28 16:00:00,0.0001
2024-07-28 17:00:00,0.0001
2024-07-28 18:00:00,0.0001
2024-07-28 19:00:00,0.0001
2024-07-28 20:00:00,0.0001
2024-07-28 21:00:00,0.0001
2024-07-28 22:00:00,0.0001
2024-07-28 23:00:00,0.0001
2024-07-29 00:00:00,0.0001
2024-07-29 01:00:00,0.0001
2024-07-29 02:00:00,0.0001
2024-07-29 03:00:00,0.0001
2024-07-29 04:00:00,0.0001
2024-07-29 05:00:00,0.0001
2024-07-29 06:00:00,0.0001
2024-07-29 07:00:00,0.0001
2024-07-29 08:00:00,0.0001
2024-07-29 09:00:00,0.0001
2024-07-29 10:00:00,0.0001
2024-07-29 11:00:00,0.0001
2024-07-29 12:00:00,0.0001
2024-07-29 13:00:00,0.0001
2024-07-29 14:00:00,0.0001
2024-07-29 15:00:00,0.0001
2024-07-29 16:00:00,0.0001
2024-07-29 17:00:00,0.0001
2024-07-29 18:00:00,0.0001
2024-07-29 19:00:00,0.0001
2024-07-29 20:00:00,0.0001
2024-07-29 21:00:00,0.0001
2024-07-29 22:00:00,0.0001
2024-07-29 23:00:00,0.0001
2024-07-30 00:00:00,0.0001
2024-07-30 01:00:00,0.0001
2024-07-30 02:00:00,0.0001
2024-07-30 03:00:00,0.0001
2024-07-30 04:00:00,0.0001
2024-07-30 05:00:00,0.0001
2024-07-30 06:00:00,0.0001
2024-07-30 07:00:00,0.0001
2024-07-30 08:00:00,0.0001
2024-07-30 09:00:00,0.0001
2024-07-30 10:00:00,0.0001
2024-07-30 11:00:00,0.0001
2024-07-30 12:00:00,-0.00011367
2024-07-30 13:00:00,-0.00011367
2024-07-30 14:00:00,-0.00011367
2024-07-30 15:00:00,-0.00011367
2024-07-30 16:00:00,-0.00011367
2024-07-30 17:00:00,-0.00011367
2024-07-30 18:00:00,-0.00011367
2024-07-30 19:00:00,-0.00011367
2024-07-30 20:00:00,7.656e-05
2024-07-30 21:00:00,7.656e-05
2024-07-30 22:00:00,7.656e-05
2024-07-30 23:00:00,7.656e-05
2024-07-31 00:00:00,7.656e-05
2024-07-31 01:00:00,7.656e-05
2024-07-31 02:00:00,7.656e-05
2024-07-31 03:00:00,7.656e-05
2024-07-31 04:00:00,0.0001
2024-07-31 05:00:00,0.0001
2024-07-31 06:00:00,0.0001
2024-07-31 07:00:00,0.0001
2024-07-31 08:00:00,0.0001
2024-07-31 09:00:00,0.0001
2024-07-31 10:00:00,0.0001
2024-07-31 11:00:00,0.0001
2024-07-31 12:00:00,0.0001
2024-07-31 13:00:00,0.0001
2024-07-31 14:00:00,0.0001
2024-07-31 15:00:00,0.0001
2024-07-31 16:00:00,0.0001
2024-07-31 17:00:00,0.0001
2024-07-31 18:00:00,0.0001
2024-07-31 19:00:00,0.0001
2024-07-31 20:00:00,4.863e-05
2024-07-31 21:00:00,4.863e-05
2024-07-31 22:00:00,4.863e-05
2024-07-31 23:00:00,4.863e-05
2024-08-01 00:00:00,4.863e-05
2024-08-01 01:00:00,4.863e-05
2024-08-01 02:00:00,4.863e-05
2024-08-01 03:00:00,4.863e-05
2024-08-01 04:00:00,9.544e-05
2024-08-01 05:00:00,9.544e-05
2024-08-01 06:00:00,9.544e-05
2024-08-01 07:00:00,9.544e-05
2024-08-01 08:00:00,9.544e-05
2024-08-01 09:00:00,9.544e-05
2024-08-01 10:00:00,9.544e-05
2024-08-01 11:00:00,9.544e-05
2024-08-01 12:00:00,7.135e-05
2024-08-01 13:00:00,7.135e-05
2024-08-01 14:00:00,7.135e-05
2024-08-01 15:00:00,7.135e-05
2024-08-01 16:00:00,7.135e-05
2024-08-01 17:00:00,7.135e-05
2024-08-01 18:00:00,7.135e-05
2024-08-01 19:00:00,7.135e-05
2024-08-01 20:00:00,3.459e-05
2024-08-01 21:00:00,3.459e-05
2024-08-01 22:00:00,3.459e-05
2024-08-01 23:00:00,3.459e-05
2024-08-02 00:00:00,3.459e-05
2024-08-02 01:00:00,3.459e-05
2024-08-02 02:00:00,3.459e-05
2024-08-02 03:00:00,3.459e-05
2024-08-02 04:00:00,0.0001
2024-08-02 05:00:00,0.0001
2024-08-02 06:00:00,0.0001
2024-08-02 07:00:00,0.0001
2024-08-02 08:00:00,0.0001
2024-08-02 09:00:00,0.0001
2024-08-02 10:00:00,0.0001
2024-08-02 11:00:00,0.0001
2024-08-02 12:00:00,0.0001
2024-08-02 13:00:00,0.0001
2024-08-02 14:00:00,0.0001
2024-08-02 15:00:00,0.0001
2024-08-02 16:00:00,0.0001
2024-08-02 17:00:00,0.0001
2024-08-02 18:00:00,0.0001
2024-08-02 19:00:00,0.0001
2024-08-02 20:00:00,2.532e-05
2024-08-02 21:00:00,2.532e-05
2024-08-02 22:00:00,2.532e-05
2024-08-02 23:00:00,2.532e-05
2024-08-03 00:00:00,2.532e-05
2024-08-03 01:00:00,2.532e-05
2024-08-03 02:00:00,2.532e-05
2024-08-03 03:00:00,2.532e-05
2024-08-03 04:00:00,2.23e-06
2024-08-03 05:00:00,2.23e-06
2024-08-03 06:00:00,2.23e-06
2024-08-03 07:00:00,2.23e-06
2024-08-03 08:00:00,2.23e-06
2024-08-03 09:00:00,2.23e-06
2024-08-03 10:00:00,2.23e-06
2024-08-03 11:00:00,2.23e-06
2024-08-03 12:00:00,-5.581e-05
2024-08-03 13:00:00,-5.581e-05
2024-08-03 14:00:00,-5.581e-05
2024-08-03 15:00:00,-5.581e-05
2024-08-03 16:00:00,-5.581e-05
2024-08-03 17:00:00,-5.581e-05
2024-08-03 18:00:00,-5.581e-05
2024-08-03 19:00:00,-5.581e-05
2024-08-03 20:00:00,7.3e-07
2024-08-03 21:00:00,7.3e-07
2024-08-03 22:00:00,7.3e-07
2024-08-03 23:00:00,7.3e-07
2024-08-04 00:00:00,7.3e-07
2024-08-04 01:00:00,7.3e-07
2024-08-04 02:00:00,7.3e-07
2024-08-04 03:00:00,7.3e-07
2024-08-04 04:00:00,3.485e-05
2024-08-04 05:00:00,3.485e-05
2024-08-04 06:00:00,3.485e-05
2024-08-04 07:00:00,3.485e-05
2024-08-04 08:00:00,3.485e-05
2024-08-04 09:00:00,3.485e-05
2024-08-04 10:00:00,3.485e-05
2024-08-04 11:00:00,3.485e-05
2024-08-04 12:00:00,3.978e-05
2024-08-04 13:00:00,3.978e-05
2024-08-04 14:00:00,3.978e-05
2024-08-04 15:00:00,3.978e-05
2024-08-04 16:00:00,3.978e-05
2024-08-04 17:00:00,3.978e-05
2024-08-04 18:00:00,3.978e-05
2024-08-04 19:00:00,3.978e-05
2024-08-04 20:00:00,5.03e-06
2024-08-04 21:00:00,5.03e-06
2024-08-04 22:00:00,5.03e-06
2024-08-04 23:00:00,5.03e-06
2024-08-05 00:00:00,5.03e-06
2024-08-05 01:00:00,5.03e-06
2024-08-05 02:00:00,5.03e-06
2024-08-05 03:00:00,5.03e-06
2024-08-05 04:00:00,1.975e-05
2024-08-05 05:00:00,1.975e-05
2024-08-05 06:00:00,1.975e-05
2024-08-05 07:00:00,1.975e-05
2024-08-05 08:00:00,1.975e-05
2024-08-05 09:00:00,1.975e-05
2024-08-05 10:00:00,1.975e-05
2024-08-05 11:00:00,1.975e-05
2024-08-05 12:00:00,-5.92e-06
2024-08-05 13:00:00,-5.92e-06
2024-08-05 14:00:00,-5.92e-06
2024-08-05 15:00:00,-5.92e-06
2024-08-05 16:00:00,-5.92e-06
2024-08-05 17:00:00,-5.92e-06
2024-08-05 18:00:00,-5.92e-06
2024-08-05 19:00:00,-5.92e-06
2024-08-05 20:00:00,-5.066e-05
2024-08-05 21:00:00,-5.066e-05
2024-08-05 22:00:00,-5.066e-05
2024-08-05 23:00:00,-5.066e-05
2024-08-06 00:00:00,-5.066e-05
2024-08-06 01:00:00,-5.066e-05
2024-08-06 02:00:00,-5.066e-05
2024-08-06 03:00:00,-5.066e-05
2024-08-06 04:00:00,7.57e-06
2024-08-06 05:00:00,7.57e-06
2024-08-06 06:00:00,7.57e-06
2024-08-06 07:00:00,7.57e-06
2024-08-06 08:00:00,7.57e-06
2024-08-06 09:00:00,7.57e-06
2024-08-06 10:00:00,7.57e-06
2024-08-06 11:00:00,7.57e-06
2024-08-06 12:00:00,1.866e-05
2024-08-06 13:00:00,1.866e-05
2024-08-06 14:00:00,1.866e-05
2024-08-06 15:00:00,1.866e-05
2024-08-06 16:00:00,1.866e-05
2024-08-06 17:00:00,1.866e-05
2024-08-06 18:00:00,1.866e-05
2024-08-06 19:00:00,1.866e-05
2024-08-06 20:00:00,0.0001
2024-08-06 21:00:00,0.0001
2024-08-06 22:00:00,0.0001
2024-08-06 23:00:00,0.0001
2024-08-07 00:00:00,0.0001
2024-08-07 01:00:00,0.0001
2024-08-07 02:00:00,0.0001
2024-08-07 03:00:00,0.0001
2024-08-07 04:00:00,2.722e-05
2024-08-07 05:00:00,2.722e-05
2024-08-07 06:00:00,2.722e-05
2024-08-07 07:00:00,2.722e-05
2024-08-07 08:00:00,2.722e-05
2024-08-07 09:00:00,2.722e-05
2024-08-07 10:00:00,2.722e-05
2024-08-07 11:00:00,2.722e-05
2024-08-07 12:00:00,6.767e-05
2024-08-07 13:00:00,6.767e-05
2024-08-07 14:00:00,6.767e-05
2024-08-07 15:00:00,6.767e-05
2024-08-07 16:00:00,6.767e-05
2024-08-07 17:00:00,6.767e-05
2024-08-07 18:00:00,6.767e-05
2024-08-07 19:00:00,6.767e-05
2024-08-07 20:00:00,0.0001
2024-08-07 21:00:00,0.0001
2024-08-07 22:00:00,0.0001
2024-08-07 23:00:00,0.0001
2024-08-08 00:00:00,0.0001
2024-08-08 01:00:00,0.0001
2024-08-08 02:00:00,0.0001
2024-08-08 03:00:00,0.0001
2024-08-08 04:00:00,4.616e-05
2024-08-08 05:00:00,4.616e-05
2024-08-08 06:00:00,4.616e-05
2024-08-08 07:00:00,4.616e-05
2024-08-08 08:00:00,4.616e-05
2024-08-08 09:00:00,4.616e-05
2024-08-08 10:00:00,4.616e-05
2024-08-08 11:00:00,4.616e-05
2024-08-08 12:00:00,9.389e-05
2024-08-08 13:00:00,9.389e-05
2024-08-08 14:00:00,9.389e-05
2024-08-08 15:00:00,9.389e-05
2024-08-08 16:00:00,9.389e-05
2024-08-08 17:00:00,9.389e-05
2024-08-08 18:00:00,9.389e-05
2024-08-08 19:00:00,9.389e-05
2024-08-08 20:00:00,-2.911e-05
2024-08-08 21:00:00,-2.911e-05
2024-08-08 22:00:00,-2.911e-05
2024-08-08 23:00:00,-2.911e-05
2024-08-09 00:00:00,-2.911e-05
2024-08-09 01:00:00,-2.911e-05
2024-08-09 02:00:00,-2.911e-05
2024-08-09 03:00:00,-2.911e-05
2024-08-09 04:00:00,-1.92e-05
2024-08-09 05:00:00,-1.92e-05
2024-08-09 06:00:00,-1.92e-05
2024-08-09 07:00:00,-1.92e-05
2024-08-09 08:00:00,-1.92e-05
2024-08-09 09:00:00,-1.92e-05
2024-08-09 10:00:00,-1.92e-05
2024-08-09 11:00:00,-1.92e-05
2024-08-09 12:00:00,2.569e-05
2024-08-09 13:00:00,2.569e-05
2024-08-09 14:00:00,2.569e-05
2024-08-09 15:00:00,2.569e-05
2024-08-09 16:00:00,2.569e-05
2024-08-09 17:00:00,2.569e-05
2024-08-09 18:00:00,2.569e-05
2024-08-09 19:00:00,2.569e-05
2024-08-09 20:00:00,-1.845e-05
2024-08-09 21:00:00,-1.845e-05
2024-08-09 22:00:00,-1.845e-05
2024-08-09 23:00:00,-1.845e-05
2024-08-10 00:00:00,-1.845e-05
2024-08-10 01:00:00,-1.845e-05
2024-08-10 02:00:00,-1.845e-05
2024-08-10 03:00:00,-1.845e-05
2024-08-10 04:00:00,4.448e-05
2024-08-10 05:00:00,4.448e-05
2024-08-10 06:00:00,4.448e-05
2024-08-10 07:00:00,4.448e-05
2024-08-10 08:00:00,4.448e-05
2024-08-10 09:00:00,4.448e-05
2024-08-10 10:00:00,4.448e-05
2024-08-10 11:00:00,4.448e-05
2024-08-10 12:00:00,0.0001
2024-08-10 13:00:00,0.0001
2024-08-10 14:00:00,0.0001
2024-08-10 15:00:00,0.0001
2024-08-10 16:00:00,0.0001
2024-08-10 17:00:00,0.0001
2024-08-10 18:00:00,0.0001
2024-08-10 19:00:00,0.0001
2024-08-10 20:00:00,5.312e-05
2024-08-10 21:00:00,5.312e-05
2024-08-10 22:00:00,5.312e-05
2024-08-10 23:00:00,5.312e-05
2024-08-11 00:00:00,5.312e-05
2024-08-11 01:00:00,5.312e-05
2024-08-11 02:00:00,5.312e-05
2024-08-11 03:00:00,5.312e-05
2024-08-11 04:00:00,8.623e-05
2024-08-11 05:00:00,8.623e-05
2024-08-11 06:00:00,8.623e-05
2024-08-11 07:00:00,8.623e-05
2024-08-11 08:00:00,8.623e-05
2024-08-11 09:00:00,8.623e-05
2024-08-11 10:00:00,8.623e-05
2024-08-11 11:00:00,8.623e-05
2024-08-11 12:00:00,3.775e-05
2024-08-11 13:00:00,3.775e-05
2024-08-11 14:00:00,3.775e-05
2024-08-11 15:00:00,3.775e-05
2024-08-11 16:00:00,3.775e-05
2024-08-11 17:00:00,3.775e-05
2024-08-11 18:00:00,3.775e-05
2024-08-11 19:00:00,3.775e-05
2024-08-11 20:00:00,-2.976e-05
2024-08-11 21:00:00,-2.976e-05
2024-08-11 22:00:00,-2.976e-05
2024-08-11 23:00:00,-2.976e-05
2024-08-12 00:00:00,-2.976e-05
2024-08-12 01:00:00,-2.976e-05
2024-08-12 02:00:00,-2.976e-05
2024-08-12 03:00:00,-2.976e-05
2024-08-12 04:00:00,0.0001
2024-08-12 05:00:00,0.0001
2024-08-12 06:00:00,0.0001
2024-08-12 07:00:00,0.0001
2024-08-12 08:00:00,0.0001
2024-08-12 09:00:00,0.0001
2024-08-12 10:00:00,0.0001
2024-08-12 11:00:00,0.0001
2024-08-12 12:00:00,0.0001
2024-08-12 13:00:00,0.0001
2024-08-12 14:00:00,0.0001
2024-08-12 15:00:00,0.0001
2024-08-12 16:00:00,0.0001
2024-08-12 17:00:00,0.0001
2024-08-12 18:00:00,0.0001
2024-08-12 19:00:00,0.0001
2024-08-12 20:00:00,2.174e-05
2024-08-12 21:00:00,2.174e-05
2024-08-12 22:00:00,2.174e-05
2024-08-12 23:00:00,2.174e-05
2024-08-13 00:00:00,2.174e-05
2024-08-13 01:00:00,2.174e-05
2024-08-13 02:00:00,2.174e-05
2024-08-13 03:00:00,2.174e-05
2024-08-13 04:00:00,-1.23e-06
2024-08-13 05:00:00,-1.23e-06
2024-08-13 06:00:00,-1.23e-06
2024-08-13 07:00:00,-1.23e-06
2024-08-13 08:00:00,-1.23e-06
2024-08-13 09:00:00,-1.23e-06
2024-08-13 10:00:00,-1.23e-06
2024-08-13 11:00:00,-1.23e-06
2024-08-13 12:00:00,0.0001
2024-08-13 13:00:00,0.0001
2024-08-13 14:00:00,0.0001
2024-08-13 15:00:00,0.0001
2024-08-13 16:00:00,0.0001
2024-08-13 17:00:00,0.0001
2024-08-13 18:00:00,0.0001
2024-08-13 19:00:00,0.0001
2024-08-13 20:00:00,4.726e-05
2024-08-13 21:00:00,4.726e-05
2024-08-13 22:00:00,4.726e-05
2024-08-13 23:00:00,4.726e-05
2024-08-14 00:00:00,4.726e-05
2024-08-14 01:00:00,4.726e-05
2024-08-14 02:00:00,4.726e-05
2024-08-14 03:00:00,4.726e-05
2024-08-14 04:00:00,-1.85e-05
2024-08-14 05:00:00,-1.85e-05
2024-08-14 06:00:00,-1.85e-05
2024-08-14 07:00:00,-1.85e-05
2024-08-14 08:00:00,-1.85e-05
2024-08-14 09:00:00,-1.85e-05
2024-08-14 10:00:00,-1.85e-05
2024-08-14 11:00:00,-1.85e-05
2024-08-14 12:00:00,-3.16e-06
2024-08-14 13:00:00,-3.16e-06
2024-08-14 14:00:00,-3.16e-06
2024-08-14 15:00:00,-3.16e-06
2024-08-14 16:00:00,-3.16e-06
2024-08-14 17:00:00,-3.16e-06
2024-08-14 18:00:00,-3.16e-06
2024-08-14 19:00:00,-3.16e-06
2024-08-14 20:00:00,-1.699e-05
2024-08-14 21:00:00,-1.699e-05
2024-08-14 22:00:00,-1.699e-05
2024-08-14 23:00:00,-1.699e-05
2024-08-15 00:00:00,-1.699e-05
2024-08-15 01:00:00,-1.699e-05
2024-08-15 02:00:00,-1.699e-05
2024-08-15 03:00:00,-1.699e-05
2024-08-15 04:00:00,1.011e-05
2024-08-15 05:00:00,1.011e-05
2024-08-15 06:00:00,1.011e-05
2024-08-15 07:00:00,1.011e-05
2024-08-15 08:00:00,1.011e-05
2024-08-15 09:00:00,1.011e-05
2024-08-15 10:00:00,1.011e-05
2024-08-15 11:00:00,1.011e-05
2024-08-15 12:00:00,1.92e-05
2024-08-15 13:00:00,1.92e-05
2024-08-15 14:00:00,1.92e-05
2024-08-15 15:00:00,1.92e-05
2024-08-15 16:00:00,1.92e-05
2024-08-15 17:00:00,1.92e-05
2024-08-15 18:00:00,1.92e-05
2024-08-15 19:00:00,1.92e-05
2024-08-15 20:00:00,5.472e-05
2024-08-15 21:00:00,5.472e-05
2024-08-15 22:00:00,5.472e-05
2024-08-15 23:00:00,5.472e-05
2024-08-16 00:00:00,5.472e-05
2024-08-16 01:00:00,5.472e-05
2024-08-16 02:00:00,5.472e-05
2024-08-16 03:00:00,5.472e-05
2024-08-16 04:00:00,3.989e-05
2024-08-16 05:00:00,3.989e-05
2024-08-16 06:00:00,3.989e-05
2024-08-16 07:00:00,3.989e-05
2024-08-16 08:00:00,3.989e-05
2024-08-16 09:00:00,3.989e-05
2024-08-16 10:00:00,3.989e-05
2024-08-16 11:00:00,3.989e-05
2024-08-16 12:00:00,4.876e-05
2024-08-16 13:00:00,4.876e-05
2024-08-16 14:00:00,4.876e-05
2024-08-16 15:00:00,4.876e-05
2024-08-16 16:00:00,4.876e-05
2024-08-16 17:00:00,4.876e-05
2024-08-16 18:00:00,4.876e-05
2024-08-16 19:00:00,4.876e-05
2024-08-16 20:00:00,3.934e-05
2024-08-16 21:00:00,3.934e-05
2024-08-16 22:00:00,3.934e-05
2024-08-16 23:00:00,3.934e-05
2024-08-17 00:00:00,3.934e-05
2024-08-17 01:00:00,3.934e-05
2024-08-17 02:00:00,3.934e-05
2024-08-17 03:00:00,3.934e-05
2024-08-17 04:00:00,6.207e-05
2024-08-17 05:00:00,6.207e-05
2024-08-17 06:00:00,6.207e-05
2024-08-17 07:00:00,6.207e-05
2024-08-17 08:00:00,6.207e-05
2024-08-17 09:00:00,6.207e-05
2024-08-17 10:00:00,6.207e-05
2024-08-17 11:00:00,6.207e-05
2024-08-17 12:00:00,6.351e-05
2024-08-17 13:00:00,6.351e-05
2024-08-17 14:00:00,6.351e-05
2024-08-17 15:00:00,6.351e-05
2024-08-17 16:00:00,6.351e-05
2024-08-17 17:00:00,6.351e-05
2024-08-17 18:00:00,6.351e-05
2024-08-17 19:00:00,6.351e-05
2024-08-17 20:00:00,8.377e-05
2024-08-17 21:00:00,8.377e-05
2024-08-17 22:00:00,8.377e-05
2024-08-17 23:00:00,8.377e-05
2024-08-18 00:00:00,8.377e-05
2024-08-18 01:00:00,8.377e-05
2024-08-18 02:00:00,8.377e-05
2024-08-18 03:00:00,8.377e-05
2024-08-18 04:00:00,7.872e-05
2024-08-18 05:00:00,7.872e-05
2024-08-18 06:00:00,7.872e-05
2024-08-18 07:00:00,7.872e-05
2024-08-18 08:00:00,7.872e-05
2024-08-18 09:00:00,7.872e-05
2024-08-18 10:00:00,7.872e-05
2024-08-18 11:00:00,7.872e-05
2024-08-18 12:00:00,-3.12e-06
2024-08-18 13:00:00,-3.12e-06
2024-08-18 14:00:00,-3.12e-06
2024-08-18 15:00:00,-3.12e-06
2024-08-18 16:00:00,-3.12e-06
2024-08-18 17:00:00,-3.12e-06
2024-08-18 18:00:00,-3.12e-06
2024-08-18 19:00:00,-3.12e-06
2024-08-18 20:00:00,1.326e-05
2024-08-18 21:00:00,1.326e-05
2024-08-18 22:00:00,1.326e-05
2024-08-18 23:00:00,1.326e-05
2024-08-19 00:00:00,1.326e-05
2024-08-19 01:00:00,1.326e-05
2024-08-19 02:00:00,1.326e-05
2024-08-19 03:00:00,1.326e-05
2024-08-19 04:00:00,1.276e-05
2024-08-19 05:00:00,1.276e-05
2024-08-19 06:00:00,1.276e-05
2024-08-19 07:00:00,1.276e-05
2024-08-19 08:00:00,1.276e-05
2024-08-19 09:00:00,1.276e-05
2024-08-19 10:00:00,1.276e-05
2024-08-19 11:00:00,1.276e-05
2024-08-19 12:00:00,-1.638e-05
2024-08-19 13:00:00,-1.638e-05
2024-08-19 14:00:00,-1.638e-05
2024-08-19 15:00:00,-1.638e-05
2024-08-19 16:00:00,-1.638e-05
2024-08-19 17:00:00,-1.638e-05
2024-08-19 18:00:00,-1.638e-05
2024-08-19 19:00:00,-1.638e-05
2024-08-19 20:00:00,4.69e-06
2024-08-19 21:00:00,4.69e-06
2024-08-19 22:00:00,4.69e-06
2024-08-19 23:00:00,4.69e-06
2024-08-20 00:00:00,4.69e-06
2024-08-20 01:00:00,4.69e-06
2024-08-20 02:00:00,4.69e-06
2024-08-20 03:00:00,4.69e-06
2024-08-20 04:00:00,-2.908e-05
2024-08-20 05:00:00,-2.908e-05
2024-08-20 06:00:00,-2.908e-05
2024-08-20 07:00:00,-2.908e-05
2024-08-20 08:00:00,-2.908e-05
2024-08-20 09:00:00,-2.908e-05
2024-08-20 10:00:00,-2.908e-05
2024-08-20 11:00:00,-2.908e-05
2024-08-20 12:00:00,6.912e-05
2024-08-20 13:00:00,6.912e-05
2024-08-20 14:00:00,6.912e-05
2024-08-20 15:00:00,6.912e-05
2024-08-20 16:00:00,6.912e-05
2024-08-20 17:00:00,6.912e-05
2024-08-20 18:00:00,6.912e-05
2024-08-20 19:00:00,6.912e-05
2024-08-20 20:00:00,1.082e-05
2024-08-20 21:00:00,1.082e-05
2024-08-20 22:00:00,1.082e-05
2024-08-20 23:00:00,1.082e-05
2024-08-21 00:00:00,1.082e-05
2024-08-21 01:00:00,1.082e-05
2024-08-21 02:00:00,1.082e-05
2024-08-21 03:00:00,1.082e-05
2024-08-21 04:00:00,-3.496e-05
2024-08-21 05:00:00,-3.496e-05
2024-08-21 06:00:00,-3.496e-05
2024-08-21 07:00:00,-3.496e-05
2024-08-21 08:00:00,-3.496e-05
2024-08-21 09:00:00,-3.496e-05
2024-08-21 10:00:00,-3.496e-05
2024-08-21 11:00:00,-3.496e-05
2024-08-21 12:00:00,-2.723e-05
2024-08-21 13:00:00,-2.723e-05
2024-08-21 14:00:00,-2.723e-05
2024-08-21 15:00:00,-2.723e-05
2024-08-21 16:00:00,-2.723e-05
2024-08-21 17:00:00,-2.723e-05
2024-08-21 18:00:00,-2.723e-05
2024-08-21 19:00:00,-2.723e-05
2024-08-21 20:00:00,9.6e-07
2024-08-21 21:00:00,9.6e-07
2024-08-21 22:00:00,9.6e-07
2024-08-21 23:00:00,9.6e-07
2024-08-22 00:00:00,9.6e-07
2024-08-22 01:00:00,9.6e-07
2024-08-22 02:00:00,9.6e-07
2024-08-22 03:00:00,9.6e-07
2024-08-22 04:00:00,-7.61e-06
2024-08-22 05:00:00,-7.61e-06
2024-08-22 06:00:00,-7.61e-06
2024-08-22 07:00:00,-7.61e-06
2024-08-22 08:00:00,-7.61e-06
2024-08-22 09:00:00,-7.61e-06
2024-08-22 10:00:00,-7.61e-06
2024-08-22 11:00:00,-7.61e-06
2024-08-22 12:00:00,4.547e-05
2024-08-22 13:00:00,4.547e-05
2024-08-22 14:00:00,4.547e-05
2024-08-22 15:00:00,4.547e-05
2024-08-22 16:00:00,4.547e-05
2024-08-22 17:00:00,4.547e-05
2024-08-22 18:00:00,4.547e-05
2024-08-22 19:00:00,4.547e-05
2024-08-22 20:00:00,6.23e-05
2024-08-22 21:00:00,6.23e-05
2024-08-22 22:00:00,6.23e-05
2024-08-22 23:00:00,6.23e-05
2024-08-23 00:00:00,6.23e-05
2024-08-23 01:00:00,6.23e-05
2024-08-23 02:00:00,6.23e-05
2024-08-23 03:00:00,6.23e-05
2024-08-23 04:00:00,0.0001
2024-08-23 05:00:00,0.0001
2024-08-23 06:00:00,0.0001
2024-08-23 07:00:00,0.0001
2024-08-23 08:00:00,0.0001
2024-08-23 09:00:00,0.0001
2024-08-23 10:00:00,0.0001
2024-08-23 11:00:00,0.0001
2024-08-23 12:00:00,7.561e-05
2024-08-23 13:00:00,7.561e-05
2024-08-23 14:00:00,7.561e-05
2024-08-23 15:00:00,7.561e-05
2024-08-23 16:00:00,7.561e-05
2024-08-23 17:00:00,7.561e-05
2024-08-23 18:00:00,7.561e-05
2024-08-23 19:00:00,7.561e-05
2024-08-23 20:00:00,2.511e-05
2024-08-23 21:00:00,2.511e-05
2024-08-23 22:00:00,2.511e-05
2024-08-23 23:00:00,2.511e-05
2024-08-24 00:00:00,2.511e-05
2024-08-24 01:00:00,2.511e-05
2024-08-24 02:00:00,2.511e-05
2024-08-24 03:00:00,2.511e-05
2024-08-24 04:00:00,-2.164e-05
2024-08-24 05:00:00,-2.164e-05
2024-08-24 06:00:00,-2.164e-05
2024-08-24 07:00:00,-2.164e-05
2024-08-24 08:00:00,-2.164e-05
2024-08-24 09:00:00,-2.164e-05
2024-08-24 10:00:00,-2.164e-05
2024-08-24 11:00:00,-2.164e-05
2024-08-24 12:00:00,8.709e-05
2024-08-24 13:00:00,8.709e-05
2024-08-24 14:00:00,8.709e-05
2024-08-24 15:00:00,8.709e-05
2024-08-24 16:00:00,8.709e-05
2024-08-24 17:00:00,8.709e-05
2024-08-24 18:00:00,8.709e-05
2024-08-24 19:00:00,8.709e-05
2024-08-24 20:00:00,9.036e-05
2024-08-24 21:00:00,9.036e-05
2024-08-24 22:00:00,9.036e-05
2024-08-24 23:00:00,9.036e-05
2024-08-25 00:00:00,9.036e-05
2024-08-25 01:00:00,9.036e-05
2024-08-25 02:00:00,9.036e-05
2024-08-25 03:00:00,9.036e-05
2024-08-25 04:00:00,0.0001
2024-08-25 05:00:00,0.0001
2024-08-25 06:00:00,0.0001
2024-08-25 07:00:00,0.0001
2024-08-25 08:00:00,0.0001
2024-08-25 09:00:00,0.0001
2024-08-25 10:00:00,0.0001
2024-08-25 11:00:00,0.0001
2024-08-25 12:00:00,3.955e-05
2024-08-25 13:00:00,3.955e-05
2024-08-25 14:00:00,3.955e-05
2024-08-25 15:00:00,3.955e-05
2024-08-25 16:00:00,3.955e-05
2024-08-25 17:00:00,3.955e-05
2024-08-25 18:00:00,3.955e-05
2024-08-25 19:00:00,3.955e-05
2024-08-25 20:00:00,0.0001
2024-08-25 21:00:00,0.0001
2024-08-25 22:00:00,0.0001
2024-08-25 23:00:00,0.0001
2024-08-26 00:00:00,0.0001
2024-08-26 01:00:00,0.0001
2024-08-26 02:00:00,0.0001
2024-08-26 03:00:00,0.0001
2024-08-26 04:00:00,8.24e-05
2024-08-26 05:00:00,8.24e-05
2024-08-26 06:00:00,8.24e-05
2024-08-26 07:00:00,8.24e-05
2024-08-26 08:00:00,8.24e-05
2024-08-26 09:00:00,8.24e-05
2024-08-26 10:00:00,8.24e-05
2024-08-26 11:00:00,8.24e-05
2024-08-26 12:00:00,3.8e-06
2024-08-26 13:00:00,3.8e-06
2024-08-26 14:00:00,3.8e-06
2024-08-26 15:00:00,3.8e-06
2024-08-26 16:00:00,3.8e-06
2024-08-26 17:00:00,3.8e-06
2024-08-26 18:00:00,3.8e-06
2024-08-26 19:00:00,3.8e-06
2024-08-26 20:00:00,6.223e-05
2024-08-26 21:00:00,6.223e-05
2024-08-26 22:00:00,6.223e-05
2024-08-26 23:00:00,6.223e-05
2024-08-27 00:00:00,6.223e-05
2024-08-27 01:00:00,6.223e-05
2024-08-27 02:00:00,6.223e-05
2024-08-27 03:00:00,6.223e-05
2024-08-27 04:00:00,8.141e-05
2024-08-27 05:00:00,8.141e-05
2024-08-27 06:00:00,8.141e-05
2024-08-27 07:00:00,8.141e-05
2024-08-27 08:00:00,8.141e-05
2024-08-27 09:00:00,8.141e-05
2024-08-27 10:00:00,8.141e-05
2024-08-27 11:00:00,8.141e-05
2024-08-27 12:00:00,7.353e-05
2024-08-27 13:00:00,7.353e-05
2024-08-27 14:00:00,7.353e-05
2024-08-27 15:00:00,7.353e-05
2024-08-27 16:00:00,7.353e-05
2024-08-27 17:00:00,7.353e-05
2024-08-27 18:00:00,7.353e-05
2024-08-27 19:00:00,7.353e-05
2024-08-27 20:00:00,0.0001
2024-08-27 21:00:00,0.0001
2024-08-27 22:00:00,0.0001
2024-08-27 23:00:00,0.0001
2024-08-28 00:00:00,0.0001
2024-08-28 01:00:00,0.0001
2024-08-28 02:00:00,0.0001
2024-08-28 03:00:00,0.0001
2024-08-28 04:00:00,-7.89e-06
2024-08-28 05:00:00,-7.89e-06
2024-08-28 06:00:00,-7.89e-06
2024-08-28 07:00:00,-7.89e-06
2024-08-28 08:00:00,-7.89e-06
2024-08-28 09:00:00,-7.89e-06
2024-08-28 10:00:00,-7.89e-06
2024-08-28 11:00:00,-7.89e-06
2024-08-28 12:00:00,-5.81e-06
2024-08-28 13:00:00,-5.81e-06
2024-08-28 14:00:00,-5.81e-06
2024-08-28 15:00:00,-5.81e-06
2024-08-28 16:00:00,-5.81e-06
2024-08-28 17:00:00,-5.81e-06
2024-08-28 18:00:00,-5.81e-06
2024-08-28 19:00:00,-5.81e-06
2024-08-28 20:00:00,-3.24e-05
2024-08-28 21:00:00,-3.24e-05
2024-08-28 22:00:00,-3.24e-05
2024-08-28 23:00:00,-3.24e-05
2024-08-29 00:00:00,-3.24e-05
2024-08-29 01:00:00,-3.24e-05
2024-08-29 02:00:00,-3.24e-05
2024-08-29 03:00:00,-3.24e-05
2024-08-29 04:00:00,1.018e-05
2024-08-29 05:00:00,1.018e-05
2024-08-29 06:00:00,1.018e-05
2024-08-29 07:00:00,1.018e-05
2024-08-29 08:00:00,1.018e-05
2024-08-29 09:00:00,1.018e-05
2024-08-29 10:00:00,1.018e-05
2024-08-29 11:00:00,1.018e-05
2024-08-29 12:00:00,3.501e-05
2024-08-29 13:00:00,3.501e-05
2024-08-29 14:00:00,3.501e-05
2024-08-29 15:00:00,3.501e-05
2024-08-29 16:00:00,3.501e-05
2024-08-29 17:00:00,3.501e-05
2024-08-29 18:00:00,3.501e-05
2024-08-29 19:00:00,3.501e-05
2024-08-29 20:00:00,6.16e-06
2024-08-29 21:00:00,6.16e-06
2024-08-29 22:00:00,6.16e-06
2024-08-29 23:00:00,6.16e-06
2024-08-30 00:00:00,6.16e-06
2024-08-30 01:00:00,6.16e-06
2024-08-30 02:00:00,6.16e-06
2024-08-30 03:00:00,6.16e-06
2024-08-30 04:00:00,-0.0001219
2024-08-30 05:00:00,-0.0001219
2024-08-30 06:00:00,-0.0001219
2024-08-30 07:00:00,-0.0001219
2024-08-30 08:00:00,-0.0001219
2024-08-30 09:00:00,-0.0001219
2024-08-30 10:00:00,-0.0001219
2024-08-30 11:00:00,-0.0001219
2024-08-30 12:00:00,1.737e-05
2024-08-30 13:00:00,1.737e-05
2024-08-30 14:00:00,1.737e-05
2024-08-30 15:00:00,1.737e-05
2024-08-30 16:00:00,1.737e-05
2024-08-30 17:00:00,1.737e-05
2024-08-30 18:00:00,1.737e-05
2024-08-30 19:00:00,1.737e-05
2024-08-30 20:00:00,1.815e-05
2024-08-30 21:00:00,1.815e-05
2024-08-30 22:00:00,1.815e-05
2024-08-30 23:00:00,1.815e-05
2024-08-31 00:00:00,1.815e-05
2024-08-31 01:00:00,1.815e-05
2024-08-31 02:00:00,1.815e-05
2024-08-31 03:00:00,1.815e-05
2024-08-31 04:00:00,3.389e-05
2024-08-31 05:00:00,3.389e-05
2024-08-31 06:00:00,3.389e-05
2024-08-31 07:00:00,3.389e-05
2024-08-31 08:00:00,3.389e-05
2024-08-31 09:00:00,3.389e-05
2024-08-31 10:00:00,3.389e-05
2024-08-31 11:00:00,3.389e-05
2024-08-31 12:00:00,7.128e-05
2024-08-31 13:00:00,7.128e-05
2024-08-31 14:00:00,7.128e-05
2024-08-31 15:00:00,7.128e-05
2024-08-31 16:00:00,7.128e-05
2024-08-31 17:00:00,7.128e-05
2024-08-31 18:00:00,7.128e-05
2024-08-31 19:00:00,7.128e-05
2024-08-31 20:00:00,4.759e-05
2024-08-31 21:00:00,4.759e-05
2024-08-31 22:00:00,4.759e-05
2024-08-31 23:00:00,4.759e-05
2024-09-01 00:00:00,4.759e-05
2024-09-01 01:00:00,4.759e-05
2024-09-01 02:00:00,4.759e-05
2024-09-01 03:00:00,4.759e-05
2024-09-01 04:00:00,9.478e-05
2024-09-01 05:00:00,9.478e-05
2024-09-01 06:00:00,9.478e-05
2024-09-01 07:00:00,9.478e-05
2024-09-01 08:00:00,9.478e-05
2024-09-01 09:00:00,9.478e-05
2024-09-01 10:00:00,9.478e-05
2024-09-01 11:00:00,9.478e-05
2024-09-01 12:00:00,4.649e-05
2024-09-01 13:00:00,4.649e-05
2024-09-01 14:00:00,4.649e-05
2024-09-01 15:00:00,4.649e-05
2024-09-01 16:00:00,4.649e-05
2024-09-01 17:00:00,4.649e-05
2024-09-01 18:00:00,4.649e-05
2024-09-01 19:00:00,4.649e-05
2024-09-01 20:00:00,-9.28e-06
2024-09-01 21:00:00,-9.28e-06
2024-09-01 22:00:00,-9.28e-06
2024-09-01 23:00:00,-9.28e-06
2024-09-02 00:00:00,-9.28e-06
2024-09-02 01:00:00,-9.28e-06
2024-09-02 02:00:00,-9.28e-06
2024-09-02 03:00:00,-9.28e-06
2024-09-02 04:00:00,-2.521e-05
2024-09-02 05:00:00,-2.521e-05
2024-09-02 06:00:00,-2.521e-05
2024-09-02 07:00:00,-2.521e-05
2024-09-02 08:00:00,-2.521e-05
2024-09-02 09:00:00,-2.521e-05
2024-09-02 10:00:00,-2.521e-05
2024-09-02 11:00:00,-2.521e-05
2024-09-02 12:00:00,-4.265e-05
2024-09-02 13:00:00,-4.265e-05
2024-09-02 14:00:00,-4.265e-05
2024-09-02 15:00:00,-4.265e-05
2024-09-02 16:00:00,-4.265e-05
2024-09-02 17:00:00,-4.265e-05
2024-09-02 18:00:00,-4.265e-05
2024-09-02 19:00:00,-4.265e-05
2024-09-02 20:00:00,3.884e-05
2024-09-02 21:00:00,3.884e-05
2024-09-02 22:00:00,3.884e-05
2024-09-02 23:00:00,3.884e-05
2024-09-03 00:00:00,3.884e-05
2024-09-03 01:00:00,3.884e-05
2024-09-03 02:00:00,3.884e-05
2024-09-03 03:00:00,3.884e-05
2024-09-03 04:00:00,2.799e-05
2024-09-03 05:00:00,2.799e-05
2024-09-03 06:00:00,2.799e-05
2024-09-03 07:00:00,2.799e-05
2024-09-03 08:00:00,2.799e-05
2024-09-03 09:00:00,2.799e-05
2024-09-03 10:00:00,2.799e-05
2024-09-03 11:00:00,2.799e-05
2024-09-03 12:00:00,2.372e-05
2024-09-03 13:00:00,2.372e-05
2024-09-03 14:00:00,2.372e-05
2024-09-03 15:00:00,2.372e-05
2024-09-03 16:00:00,2.372e-05
2024-09-03 17:00:00,2.372e-05
2024-09-03 18:00:00,2.372e-05
2024-09-03 19:00:00,2.372e-05
2024-09-03 20:00:00,7.738e-05
2024-09-03 21:00:00,7.738e-05
2024-09-03 22:00:00,7.738e-05
2024-09-03 23:00:00,7.738e-05
2024-09-04 00:00:00,7.738e-05
2024-09-04 01:00:00,7.738e-05
2024-09-04 02:00:00,7.738e-05
2024-09-04 03:00:00,7.738e-05
2024-09-04 04:00:00,4.569e-05
2024-09-04 05:00:00,4.569e-05
2024-09-04 06:00:00,4.569e-05
2024-09-04 07:00:00,4.569e-05
2024-09-04 08:00:00,4.569e-05
2024-09-04 09:00:00,4.569e-05
2024-09-04 10:00:00,4.569e-05
2024-09-04 11:00:00,4.569e-05
2024-09-04 12:00:00,3.58e-06
2024-09-04 13:00:00,3.58e-06
2024-09-04 14:00:00,3.58e-06
2024-09-04 15:00:00,3.58e-06
2024-09-04 16:00:00,3.58e-06
2024-09-04 17:00:00,3.58e-06
2024-09-04 18:00:00,3.58e-06
2024-09-04 19:00:00,3.58e-06
2024-09-04 20:00:00,-2.771e-05
2024-09-04 21:00:00,-2.771e-05
2024-09-04 22:00:00,-2.771e-05
2024-09-04 23:00:00,-2.771e-05
2024-09-05 00:00:00,-2.771e-05
2024-09-05 01:00:00,-2.771e-05
2024-09-05 02:00:00,-2.771e-05
2024-09-05 03:00:00,-2.771e-05
2024-09-05 04:00:00,-4.165e-05
2024-09-05 05:00:00,-4.165e-05
2024-09-05 06:00:00,-4.165e-05
2024-09-05 07:00:00,-4.165e-05
2024-09-05 08:00:00,-4.165e-05
2024-09-05 09:00:00,-4.165e-05
2024-09-05 10:00:00,-4.165e-05
2024-09-05 11:00:00,-4.165e-05
2024-09-05 12:00:00,-2.39e-06
2024-09-05 13:00:00,-2.39e-06
2024-09-05 14:00:00,-2.39e-06
2024-09-05 15:00:00,-2.39e-06
2024-09-05 16:00:00,-2.39e-06
2024-09-05 17:00:00,-2.39e-06
2024-09-05 18:00:00,-2.39e-06
2024-09-05 19:00:00,-2.39e-06
2024-09-05 20:00:00,8.48e-06
2024-09-05 21:00:00,8.48e-06
2024-09-05 22:00:00,8.48e-06
2024-09-05 23:00:00,8.48e-06
2024-09-06 00:00:00,8.48e-06
2024-09-06 01:00:00,8.48e-06
2024-09-06 02:00:00,8.48e-06
2024-09-06 03:00:00,8.48e-06
2024-09-06 04:00:00,-4.633e-05
2024-09-06 05:00:00,-4.633e-05
2024-09-06 06:00:00,-4.633e-05
2024-09-06 07:00:00,-4.633e-05
2024-09-06 08:00:00,-4.633e-05
2024-09-06 09:00:00,-4.633e-05
2024-09-06 10:00:00,-4.633e-05
2024-09-06 11:00:00,-4.633e-05
2024-09-06 12:00:00,-1.66e-05
2024-09-06 13:00:00,-1.66e-05
2024-09-06 14:00:00,-1.66e-05
2024-09-06 15:00:00,-1.66e-05
2024-09-06 16:00:00,-1.66e-05
2024-09-06 17:00:00,-1.66e-05
2024-09-06 18:00:00,-1.66e-05
2024-09-06 19:00:00,-1.66e-05
2024-09-06 20:00:00,1.86e-06
2024-09-06 21:00:00,1.86e-06
2024-09-06 22:00:00,1.86e-06
2024-09-06 23:00:00,1.86e-06
2024-09-07 00:00:00,1.86e-06
2024-09-07 01:00:00,1.86e-06
2024-09-07 02:00:00,1.86e-06
2024-09-07 03:00:00,1.86e-06
2024-09-07 04:00:00,2.842e-05
2024-09-07 05:00:00,2.842e-05
2024-09-07 06:00:00,2.842e-05
2024-09-07 07:00:00,2.842e-05
2024-09-07 08:00:00,2.842e-05
2024-09-07 09:00:00,2.842e-05
2024-09-07 10:00:00,2.842e-05
2024-09-07 11:00:00,2.842e-05
2024-09-07 12:00:00,2.43e-05
2024-09-07 13:00:00,2.43e-05
2024-09-07 14:00:00,2.43e-05
2024-09-07 15:00:00,2.43e-05
2024-09-07 16:00:00,2.43e-05
2024-09-07 17:00:00,2.43e-05
2024-09-07 18:00:00,2.43e-05
2024-09-07 19:00:00,2.43e-05
2024-09-07 20:00:00,3.364e-05
2024-09-07 21:00:00,3.364e-05
2024-09-07 22:00:00,3.364e-05
2024-09-07 23:00:00,3.364e-05
2024-09-08 00:00:00,3.364e-05
2024-09-08 01:00:00,3.364e-05
2024-09-08 02:00:00,3.364e-05
2024-09-08 03:00:00,3.364e-05
2024-09-08 04:00:00,4.68e-05
2024-09-08 05:00:00,4.68e-05
2024-09-08 06:00:00,4.68e-05
2024-09-08 07:00:00,4.68e-05
2024-09-08 08:00:00,4.68e-05
2024-09-08 09:00:00,4.68e-05
2024-09-08 10:00:00,4.68e-05
2024-09-08 11:00:00,4.68e-05
2024-09-08 12:00:00,1.751e-05
2024-09-08 13:00:00,1.751e-05
2024-09-08 14:00:00,1.751e-05
2024-09-08 15:00:00,1.751e-05
2024-09-08 16:00:00,1.751e-05
2024-09-08 17:00:00,1.751e-05
2024-09-08 18:00:00,1.751e-05
2024-09-08 19:00:00,1.751e-05
2024-09-08 20:00:00,3.261e-05
2024-09-08 21:00:00,3.261e-05
2024-09-08 22:00:00,3.261e-05
2024-09-08 23:00:00,3.261e-05
2024-09-09 00:00:00,3.261e-05
2024-09-09 01:00:00,3.261e-05
2024-09-09 02:00:00,3.261e-05
2024-09-09 03:00:00,3.261e-05
2024-09-09 04:00:00,9.883e-05
2024-09-09 05:00:00,9.883e-05
2024-09-09 06:00:00,9.883e-05
2024-09-09 07:00:00,9.883e-05
2024-09-09 08:00:00,9.883e-05
2024-09-09 09:00:00,9.883e-05
2024-09-09 10:00:00,9.883e-05
2024-09-09 11:00:00,9.883e-05
2024-09-09 12:00:00,9.123e-05
2024-09-09 13:00:00,9.123e-05
2024-09-09 14:00:00,9.123e-05
2024-09-09 15:00:00,9.123e-05
2024-09-09 16:00:00,9.123e-05
2024-09-09 17:00:00,9.123e-05
2024-09-09 18:00:00,9.123e-05
2024-09-09 19:00:00,9.123e-05
2024-09-09 20:00:00,-3.54e-05
2024-09-09 21:00:00,-3.54e-05
2024-09-09 22:00:00,-3.54e-05
2024-09-09 23:00:00,-3.54e-05
2024-09-10 00:00:00,-3.54e-05
2024-09-10 01:00:00,-3.54e-05
2024-09-10 02:00:00,-3.54e-05
2024-09-10 03:00:00,-3.54e-05
2024-09-10 04:00:00,0.0001
2024-09-10 05:00:00,0.0001
2024-09-10 06:00:00,0.0001
2024-09-10 07:00:00,0.0001
2024-09-10 08:00:00,0.0001
2024-09-10 09:00:00,0.0001
2024-09-10 10:00:00,0.0001
2024-09-10 11:00:00,0.0001
2024-09-10 12:00:00,1.276e-05
2024-09-10 13:00:00,1.276e-05
2024-09-10 14:00:00,1.276e-05
2024-09-10 15:00:00,1.276e-05
2024-09-10 16:00:00,1.276e-05
2024-09-10 17:00:00,1.276e-05
2024-09-10 18:00:00,1.276e-05
2024-09-10 19:00:00,1.276e-05
2024-09-10 20:00:00,9.95e-06
2024-09-10 21:00:00,9.95e-06
2024-09-10 22:00:00,9.95e-06
2024-09-10 23:00:00,9.95e-06
2024-09-11 00:00:00,9.95e-06
2024-09-11 01:00:00,9.95e-06
2024-09-11 02:00:00,9.95e-06
2024-09-11 03:00:00,9.95e-06
2024-09-11 04:00:00,4.027e-05
2024-09-11 05:00:00,4.027e-05
2024-09-11 06:00:00,4.027e-05
2024-09-11 07:00:00,4.027e-05
2024-09-11 08:00:00,4.027e-05
2024-09-11 09:00:00,4.027e-05
2024-09-11 10:00:00,4.027e-05
2024-09-11 11:00:00,4.027e-05
2024-09-11 12:00:00,1.728e-05
2024-09-11 13:00:00,1.728e-05
2024-09-11 14:00:00,1.728e-05
2024-09-11 15:00:00,1.728e-05
2024-09-11 16:00:00,1.728e-05
2024-09-11 17:00:00,1.728e-05
2024-09-11 18:00:00,1.728e-05
2024-09-11 19:00:00,1.728e-05
2024-09-11 20:00:00,9.155e-05
2024-09-11 21:00:00,9.155e-05
2024-09-11 22:00:00,9.155e-05
2024-09-11 23:00:00,9.155e-05
2024-09-12 00:00:00,9.155e-05
2024-09-12 01:00:00,9.155e-05
2024-09-12 02:00:00,9.155e-05
2024-09-12 03:00:00,9.155e-05
2024-09-12 04:00:00,3.15e-06
2024-09-12 05:00:00,3.15e-06
2024-09-12 06:00:00,3.15e-06
2024-09-12 07:00:00,3.15e-06
2024-09-12 08:00:00,3.15e-06
2024-09-12 09:00:00,3.15e-06
2024-09-12 10:00:00,3.15e-06
2024-09-12 11:00:00,3.15e-06
2024-09-12 12:00:00,6.624e-05
2024-09-12 13:00:00,6.624e-05
2024-09-12 14:00:00,6.624e-05
2024-09-12 15:00:00,6.624e-05
2024-09-12 16:00:00,6.624e-05
2024-09-12 17:00:00,6.624e-05
2024-09-12 18:00:00,6.624e-05
2024-09-12 19:00:00,6.624e-05
2024-09-12 20:00:00,2.538e-05
2024-09-12 21:00:00,2.538e-05
2024-09-12 22:00:00,2.538e-05
2024-09-12 23:00:00,2.538e-05
2024-09-13 00:00:00,2.538e-05
2024-09-13 01:00:00,2.538e-05
2024-09-13 02:00:00,2.538e-05
2024-09-13 03:00:00,2.538e-05
2024-09-13 04:00:00,3.154e-05
2024-09-13 05:00:00,3.154e-05
2024-09-13 06:00:00,3.154e-05
2024-09-13 07:00:00,3.154e-05
2024-09-13 08:00:00,3.154e-05
2024-09-13 09:00:00,3.154e-05
2024-09-13 10:00:00,3.154e-05
2024-09-13 11:00:00,3.154e-05
2024-09-13 12:00:00,-4.31e-05
2024-09-13 13:00:00,-4.31e-05
2024-09-13 14:00:00,-4.31e-05
2024-09-13 15:00:00,-4.31e-05
2024-09-13 16:00:00,-4.31e-05
2024-09-13 17:00:00,-4.31e-05
2024-09-13 18:00:00,-4.31e-05
2024-09-13 19:00:00,-4.31e-05
2024-09-13 20:00:00,1.552e-05
2024-09-13 21:00:00,1.552e-05
2024-09-13 22:00:00,1.552e-05
2024-09-13 23:00:00,1.552e-05
2024-09-14 00:00:00,1.552e-05
2024-09-14 01:00:00,1.552e-05
2024-09-14 02:00:00,1.552e-05
2024-09-14 03:00:00,1.552e-05
2024-09-14 04:00:00,-1.724e-05
2024-09-14 05:00:00,-1.724e-05
2024-09-14 06:00:00,-1.724e-05
2024-09-14 07:00:00,-1.724e-05
2024-09-14 08:00:00,-1.724e-05
2024-09-14 09:00:00,-1.724e-05
2024-09-14 10:00:00,-1.724e-05
2024-09-14 11:00:00,-1.724e-05
2024-09-14 12:00:00,-7.95e-06
2024-09-14 13:00:00,-7.95e-06
2024-09-14 14:00:00,-7.95e-06
2024-09-14 15:00:00,-7.95e-06
2024-09-14 16:00:00,-7.95e-06
2024-09-14 17:00:00,-7.95e-06
2024-09-14 18:00:00,-7.95e-06
2024-09-14 19:00:00,-7.95e-06
2024-09-14 20:00:00,-2.375e-05
2024-09-14 21:00:00,-2.375e-05
2024-09-14 22:00:00,-2.375e-05
2024-09-14 23:00:00,-2.375e-05
2024-09-15 00:00:00,-2.375e-05
2024-09-15 01:00:00,-2.375e-05
2024-09-15 02:00:00,-2.375e-05
2024-09-15 03:00:00,-2.375e-05
2024-09-15 04:00:00,7.514e-05
2024-09-15 05:00:00,7.514e-05
2024-09-15 06:00:00,7.514e-05
2024-09-15 07:00:00,7.514e-05
2024-09-15 08:00:00,7.514e-05
2024-09-15 09:00:00,7.514e-05
2024-09-15 10:00:00,7.514e-05
2024-09-15 11:00:00,7.514e-05
2024-09-15 12:00:00,2.08e-06
2024-09-15 13:00:00,2.08e-06
2024-09-15 14:00:00,2.08e-06
2024-09-15 15:00:00,2.08e-06
2024-09-15 16:00:00,2.08e-06
2024-09-15 17:00:00,2.08e-06
2024-09-15 18:00:00,2.08e-06
2024-09-15 19:00:00,2.08e-06
2024-09-15 20:00:00,7.324e-05
2024-09-15 21:00:00,7.324e-05
2024-09-15 22:00:00,7.324e-05
2024-09-15 23:00:00,7.324e-05
2024-09-16 00:00:00,7.324e-05
2024-09-16 01:00:00,7.324e-05
2024-09-16 02:00:00,7.324e-05
2024-09-16 03:00:00,7.324e-05
2024-09-16 04:00:00,3.377e-05
2024-09-16 05:00:00,3.377e-05
2024-09-16 06:00:00,3.377e-05
2024-09-16 07:00:00,3.377e-05
2024-09-16 08:00:00,3.377e-05
2024-09-16 09:00:00,3.377e-05
2024-09-16 10:00:00,3.377e-05
2024-09-16 11:00:00,3.377e-05
2024-09-16 12:00:00,2.239e-05
2024-09-16 13:00:00,2.239e-05
2024-09-16 14:00:00,2.239e-05
2024-09-16 15:00:00,2.239e-05
2024-09-16 16:00:00,2.239e-05
2024-09-16 17:00:00,2.239e-05
2024-09-16 18:00:00,2.239e-05
2024-09-16 19:00:00,2.239e-05
2024-09-16 20:00:00,4.538e-05
2024-09-16 21:00:00,4.538e-05
2024-09-16 22:00:00,4.538e-05
2024-09-16 23:00:00,4.538e-05
2024-09-17 00:00:00,4.538e-05
2024-09-17 01:00:00,4.538e-05
2024-09-17 02:00:00,4.538e-05
2024-09-17 03:00:00,4.538e-05
2024-09-17 04:00:00,0.0001
2024-09-17 05:00:00,0.0001
2024-09-17 06:00:00,0.0001
2024-09-17 07:00:00,0.0001
2024-09-17 08:00:00,0.0001
2024-09-17 09:00:00,0.0001
2024-09-17 10:00:00,0.0001
2024-09-17 11:00:00,0.0001
2024-09-17 12:00:00,7.666e-05
2024-09-17 13:00:00,7.666e-05
2024-09-17 14:00:00,7.666e-05
2024-09-17 15:00:00,7.666e-05
2024-09-17 16:00:00,7.666e-05
2024-09-17 17:00:00,7.666e-05
2024-09-17 18:00:00,7.666e-05
2024-09-17 19:00:00,7.666e-05
2024-09-17 20:00:00,2.251e-05
2024-09-17 21:00:00,2.251e-05
2024-09-17 22:00:00,2.251e-05
2024-09-17 23:00:00,2.251e-05
2024-09-18 00:00:00,2.251e-05
2024-09-18 01:00:00,2.251e-05
2024-09-18 02:00:00,2.251e-05
2024-09-18 03:00:00,2.251e-05
2024-09-18 04:00:00,6.48e-06
2024-09-18 05:00:00,6.48e-06
2024-09-18 06:00:00,6.48e-06
2024-09-18 07:00:00,6.48e-06
2024-09-18 08:00:00,6.48e-06
2024-09-18 09:00:00,6.48e-06
2024-09-18 10:00:00,6.48e-06
2024-09-18 11:00:00,6.48e-06
2024-09-18 12:00:00,5.549e-05
2024-09-18 13:00:00,5.549e-05
2024-09-18 14:00:00,5.549e-05
2024-09-18 15:00:00,5.549e-05
2024-09-18 16:00:00,5.549e-05
2024-09-18 17:00:00,5.549e-05
2024-09-18 18:00:00,5.549e-05
2024-09-18 19:00:00,5.549e-05
2024-09-18 20:00:00,8.846e-05
2024-09-18 21:00:00,8.846e-05
2024-09-18 22:00:00,8.846e-05
2024-09-18 23:00:00,8.846e-05
2024-09-19 00:00:00,8.846e-05
2024-09-19 01:00:00,8.846e-05
2024-09-19 02:00:00,8.846e-05
2024-09-19 03:00:00,8.846e-05
2024-09-19 04:00:00,9.784e-05
2024-09-19 05:00:00,9.784e-05
2024-09-19 06:00:00,9.784e-05
2024-09-19 07:00:00,9.784e-05
2024-09-19 08:00:00,9.784e-05
2024-09-19 09:00:00,9.784e-05
2024-09-19 10:00:00,9.784e-05
2024-09-19 11:00:00,9.784e-05
2024-09-19 12:00:00,6.603e-05
2024-09-19 13:00:00,6.603e-05
2024-09-19 14:00:00,6.603e-05
2024-09-19 15:00:00,6.603e-05
2024-09-19 16:00:00,6.603e-05
2024-09-19 17:00:00,6.603e-05
2024-09-19 18:00:00,6.603e-05
2024-09-19 19:00:00,6.603e-05
2024-09-19 20:00:00,5.137e-05
2024-09-19 21:00:00,5.137e-05
2024-09-19 22:00:00,5.137e-05
2024-09-19 23:00:00,5.137e-05
2024-09-20 00:00:00,5.137e-05
2024-09-20 01:00:00,5.137e-05
2024-09-20 02:00:00,5.137e-05
2024-09-20 03:00:00,5.137e-05
2024-09-20 04:00:00,3.807e-05
2024-09-20 05:00:00,3.807e-05
2024-09-20 06:00:00,3.807e-05
2024-09-20 07:00:00,3.807e-05
2024-09-20 08:00:00,3.807e-05
2024-09-20 09:00:00,3.807e-05
2024-09-20 10:00:00,3.807e-05
2024-09-20 11:00:00,3.807e-05
2024-09-20 12:00:00,-1.615e-05
2024-09-20 13:00:00,-1.615e-05
2024-09-20 14:00:00,-1.615e-05
2024-09-20 15:00:00,-1.615e-05
2024-09-20 16:00:00,-1.615e-05
2024-09-20 17:00:00,-1.615e-05
2024-09-20 18:00:00,-1.615e-05
2024-09-20 19:00:00,-1.615e-05
2024-09-20 20:00:00,0.0001
2024-09-20 21:00:00,0.0001
2024-09-20 22:00:00,0.0001
2024-09-20 23:00:00,0.0001
2024-09-21 00:00:00,0.0001
2024-09-21 01:00:00,0.0001
2024-09-21 02:00:00,0.0001
2024-09-21 03:00:00,0.0001
2024-09-21 04:00:00,0.0
2024-09-21 05:00:00,0.0
2024-09-21 06:00:00,0.0
2024-09-21 07:00:00,0.0
2024-09-21 08:00:00,0.0
2024-09-21 09:00:00,0.0
2024-09-21 10:00:00,0.0
2024-09-21 11:00:00,0.0
2024-09-21 12:00:00,-5.4e-06
2024-09-21 13:00:00,-5.4e-06
2024-09-21 14:00:00,-5.4e-06
2024-09-21 15:00:00,-5.4e-06
2024-09-21 16:00:00,-5.4e-06
2024-09-21 17:00:00,-5.4e-06
2024-09-21 18:00:00,-5.4e-06
2024-09-21 19:00:00,-5.4e-06
2024-09-21 20:00:00,-1.119e-05
2024-09-21 21:00:00,-1.119e-05
2024-09-21 22:00:00,-1.119e-05
2024-09-21 23:00:00,-1.119e-05
2024-09-22 00:00:00,-1.119e-05
2024-09-22 01:00:00,-1.119e-05
2024-09-22 02:00:00,-1.119e-05
2024-09-22 03:00:00,-1.119e-05
2024-09-22 04:00:00,-5.58e-06
2024-09-22 05:00:00,-5.58e-06
2024-09-22 06:00:00,-5.58e-06
2024-09-22 07:00:00,-5.58e-06
2024-09-22 08:00:00,-5.58e-06
2024-09-22 09:00:00,-5.58e-06
2024-09-22 10:00:00,-5.58e-06
2024-09-22 11:00:00,-5.58e-06
2024-09-22 12:00:00,-4.374e-05
2024-09-22 13:00:00,-4.374e-05
2024-09-22 14:00:00,-4.374e-05
2024-09-22 15:00:00,-4.374e-05
2024-09-22 16:00:00,-4.374e-05
2024-09-22 17:00:00,-4.374e-05
2024-09-22 18:00:00,-4.374e-05
2024-09-22 19:00:00,-4.374e-05
2024-09-22 20:00:00,5.468e-05
2024-09-22 21:00:00,5.468e-05
2024-09-22 22:00:00,5.468e-05
2024-09-22 23:00:00,5.468e-05
2024-09-23 00:00:00,5.468e-05
2024-09-23 01:00:00,5.468e-05
2024-09-23 02:00:00,5.468e-05
2024-09-23 03:00:00,5.468e-05
2024-09-23 04:00:00,0.0001
2024-09-23 05:00:00,0.0001
2024-09-23 06:00:00,0.0001
2024-09-23 07:00:00,0.0001
2024-09-23 08:00:00,0.0001
2024-09-23 09:00:00,0.0001
2024-09-23 10:00:00,0.0001
2024-09-23 11:00:00,0.0001
2024-09-23 12:00:00,-1.126e-05
2024-09-23 13:00:00,-1.126e-05
2024-09-23 14:00:00,-1.126e-05
2024-09-23 15:00:00,-1.126e-05
2024-09-23 16:00:00,-1.126e-05
2024-09-23 17:00:00,-1.126e-05
2024-09-23 18:00:00,-1.126e-05
2024-09-23 19:00:00,-1.126e-05
2024-09-23 20:00:00,4.386e-05
2024-09-23 21:00:00,4.386e-05
2024-09-23 22:00:00,4.386e-05
2024-09-23 23:00:00,4.386e-05
2024-09-24 00:00:00,4.386e-05
2024-09-24 01:00:00,4.386e-05
2024-09-24 02:00:00,4.386e-05
2024-09-24 03:00:00,4.386e-05
2024-09-24 04:00:00,8.154e-05
2024-09-24 05:00:00,8.154e-05
2024-09-24 06:00:00,8.154e-05
2024-09-24 07:00:00,8.154e-05
2024-09-24 08:00:00,8.154e-05
2024-09-24 09:00:00,8.154e-05
2024-09-24 10:00:00,8.154e-05
2024-09-24 11:00:00,8.154e-05
2024-09-24 12:00:00,7.883e-05
2024-09-24 13:00:00,7.883e-05
2024-09-24 14:00:00,7.883e-05
2024-09-24 15:00:00,7.883e-05
2024-09-24 16:00:00,7.883e-05
2024-09-24 17:00:00,7.883e-05
2024-09-24 18:00:00,7.883e-05
2024-09-24 19:00:00,7.883e-05
2024-09-24 20:00:00,2.404e-05
2024-09-24 21:00:00,2.404e-05
2024-09-24 22:00:00,2.404e-05
2024-09-24 23:00:00,2.404e-05
2024-09-25 00:00:00,2.404e-05
2024-09-25 01:00:00,2.404e-05
2024-09-25 02:00:00,2.404e-05
2024-09-25 03:00:00,2.404e-05
2024-09-25 04:00:00,0.0001
2024-09-25 05:00:00,0.0001
2024-09-25 06:00:00,0.0001
2024-09-25 07:00:00,0.0001
2024-09-25 08:00:00,0.0001
2024-09-25 09:00:00,0.0001
2024-09-25 10:00:00,0.0001
2024-09-25 11:00:00,0.0001
2024-09-25 12:00:00,0.0001
2024-09-25 13:00:00,0.0001
2024-09-25 14:00:00,0.0001
2024-09-25 15:00:00,0.0001
2024-09-25 16:00:00,0.0001
2024-09-25 17:00:00,0.0001
2024-09-25 18:00:00,0.0001
2024-09-25 19:00:00,0.0001
2024-09-25 20:00:00,0.0001
2024-09-25 21:00:00,0.0001
2024-09-25 22:00:00,0.0001
2024-09-25 23:00:00,0.0001
2024-09-26 00:00:00,0.0001
2024-09-26 01:00:00,0.0001
2024-09-26 02:00:00,0.0001
2024-09-26 03:00:00,0.0001
2024-09-26 04:00:00,0.0001
2024-09-26 05:00:00,0.0001
2024-09-26 06:00:00,0.0001
2024-09-26 07:00:00,0.0001
2024-09-26 08:00:00,0.0001
2024-09-26 09:00:00,0.0001
2024-09-26 10:00:00,0.0001
2024-09-26 11:00:00,0.0001
2024-09-26 12:00:00,0.0001
2024-09-26 13:00:00,0.0001
2024-09-26 14:00:00,0.0001
2024-09-26 15:00:00,0.0001
2024-09-26 16:00:00,0.0001
2024-09-26 17:00:00,0.0001
2024-09-26 18:00:00,0.0001
2024-09-26 19:00:00,0.0001
2024-09-26 20:00:00,9.007e-05
2024-09-26 21:00:00,9.007e-05
2024-09-26 22:00:00,9.007e-05
2024-09-26 23:00:00,9.007e-05
2024-09-27 00:00:00,9.007e-05
2024-09-27 01:00:00,9.007e-05
2024-09-27 02:00:00,9.007e-05
2024-09-27 03:00:00,9.007e-05
2024-09-27 04:00:00,7.718e-05
2024-09-27 05:00:00,7.718e-05
2024-09-27 06:00:00,7.718e-05
2024-09-27 07:00:00,7.718e-05
2024-09-27 08:00:00,7.718e-05
2024-09-27 09:00:00,7.718e-05
2024-09-27 10:00:00,7.718e-05
2024-09-27 11:00:00,7.718e-05
2024-09-27 12:00:00,8.68e-05
2024-09-27 13:00:00,8.68e-05
2024-09-27 14:00:00,8.68e-05
2024-09-27 15:00:00,8.68e-05
2024-09-27 16:00:00,8.68e-05
2024-09-27 17:00:00,8.68e-05
2024-09-27 18:00:00,8.68e-05
2024-09-27 19:00:00,8.68e-05
2024-09-27 20:00:00,3.78e-05
2024-09-27 21:00:00,3.78e-05
2024-09-27 22:00:00,3.78e-05
2024-09-27 23:00:00,3.78e-05
2024-09-28 00:00:00,3.78e-05
2024-09-28 01:00:00,3.78e-05
2024-09-28 02:00:00,3.78e-05
2024-09-28 03:00:00,3.78e-05
2024-09-28 04:00:00,4.588e-05
2024-09-28 05:00:00,4.588e-05
2024-09-28 06:00:00,4.588e-05
2024-09-28 07:00:00,4.588e-05
2024-09-28 08:00:00,4.588e-05
2024-09-28 09:00:00,4.588e-05
2024-09-28 10:00:00,4.588e-05
2024-09-28 11:00:00,4.588e-05
2024-09-28 12:00:00,0.0001
2024-09-28 13:00:00,0.0001
2024-09-28 14:00:00,0.0001
2024-09-28 15:00:00,0.0001
2024-09-28 16:00:00,0.0001
2024-09-28 17:00:00,0.0001
2024-09-28 18:00:00,0.0001
2024-09-28 19:00:00,0.0001
2024-09-28 20:00:00,6.532e-05
2024-09-28 21:00:00,6.532e-05
2024-09-28 22:00:00,6.532e-05
2024-09-28 23:00:00,6.532e-05
2024-09-29 00:00:00,6.532e-05
2024-09-29 01:00:00,6.532e-05
2024-09-29 02:00:00,6.532e-05
2024-09-29 03:00:00,6.532e-05
2024-09-29 04:00:00,0.0001
2024-09-29 05:00:00,0.0001
2024-09-29 06:00:00,0.0001
2024-09-29 07:00:00,0.0001
2024-09-29 08:00:00,0.0001
2024-09-29 09:00:00,0.0001
2024-09-29 10:00:00,0.0001
2024-09-29 11:00:00,0.0001
2024-09-29 12:00:00,0.0001
2024-09-29 13:00:00,0.0001
2024-09-29 14:00:00,0.0001
2024-09-29 15:00:00,0.0001
2024-09-29 16:00:00,0.0001
2024-09-29 17:00:00,0.0001
2024-09-29 18:00:00,0.0001
2024-09-29 19:00:00,0.0001
2024-09-29 20:00:00,0.0001
2024-09-29 21:00:00,0.0001
2024-09-29 22:00:00,0.0001
2024-09-29 23:00:00,0.0001
2024-09-30 00:00:00,0.0001
2024-09-30 01:00:00,0.0001
2024-09-30 02:00:00,0.0001
2024-09-30 03:00:00,0.0001
2024-09-30 04:00:00,0.0001
2024-09-30 05:00:00,0.0001
2024-09-30 06:00:00,0.0001
2024-09-30 07:00:00,0.0001
2024-09-30 08:00:00,0.0001
2024-09-30 09:00:00,0.0001
2024-09-30 10:00:00,0.0001
2024-09-30 11:00:00,0.0001
2024-09-30 12:00:00,0.0001
2024-09-30 13:00:00,0.0001
2024-09-30 14:00:00,0.0001
2024-09-30 15:00:00,0.0001
2024-09-30 16:00:00,0.0001
2024-09-30 17:00:00,0.0001
2024-09-30 18:00:00,0.0001
2024-09-30 19:00:00,0.0001
2024-09-30 20:00:00,0.0001
2024-09-30 21:00:00,0.0001
2024-09-30 22:00:00,0.0001
2024-09-30 23:00:00,0.0001
2024-10-01 00:00:00,0.0001
2024-10-01 01:00:00,0.0001
2024-10-01 02:00:00,0.0001
2024-10-01 03:00:00,0.0001
2024-10-01 04:00:00,2.677e-05
2024-10-01 05:00:00,2.677e-05
2024-10-01 06:00:00,2.677e-05
2024-10-01 07:00:00,2.677e-05
2024-10-01 08:00:00,2.677e-05
2024-10-01 09:00:00,2.677e-05
2024-10-01 10:00:00,2.677e-05
2024-10-01 11:00:00,2.677e-05
2024-10-01 12:00:00,2.08e-06
2024-10-01 13:00:00,2.08e-06
2024-10-01 14:00:00,2.08e-06
2024-10-01 15:00:00,2.08e-06
2024-10-01 16:00:00,2.08e-06
2024-10-01 17:00:00,2.08e-06
2024-10-01 18:00:00,2.08e-06
2024-10-01 19:00:00,2.08e-06
2024-10-01 20:00:00,5.26e-05
2024-10-01 21:00:00,5.26e-05
2024-10-01 22:00:00,5.26e-05
2024-10-01 23:00:00,5.26e-05
2024-10-02 00:00:00,5.26e-05
2024-10-02 01:00:00,5.26e-05
2024-10-02 02:00:00,5.26e-05
2024-10-02 03:00:00,5.26e-05
2024-10-02 04:00:00,0.0001
2024-10-02 05:00:00,0.0001
2024-10-02 06:00:00,0.0001
2024-10-02 07:00:00,0.0001
2024-10-02 08:00:00,0.0001
2024-10-02 09:00:00,0.0001
2024-10-02 10:00:00,0.0001
2024-10-02 11:00:00,0.0001
2024-10-02 12:00:00,9.064e-05
2024-10-02 13:00:00,9.064e-05
2024-10-02 14:00:00,9.064e-05
2024-10-02 15:00:00,9.064e-05
2024-10-02 16:00:00,9.064e-05
2024-10-02 17:00:00,9.064e-05
2024-10-02 18:00:00,9.064e-05
2024-10-02 19:00:00,9.064e-05
2024-10-02 20:00:00,-9.13e-06
2024-10-02 21:00:00,-9.13e-06
2024-10-02 22:00:00,-9.13e-06
2024-10-02 23:00:00,-9.13e-06
2024-10-03 00:00:00,-9.13e-06
2024-10-03 01:00:00,-9.13e-06
2024-10-03 02:00:00,-9.13e-06
2024-10-03 03:00:00,-9.13e-06
2024-10-03 04:00:00,7.216e-05
2024-10-03 05:00:00,7.216e-05
2024-10-03 06:00:00,7.216e-05
2024-10-03 07:00:00,7.216e-05
2024-10-03 08:00:00,7.216e-05
2024-10-03 09:00:00,7.216e-05
2024-10-03 10:00:00,7.216e-05
2024-10-03 11:00:00,7.216e-05
2024-10-03 12:00:00,0.0001
2024-10-03 13:00:00,0.0001
2024-10-03 14:00:00,0.0001
2024-10-03 15:00:00,0.0001
2024-10-03 16:00:00,0.0001
2024-10-03 17:00:00,0.0001
2024-10-03 18:00:00,0.0001
2024-10-03 19:00:00,0.0001
2024-10-03 20:00:00,7.355e-05
2024-10-03 21:00:00,7.355e-05
2024-10-03 22:00:00,7.355e-05
2024-10-03 23:00:00,7.355e-05
2024-10-04 00:00:00,7.355e-05
2024-10-04 01:00:00,7.355e-05
2024-10-04 02:00:00,7.355e-05
2024-10-04 03:00:00,7.355e-05
2024-10-04 04:00:00,0.0001
2024-10-04 05:00:00,0.0001
2024-10-04 06:00:00,0.0001
2024-10-04 07:00:00,0.0001
2024-10-04 08:00:00,0.0001
2024-10-04 09:00:00,0.0001
2024-10-04 10:00:00,0.0001
2024-10-04 11:00:00,0.0001
2024-10-04 12:00:00,8.78e-06
2024-10-04 13:00:00,8.78e-06
2024-10-04 14:00:00,8.78e-06
2024-10-04 15:00:00,8.78e-06
2024-10-04 16:00:00,8.78e-06
2024-10-04 17:00:00,8.78e-06
2024-10-04 18:00:00,8.78e-06
2024-10-04 19:00:00,8.78e-06
2024-10-04 20:00:00,6.585e-05
2024-10-04 21:00:00,6.585e-05
2024-10-04 22:00:00,6.585e-05
2024-10-04 23:00:00,6.585e-05
2024-10-05 00:00:00,6.585e-05
2024-10-05 01:00:00,6.585e-05
2024-10-05 02:00:00,6.585e-05
2024-10-05 03:00:00,6.585e-05
2024-10-05 04:00:00,1.457e-05
2024-10-05 05:00:00,1.457e-05
2024-10-05 06:00:00,1.457e-05
2024-10-05 07:00:00,1.457e-05
2024-10-05 08:00:00,1.457e-05
2024-10-05 09:00:00,1.457e-05
2024-10-05 10:00:00,1.457e-05
2024-10-05 11:00:00,1.457e-05
2024-10-05 12:00:00,3.716e-05
2024-10-05 13:00:00,3.716e-05
2024-10-05 14:00:00,3.716e-05
2024-10-05 15:00:00,3.716e-05
2024-10-05 16:00:00,3.716e-05
2024-10-05 17:00:00,3.716e-05
2024-10-05 18:00:00,3.716e-05
2024-10-05 19:00:00,3.716e-05
2024-10-05 20:00:00,7.081e-05
2024-10-05 21:00:00,7.081e-05
2024-10-05 22:00:00,7.081e-05
2024-10-05 23:00:00,7.081e-05
2024-10-06 00:00:00,7.081e-05
2024-10-06 01:00:00,7.081e-05
2024-10-06 02:00:00,7.081e-05
2024-10-06 03:00:00,7.081e-05
2024-10-06 04:00:00,0.0001
2024-10-06 05:00:00,0.0001
2024-10-06 06:00:00,0.0001
2024-10-06 07:00:00,0.0001
2024-10-06 08:00:00,0.0001
2024-10-06 09:00:00,0.0001
2024-10-06 10:00:00,0.0001
2024-10-06 11:00:00,0.0001
2024-10-06 12:00:00,0.0001
2024-10-06 13:00:00,0.0001
2024-10-06 14:00:00,0.0001
2024-10-06 15:00:00,0.0001
2024-10-06 16:00:00,0.0001
2024-10-06 17:00:00,0.0001
2024-10-06 18:00:00,0.0001
2024-10-06 19:00:00,0.0001
2024-10-06 20:00:00,4.254e-05
2024-10-06 21:00:00,4.254e-05
2024-10-06 22:00:00,4.254e-05
2024-10-06 23:00:00,4.254e-05
2024-10-07 00:00:00,4.254e-05
2024-10-07 01:00:00,4.254e-05
2024-10-07 02:00:00,4.254e-05
2024-10-07 03:00:00,4.254e-05
2024-10-07 04:00:00,1.298e-05
2024-10-07 05:00:00,1.298e-05
2024-10-07 06:00:00,1.298e-05
2024-10-07 07:00:00,1.298e-05
2024-10-07 08:00:00,1.298e-05
2024-10-07 09:00:00,1.298e-05
2024-10-07 10:00:00,1.298e-05
2024-10-07 11:00:00,1.298e-05
2024-10-07 12:00:00,1.09e-06
2024-10-07 13:00:00,1.09e-06
2024-10-07 14:00:00,1.09e-06
2024-10-07 15:00:00,1.09e-06
2024-10-07 16:00:00,1.09e-06
2024-10-07 17:00:00,1.09e-06
2024-10-07 18:00:00,1.09e-06
2024-10-07 19:00:00,1.09e-06
2024-10-07 20:00:00,8.184e-05
2024-10-07 21:00:00,8.184e-05
2024-10-07 22:00:00,8.184e-05
2024-10-07 23:00:00,8.184e-05
2024-10-08 00:00:00,8.184e-05
2024-10-08 01:00:00,8.184e-05
2024-10-08 02:00:00,8.184e-05
2024-10-08 03:00:00,8.184e-05
2024-10-08 04:00:00,-2.285e-05
2024-10-08 05:00:00,-2.285e-05
2024-10-08 06:00:00,-2.285e-05
2024-10-08 07:00:00,-2.285e-05
2024-10-08 08:00:00,-2.285e-05
2024-10-08 09:00:00,-2.285e-05
2024-10-08 10:00:00,-2.285e-05
2024-10-08 11:00:00,-2.285e-05
2024-10-08 12:00:00,-6.39e-06
2024-10-08 13:00:00,-6.39e-06
2024-10-08 14:00:00,-6.39e-06
2024-10-08 15:00:00,-6.39e-06
2024-10-08 16:00:00,-6.39e-06
2024-10-08 17:00:00,-6.39e-06
2024-10-08 18:00:00,-6.39e-06
2024-10-08 19:00:00,-6.39e-06
2024-10-08 20:00:00,6e-07
2024-10-08 21:00:00,6e-07
2024-10-08 22:00:00,6e-07
2024-10-08 23:00:00,6e-07
2024-10-09 00:00:00,6e-07
2024-10-09 01:00:00,6e-07
2024-10-09 02:00:00,6e-07
2024-10-09 03:00:00,6e-07
2024-10-09 04:00:00,2.239e-05
2024-10-09 05:00:00,2.239e-05
2024-10-09 06:00:00,2.239e-05
2024-10-09 07:00:00,2.239e-05
2024-10-09 08:00:00,2.239e-05
2024-10-09 09:00:00,2.239e-05
2024-10-09 10:00:00,2.239e-05
2024-10-09 11:00:00,2.239e-05
2024-10-09 12:00:00,8.393e-05
2024-10-09 13:00:00,8.393e-05
2024-10-09 14:00:00,8.393e-05
2024-10-09 15:00:00,8.393e-05
2024-10-09 16:00:00,8.393e-05
2024-10-09 17:00:00,8.393e-05
2024-10-09 18:00:00,8.393e-05
2024-10-09 19:00:00,8.393e-05
2024-10-09 20:00:00,8.869e-05
2024-10-09 21:00:00,8.869e-05
2024-10-09 22:00:00,8.869e-05
2024-10-09 23:00:00,8.869e-05
2024-10-10 00:00:00,8.869e-05
2024-10-10 01:00:00,8.869e-05
2024-10-10 02:00:00,8.869e-05
2024-10-10 03:00:00,8.869e-05
2024-10-10 04:00:00,2.703e-05
2024-10-10 05:00:00,2.703e-05
2024-10-10 06:00:00,2.703e-05
2024-10-10 07:00:00,2.703e-05
2024-10-10 08:00:00,2.703e-05
2024-10-10 09:00:00,2.703e-05
2024-10-10 10:00:00,2.703e-05
2024-10-10 11:00:00,2.703e-05
2024-10-10 12:00:00,5.089e-05
2024-10-10 13:00:00,5.089e-05
2024-10-10 14:00:00,5.089e-05
2024-10-10 15:00:00,5.089e-05
2024-10-10 16:00:00,5.089e-05
2024-10-10 17:00:00,5.089e-05
2024-10-10 18:00:00,5.089e-05
2024-10-10 19:00:00,5.089e-05
2024-10-10 20:00:00,6.638e-05
2024-10-10 21:00:00,6.638e-05
2024-10-10 22:00:00,6.638e-05
2024-10-10 23:00:00,6.638e-05
2024-10-11 00:00:00,6.638e-05
2024-10-11 01:00:00,6.638e-05
2024-10-11 02:00:00,6.638e-05
2024-10-11 03:00:00,6.638e-05
2024-10-11 04:00:00,7.44e-06
2024-10-11 05:00:00,7.44e-06
2024-10-11 06:00:00,7.44e-06
2024-10-11 07:00:00,7.44e-06
2024-10-11 08:00:00,7.44e-06
2024-10-11 09:00:00,7.44e-06
2024-10-11 10:00:00,7.44e-06
2024-10-11 11:00:00,7.44e-06
2024-10-11 12:00:00,4.712e-05
2024-10-11 13:00:00,4.712e-05
2024-10-11 14:00:00,4.712e-05
2024-10-11 15:00:00,4.712e-05
2024-10-11 16:00:00,4.712e-05
2024-10-11 17:00:00,4.712e-05
2024-10-11 18:00:00,4.712e-05
2024-10-11 19:00:00,4.712e-05
2024-10-11 20:00:00,0.0001
2024-10-11 21:00:00,0.0001
2024-10-11 22:00:00,0.0001
2024-10-11 23:00:00,0.0001
2024-10-12 00:00:00,0.0001
2024-10-12 01:00:00,0.0001
2024-10-12 02:00:00,0.0001
2024-10-12 03:00:00,0.0001
2024-10-12 04:00:00,0.0001
2024-10-12 05:00:00,0.0001
2024-10-12 06:00:00,0.0001
2024-10-12 07:00:00,0.0001
2024-10-12 08:00:00,0.0001
2024-10-12 09:00:00,0.0001
2024-10-12 10:00:00,0.0001
2024-10-12 11:00:00,0.0001
2024-10-12 12:00:00,0.0001
2024-10-12 13:00:00,0.0001
2024-10-12 14:00:00,0.0001
2024-10-12 15:00:00,0.0001
2024-10-12 16:00:00,0.0001
2024-10-12 17:00:00,0.0001
2024-10-12 18:00:00,0.0001
2024-10-12 19:00:00,0.0001
2024-10-12 20:00:00,6.714e-05
2024-10-12 21:00:00,6.714e-05
2024-10-12 22:00:00,6.714e-05
2024-10-12 23:00:00,6.714e-05
2024-10-13 00:00:00,6.714e-05
2024-10-13 01:00:00,6.714e-05
2024-10-13 02:00:00,6.714e-05
2024-10-13 03:00:00,6.714e-05
2024-10-13 04:00:00,9.18e-05
2024-10-13 05:00:00,9.18e-05
2024-10-13 06:00:00,9.18e-05
2024-10-13 07:00:00,9.18e-05
2024-10-13 08:00:00,9.18e-05
2024-10-13 09:00:00,9.18e-05
2024-10-13 10:00:00,9.18e-05
2024-10-13 11:00:00,9.18e-05
2024-10-13 12:00:00,5.896e-05
2024-10-13 13:00:00,5.896e-05
2024-10-13 14:00:00,5.896e-05
2024-10-13 15:00:00,5.896e-05
2024-10-13 16:00:00,5.896e-05
2024-10-13 17:00:00,5.896e-05
2024-10-13 18:00:00,5.896e-05
2024-10-13 19:00:00,5.896e-05
2024-10-13 20:00:00,6.966e-05
2024-10-13 21:00:00,6.966e-05
2024-10-13 22:00:00,6.966e-05
2024-10-13 23:00:00,6.966e-05
2024-10-14 00:00:00,6.966e-05
2024-10-14 01:00:00,6.966e-05
2024-10-14 02:00:00,6.966e-05
2024-10-14 03:00:00,6.966e-05
2024-10-14 04:00:00,6.128e-05
2024-10-14 05:00:00,6.128e-05
2024-10-14 06:00:00,6.128e-05
2024-10-14 07:00:00,6.128e-05
2024-10-14 08:00:00,6.128e-05
2024-10-14 09:00:00,6.128e-05
2024-10-14 10:00:00,6.128e-05
2024-10-14 11:00:00,6.128e-05
2024-10-14 12:00:00,0.0001
2024-10-14 13:00:00,0.0001
2024-10-14 14:00:00,0.0001
2024-10-14 15:00:00,0.0001
2024-10-14 16:00:00,0.0001
2024-10-14 17:00:00,0.0001
2024-10-14 18:00:00,0.0001
2024-10-14 19:00:00,0.0001
2024-10-14 20:00:00,0.0001
2024-10-14 21:00:00,0.0001
2024-10-14 22:00:00,0.0001
2024-10-14 23:00:00,0.0001
2024-10-15 00:00:00,0.0001
2024-10-15 01:00:00,0.0001
2024-10-15 02:00:00,0.0001
2024-10-15 03:00:00,0.0001
2024-10-15 04:00:00,0.0001
2024-10-15 05:00:00,0.0001
2024-10-15 06:00:00,0.0001
2024-10-15 07:00:00,0.0001
2024-10-15 08:00:00,0.0001
2024-10-15 09:00:00,0.0001
2024-10-15 10:00:00,0.0001
2024-10-15 11:00:00,0.0001
2024-10-15 12:00:00,0.0001
2024-10-15 13:00:00,0.0001
2024-10-15 14:00:00,0.0001
2024-10-15 15:00:00,0.0001
2024-10-15 16:00:00,0.0001
2024-10-15 17:00:00,0.0001
2024-10-15 18:00:00,0.0001
2024-10-15 19:00:00,0.0001
2024-10-15 20:00:00,0.0001
2024-10-15 21:00:00,0.0001
2024-10-15 22:00:00,0.0001
2024-10-15 23:00:00,0.0001
2024-10-16 00:00:00,0.0001
2024-10-16 01:00:00,0.0001
2024-10-16 02:00:00,0.0001
2024-10-16 03:00:00,0.0001
2024-10-16 04:00:00,0.0001
2024-10-16 05:00:00,0.0001
2024-10-16 06:00:00,0.0001
2024-10-16 07:00:00,0.0001
2024-10-16 08:00:00,0.0001
2024-10-16 09:00:00,0.0001
2024-10-16 10:00:00,0.0001
2024-10-16 11:00:00,0.0001
2024-10-16 12:00:00,0.0001
2024-10-16 13:00:00,0.0001
2024-10-16 14:00:00,0.0001
2024-10-16 15:00:00,0.0001
2024-10-16 16:00:00,0.0001
2024-10-16 17:00:00,0.0001
2024-10-16 18:00:00,0.0001
2024-10-16 19:00:00,0.0001
2024-10-16 20:00:00,0.0001
2024-10-16 21:00:00,0.0001
2024-10-16 22:00:00,0.0001
2024-10-16 23:00:00,0.0001
2024-10-17 00:00:00,0.0001
2024-10-17 01:00:00,0.0001
2024-10-17 02:00:00,0.0001
2024-10-17 03:00:00,0.0001
2024-10-17 04:00:00,0.0001
2024-10-17 05:00:00,0.0001
2024-10-17 06:00:00,0.0001
2024-10-17 07:00:00,0.0001
2024-10-17 08:00:00,0.0001
2024-10-17 09:00:00,0.0001
2024-10-17 10:00:00,0.0001
2024-10-17 11:00:00,0.0001
2024-10-17 12:00:00,0.0001
2024-10-17 13:00:00,0.0001
2024-10-17 14:00:00,0.0001
2024-10-17 15:00:00,0.0001
2024-10-17 16:00:00,0.0001
2024-10-17 17:00:00,0.0001
2024-10-17 18:00:00,0.0001
2024-10-17 19:00:00,0.0001
2024-10-17 20:00:00,0.0001
2024-10-17 21:00:00,0.0001
2024-10-17 22:00:00,0.0001
2024-10-17 23:00:00,0.0001
2024-10-18 00:00:00,0.0001
2024-10-18 01:00:00,0.0001
2024-10-18 02:00:00,0.0001
2024-10-18 03:00:00,0.0001
2024-10-18 04:00:00,8.463e-05
2024-10-18 05:00:00,8.463e-05
2024-10-18 06:00:00,8.463e-05
2024-10-18 07:00:00,8.463e-05
2024-10-18 08:00:00,8.463e-05
2024-10-18 09:00:00,8.463e-05
2024-10-18 10:00:00,8.463e-05
2024-10-18 11:00:00,8.463e-05
2024-10-18 12:00:00,0.0001
2024-10-18 13:00:00,0.0001
2024-10-18 14:00:00,0.0001
2024-10-18 15:00:00,0.0001
2024-10-18 16:00:00,0.0001
2024-10-18 17:00:00,0.0001
2024-10-18 18:00:00,0.0001
2024-10-18 19:00:00,0.0001
2024-10-18 20:00:00,0.0001
2024-10-18 21:00:00,0.0001
2024-10-18 22:00:00,0.0001
2024-10-18 23:00:00,0.0001
2024-10-19 00:00:00,0.0001
2024-10-19 01:00:00,0.0001
2024-10-19 02:00:00,0.0001
2024-10-19 03:00:00,0.0001
2024-10-19 04:00:00,0.0001
2024-10-19 05:00:00,0.0001
2024-10-19 06:00:00,0.0001
2024-10-19 07:00:00,0.0001
2024-10-19 08:00:00,0.0001
2024-10-19 09:00:00,0.0001
2024-10-19 10:00:00,0.0001
2024-10-19 11:00:00,0.0001
2024-10-19 12:00:00,0.0001
2024-10-19 13:00:00,0.0001
2024-10-19 14:00:00,0.0001
2024-10-19 15:00:00,0.0001
2024-10-19 16:00:00,0.0001
2024-10-19 17:00:00,0.0001
2024-10-19 18:00:00,0.0001
2024-10-19 19:00:00,0.0001
2024-10-19 20:00:00,0.0001
2024-10-19 21:00:00,0.0001
2024-10-19 22:00:00,0.0001
2024-10-19 23:00:00,0.0001
2024-10-20 00:00:00,0.0001
2024-10-20 01:00:00,0.0001
2024-10-20 02:00:00,0.0001
2024-10-20 03:00:00,0.0001
2024-10-20 04:00:00,0.0001
2024-10-20 05:00:00,0.0001
2024-10-20 06:00:00,0.0001
2024-10-20 07:00:00,0.0001
2024-10-20 08:00:00,0.0001
2024-10-20 09:00:00,0.0001
2024-10-20 10:00:00,0.0001
2024-10-20 11:00:00,0.0001
2024-10-20 12:00:00,0.0001
2024-10-20 13:00:00,0.0001
2024-10-20 14:00:00,0.0001
2024-10-20 15:00:00,0.0001
2024-10-20 16:00:00,0.0001
2024-10-20 17:00:00,0.0001
2024-10-20 18:00:00,0.0001
2024-10-20 19:00:00,0.0001
2024-10-20 20:00:00,0.0001
2024-10-20 21:00:00,0.0001
2024-10-20 22:00:00,0.0001
2024-10-20 23:00:00,0.0001
2024-10-21 00:00:00,0.0001
2024-10-21 01:00:00,0.0001
2024-10-21 02:00:00,0.0001
2024-10-21 03:00:00,0.0001
2024-10-21 04:00:00,0.0001
2024-10-21 05:00:00,0.0001
2024-10-21 06:00:00,0.0001
2024-10-21 07:00:00,0.0001
2024-10-21 08:00:00,0.0001
2024-10-21 09:00:00,0.0001
2024-10-21 10:00:00,0.0001
2024-10-21 11:00:00,0.0001
2024-10-21 12:00:00,0.0001
2024-10-21 13:00:00,0.0001
2024-10-21 14:00:00,0.0001
2024-10-21 15:00:00,0.0001
2024-10-21 16:00:00,0.0001
2024-10-21 17:00:00,0.0001
2024-10-21 18:00:00,0.0001
2024-10-21 19:00:00,0.0001
2024-10-21 20:00:00,0.0001
2024-10-21 21:00:00,0.0001
2024-10-21 22:00:00,0.0001
2024-10-21 23:00:00,0.0001
2024-10-22 00:00:00,0.0001
2024-10-22 01:00:00,0.0001
2024-10-22 02:00:00,0.0001
2024-10-22 03:00:00,0.0001
2024-10-22 04:00:00,0.0001
2024-10-22 05:00:00,0.0001
2024-10-22 06:00:00,0.0001
2024-10-22 07:00:00,0.0001
2024-10-22 08:00:00,0.0001
2024-10-22 09:00:00,0.0001
2024-10-22 10:00:00,0.0001
2024-10-22 11:00:00,0.0001
2024-10-22 12:00:00,0.0001
2024-10-22 13:00:00,0.0001
2024-10-22 14:00:00,0.0001
2024-10-22 15:00:00,0.0001
2024-10-22 16:00:00,0.0001
2024-10-22 17:00:00,0.0001
2024-10-22 18:00:00,0.0001
2024-10-22 19:00:00,0.0001
2024-10-22 20:00:00,0.0001
2024-10-22 21:00:00,0.0001
2024-10-22 22:00:00,0.0001
2024-10-22 23:00:00,0.0001
2024-10-23 00:00:00,0.0001
2024-10-23 01:00:00,0.0001
2024-10-23 02:00:00,0.0001
2024-10-23 03:00:00,0.0001
2024-10-23 04:00:00,0.0001
2024-10-23 05:00:00,0.0001
2024-10-23 06:00:00,0.0001
2024-10-23 07:00:00,0.0001
2024-10-23 08:00:00,0.0001
2024-10-23 09:00:00,0.0001
2024-10-23 10:00:00,0.0001
2024-10-23 11:00:00,0.0001
2024-10-23 12:00:00,0.0001
2024-10-23 13:00:00,0.0001
2024-10-23 14:00:00,0.0001
2024-10-23 15:00:00,0.0001
2024-10-23 16:00:00,0.0001
2024-10-23 17:00:00,0.0001
2024-10-23 18:00:00,0.0001
2024-10-23 19:00:00,0.0001
2024-10-23 20:00:00,0.0001
2024-10-23 21:00:00,0.0001
2024-10-23 22:00:00,0.0001
2024-10-23 23:00:00,0.0001
2024-10-24 00:00:00,0.0001
2024-10-24 01:00:00,0.0001
2024-10-24 02:00:00,0.0001
2024-10-24 03:00:00,0.0001
2024-10-24 04:00:00,0.0001
2024-10-24 05:00:00,0.0001
2024-10-24 06:00:00,0.0001
2024-10-24 07:00:00,0.0001
2024-10-24 08:00:00,0.0001
2024-10-24 09:00:00,0.0001
2024-10-24 10:00:00,0.0001
2024-10-24 11:00:00,0.0001
2024-10-24 12:00:00,0.0001
2024-10-24 13:00:00,0.0001
2024-10-24 14:00:00,0.0001
2024-10-24 15:00:00,0.0001
2024-10-24 16:00:00,0.0001
2024-10-24 17:00:00,0.0001
2024-10-24 18:00:00,0.0001
2024-10-24 19:00:00,0.0001
2024-10-24 20:00:00,0.0001
2024-10-24 21:00:00,0.0001
2024-10-24 22:00:00,0.0001
2024-10-24 23:00:00,0.0001
2024-10-25 00:00:00,0.0001
2024-10-25 01:00:00,0.0001
2024-10-25 02:00:00,0.0001
2024-10-25 03:00:00,0.0001
2024-10-25 04:00:00,0.0001
2024-10-25 05:00:00,0.0001
2024-10-25 06:00:00,0.0001
2024-10-25 07:00:00,0.0001
2024-10-25 08:00:00,0.0001
2024-10-25 09:00:00,0.0001
2024-10-25 10:00:00,0.0001
2024-10-25 11:00:00,0.0001
2024-10-25 12:00:00,7.097e-05
2024-10-25 13:00:00,7.097e-05
2024-10-25 14:00:00,7.097e-05
2024-10-25 15:00:00,7.097e-05
2024-10-25 16:00:00,7.097e-05
2024-10-25 17:00:00,7.097e-05
2024-10-25 18:00:00,7.097e-05
2024-10-25 19:00:00,7.097e-05
2024-10-25 20:00:00,0.0001
2024-10-25 21:00:00,0.0001
2024-10-25 22:00:00,0.0001
2024-10-25 23:00:00,0.0001
2024-10-26 00:00:00,0.0001
2024-10-26 01:00:00,0.0001
2024-10-26 02:00:00,0.0001
2024-10-26 03:00:00,0.0001
2024-10-26 04:00:00,7.515e-05
2024-10-26 05:00:00,7.515e-05
2024-10-26 06:00:00,7.515e-05
2024-10-26 07:00:00,7.515e-05
2024-10-26 08:00:00,7.515e-05
2024-10-26 09:00:00,7.515e-05
2024-10-26 10:00:00,7.515e-05
2024-10-26 11:00:00,7.515e-05
2024-10-26 12:00:00,0.0001
2024-10-26 13:00:00,0.0001
2024-10-26 14:00:00,0.0001
2024-10-26 15:00:00,0.0001
2024-10-26 16:00:00,0.0001
2024-10-26 17:00:00,0.0001
2024-10-26 18:00:00,0.0001
2024-10-26 19:00:00,0.0001
2024-10-26 20:00:00,8.614e-05
2024-10-26 21:00:00,8.614e-05
2024-10-26 22:00:00,8.614e-05
2024-10-26 23:00:00,8.614e-05
2024-10-27 00:00:00,8.614e-05
2024-10-27 01:00:00,8.614e-05
2024-10-27 02:00:00,8.614e-05
2024-10-27 03:00:00,8.614e-05
2024-10-27 04:00:00,8.659e-05
2024-10-27 05:00:00,8.659e-05
2024-10-27 06:00:00,8.659e-05
2024-10-27 07:00:00,8.659e-05
2024-10-27 08:00:00,8.659e-05
2024-10-27 09:00:00,8.659e-05
2024-10-27 10:00:00,8.659e-05
2024-10-27 11:00:00,8.659e-05
2024-10-27 12:00:00,0.0001
2024-10-27 13:00:00,0.0001
2024-10-27 14:00:00,0.0001
2024-10-27 15:00:00,0.0001
2024-10-27 16:00:00,0.0001
2024-10-27 17:00:00,0.0001
2024-10-27 18:00:00,0.0001
2024-10-27 19:00:00,0.0001
2024-10-27 20:00:00,9.734e-05
2024-10-27 21:00:00,9.734e-05
2024-10-27 22:00:00,9.734e-05
2024-10-27 23:00:00,9.734e-05
2024-10-28 00:00:00,9.734e-05
2024-10-28 01:00:00,9.734e-05
2024-10-28 02:00:00,9.734e-05
2024-10-28 03:00:00,9.734e-05
2024-10-28 04:00:00,0.0001
2024-10-28 05:00:00,0.0001
2024-10-28 06:00:00,0.0001
2024-10-28 07:00:00,0.0001
2024-10-28 08:00:00,0.0001
2024-10-28 09:00:00,0.0001
2024-10-28 10:00:00,0.0001
2024-10-28 11:00:00,0.0001
2024-10-28 12:00:00,0.0001
2024-10-28 13:00:00,0.0001
2024-10-28 14:00:00,0.0001
2024-10-28 15:00:00,0.0001
2024-10-28 16:00:00,0.0001
2024-10-28 17:00:00,0.0001
2024-10-28 18:00:00,0.0001
2024-10-28 19:00:00,0.0001
2024-10-28 20:00:00,0.0001
2024-10-28 21:00:00,0.0001
2024-10-28 22:00:00,0.0001
2024-10-28 23:00:00,0.0001
2024-10-29 00:00:00,0.0001
2024-10-29 01:00:00,0.0001
2024-10-29 02:00:00,0.0001
2024-10-29 03:00:00,0.0001
2024-10-29 04:00:00,0.0001
2024-10-29 05:00:00,0.0001
2024-10-29 06:00:00,0.0001
2024-10-29 07:00:00,0.0001
2024-10-29 08:00:00,0.0001
2024-10-29 09:00:00,0.0001
2024-10-29 10:00:00,0.0001
2024-10-29 11:00:00,0.0001
2024-10-29 12:00:00,0.0001
2024-10-29 13:00:00,0.0001
2024-10-29 14:00:00,0.0001
2024-10-29 15:00:00,0.0001
2024-10-29 16:00:00,0.0001
2024-10-29 17:00:00,0.0001
2024-10-29 18:00:00,0.0001
2024-10-29 19:00:00,0.0001
2024-10-29 20:00:00,0.0001
2024-10-29 21:00:00,0.0001
2024-10-29 22:00:00,0.0001
2024-10-29 23:00:00,0.0001
2024-10-30 00:00:00,0.0001
2024-10-30 01:00:00,0.0001
2024-10-30 02:00:00,0.0001
2024-10-30 03:00:00,0.0001
2024-10-30 04:00:00,0.0001
2024-10-30 05:00:00,0.0001
2024-10-30 06:00:00,0.0001
2024-10-30 07:00:00,0.0001
2024-10-30 08:00:00,0.0001
2024-10-30 09:00:00,0.0001
2024-10-30 10:00:00,0.0001
2024-10-30 11:00:00,0.0001
2024-10-30 12:00:00,0.0001
2024-10-30 13:00:00,0.0001
2024-10-30 14:00:00,0.0001
2024-10-30 15:00:00,0.0001
2024-10-30 16:00:00,0.0001
2024-10-30 17:00:00,0.0001
2024-10-30 18:00:00,0.0001
2024-10-30 19:00:00,0.0001
2024-10-30 20:00:00,0.0001
2024-10-30 21:00:00,0.0001
2024-10-30 22:00:00,0.0001
2024-10-30 23:00:00,0.0001
2024-10-31 00:00:00,0.0001
2024-10-31 01:00:00,0.0001
2024-10-31 02:00:00,0.0001
2024-10-31 03:00:00,0.0001
2024-10-31 04:00:00,0.0001
2024-10-31 05:00:00,0.0001
2024-10-31 06:00:00,0.0001
2024-10-31 07:00:00,0.0001
2024-10-31 08:00:00,0.0001
2024-10-31 09:00:00,0.0001
2024-10-31 10:00:00,0.0001
2024-10-31 11:00:00,0.0001
2024-10-31 12:00:00,0.0001
2024-10-31 13:00:00,0.0001
2024-10-31 14:00:00,0.0001
2024-10-31 15:00:00,0.0001
2024-10-31 16:00:00,0.0001
2024-10-31 17:00:00,0.0001
2024-10-31 18:00:00,0.0001
2024-10-31 19:00:00,0.0001
2024-10-31 20:00:00,0.0001
2024-10-31 21:00:00,0.0001
2024-10-31 22:00:00,0.0001
2024-10-31 23:00:00,0.0001
2024-11-01 00:00:00,0.0001
2024-11-01 01:00:00,0.0001
2024-11-01 02:00:00,0.0001
2024-11-01 03:00:00,0.0001
2024-11-01 04:00:00,0.0001
2024-11-01 05:00:00,0.0001
2024-11-01 06:00:00,0.0001
2024-11-01 07:00:00,0.0001
2024-11-01 08:00:00,0.0001
2024-11-01 09:00:00,0.0001
2024-11-01 10:00:00,0.0001
2024-11-01 11:00:00,0.0001
2024-11-01 12:00:00,0.0001
2024-11-01 13:00:00,0.0001
2024-11-01 14:00:00,0.0001
2024-11-01 15:00:00,0.0001
2024-11-01 16:00:00,0.0001
2024-11-01 17:00:00,0.0001
2024-11-01 18:00:00,0.0001
2024-11-01 19:00:00,0.0001
2024-11-01 20:00:00,0.0001
2024-11-01 21:00:00,0.0001
2024-11-01 22:00:00,0.0001
2024-11-01 23:00:00,0.0001
2024-11-02 00:00:00,0.0001
2024-11-02 01:00:00,0.0001
2024-11-02 02:00:00,0.0001
2024-11-02 03:00:00,0.0001
2024-11-02 04:00:00,0.0001
2024-11-02 05:00:00,0.0001
2024-11-02 06:00:00,0.0001
2024-11-02 07:00:00,0.0001
2024-11-02 08:00:00,0.0001
2024-11-02 09:00:00,0.0001
2024-11-02 10:00:00,0.0001
2024-11-02 11:00:00,0.0001
2024-11-02 12:00:00,0.0001
2024-11-02 13:00:00,0.0001
2024-11-02 14:00:00,0.0001
2024-11-02 15:00:00,0.0001
2024-11-02 16:00:00,0.0001
2024-11-02 17:00:00,0.0001
2024-11-02 18:00:00,0.0001
2024-11-02 19:00:00,0.0001
2024-11-02 20:00:00,0.0001
2024-11-02 21:00:00,0.0001
2024-11-02 22:00:00,0.0001
2024-11-02 23:00:00,0.0001
2024-11-03 00:00:00,0.0001
2024-11-03 01:00:00,0.0001
2024-11-03 02:00:00,0.0001
2024-11-03 03:00:00,0.0001
2024-11-03 04:00:00,0.0001
2024-11-03 05:00:00,0.0001
2024-11-03 06:00:00,0.0001
2024-11-03 07:00:00,0.0001
2024-11-03 08:00:00,0.0001
2024-11-03 09:00:00,0.0001
2024-11-03 10:00:00,0.0001
2024-11-03 11:00:00,0.0001
2024-11-03 12:00:00,0.0001
2024-11-03 13:00:00,0.0001
2024-11-03 14:00:00,0.0001
2024-11-03 15:00:00,0.0001
2024-11-03 16:00:00,0.0001
2024-11-03 17:00:00,0.0001
2024-11-03 18:00:00,0.0001
2024-11-03 19:00:00,0.0001
2024-11-03 20:00:00,0.0001
2024-11-03 21:00:00,0.0001
2024-11-03 22:00:00,0.0001
2024-11-03 23:00:00,0.0001
2024-11-04 00:00:00,0.0001
2024-11-04 01:00:00,0.0001
2024-11-04 02:00:00,0.0001
2024-11-04 03:00:00,0.0001
2024-11-04 04:00:00,0.0001
2024-11-04 05:00:00,0.0001
2024-11-04 06:00:00,0.0001
2024-11-04 07:00:00,0.0001
2024-11-04 08:00:00,0.0001
2024-11-04 09:00:00,0.0001
2024-11-04 10:00:00,0.0001
2024-11-04 11:00:00,0.0001
2024-11-04 12:00:00,0.0001
2024-11-04 13:00:00,0.0001
2024-11-04 14:00:00,0.0001
2024-11-04 15:00:00,0.0001
2024-11-04 16:00:00,0.0001
2024-11-04 17:00:00,0.0001
2024-11-04 18:00:00,0.0001
2024-11-04 19:00:00,0.0001
2024-11-04 20:00:00,0.0001
2024-11-04 21:00:00,0.0001
2024-11-04 22:00:00,0.0001
2024-11-04 23:00:00,0.0001
2024-11-05 00:00:00,0.0001
2024-11-05 01:00:00,0.0001
2024-11-05 02:00:00,0.0001
2024-11-05 03:00:00,0.0001
2024-11-05 04:00:00,0.0001
2024-11-05 05:00:00,0.0001
2024-11-05 06:00:00,0.0001
2024-11-05 07:00:00,0.0001
2024-11-05 08:00:00,0.0001
2024-11-05 09:00:00,0.0001
2024-11-05 10:00:00,0.0001
2024-11-05 11:00:00,0.0001
2024-11-05 12:00:00,0.0001
2024-11-05 13:00:00,0.0001
2024-11-05 14:00:00,0.0001
2024-11-05 15:00:00,0.0001
2024-11-05 16:00:00,0.0001
2024-11-05 17:00:00,0.0001
2024-11-05 18:00:00,0.0001
2024-11-05 19:00:00,0.0001
2024-11-05 20:00:00,0.0001
2024-11-05 21:00:00,0.0001
2024-11-05 22:00:00,0.0001
2024-11-05 23:00:00,0.0001
2024-11-06 00:00:00,0.0001
2024-11-06 01:00:00,0.0001
2024-11-06 02:00:00,0.0001
2024-11-06 03:00:00,0.0001
2024-11-06 04:00:00,7.377e-05
2024-11-06 05:00:00,7.377e-05
2024-11-06 06:00:00,7.377e-05
2024-11-06 07:00:00,7.377e-05
2024-11-06 08:00:00,7.377e-05
2024-11-06 09:00:00,7.377e-05
2024-11-06 10:00:00,7.377e-05
2024-11-06 11:00:00,7.377e-05
2024-11-06 12:00:00,0.0001
2024-11-06 13:00:00,0.0001
2024-11-06 14:00:00,0.0001
2024-11-06 15:00:00,0.0001
2024-11-06 16:00:00,0.0001
2024-11-06 17:00:00,0.0001
2024-11-06 18:00:00,0.0001
2024-11-06 19:00:00,0.0001
2024-11-06 20:00:00,0.0001
2024-11-06 21:00:00,0.0001
2024-11-06 22:00:00,0.0001
2024-11-06 23:00:00,0.0001
2024-11-07 00:00:00,0.0001
2024-11-07 01:00:00,0.0001
2024-11-07 02:00:00,0.0001
2024-11-07 03:00:00,0.0001
2024-11-07 04:00:00,0.0001
2024-11-07 05:00:00,0.0001
2024-11-07 06:00:00,0.0001
2024-11-07 07:00:00,0.0001
2024-11-07 08:00:00,0.0001
2024-11-07 09:00:00,0.0001
2024-11-07 10:00:00,0.0001
2024-11-07 11:00:00,0.0001
2024-11-07 12:00:00,0.00011201
2024-11-07 13:00:00,0.00011201
2024-11-07 14:00:00,0.00011201
2024-11-07 15:00:00,0.00011201
2024-11-07 16:00:00,0.00011201
2024-11-07 17:00:00,0.00011201
2024-11-07 18:00:00,0.00011201
2024-11-07 19:00:00,0.00011201
2024-11-07 20:00:00,0.0001
2024-11-07 21:00:00,0.0001
2024-11-07 22:00:00,0.0001
2024-11-07 23:00:00,0.0001
2024-11-08 00:00:00,0.0001
2024-11-08 01:00:00,0.0001
2024-11-08 02:00:00,0.0001
2024-11-08 03:00:00,0.0001
2024-11-08 04:00:00,0.0001
2024-11-08 05:00:00,0.0001
2024-11-08 06:00:00,0.0001
2024-11-08 07:00:00,0.0001
2024-11-08 08:00:00,0.0001
2024-11-08 09:00:00,0.0001
2024-11-08 10:00:00,0.0001
2024-11-08 11:00:00,0.0001
2024-11-08 12:00:00,0.0001
2024-11-08 13:00:00,0.0001
2024-11-08 14:00:00,0.0001
2024-11-08 15:00:00,0.0001
2024-11-08 16:00:00,0.0001
2024-11-08 17:00:00,0.0001
2024-11-08 18:00:00,0.0001
2024-11-08 19:00:00,0.0001
2024-11-08 20:00:00,0.0001
2024-11-08 21:00:00,0.0001
2024-11-08 22:00:00,0.0001
2024-11-08 23:00:00,0.0001
2024-11-09 00:00:00,0.0001
2024-11-09 01:00:00,0.0001
2024-11-09 02:00:00,0.0001
2024-11-09 03:00:00,0.0001
2024-11-09 04:00:00,0.0001
2024-11-09 05:00:00,0.0001
2024-11-09 06:00:00,0.0001
2024-11-09 07:00:00,0.0001
2024-11-09 08:00:00,0.0001
2024-11-09 09:00:00,0.0001
2024-11-09 10:00:00,0.0001
2024-11-09 11:00:00,0.0001
2024-11-09 12:00:00,0.0001
2024-11-09 13:00:00,0.0001
2024-11-09 14:00:00,0.0001
2024-11-09 15:00:00,0.0001
2024-11-09 16:00:00,0.0001
2024-11-09 17:00:00,0.0001
2024-11-09 18:00:00,0.0001
2024-11-09 19:00:00,0.0001
2024-11-09 20:00:00,0.0001
2024-11-09 21:00:00,0.0001
2024-11-09 22:00:00,0.0001
2024-11-09 23:00:00,0.0001
2024-11-10 00:00:00,0.0001
2024-11-10 01:00:00,0.0001
2024-11-10 02:00:00,0.0001
2024-11-10 03:00:00,0.0001
2024-11-10 04:00:00,0.0001
2024-11-10 05:00:00,0.0001
2024-11-10 06:00:00,0.0001
2024-11-10 07:00:00,0.0001
2024-11-10 08:00:00,0.0001
2024-11-10 09:00:00,0.0001
2024-11-10 10:00:00,0.0001
2024-11-10 11:00:00,0.0001
2024-11-10 12:00:00,0.00032792
2024-11-10 13:00:00,0.00032792
2024-11-10 14:00:00,0.00032792
2024-11-10 15:00:00,0.00032792
2024-11-10 16:00:00,0.00032792
2024-11-10 17:00:00,0.00032792
2024-11-10 18:00:00,0.00032792
2024-11-10 19:00:00,0.00032792
2024-11-10 20:00:00,0.00018979
2024-11-10 21:00:00,0.00018979
2024-11-10 22:00:00,0.00018979
2024-11-10 23:00:00,0.00018979
2024-11-11 00:00:00,0.00018979
2024-11-11 01:00:00,0.00018979
2024-11-11 02:00:00,0.00018979
2024-11-11 03:00:00,0.00018979
2024-11-11 04:00:00,0.00039065
2024-11-11 05:00:00,0.00039065
2024-11-11 06:00:00,0.00039065
2024-11-11 07:00:00,0.00039065
2024-11-11 08:00:00,0.00039065
2024-11-11 09:00:00,0.00039065
2024-11-11 10:00:00,0.00039065
2024-11-11 11:00:00,0.00039065
2024-11-11 12:00:00,0.00017995
2024-11-11 13:00:00,0.00017995
2024-11-11 14:00:00,0.00017995
2024-11-11 15:00:00,0.00017995
2024-11-11 16:00:00,0.00017995
2024-11-11 17:00:00,0.00017995
2024-11-11 18:00:00,0.00017995
2024-11-11 19:00:00,0.00017995
2024-11-11 20:00:00,0.0001
2024-11-11 21:00:00,0.0001
2024-11-11 22:00:00,0.0001
2024-11-11 23:00:00,0.0001
2024-11-12 00:00:00,0.0001
2024-11-12 01:00:00,0.0001
2024-11-12 02:00:00,0.0001
2024-11-12 03:00:00,0.0001
2024-11-12 04:00:00,0.00038564
2024-11-12 05:00:00,0.00038564
2024-11-12 06:00:00,0.00038564
2024-11-12 07:00:00,0.00038564
2024-11-12 08:00:00,0.00038564
2024-11-12 09:00:00,0.00038564
2024-11-12 10:00:00,0.00038564
2024-11-12 11:00:00,0.00038564
2024-11-12 12:00:00,0.00061844
2024-11-12 13:00:00,0.00061844
2024-11-12 14:00:00,0.00061844
2024-11-12 15:00:00,0.00061844
2024-11-12 16:00:00,0.00061844
2024-11-12 17:00:00,0.00061844
2024-11-12 18:00:00,0.00061844
2024-11-12 19:00:00,0.00061844
2024-11-12 20:00:00,0.00050342
2024-11-12 21:00:00,0.00050342
2024-11-12 22:00:00,0.00050342
2024-11-12 23:00:00,0.00050342
2024-11-13 00:00:00,0.00050342
2024-11-13 01:00:00,0.00050342
2024-11-13 02:00:00,0.00050342
2024-11-13 03:00:00,0.00050342
2024-11-13 04:00:00,0.00014477
2024-11-13 05:00:00,0.00014477
2024-11-13 06:00:00,0.00014477
2024-11-13 07:00:00,0.00014477
2024-11-13 08:00:00,0.00014477
2024-11-13 09:00:00,0.00014477
2024-11-13 10:00:00,0.00014477
2024-11-13 11:00:00,0.00014477
2024-11-13 12:00:00,0.0001
2024-11-13 13:00:00,0.0001
2024-11-13 14:00:00,0.0001
2024-11-13 15:00:00,0.0001
2024-11-13 16:00:00,0.0001
2024-11-13 17:00:00,0.0001
2024-11-13 18:00:00,0.0001
2024-11-13 19:00:00,0.0001
2024-11-13 20:00:00,0.00035174
2024-11-13 21:00:00,0.00035174
2024-11-13 22:00:00,0.00035174
2024-11-13 23:00:00,0.00035174
2024-11-14 00:00:00,0.00035174
2024-11-14 01:00:00,0.00035174
2024-11-14 02:00:00,0.00035174
2024-11-14 03:00:00,0.00035174
2024-11-14 04:00:00,0.0001
2024-11-14 05:00:00,0.0001
2024-11-14 06:00:00,0.0001
2024-11-14 07:00:00,0.0001
2024-11-14 08:00:00,0.0001
2024-11-14 09:00:00,0.0001
2024-11-14 10:00:00,0.0001
2024-11-14 11:00:00,0.0001
2024-11-14 12:00:00,0.00016549
2024-11-14 13:00:00,0.00016549
2024-11-14 14:00:00,0.00016549
2024-11-14 15:00:00,0.00016549
2024-11-14 16:00:00,0.00016549
2024-11-14 17:00:00,0.00016549
2024-11-14 18:00:00,0.00016549
2024-11-14 19:00:00,0.00016549
2024-11-14 20:00:00,0.00012832
2024-11-14 21:00:00,0.00012832
2024-11-14 22:00:00,0.00012832
2024-11-14 23:00:00,0.00012832
2024-11-15 00:00:00,0.00012832
2024-11-15 01:00:00,0.00012832
2024-11-15 02:00:00,0.00012832
2024-11-15 03:00:00,0.00012832
2024-11-15 04:00:00,0.0001
2024-11-15 05:00:00,0.0001
2024-11-15 06:00:00,0.0001
2024-11-15 07:00:00,0.0001
2024-11-15 08:00:00,0.0001
2024-11-15 09:00:00,0.0001
2024-11-15 10:00:00,0.0001
2024-11-15 11:00:00,0.0001
2024-11-15 12:00:00,0.0001
2024-11-15 13:00:00,0.0001
2024-11-15 14:00:00,0.0001
2024-11-15 15:00:00,0.0001
2024-11-15 16:00:00,0.0001
2024-11-15 17:00:00,0.0001
2024-11-15 18:00:00,0.0001
2024-11-15 19:00:00,0.0001
2024-11-15 20:00:00,0.0001
2024-11-15 21:00:00,0.0001
2024-11-15 22:00:00,0.0001
2024-11-15 23:00:00,0.0001
2024-11-16 00:00:00,0.0001
2024-11-16 01:00:00,0.0001
2024-11-16 02:00:00,0.0001
2024-11-16 03:00:00,0.0001
2024-11-16 04:00:00,0.00019471
2024-11-16 05:00:00,0.00019471
2024-11-16 06:00:00,0.00019471
2024-11-16 07:00:00,0.00019471
2024-11-16 08:00:00,0.00019471
2024-11-16 09:00:00,0.00019471
2024-11-16 10:00:00,0.00019471
2024-11-16 11:00:00,0.00019471
2024-11-16 12:00:00,0.00039173
2024-11-16 13:00:00,0.00039173
2024-11-16 14:00:00,0.00039173
2024-11-16 15:00:00,0.00039173
2024-11-16 16:00:00,0.00039173
2024-11-16 17:00:00,0.00039173
2024-11-16 18:00:00,0.00039173
2024-11-16 19:00:00,0.00039173
2024-11-16 20:00:00,0.00025031
2024-11-16 21:00:00,0.00025031
2024-11-16 22:00:00,0.00025031
2024-11-16 23:00:00,0.00025031
2024-11-17 00:00:00,0.00025031
2024-11-17 01:00:00,0.00025031
2024-11-17 02:00:00,0.00025031
2024-11-17 03:00:00,0.00025031
2024-11-17 04:00:00,0.00029261
2024-11-17 05:00:00,0.00029261
2024-11-17 06:00:00,0.00029261
2024-11-17 07:00:00,0.00029261
2024-11-17 08:00:00,0.00029261
2024-11-17 09:00:00,0.00029261
2024-11-17 10:00:00,0.00029261
2024-11-17 11:00:00,0.00029261
2024-11-17 12:00:00,0.00030785
2024-11-17 13:00:00,0.00030785
2024-11-17 14:00:00,0.00030785
2024-11-17 15:00:00,0.00030785
2024-11-17 16:00:00,0.00030785
2024-11-17 17:00:00,0.00030785
2024-11-17 18:00:00,0.00030785
2024-11-17 19:00:00,0.00030785
2024-11-17 20:00:00,0.00035655
2024-11-17 21:00:00,0.00035655
2024-11-17 22:00:00,0.00035655
2024-11-17 23:00:00,0.00035655
2024-11-18 00:00:00,0.00035655
2024-11-18 01:00:00,0.00035655
2024-11-18 02:00:00,0.00035655
2024-11-18 03:00:00,0.00035655
2024-11-18 04:00:00,0.00021098
2024-11-18 05:00:00,0.00021098
2024-11-18 06:00:00,0.00021098
2024-11-18 07:00:00,0.00021098
2024-11-18 08:00:00,0.00021098
2024-11-18 09:00:00,0.00021098
2024-11-18 10:00:00,0.00021098
2024-11-18 11:00:00,0.00021098
2024-11-18 12:00:00,0.0005391
2024-11-18 13:00:00,0.0005391
2024-11-18 14:00:00,0.0005391
2024-11-18 15:00:00,0.0005391
2024-11-18 16:00:00,0.0005391
2024-11-18 17:00:00,0.0005391
2024-11-18 18:00:00,0.0005391
2024-11-18 19:00:00,0.0005391
2024-11-18 20:00:00,0.00033111
2024-11-18 21:00:00,0.00033111
2024-11-18 22:00:00,0.00033111
2024-11-18 23:00:00,0.00033111
2024-11-19 00:00:00,0.00033111
2024-11-19 01:00:00,0.00033111
2024-11-19 02:00:00,0.00033111
2024-11-19 03:00:00,0.00033111
2024-11-19 04:00:00,0.00031835
2024-11-19 05:00:00,0.00031835
2024-11-19 06:00:00,0.00031835
2024-11-19 07:00:00,0.00031835
2024-11-19 08:00:00,0.00031835
2024-11-19 09:00:00,0.00031835
2024-11-19 10:00:00,0.00031835
2024-11-19 11:00:00,0.00031835
2024-11-19 12:00:00,0.00039932
2024-11-19 13:00:00,0.00039932
2024-11-19 14:00:00,0.00039932
2024-11-19 15:00:00,0.00039932
2024-11-19 16:00:00,0.00039932
2024-11-19 17:00:00,0.00039932
2024-11-19 18:00:00,0.00039932
2024-11-19 19:00:00,0.00039932
2024-11-19 20:00:00,0.00024229
2024-11-19 21:00:00,0.00024229
2024-11-19 22:00:00,0.00024229
2024-11-19 23:00:00,0.00024229
2024-11-20 00:00:00,0.00024229
2024-11-20 01:00:00,0.00024229
2024-11-20 02:00:00,0.00024229
2024-11-20 03:00:00,0.00024229
2024-11-20 04:00:00,0.0001
2024-11-20 05:00:00,0.0001
2024-11-20 06:00:00,0.0001
2024-11-20 07:00:00,0.0001
2024-11-20 08:00:00,0.0001
2024-11-20 09:00:00,0.0001
2024-11-20 10:00:00,0.0001
2024-11-20 11:00:00,0.0001
2024-11-20 12:00:00,0.00011458
2024-11-20 13:00:00,0.00011458
2024-11-20 14:00:00,0.00011458
2024-11-20 15:00:00,0.00011458
2024-11-20 16:00:00,0.00011458
2024-11-20 17:00:00,0.00011458
2024-11-20 18:00:00,0.00011458
2024-11-20 19:00:00,0.00011458
2024-11-20 20:00:00,0.00016424
2024-11-20 21:00:00,0.00016424
2024-11-20 22:00:00,0.00016424
2024-11-20 23:00:00,0.00016424
2024-11-21 00:00:00,0.00016424
2024-11-21 01:00:00,0.00016424
2024-11-21 02:00:00,0.00016424
2024-11-21 03:00:00,0.00016424
2024-11-21 04:00:00,0.0001
2024-11-21 05:00:00,0.0001
2024-11-21 06:00:00,0.0001
2024-11-21 07:00:00,0.0001
2024-11-21 08:00:00,0.0001
2024-11-21 09:00:00,0.0001
2024-11-21 10:00:00,0.0001
2024-11-21 11:00:00,0.0001
2024-11-21 12:00:00,0.00014189
2024-11-21 13:00:00,0.00014189
2024-11-21 14:00:00,0.00014189
2024-11-21 15:00:00,0.00014189
2024-11-21 16:00:00,0.00014189
2024-11-21 17:00:00,0.00014189
2024-11-21 18:00:00,0.00014189
2024-11-21 19:00:00,0.00014189
2024-11-21 20:00:00,0.00017392
2024-11-21 21:00:00,0.00017392
2024-11-21 22:00:00,0.00017392
2024-11-21 23:00:00,0.00017392
2024-11-22 00:00:00,0.00017392
2024-11-22 01:00:00,0.00017392
2024-11-22 02:00:00,0.00017392
2024-11-22 03:00:00,0.00017392
2024-11-22 04:00:00,0.00015928
2024-11-22 05:00:00,0.00015928
2024-11-22 06:00:00,0.00015928
2024-11-22 07:00:00,0.00015928
2024-11-22 08:00:00,0.00015928
2024-11-22 09:00:00,0.00015928
2024-11-22 10:00:00,0.00015928
2024-11-22 11:00:00,0.00015928
2024-11-22 12:00:00,0.00028963
2024-11-22 13:00:00,0.00028963
2024-11-22 14:00:00,0.00028963
2024-11-22 15:00:00,0.00028963
2024-11-22 16:00:00,0.00028963
2024-11-22 17:00:00,0.00028963
2024-11-22 18:00:00,0.00028963
2024-11-22 19:00:00,0.00028963
2024-11-22 20:00:00,0.00023833
2024-11-22 21:00:00,0.00023833
2024-11-22 22:00:00,0.00023833
2024-11-22 23:00:00,0.00023833
2024-11-23 00:00:00,0.00023833
2024-11-23 01:00:00,0.00023833
2024-11-23 02:00:00,0.00023833
2024-11-23 03:00:00,0.00023833
2024-11-23 04:00:00,0.0001
2024-11-23 05:00:00,0.0001
2024-11-23 06:00:00,0.0001
2024-11-23 07:00:00,0.0001
2024-11-23 08:00:00,0.0001
2024-11-23 09:00:00,0.0001
2024-11-23 10:00:00,0.0001
2024-11-23 11:00:00,0.0001
2024-11-23 12:00:00,0.00017386
2024-11-23 13:00:00,0.00017386
2024-11-23 14:00:00,0.00017386
2024-11-23 15:00:00,0.00017386
2024-11-23 16:00:00,0.00017386
2024-11-23 17:00:00,0.00017386
2024-11-23 18:00:00,0.00017386
2024-11-23 19:00:00,0.00017386
2024-11-23 20:00:00,0.00025348
2024-11-23 21:00:00,0.00025348
2024-11-23 22:00:00,0.00025348
2024-11-23 23:00:00,0.00025348
2024-11-24 00:00:00,0.00025348
2024-11-24 01:00:00,0.00025348
2024-11-24 02:00:00,0.00025348
2024-11-24 03:00:00,0.00025348
2024-11-24 04:00:00,0.00034942
2024-11-24 05:00:00,0.00034942
2024-11-24 06:00:00,0.00034942
2024-11-24 07:00:00,0.00034942
2024-11-24 08:00:00,0.00034942
2024-11-24 09:00:00,0.00034942
2024-11-24 10:00:00,0.00034942
2024-11-24 11:00:00,0.00034942
2024-11-24 12:00:00,0.00032388
2024-11-24 13:00:00,0.00032388
2024-11-24 14:00:00,0.00032388
2024-11-24 15:00:00,0.00032388
2024-11-24 16:00:00,0.00032388
2024-11-24 17:00:00,0.00032388
2024-11-24 18:00:00,0.00032388
2024-11-24 19:00:00,0.00032388
2024-11-24 20:00:00,0.00029092
2024-11-24 21:00:00,0.00029092
2024-11-24 22:00:00,0.00029092
2024-11-24 23:00:00,0.00029092
2024-11-25 00:00:00,0.00029092
2024-11-25 01:00:00,0.00029092
2024-11-25 02:00:00,0.00029092
2024-11-25 03:00:00,0.00029092
2024-11-25 04:00:00,0.00036288
2024-11-25 05:00:00,0.00036288
2024-11-25 06:00:00,0.00036288
2024-11-25 07:00:00,0.00036288
2024-11-25 08:00:00,0.00036288
2024-11-25 09:00:00,0.00036288
2024-11-25 10:00:00,0.00036288
2024-11-25 11:00:00,0.00036288
2024-11-25 12:00:00,0.00035212
2024-11-25 13:00:00,0.00035212
2024-11-25 14:00:00,0.00035212
2024-11-25 15:00:00,0.00035212
2024-11-25 16:00:00,0.00035212
2024-11-25 17:00:00,0.00035212
2024-11-25 18:00:00,0.00035212
2024-11-25 19:00:00,0.00035212
2024-11-25 20:00:00,0.00034875
2024-11-25 21:00:00,0.00034875
2024-11-25 22:00:00,0.00034875
2024-11-25 23:00:00,0.00034875
2024-11-26 00:00:00,0.00034875
2024-11-26 01:00:00,0.00034875
2024-11-26 02:00:00,0.00034875
2024-11-26 03:00:00,0.00034875
2024-11-26 04:00:00,0.0001
2024-11-26 05:00:00,0.0001
2024-11-26 06:00:00,0.0001
2024-11-26 07:00:00,0.0001
2024-11-26 08:00:00,0.0001
2024-11-26 09:00:00,0.0001
2024-11-26 10:00:00,0.0001
2024-11-26 11:00:00,0.0001
2024-11-26 12:00:00,0.00012749
2024-11-26 13:00:00,0.00012749
2024-11-26 14:00:00,0.00012749
2024-11-26 15:00:00,0.00012749
2024-11-26 16:00:00,0.00012749
2024-11-26 17:00:00,0.00012749
2024-11-26 18:00:00,0.00012749
2024-11-26 19:00:00,0.00012749
2024-11-26 20:00:00,0.0001
2024-11-26 21:00:00,0.0001
2024-11-26 22:00:00,0.0001
2024-11-26 23:00:00,0.0001
2024-11-27 00:00:00,0.0001
2024-11-27 01:00:00,0.0001
2024-11-27 02:00:00,0.0001
2024-11-27 03:00:00,0.0001
2024-11-27 04:00:00,0.00023609
2024-11-27 05:00:00,0.00023609
2024-11-27 06:00:00,0.00023609
2024-11-27 07:00:00,0.00023609
2024-11-27 08:00:00,0.00023609
2024-11-27 09:00:00,0.00023609
2024-11-27 10:00:00,0.00023609
2024-11-27 11:00:00,0.00023609
2024-11-27 12:00:00,0.00023229
2024-11-27 13:00:00,0.00023229
2024-11-27 14:00:00,0.00023229
2024-11-27 15:00:00,0.00023229
2024-11-27 16:00:00,0.00023229
2024-11-27 17:00:00,0.00023229
2024-11-27 18:00:00,0.00023229
2024-11-27 19:00:00,0.00023229
2024-11-27 20:00:00,0.00027093
2024-11-27 21:00:00,0.00027093
2024-11-27 22:00:00,0.00027093
2024-11-27 23:00:00,0.00027093
2024-11-28 00:00:00,0.00027093
2024-11-28 01:00:00,0.00027093
2024-11-28 02:00:00,0.00027093
2024-11-28 03:00:00,0.00027093
2024-11-28 04:00:00,0.00019422
2024-11-28 05:00:00,0.00019422
2024-11-28 06:00:00,0.00019422
2024-11-28 07:00:00,0.00019422
2024-11-28 08:00:00,0.00019422
2024-11-28 09:00:00,0.00019422
2024-11-28 10:00:00,0.00019422
2024-11-28 11:00:00,0.00019422
2024-11-28 12:00:00,0.00019894
2024-11-28 13:00:00,0.00019894
2024-11-28 14:00:00,0.00019894
2024-11-28 15:00:00,0.00019894
2024-11-28 16:00:00,0.00019894
2024-11-28 17:00:00,0.00019894
2024-11-28 18:00:00,0.00019894
2024-11-28 19:00:00,0.00019894
2024-11-28 20:00:00,0.00023188
2024-11-28 21:00:00,0.00023188
2024-11-28 22:00:00,0.00023188
2024-11-28 23:00:00,0.00023188
2024-11-29 00:00:00,0.00023188
2024-11-29 01:00:00,0.00023188
2024-11-29 02:00:00,0.00023188
2024-11-29 03:00:00,0.00023188
2024-11-29 04:00:00,0.00030861
2024-11-29 05:00:00,0.00030861
2024-11-29 06:00:00,0.00030861
2024-11-29 07:00:00,0.00030861
2024-11-29 08:00:00,0.00030861
2024-11-29 09:00:00,0.00030861
2024-11-29 10:00:00,0.00030861
2024-11-29 11:00:00,0.00030861
2024-11-29 12:00:00,0.0002543
2024-11-29 13:00:00,0.0002543
2024-11-29 14:00:00,0.0002543
2024-11-29 15:00:00,0.0002543
2024-11-29 16:00:00,0.0002543
2024-11-29 17:00:00,0.0002543
2024-11-29 18:00:00,0.0002543
2024-11-29 19:00:00,0.0002543
2024-11-29 20:00:00,0.00035268
2024-11-29 21:00:00,0.00035268
2024-11-29 22:00:00,0.00035268
2024-11-29 23:00:00,0.00035268
2024-11-30 00:00:00,0.00035268
2024-11-30 01:00:00,0.00035268
2024-11-30 02:00:00,0.00035268
2024-11-30 03:00:00,0.00035268
2024-11-30 04:00:00,0.00016876
2024-11-30 05:00:00,0.00016876
2024-11-30 06:00:00,0.00016876
2024-11-30 07:00:00,0.00016876
2024-11-30 08:00:00,0.00016876
2024-11-30 09:00:00,0.00016876
2024-11-30 10:00:00,0.00016876
2024-11-30 11:00:00,0.00016876
2024-11-30 12:00:00,0.00028189
2024-11-30 13:00:00,0.00028189
2024-11-30 14:00:00,0.00028189
2024-11-30 15:00:00,0.00028189
2024-11-30 16:00:00,0.00028189
2024-11-30 17:00:00,0.00028189
2024-11-30 18:00:00,0.00028189
2024-11-30 19:00:00,0.00028189
2024-11-30 20:00:00,0.00015012
2024-11-30 21:00:00,0.00015012
2024-11-30 22:00:00,0.00015012
2024-11-30 23:00:00,0.00015012
2024-12-01 00:00:00,0.00015012
2024-12-01 01:00:00,0.00015012
2024-12-01 02:00:00,0.00015012
2024-12-01 03:00:00,0.00015012
2024-12-01 04:00:00,0.0001532
2024-12-01 05:00:00,0.0001532
2024-12-01 06:00:00,0.0001532
2024-12-01 07:00:00,0.0001532
2024-12-01 08:00:00,0.0001532
2024-12-01 09:00:00,0.0001532
2024-12-01 10:00:00,0.0001532
2024-12-01 11:00:00,0.0001532
2024-12-01 12:00:00,0.0003311
2024-12-01 13:00:00,0.0003311
2024-12-01 14:00:00,0.0003311
2024-12-01 15:00:00,0.0003311
2024-12-01 16:00:00,0.0003311
2024-12-01 17:00:00,0.0003311
2024-12-01 18:00:00,0.0003311
2024-12-01 19:00:00,0.0003311
2024-12-01 20:00:00,0.00016625
2024-12-01 21:00:00,0.00016625
2024-12-01 22:00:00,0.00016625
2024-12-01 23:00:00,0.00016625
2024-12-02 00:00:00,0.00016625
2024-12-02 01:00:00,0.00016625
2024-12-02 02:00:00,0.00016625
2024-12-02 03:00:00,0.00016625
2024-12-02 04:00:00,0.00015058
2024-12-02 05:00:00,0.00015058
2024-12-02 06:00:00,0.00015058
2024-12-02 07:00:00,0.00015058
2024-12-02 08:00:00,0.00015058
2024-12-02 09:00:00,0.00015058
2024-12-02 10:00:00,0.00015058
2024-12-02 11:00:00,0.00015058
2024-12-02 12:00:00,0.00014214
2024-12-02 13:00:00,0.00014214
2024-12-02 14:00:00,0.00014214
2024-12-02 15:00:00,0.00014214
2024-12-02 16:00:00,0.00014214
2024-12-02 17:00:00,0.00014214
2024-12-02 18:00:00,0.00014214
2024-12-02 19:00:00,0.00014214
2024-12-02 20:00:00,0.0001
2024-12-02 21:00:00,0.0001
2024-12-02 22:00:00,0.0001
2024-12-02 23:00:00,0.0001
2024-12-03 00:00:00,0.0001
2024-12-03 01:00:00,0.0001
2024-12-03 02:00:00,0.0001
2024-12-03 03:00:00,0.0001
2024-12-03 04:00:00,0.0001
2024-12-03 05:00:00,0.0001
2024-12-03 06:00:00,0.0001
2024-12-03 07:00:00,0.0001
2024-12-03 08:00:00,0.0001
2024-12-03 09:00:00,0.0001
2024-12-03 10:00:00,0.0001
2024-12-03 11:00:00,0.0001
2024-12-03 12:00:00,0.00025103
2024-12-03 13:00:00,0.00025103
2024-12-03 14:00:00,0.00025103
2024-12-03 15:00:00,0.00025103
2024-12-03 16:00:00,0.00025103
2024-12-03 17:00:00,0.00025103
2024-12-03 18:00:00,0.00025103
2024-12-03 19:00:00,0.00025103
2024-12-03 20:00:00,0.00012348
2024-12-03 21:00:00,0.00012348
2024-12-03 22:00:00,0.00012348
2024-12-03 23:00:00,0.00012348
2024-12-04 00:00:00,0.00012348
2024-12-04 01:00:00,0.00012348
2024-12-04 02:00:00,0.00012348
2024-12-04 03:00:00,0.00012348
2024-12-04 04:00:00,0.00027771
2024-12-04 05:00:00,0.00027771
2024-12-04 06:00:00,0.00027771
2024-12-04 07:00:00,0.00027771
2024-12-04 08:00:00,0.00027771
2024-12-04 09:00:00,0.00027771
2024-12-04 10:00:00,0.00027771
2024-12-04 11:00:00,0.00027771
2024-12-04 12:00:00,0.00042588
2024-12-04 13:00:00,0.00042588
2024-12-04 14:00:00,0.00042588
2024-12-04 15:00:00,0.00042588
2024-12-04 16:00:00,0.00042588
2024-12-04 17:00:00,0.00042588
2024-12-04 18:00:00,0.00042588
2024-12-04 19:00:00,0.00042588
2024-12-04 20:00:00,0.00036313
2024-12-04 21:00:00,0.00036313
2024-12-04 22:00:00,0.00036313
2024-12-04 23:00:00,0.00036313
2024-12-05 00:00:00,0.00036313
2024-12-05 01:00:00,0.00036313
2024-12-05 02:00:00,0.00036313
2024-12-05 03:00:00,0.00036313
2024-12-05 04:00:00,0.00031187
2024-12-05 05:00:00,0.00031187
2024-12-05 06:00:00,0.00031187
2024-12-05 07:00:00,0.00031187
2024-12-05 08:00:00,0.00031187
2024-12-05 09:00:00,0.00031187
2024-12-05 10:00:00,0.00031187
2024-12-05 11:00:00,0.00031187
2024-12-05 12:00:00,0.00108552
2024-12-05 13:00:00,0.00108552
2024-12-05 14:00:00,0.00108552
2024-12-05 15:00:00,0.00108552
2024-12-05 16:00:00,0.00108552
2024-12-05 17:00:00,0.00108552
2024-12-05 18:00:00,0.00108552
2024-12-05 19:00:00,0.00108552
2024-12-05 20:00:00,0.00064806
2024-12-05 21:00:00,0.00064806
2024-12-05 22:00:00,0.00064806
2024-12-05 23:00:00,0.00064806
2024-12-06 00:00:00,0.00064806
2024-12-06 01:00:00,0.00064806
2024-12-06 02:00:00,0.00064806
2024-12-06 03:00:00,0.00064806
2024-12-06 04:00:00,0.00013466
2024-12-06 05:00:00,0.00013466
2024-12-06 06:00:00,0.00013466
2024-12-06 07:00:00,0.00013466
2024-12-06 08:00:00,0.00013466
2024-12-06 09:00:00,0.00013466
2024-12-06 10:00:00,0.00013466
2024-12-06 11:00:00,0.00013466
2024-12-06 12:00:00,0.0001
2024-12-06 13:00:00,0.0001
2024-12-06 14:00:00,0.0001
2024-12-06 15:00:00,0.0001
2024-12-06 16:00:00,0.0001
2024-12-06 17:00:00,0.0001
2024-12-06 18:00:00,0.0001
2024-12-06 19:00:00,0.0001
2024-12-06 20:00:00,0.0001
2024-12-06 21:00:00,0.0001
2024-12-06 22:00:00,0.0001
2024-12-06 23:00:00,0.0001
2024-12-07 00:00:00,0.0001
2024-12-07 01:00:00,0.0001
2024-12-07 02:00:00,0.0001
2024-12-07 03:00:00,0.0001
2024-12-07 04:00:00,0.00015125
2024-12-07 05:00:00,0.00015125
2024-12-07 06:00:00,0.00015125
2024-12-07 07:00:00,0.00015125
2024-12-07 08:00:00,0.00015125
2024-12-07 09:00:00,0.00015125
2024-12-07 10:00:00,0.00015125
2024-12-07 11:00:00,0.00015125
2024-12-07 12:00:00,0.0001
2024-12-07 13:00:00,0.0001
2024-12-07 14:00:00,0.0001
2024-12-07 15:00:00,0.0001
2024-12-07 16:00:00,0.0001
2024-12-07 17:00:00,0.0001
2024-12-07 18:00:00,0.0001
2024-12-07 19:00:00,0.0001
2024-12-07 20:00:00,0.0001
2024-12-07 21:00:00,0.0001
2024-12-07 22:00:00,0.0001
2024-12-07 23:00:00,0.0001
2024-12-08 00:00:00,0.0001
2024-12-08 01:00:00,0.0001
2024-12-08 02:00:00,0.0001
2024-12-08 03:00:00,0.0001
2024-12-08 04:00:00,0.00026121
2024-12-08 05:00:00,0.00026121
2024-12-08 06:00:00,0.00026121
2024-12-08 07:00:00,0.00026121
2024-12-08 08:00:00,0.00026121
2024-12-08 09:00:00,0.00026121
2024-12-08 10:00:00,0.00026121
2024-12-08 11:00:00,0.00026121
2024-12-08 12:00:00,0.00024888
2024-12-08 13:00:00,0.00024888
2024-12-08 14:00:00,0.00024888
2024-12-08 15:00:00,0.00024888
2024-12-08 16:00:00,0.00024888
2024-12-08 17:00:00,0.00024888
2024-12-08 18:00:00,0.00024888
2024-12-08 19:00:00,0.00024888
2024-12-08 20:00:00,0.00029123
2024-12-08 21:00:00,0.00029123
2024-12-08 22:00:00,0.00029123
2024-12-08 23:00:00,0.00029123
2024-12-09 00:00:00,0.00029123
2024-12-09 01:00:00,0.00029123
2024-12-09 02:00:00,0.00029123
2024-12-09 03:00:00,0.00029123
2024-12-09 04:00:00,0.00017858
2024-12-09 05:00:00,0.00017858
2024-12-09 06:00:00,0.00017858
2024-12-09 07:00:00,0.00017858
2024-12-09 08:00:00,0.00017858
2024-12-09 09:00:00,0.00017858
2024-12-09 10:00:00,0.00017858
2024-12-09 11:00:00,0.00017858
2024-12-09 12:00:00,0.0001
2024-12-09 13:00:00,0.0001
2024-12-09 14:00:00,0.0001
2024-12-09 15:00:00,0.0001
2024-12-09 16:00:00,0.0001
2024-12-09 17:00:00,0.0001
2024-12-09 18:00:00,0.0001
2024-12-09 19:00:00,0.0001
2024-12-09 20:00:00,0.00015788
2024-12-09 21:00:00,0.00015788
2024-12-09 22:00:00,0.00015788
2024-12-09 23:00:00,0.00015788
2024-12-10 00:00:00,0.00015788
2024-12-10 01:00:00,0.00015788
2024-12-10 02:00:00,0.00015788
2024-12-10 03:00:00,0.00015788
2024-12-10 04:00:00,0.0001
2024-12-10 05:00:00,0.0001
2024-12-10 06:00:00,0.0001
2024-12-10 07:00:00,0.0001
2024-12-10 08:00:00,0.0001
2024-12-10 09:00:00,0.0001
2024-12-10 10:00:00,0.0001
2024-12-10 11:00:00,0.0001
2024-12-10 12:00:00,0.0001
2024-12-10 13:00:00,0.0001
2024-12-10 14:00:00,0.0001
2024-12-10 15:00:00,0.0001
2024-12-10 16:00:00,0.0001
2024-12-10 17:00:00,0.0001
2024-12-10 18:00:00,0.0001
2024-12-10 19:00:00,0.0001
2024-12-10 20:00:00,0.0001
2024-12-10 21:00:00,0.0001
2024-12-10 22:00:00,0.0001
2024-12-10 23:00:00,0.0001
2024-12-11 00:00:00,0.0001
2024-12-11 01:00:00,0.0001
2024-12-11 02:00:00,0.0001
2024-12-11 03:00:00,0.0001
2024-12-11 04:00:00,0.0001
2024-12-11 05:00:00,0.0001
2024-12-11 06:00:00,0.0001
2024-12-11 07:00:00,0.0001
2024-12-11 08:00:00,0.0001
2024-12-11 09:00:00,0.0001
2024-12-11 10:00:00,0.0001
2024-12-11 11:00:00,0.0001
2024-12-11 12:00:00,0.0001
2024-12-11 13:00:00,0.0001
2024-12-11 14:00:00,0.0001
2024-12-11 15:00:00,0.0001
2024-12-11 16:00:00,0.0001
2024-12-11 17:00:00,0.0001
2024-12-11 18:00:00,0.0001
2024-12-11 19:00:00,0.0001
2024-12-11 20:00:00,0.0001
2024-12-11 21:00:00,0.0001
2024-12-11 22:00:00,0.0001
2024-12-11 23:00:00,0.0001
2024-12-12 00:00:00,0.0001
2024-12-12 01:00:00,0.0001
2024-12-12 02:00:00,0.0001
2024-12-12 03:00:00,0.0001
2024-12-12 04:00:00,0.0001
2024-12-12 05:00:00,0.0001
2024-12-12 06:00:00,0.0001
2024-12-12 07:00:00,0.0001
2024-12-12 08:00:00,0.0001
2024-12-12 09:00:00,0.0001
2024-12-12 10:00:00,0.0001
2024-12-12 11:00:00,0.0001
2024-12-12 12:00:00,0.0001
2024-12-12 13:00:00,0.0001
2024-12-12 14:00:00,0.0001
2024-12-12 15:00:00,0.0001
2024-12-12 16:00:00,0.0001
2024-12-12 17:00:00,0.0001
2024-12-12 18:00:00,0.0001
2024-12-12 19:00:00,0.0001
2024-12-12 20:00:00,0.0001
2024-12-12 21:00:00,0.0001
2024-12-12 22:00:00,0.0001
2024-12-12 23:00:00,0.0001
2024-12-13 00:00:00,0.0001
2024-12-13 01:00:00,0.0001
2024-12-13 02:00:00,0.0001
2024-12-13 03:00:00,0.0001
2024-12-13 04:00:00,0.0001
2024-12-13 05:00:00,0.0001
2024-12-13 06:00:00,0.0001
2024-12-13 07:00:00,0.0001
2024-12-13 08:00:00,0.0001
2024-12-13 09:00:00,0.0001
2024-12-13 10:00:00,0.0001
2024-12-13 11:00:00,0.0001
2024-12-13 12:00:00,0.0001
2024-12-13 13:00:00,0.0001
2024-12-13 14:00:00,0.0001
2024-12-13 15:00:00,0.0001
2024-12-13 16:00:00,0.0001
2024-12-13 17:00:00,0.0001
2024-12-13 18:00:00,0.0001
2024-12-13 19:00:00,0.0001
2024-12-13 20:00:00,0.0001
2024-12-13 21:00:00,0.0001
2024-12-13 22:00:00,0.0001
2024-12-13 23:00:00,0.0001
2024-12-14 00:00:00,0.0001
2024-12-14 01:00:00,0.0001
2024-12-14 02:00:00,0.0001
2024-12-14 03:00:00,0.0001
2024-12-14 04:00:00,0.0001
2024-12-14 05:00:00,0.0001
2024-12-14 06:00:00,0.0001
2024-12-14 07:00:00,0.0001
2024-12-14 08:00:00,0.0001
2024-12-14 09:00:00,0.0001
2024-12-14 10:00:00,0.0001
2024-12-14 11:00:00,0.0001
2024-12-14 12:00:00,0.0001
2024-12-14 13:00:00,0.0001
2024-12-14 14:00:00,0.0001
2024-12-14 15:00:00,0.0001
2024-12-14 16:00:00,0.0001
2024-12-14 17:00:00,0.0001
2024-12-14 18:00:00,0.0001
2024-12-14 19:00:00,0.0001
2024-12-14 20:00:00,0.0001
2024-12-14 21:00:00,0.0001
2024-12-14 22:00:00,0.0001
2024-12-14 23:00:00,0.0001
2024-12-15 00:00:00,0.0001
2024-12-15 01:00:00,0.0001
2024-12-15 02:00:00,0.0001
2024-12-15 03:00:00,0.0001
2024-12-15 04:00:00,0.0001
2024-12-15 05:00:00,0.0001
2024-12-15 06:00:00,0.0001
2024-12-15 07:00:00,0.0001
2024-12-15 08:00:00,0.0001
2024-12-15 09:00:00,0.0001
2024-12-15 10:00:00,0.0001
2024-12-15 11:00:00,0.0001
2024-12-15 12:00:00,0.0001
2024-12-15 13:00:00,0.0001
2024-12-15 14:00:00,0.0001
2024-12-15 15:00:00,0.0001
2024-12-15 16:00:00,0.0001
2024-12-15 17:00:00,0.0001
2024-12-15 18:00:00,0.0001
2024-12-15 19:00:00,0.0001
2024-12-15 20:00:00,0.0001
2024-12-15 21:00:00,0.0001
2024-12-15 22:00:00,0.0001
2024-12-15 23:00:00,0.0001
2024-12-16 00:00:00,0.0001
2024-12-16 01:00:00,0.0001
2024-12-16 02:00:00,0.0001
2024-12-16 03:00:00,0.0001
2024-12-16 04:00:00,0.0001
2024-12-16 05:00:00,0.0001
2024-12-16 06:00:00,0.0001
2024-12-16 07:00:00,0.0001
2024-12-16 08:00:00,0.0001
2024-12-16 09:00:00,0.0001
2024-12-16 10:00:00,0.0001
2024-12-16 11:00:00,0.0001
2024-12-16 12:00:00,0.0001
2024-12-16 13:00:00,0.0001
2024-12-16 14:00:00,0.0001
2024-12-16 15:00:00,0.0001
2024-12-16 16:00:00,0.0001
2024-12-16 17:00:00,0.0001
2024-12-16 18:00:00,0.0001
2024-12-16 19:00:00,0.0001
2024-12-16 20:00:00,0.0001
2024-12-16 21:00:00,0.0001
2024-12-16 22:00:00,0.0001
2024-12-16 23:00:00,0.0001
2024-12-17 00:00:00,0.0001
2024-12-17 01:00:00,0.0001
2024-12-17 02:00:00,0.0001
2024-12-17 03:00:00,0.0001
2024-12-17 04:00:00,0.0001
2024-12-17 05:00:00,0.0001
2024-12-17 06:00:00,0.0001
2024-12-17 07:00:00,0.0001
2024-12-17 08:00:00,0.0001
2024-12-17 09:00:00,0.0001
2024-12-17 10:00:00,0.0001
2024-12-17 11:00:00,0.0001
2024-12-17 12:00:00,0.0001
2024-12-17 13:00:00,0.0001
2024-12-17 14:00:00,0.0001
2024-12-17 15:00:00,0.0001
2024-12-17 16:00:00,0.0001
2024-12-17 17:00:00,0.0001
2024-12-17 18:00:00,0.0001
2024-12-17 19:00:00,0.0001
2024-12-17 20:00:00,0.0001
2024-12-17 21:00:00,0.0001
2024-12-17 22:00:00,0.0001
2024-12-17 23:00:00,0.0001
2024-12-18 00:00:00,0.0001
2024-12-18 01:00:00,0.0001
2024-12-18 02:00:00,0.0001
2024-12-18 03:00:00,0.0001
2024-12-18 04:00:00,0.0001
2024-12-18 05:00:00,0.0001
2024-12-18 06:00:00,0.0001
2024-12-18 07:00:00,0.0001
2024-12-18 08:00:00,0.0001
2024-12-18 09:00:00,0.0001
2024-12-18 10:00:00,0.0001
2024-12-18 11:00:00,0.0001
2024-12-18 12:00:00,9.332e-05
2024-12-18 13:00:00,9.332e-05
2024-12-18 14:00:00,9.332e-05
2024-12-18 15:00:00,9.332e-05
2024-12-18 16:00:00,9.332e-05
2024-12-18 17:00:00,9.332e-05
2024-12-18 18:00:00,9.332e-05
2024-12-18 19:00:00,9.332e-05
2024-12-18 20:00:00,0.0001
2024-12-18 21:00:00,0.0001
2024-12-18 22:00:00,0.0001
2024-12-18 23:00:00,0.0001
2024-12-19 00:00:00,0.0001
2024-12-19 01:00:00,0.0001
2024-12-19 02:00:00,0.0001
2024-12-19 03:00:00,0.0001
2024-12-19 04:00:00,6.854e-05
2024-12-19 05:00:00,6.854e-05
2024-12-19 06:00:00,6.854e-05
2024-12-19 07:00:00,6.854e-05
2024-12-19 08:00:00,6.854e-05
2024-12-19 09:00:00,6.854e-05
2024-12-19 10:00:00,6.854e-05
2024-12-19 11:00:00,6.854e-05
2024-12-19 12:00:00,-4.531e-05
2024-12-19 13:00:00,-4.531e-05
2024-12-19 14:00:00,-4.531e-05
2024-12-19 15:00:00,-4.531e-05
2024-12-19 16:00:00,-4.531e-05
2024-12-19 17:00:00,-4.531e-05
2024-12-19 18:00:00,-4.531e-05
2024-12-19 19:00:00,-4.531e-05
2024-12-19 20:00:00,-2.748e-05
2024-12-19 21:00:00,-2.748e-05
2024-12-19 22:00:00,-2.748e-05
2024-12-19 23:00:00,-2.748e-05
2024-12-20 00:00:00,-2.748e-05
2024-12-20 01:00:00,-2.748e-05
2024-12-20 02:00:00,-2.748e-05
2024-12-20 03:00:00,-2.748e-05
2024-12-20 04:00:00,-4.799e-05
2024-12-20 05:00:00,-4.799e-05
2024-12-20 06:00:00,-4.799e-05
2024-12-20 07:00:00,-4.799e-05
2024-12-20 08:00:00,-4.799e-05
2024-12-20 09:00:00,-4.799e-05
2024-12-20 10:00:00,-4.799e-05
2024-12-20 11:00:00,-4.799e-05
2024-12-20 12:00:00,2.774e-05
2024-12-20 13:00:00,2.774e-05
2024-12-20 14:00:00,2.774e-05
2024-12-20 15:00:00,2.774e-05
2024-12-20 16:00:00,2.774e-05
2024-12-20 17:00:00,2.774e-05
2024-12-20 18:00:00,2.774e-05
2024-12-20 19:00:00,2.774e-05
2024-12-20 20:00:00,9.101e-05
2024-12-20 21:00:00,9.101e-05
2024-12-20 22:00:00,9.101e-05
2024-12-20 23:00:00,9.101e-05
2024-12-21 00:00:00,9.101e-05
2024-12-21 01:00:00,9.101e-05
2024-12-21 02:00:00,9.101e-05
2024-12-21 03:00:00,9.101e-05
2024-12-21 04:00:00,-2.976e-05
2024-12-21 05:00:00,-2.976e-05
2024-12-21 06:00:00,-2.976e-05
2024-12-21 07:00:00,-2.976e-05
2024-12-21 08:00:00,-2.976e-05
2024-12-21 09:00:00,-2.976e-05
2024-12-21 10:00:00,-2.976e-05
2024-12-21 11:00:00,-2.976e-05
2024-12-21 12:00:00,-3.727e-05
2024-12-21 13:00:00,-3.727e-05
2024-12-21 14:00:00,-3.727e-05
2024-12-21 15:00:00,-3.727e-05
2024-12-21 16:00:00,-3.727e-05
2024-12-21 17:00:00,-3.727e-05
2024-12-21 18:00:00,-3.727e-05
2024-12-21 19:00:00,-3.727e-05
2024-12-21 20:00:00,-1.912e-05
2024-12-21 21:00:00,-1.912e-05
2024-12-21 22:00:00,-1.912e-05
2024-12-21 23:00:00,-1.912e-05
2024-12-22 00:00:00,-1.912e-05
2024-12-22 01:00:00,-1.912e-05
2024-12-22 02:00:00,-1.912e-05
2024-12-22 03:00:00,-1.912e-05
2024-12-22 04:00:00,1.532e-05
2024-12-22 05:00:00,1.532e-05
2024-12-22 06:00:00,1.532e-05
2024-12-22 07:00:00,1.532e-05
2024-12-22 08:00:00,1.532e-05
2024-12-22 09:00:00,1.532e-05
2024-12-22 10:00:00,1.532e-05
2024-12-22 11:00:00,1.532e-05
2024-12-22 12:00:00,4.56e-05
2024-12-22 13:00:00,4.56e-05
2024-12-22 14:00:00,4.56e-05
2024-12-22 15:00:00,4.56e-05
2024-12-22 16:00:00,4.56e-05
2024-12-22 17:00:00,4.56e-05
2024-12-22 18:00:00,4.56e-05
2024-12-22 19:00:00,4.56e-05
2024-12-22 20:00:00,2.233e-05
2024-12-22 21:00:00,2.233e-05
2024-12-22 22:00:00,2.233e-05
2024-12-22 23:00:00,2.233e-05
2024-12-23 00:00:00,2.233e-05
2024-12-23 01:00:00,2.233e-05
2024-12-23 02:00:00,2.233e-05
2024-12-23 03:00:00,2.233e-05
2024-12-23 04:00:00,2.123e-05
2024-12-23 05:00:00,2.123e-05
2024-12-23 06:00:00,2.123e-05
2024-12-23 07:00:00,2.123e-05
2024-12-23 08:00:00,2.123e-05
2024-12-23 09:00:00,2.123e-05
2024-12-23 10:00:00,2.123e-05
2024-12-23 11:00:00,2.123e-05
2024-12-23 12:00:00,4.35e-06
2024-12-23 13:00:00,4.35e-06
2024-12-23 14:00:00,4.35e-06
2024-12-23 15:00:00,4.35e-06
2024-12-23 16:00:00,4.35e-06
2024-12-23 17:00:00,4.35e-06
2024-12-23 18:00:00,4.35e-06
2024-12-23 19:00:00,4.35e-06
2024-12-23 20:00:00,3.701e-05
2024-12-23 21:00:00,3.701e-05
2024-12-23 22:00:00,3.701e-05
2024-12-23 23:00:00,3.701e-05
2024-12-24 00:00:00,3.701e-05
2024-12-24 01:00:00,3.701e-05
2024-12-24 02:00:00,3.701e-05
2024-12-24 03:00:00,3.701e-05
2024-12-24 04:00:00,4.98e-05
2024-12-24 05:00:00,4.98e-05
2024-12-24 06:00:00,4.98e-05
2024-12-24 07:00:00,4.98e-05
2024-12-24 08:00:00,4.98e-05
2024-12-24 09:00:00,4.98e-05
2024-12-24 10:00:00,4.98e-05
2024-12-24 11:00:00,4.98e-05
2024-12-24 12:00:00,5.237e-05
2024-12-24 13:00:00,5.237e-05
2024-12-24 14:00:00,5.237e-05
2024-12-24 15:00:00,5.237e-05
2024-12-24 16:00:00,5.237e-05
2024-12-24 17:00:00,5.237e-05
2024-12-24 18:00:00,5.237e-05
2024-12-24 19:00:00,5.237e-05
2024-12-24 20:00:00,8.079e-05
2024-12-24 21:00:00,8.079e-05
2024-12-24 22:00:00,8.079e-05
2024-12-24 23:00:00,8.079e-05
2024-12-25 00:00:00,8.079e-05
2024-12-25 01:00:00,8.079e-05
2024-12-25 02:00:00,8.079e-05
2024-12-25 03:00:00,8.079e-05
2024-12-25 04:00:00,0.0001
2024-12-25 05:00:00,0.0001
2024-12-25 06:00:00,0.0001
2024-12-25 07:00:00,0.0001
2024-12-25 08:00:00,0.0001
2024-12-25 09:00:00,0.0001
2024-12-25 10:00:00,0.0001
2024-12-25 11:00:00,0.0001
2024-12-25 12:00:00,0.0001
2024-12-25 13:00:00,0.0001
2024-12-25 14:00:00,0.0001
2024-12-25 15:00:00,0.0001
2024-12-25 16:00:00,0.0001
2024-12-25 17:00:00,0.0001
2024-12-25 18:00:00,0.0001
2024-12-25 19:00:00,0.0001
2024-12-25 20:00:00,0.0001
2024-12-25 21:00:00,0.0001
2024-12-25 22:00:00,0.0001
2024-12-25 23:00:00,0.0001
2024-12-26 00:00:00,0.0001
2024-12-26 01:00:00,0.0001
2024-12-26 02:00:00,0.0001
2024-12-26 03:00:00,0.0001
2024-12-26 04:00:00,0.0001
2024-12-26 05:00:00,0.0001
2024-12-26 06:00:00,0.0001
2024-12-26 07:00:00,0.0001
2024-12-26 08:00:00,0.0001
2024-12-26 09:00:00,0.0001
2024-12-26 10:00:00,0.0001
2024-12-26 11:00:00,0.0001
2024-12-26 12:00:00,6.989e-05
2024-12-26 13:00:00,6.989e-05
2024-12-26 14:00:00,6.989e-05
2024-12-26 15:00:00,6.989e-05
2024-12-26 16:00:00,6.989e-05
2024-12-26 17:00:00,6.989e-05
2024-12-26 18:00:00,6.989e-05
2024-12-26 19:00:00,6.989e-05
2024-12-26 20:00:00,4.138e-05
2024-12-26 21:00:00,4.138e-05
2024-12-26 22:00:00,4.138e-05
2024-12-26 23:00:00,4.138e-05
2024-12-27 00:00:00,4.138e-05
2024-12-27 01:00:00,4.138e-05
2024-12-27 02:00:00,4.138e-05
2024-12-27 03:00:00,4.138e-05
2024-12-27 04:00:00,1.089e-05
2024-12-27 05:00:00,1.089e-05
2024-12-27 06:00:00,1.089e-05
2024-12-27 07:00:00,1.089e-05
2024-12-27 08:00:00,1.089e-05
2024-12-27 09:00:00,1.089e-05
2024-12-27 10:00:00,1.089e-05
2024-12-27 11:00:00,1.089e-05
2024-12-27 12:00:00,5.263e-05
2024-12-27 13:00:00,5.263e-05
2024-12-27 14:00:00,5.263e-05
2024-12-27 15:00:00,5.263e-05
2024-12-27 16:00:00,5.263e-05
2024-12-27 17:00:00,5.263e-05
2024-12-27 18:00:00,5.263e-05
2024-12-27 19:00:00,5.263e-05
2024-12-27 20:00:00,3.27e-06
2024-12-27 21:00:00,3.27e-06
2024-12-27 22:00:00,3.27e-06
2024-12-27 23:00:00,3.27e-06
2024-12-28 00:00:00,3.27e-06
2024-12-28 01:00:00,3.27e-06
2024-12-28 02:00:00,3.27e-06
2024-12-28 03:00:00,3.27e-06
2024-12-28 04:00:00,6.93e-06
2024-12-28 05:00:00,6.93e-06
2024-12-28 06:00:00,6.93e-06
2024-12-28 07:00:00,6.93e-06
2024-12-28 08:00:00,6.93e-06
2024-12-28 09:00:00,6.93e-06
2024-12-28 10:00:00,6.93e-06
2024-12-28 11:00:00,6.93e-06
2024-12-28 12:00:00,-3.321e-05
2024-12-28 13:00:00,-3.321e-05
2024-12-28 14:00:00,-3.321e-05
2024-12-28 15:00:00,-3.321e-05
2024-12-28 16:00:00,-3.321e-05
2024-12-28 17:00:00,-3.321e-05
2024-12-28 18:00:00,-3.321e-05
2024-12-28 19:00:00,-3.321e-05
2024-12-28 20:00:00,5.77e-06
2024-12-28 21:00:00,5.77e-06
2024-12-28 22:00:00,5.77e-06
2024-12-28 23:00:00,5.77e-06
2024-12-29 00:00:00,5.77e-06
2024-12-29 01:00:00,5.77e-06
2024-12-29 02:00:00,5.77e-06
2024-12-29 03:00:00,5.77e-06
2024-12-29 04:00:00,3.548e-05
2024-12-29 05:00:00,3.548e-05
2024-12-29 06:00:00,3.548e-05
2024-12-29 07:00:00,3.548e-05
2024-12-29 08:00:00,3.548e-05
2024-12-29 09:00:00,3.548e-05
2024-12-29 10:00:00,3.548e-05
2024-12-29 11:00:00,3.548e-05
2024-12-29 12:00:00,6e-07
2024-12-29 13:00:00,6e-07
2024-12-29 14:00:00,6e-07
2024-12-29 15:00:00,6e-07
2024-12-29 16:00:00,6e-07
2024-12-29 17:00:00,6e-07
2024-12-29 18:00:00,6e-07
2024-12-29 19:00:00,6e-07
2024-12-29 20:00:00,3.159e-05
2024-12-29 21:00:00,3.159e-05
2024-12-29 22:00:00,3.159e-05
2024-12-29 23:00:00,3.159e-05
2024-12-30 00:00:00,3.159e-05
2024-12-30 01:00:00,3.159e-05
2024-12-30 02:00:00,3.159e-05
2024-12-30 03:00:00,3.159e-05
2024-12-30 04:00:00,-5.981e-05
2024-12-30 05:00:00,-5.981e-05
2024-12-30 06:00:00,-5.981e-05
2024-12-30 07:00:00,-5.981e-05
2024-12-30 08:00:00,-5.981e-05
2024-12-30 09:00:00,-5.981e-05
2024-12-30 10:00:00,-5.981e-05
2024-12-30 11:00:00,-5.981e-05
2024-12-30 12:00:00,-1.761e-05
2024-12-30 13:00:00,-1.761e-05
2024-12-30 14:00:00,-1.761e-05
2024-12-30 15:00:00,-1.761e-05
2024-12-30 16:00:00,-1.761e-05
2024-12-30 17:00:00,-1.761e-05
2024-12-30 18:00:00,-1.761e-05
2024-12-30 19:00:00,-1.761e-05
2024-12-30 20:00:00,-2.975e-05
2024-12-30 21:00:00,-2.975e-05
2024-12-30 22:00:00,-2.975e-05
2024-12-30 23:00:00,-2.975e-05
2024-12-31 00:00:00,-2.975e-05
2024-12-31 01:00:00,-2.975e-05
2024-12-31 02:00:00,-2.975e-05
2024-12-31 03:00:00,-2.975e-05
2024-12-31 04:00:00,8.65e-06
2024-12-31 05:00:00,8.65e-06
2024-12-31 06:00:00,8.65e-06
2024-12-31 07:00:00,8.65e-06
2024-12-31 08:00:00,8.65e-06
2024-12-31 09:00:00,8.65e-06
2024-12-31 10:00:00,8.65e-06
2024-12-31 11:00:00,8.65e-06
2024-12-31 12:00:00,-1.9e-06
2024-12-31 13:00:00,-1.9e-06
2024-12-31 14:00:00,-1.9e-06
2024-12-31 15:00:00,-1.9e-06
2024-12-31 16:00:00,-1.9e-06
2024-12-31 17:00:00,-1.9e-06
2024-12-31 18:00:00,-1.9e-06
2024-12-31 19:00:00,-1.9e-06
2024-12-31 20:00:00,0.0001
2024-12-31 21:00:00,0.0001
2024-12-31 22:00:00,0.0001
2024-12-31 23:00:00,0.0001
2025-01-01 00:00:00,0.0001
2025-01-01 01:00:00,0.0001
2025-01-01 02:00:00,0.0001
2025-01-01 03:00:00,0.0001
2025-01-01 04:00:00,0.0001
2025-01-01 05:00:00,0.0001
2025-01-01 06:00:00,0.0001
2025-01-01 07:00:00,0.0001
2025-01-01 08:00:00,0.0001
2025-01-01 09:00:00,0.0001
2025-01-01 10:00:00,0.0001
2025-01-01 11:00:00,0.0001
2025-01-01 12:00:00,7.085e-05
2025-01-01 13:00:00,7.085e-05
2025-01-01 14:00:00,7.085e-05
2025-01-01 15:00:00,7.085e-05
2025-01-01 16:00:00,7.085e-05
2025-01-01 17:00:00,7.085e-05
2025-01-01 18:00:00,7.085e-05
2025-01-01 19:00:00,7.085e-05
2025-01-01 20:00:00,6.921e-05
2025-01-01 21:00:00,6.921e-05
2025-01-01 22:00:00,6.921e-05
2025-01-01 23:00:00,6.921e-05
2025-01-02 00:00:00,6.921e-05
2025-01-02 01:00:00,6.921e-05
2025-01-02 02:00:00,6.921e-05
2025-01-02 03:00:00,6.921e-05
2025-01-02 04:00:00,0.0001
2025-01-02 05:00:00,0.0001
2025-01-02 06:00:00,0.0001
2025-01-02 07:00:00,0.0001
2025-01-02 08:00:00,0.0001
2025-01-02 09:00:00,0.0001
2025-01-02 10:00:00,0.0001
2025-01-02 11:00:00,0.0001
2025-01-02 12:00:00,0.0001
2025-01-02 13:00:00,0.0001
2025-01-02 14:00:00,0.0001
2025-01-02 15:00:00,0.0001
2025-01-02 16:00:00,0.0001
2025-01-02 17:00:00,0.0001
2025-01-02 18:00:00,0.0001
2025-01-02 19:00:00,0.0001
2025-01-02 20:00:00,0.0001
2025-01-02 21:00:00,0.0001
2025-01-02 22:00:00,0.0001
2025-01-02 23:00:00,0.0001
2025-01-03 00:00:00,0.0001
2025-01-03 01:00:00,0.0001
2025-01-03 02:00:00,0.0001
2025-01-03 03:00:00,0.0001
2025-01-03 04:00:00,0.0001
2025-01-03 05:00:00,0.0001
2025-01-03 06:00:00,0.0001
2025-01-03 07:00:00,0.0001
2025-01-03 08:00:00,0.0001
2025-01-03 09:00:00,0.0001
2025-01-03 10:00:00,0.0001
2025-01-03 11:00:00,0.0001
2025-01-03 12:00:00,9.015e-05
2025-01-03 13:00:00,9.015e-05
2025-01-03 14:00:00,9.015e-05
2025-01-03 15:00:00,9.015e-05
2025-01-03 16:00:00,9.015e-05
2025-01-03 17:00:00,9.015e-05
2025-01-03 18:00:00,9.015e-05
2025-01-03 19:00:00,9.015e-05
2025-01-03 20:00:00,0.0001
2025-01-03 21:00:00,0.0001
2025-01-03 22:00:00,0.0001
2025-01-03 23:00:00,0.0001
2025-01-04 00:00:00,0.0001
2025-01-04 01:00:00,0.0001
2025-01-04 02:00:00,0.0001
2025-01-04 03:00:00,0.0001
2025-01-04 04:00:00,3.779e-05
2025-01-04 05:00:00,3.779e-05
2025-01-04 06:00:00,3.779e-05
2025-01-04 07:00:00,3.779e-05
2025-01-04 08:00:00,3.779e-05
2025-01-04 09:00:00,3.779e-05
2025-01-04 10:00:00,3.779e-05
2025-01-04 11:00:00,3.779e-05
2025-01-04 12:00:00,9.859e-05
2025-01-04 13:00:00,9.859e-05
2025-01-04 14:00:00,9.859e-05
2025-01-04 15:00:00,9.859e-05
2025-01-04 16:00:00,9.859e-05
2025-01-04 17:00:00,9.859e-05
2025-01-04 18:00:00,9.859e-05
2025-01-04 19:00:00,9.859e-05
2025-01-04 20:00:00,5.258e-05
2025-01-04 21:00:00,5.258e-05
2025-01-04 22:00:00,5.258e-05
2025-01-04 23:00:00,5.258e-05
2025-01-05 00:00:00,5.258e-05
2025-01-05 01:00:00,5.258e-05
2025-01-05 02:00:00,5.258e-05
2025-01-05 03:00:00,5.258e-05
2025-01-05 04:00:00,0.0001
2025-01-05 05:00:00,0.0001
2025-01-05 06:00:00,0.0001
2025-01-05 07:00:00,0.0001
2025-01-05 08:00:00,0.0001
2025-01-05 09:00:00,0.0001
2025-01-05 10:00:00,0.0001
2025-01-05 11:00:00,0.0001
2025-01-05 12:00:00,0.0001
2025-01-05 13:00:00,0.0001
2025-01-05 14:00:00,0.0001
2025-01-05 15:00:00,0.0001
2025-01-05 16:00:00,0.0001
2025-01-05 17:00:00,0.0001
2025-01-05 18:00:00,0.0001
2025-01-05 19:00:00,0.0001
2025-01-05 20:00:00,7.478e-05
2025-01-05 21:00:00,7.478e-05
2025-01-05 22:00:00,7.478e-05
2025-01-05 23:00:00,7.478e-05
2025-01-06 00:00:00,7.478e-05
2025-01-06 01:00:00,7.478e-05
2025-01-06 02:00:00,7.478e-05
2025-01-06 03:00:00,7.478e-05
2025-01-06 04:00:00,0.0001
2025-01-06 05:00:00,0.0001
2025-01-06 06:00:00,0.0001
2025-01-06 07:00:00,0.0001
2025-01-06 08:00:00,0.0001
2025-01-06 09:00:00,0.0001
2025-01-06 10:00:00,0.0001
2025-01-06 11:00:00,0.0001
2025-01-06 12:00:00,0.0001
2025-01-06 13:00:00,0.0001
2025-01-06 14:00:00,0.0001
2025-01-06 15:00:00,0.0001
2025-01-06 16:00:00,0.0001
2025-01-06 17:00:00,0.0001
2025-01-06 18:00:00,0.0001
2025-01-06 19:00:00,0.0001
2025-01-06 20:00:00,0.0001
2025-01-06 21:00:00,0.0001
2025-01-06 22:00:00,0.0001
2025-01-06 23:00:00,0.0001
2025-01-07 00:00:00,0.0001
2025-01-07 01:00:00,0.0001
2025-01-07 02:00:00,0.0001
2025-01-07 03:00:00,0.0001
2025-01-07 04:00:00,5.254e-05
2025-01-07 05:00:00,5.254e-05
2025-01-07 06:00:00,5.254e-05
2025-01-07 07:00:00,5.254e-05
2025-01-07 08:00:00,5.254e-05
2025-01-07 09:00:00,5.254e-05
2025-01-07 10:00:00,5.254e-05
2025-01-07 11:00:00,5.254e-05
2025-01-07 12:00:00,2.899e-05
2025-01-07 13:00:00,2.899e-05
2025-01-07 14:00:00,2.899e-05
2025-01-07 15:00:00,2.899e-05
2025-01-07 16:00:00,2.899e-05
2025-01-07 17:00:00,2.899e-05
2025-01-07 18:00:00,2.899e-05
2025-01-07 19:00:00,2.899e-05
2025-01-07 20:00:00,0.0001
2025-01-07 21:00:00,0.0001
2025-01-07 22:00:00,0.0001
2025-01-07 23:00:00,0.0001
2025-01-08 00:00:00,0.0001
2025-01-08 01:00:00,0.0001
2025-01-08 02:00:00,0.0001
2025-01-08 03:00:00,0.0001
2025-01-08 04:00:00,8.585e-05
2025-01-08 05:00:00,8.585e-05
2025-01-08 06:00:00,8.585e-05
2025-01-08 07:00:00,8.585e-05
2025-01-08 08:00:00,8.585e-05
2025-01-08 09:00:00,8.585e-05
2025-01-08 10:00:00,8.585e-05
2025-01-08 11:00:00,8.585e-05
2025-01-08 12:00:00,4.936e-05
2025-01-08 13:00:00,4.936e-05
2025-01-08 14:00:00,4.936e-05
2025-01-08 15:00:00,4.936e-05
2025-01-08 16:00:00,4.936e-05
2025-01-08 17:00:00,4.936e-05
2025-01-08 18:00:00,4.936e-05
2025-01-08 19:00:00,4.936e-05
2025-01-08 20:00:00,9.631e-05
2025-01-08 21:00:00,9.631e-05
2025-01-08 22:00:00,9.631e-05
2025-01-08 23:00:00,9.631e-05
2025-01-09 00:00:00,9.631e-05
2025-01-09 01:00:00,9.631e-05
2025-01-09 02:00:00,9.631e-05
2025-01-09 03:00:00,9.631e-05
2025-01-09 04:00:00,6.43e-05
2025-01-09 05:00:00,6.43e-05
2025-01-09 06:00:00,6.43e-05
2025-01-09 07:00:00,6.43e-05
2025-01-09 08:00:00,6.43e-05
2025-01-09 09:00:00,6.43e-05
2025-01-09 10:00:00,6.43e-05
2025-01-09 11:00:00,6.43e-05
2025-01-09 12:00:00,5.118e-05
2025-01-09 13:00:00,5.118e-05
2025-01-09 14:00:00,5.118e-05
2025-01-09 15:00:00,5.118e-05
2025-01-09 16:00:00,5.118e-05
2025-01-09 17:00:00,5.118e-05
2025-01-09 18:00:00,5.118e-05
2025-01-09 19:00:00,5.118e-05
2025-01-09 20:00:00,-8.46e-06
2025-01-09 21:00:00,-8.46e-06
2025-01-09 22:00:00,-8.46e-06
2025-01-09 23:00:00,-8.46e-06
2025-01-10 00:00:00,-8.46e-06
2025-01-10 01:00:00,-8.46e-06
2025-01-10 02:00:00,-8.46e-06
2025-01-10 03:00:00,-8.46e-06
2025-01-10 04:00:00,6.938e-05
2025-01-10 05:00:00,6.938e-05
2025-01-10 06:00:00,6.938e-05
2025-01-10 07:00:00,6.938e-05
2025-01-10 08:00:00,6.938e-05
2025-01-10 09:00:00,6.938e-05
2025-01-10 10:00:00,6.938e-05
2025-01-10 11:00:00,6.938e-05
2025-01-10 12:00:00,9.02e-06
2025-01-10 13:00:00,9.02e-06
2025-01-10 14:00:00,9.02e-06
2025-01-10 15:00:00,9.02e-06
2025-01-10 16:00:00,9.02e-06
2025-01-10 17:00:00,9.02e-06
2025-01-10 18:00:00,9.02e-06
2025-01-10 19:00:00,9.02e-06
2025-01-10 20:00:00,7.043e-05
2025-01-10 21:00:00,7.043e-05
2025-01-10 22:00:00,7.043e-05
2025-01-10 23:00:00,7.043e-05
2025-01-11 00:00:00,7.043e-05
2025-01-11 01:00:00,7.043e-05
2025-01-11 02:00:00,7.043e-05
2025-01-11 03:00:00,7.043e-05
2025-01-11 04:00:00,6.08e-05
2025-01-11 05:00:00,6.08e-05
2025-01-11 06:00:00,6.08e-05
2025-01-11 07:00:00,6.08e-05
2025-01-11 08:00:00,6.08e-05
2025-01-11 09:00:00,6.08e-05
2025-01-11 10:00:00,6.08e-05
2025-01-11 11:00:00,6.08e-05
2025-01-11 12:00:00,6.697e-05
2025-01-11 13:00:00,6.697e-05
2025-01-11 14:00:00,6.697e-05
2025-01-11 15:00:00,6.697e-05
2025-01-11 16:00:00,6.697e-05
2025-01-11 17:00:00,6.697e-05
2025-01-11 18:00:00,6.697e-05
2025-01-11 19:00:00,6.697e-05
2025-01-11 20:00:00,4.981e-05
2025-01-11 21:00:00,4.981e-05
2025-01-11 22:00:00,4.981e-05
2025-01-11 23:00:00,4.981e-05
2025-01-12 00:00:00,4.981e-05
2025-01-12 01:00:00,4.981e-05
2025-01-12 02:00:00,4.981e-05
2025-01-12 03:00:00,4.981e-05
2025-01-12 04:00:00,8.31e-05
2025-01-12 05:00:00,8.31e-05
2025-01-12 06:00:00,8.31e-05
2025-01-12 07:00:00,8.31e-05
2025-01-12 08:00:00,8.31e-05
2025-01-12 09:00:00,8.31e-05
2025-01-12 10:00:00,8.31e-05
2025-01-12 11:00:00,8.31e-05
2025-01-12 12:00:00,6.034e-05
2025-01-12 13:00:00,6.034e-05
2025-01-12 14:00:00,6.034e-05
2025-01-12 15:00:00,6.034e-05
2025-01-12 16:00:00,6.034e-05
2025-01-12 17:00:00,6.034e-05
2025-01-12 18:00:00,6.034e-05
2025-01-12 19:00:00,6.034e-05
2025-01-12 20:00:00,8.847e-05
2025-01-12 21:00:00,8.847e-05
2025-01-12 22:00:00,8.847e-05
2025-01-12 23:00:00,8.847e-05
2025-01-13 00:00:00,8.847e-05
2025-01-13 01:00:00,8.847e-05
2025-01-13 02:00:00,8.847e-05
2025-01-13 03:00:00,8.847e-05
2025-01-13 04:00:00,9.996e-05
2025-01-13 05:00:00,9.996e-05
2025-01-13 06:00:00,9.996e-05
2025-01-13 07:00:00,9.996e-05
2025-01-13 08:00:00,9.996e-05
2025-01-13 09:00:00,9.996e-05
2025-01-13 10:00:00,9.996e-05
2025-01-13 11:00:00,9.996e-05
2025-01-13 12:00:00,7.361e-05
2025-01-13 13:00:00,7.361e-05
2025-01-13 14:00:00,7.361e-05
2025-01-13 15:00:00,7.361e-05
2025-01-13 16:00:00,7.361e-05
2025-01-13 17:00:00,7.361e-05
2025-01-13 18:00:00,7.361e-05
2025-01-13 19:00:00,7.361e-05
2025-01-13 20:00:00,6.61e-06
2025-01-13 21:00:00,6.61e-06
2025-01-13 22:00:00,6.61e-06
2025-01-13 23:00:00,6.61e-06
2025-01-14 00:00:00,6.61e-06
2025-01-14 01:00:00,6.61e-06
2025-01-14 02:00:00,6.61e-06
2025-01-14 03:00:00,6.61e-06
2025-01-14 04:00:00,0.0001
2025-01-14 05:00:00,0.0001
2025-01-14 06:00:00,0.0001
2025-01-14 07:00:00,0.0001
2025-01-14 08:00:00,0.0001
2025-01-14 09:00:00,0.0001
2025-01-14 10:00:00,0.0001
2025-01-14 11:00:00,0.0001
2025-01-14 12:00:00,0.0001
2025-01-14 13:00:00,0.0001
2025-01-14 14:00:00,0.0001
2025-01-14 15:00:00,0.0001
2025-01-14 16:00:00,0.0001
2025-01-14 17:00:00,0.0001
2025-01-14 18:00:00,0.0001
2025-01-14 19:00:00,0.0001
2025-01-14 20:00:00,0.0001
2025-01-14 21:00:00,0.0001
2025-01-14 22:00:00,0.0001
2025-01-14 23:00:00,0.0001
2025-01-15 00:00:00,0.0001
2025-01-15 01:00:00,0.0001
2025-01-15 02:00:00,0.0001
2025-01-15 03:00:00,0.0001
2025-01-15 04:00:00,5.343e-05
2025-01-15 05:00:00,5.343e-05
2025-01-15 06:00:00,5.343e-05
2025-01-15 07:00:00,5.343e-05
2025-01-15 08:00:00,5.343e-05
2025-01-15 09:00:00,5.343e-05
2025-01-15 10:00:00,5.343e-05
2025-01-15 11:00:00,5.343e-05
2025-01-15 12:00:00,7.032e-05
2025-01-15 13:00:00,7.032e-05
2025-01-15 14:00:00,7.032e-05
2025-01-15 15:00:00,7.032e-05
2025-01-15 16:00:00,7.032e-05
2025-01-15 17:00:00,7.032e-05
2025-01-15 18:00:00,7.032e-05
2025-01-15 19:00:00,7.032e-05
2025-01-15 20:00:00,0.0001
2025-01-15 21:00:00,0.0001
2025-01-15 22:00:00,0.0001
2025-01-15 23:00:00,0.0001
2025-01-16 00:00:00,0.0001
2025-01-16 01:00:00,0.0001
2025-01-16 02:00:00,0.0001
2025-01-16 03:00:00,0.0001
2025-01-16 04:00:00,5.755e-05
2025-01-16 05:00:00,5.755e-05
2025-01-16 06:00:00,5.755e-05
2025-01-16 07:00:00,5.755e-05
2025-01-16 08:00:00,5.755e-05
2025-01-16 09:00:00,5.755e-05
2025-01-16 10:00:00,5.755e-05
2025-01-16 11:00:00,5.755e-05
2025-01-16 12:00:00,0.0001
2025-01-16 13:00:00,0.0001
2025-01-16 14:00:00,0.0001
2025-01-16 15:00:00,0.0001
2025-01-16 16:00:00,0.0001
2025-01-16 17:00:00,0.0001
2025-01-16 18:00:00,0.0001
2025-01-16 19:00:00,0.0001
2025-01-16 20:00:00,0.0001
2025-01-16 21:00:00,0.0001
2025-01-16 22:00:00,0.0001
2025-01-16 23:00:00,0.0001
2025-01-17 00:00:00,0.0001
2025-01-17 01:00:00,0.0001
2025-01-17 02:00:00,0.0001
2025-01-17 03:00:00,0.0001
2025-01-17 04:00:00,7.555e-05
2025-01-17 05:00:00,7.555e-05
2025-01-17 06:00:00,7.555e-05
2025-01-17 07:00:00,7.555e-05
2025-01-17 08:00:00,7.555e-05
2025-01-17 09:00:00,7.555e-05
2025-01-17 10:00:00,7.555e-05
2025-01-17 11:00:00,7.555e-05
2025-01-17 12:00:00,0.0001
2025-01-17 13:00:00,0.0001
2025-01-17 14:00:00,0.0001
2025-01-17 15:00:00,0.0001
2025-01-17 16:00:00,0.0001
2025-01-17 17:00:00,0.0001
2025-01-17 18:00:00,0.0001
2025-01-17 19:00:00,0.0001
2025-01-17 20:00:00,0.0001
2025-01-17 21:00:00,0.0001
2025-01-17 22:00:00,0.0001
2025-01-17 23:00:00,0.0001
2025-01-18 00:00:00,0.0001
2025-01-18 01:00:00,0.0001
2025-01-18 02:00:00,0.0001
2025-01-18 03:00:00,0.0001
2025-01-18 04:00:00,9.347e-05
2025-01-18 05:00:00,9.347e-05
2025-01-18 06:00:00,9.347e-05
2025-01-18 07:00:00,9.347e-05
2025-01-18 08:00:00,9.347e-05
2025-01-18 09:00:00,9.347e-05
2025-01-18 10:00:00,9.347e-05
2025-01-18 11:00:00,9.347e-05
2025-01-18 12:00:00,0.0001
2025-01-18 13:00:00,0.0001
2025-01-18 14:00:00,0.0001
2025-01-18 15:00:00,0.0001
2025-01-18 16:00:00,0.0001
2025-01-18 17:00:00,0.0001
2025-01-18 18:00:00,0.0001
2025-01-18 19:00:00,0.0001
2025-01-18 20:00:00,0.0001
2025-01-18 21:00:00,0.0001
2025-01-18 22:00:00,0.0001
2025-01-18 23:00:00,0.0001
2025-01-19 00:00:00,0.0001
2025-01-19 01:00:00,0.0001
2025-01-19 02:00:00,0.0001
2025-01-19 03:00:00,0.0001
2025-01-19 04:00:00,0.0001
2025-01-19 05:00:00,0.0001
2025-01-19 06:00:00,0.0001
2025-01-19 07:00:00,0.0001
2025-01-19 08:00:00,0.0001
2025-01-19 09:00:00,0.0001
2025-01-19 10:00:00,0.0001
2025-01-19 11:00:00,0.0001
2025-01-19 12:00:00,0.0001
2025-01-19 13:00:00,0.0001
2025-01-19 14:00:00,0.0001
2025-01-19 15:00:00,0.0001
2025-01-19 16:00:00,0.0001
2025-01-19 17:00:00,0.0001
2025-01-19 18:00:00,0.0001
2025-01-19 19:00:00,0.0001
2025-01-19 20:00:00,0.0001
2025-01-19 21:00:00,0.0001
2025-01-19 22:00:00,0.0001
2025-01-19 23:00:00,0.0001
2025-01-20 00:00:00,0.0001
2025-01-20 01:00:00,0.0001
2025-01-20 02:00:00,0.0001
2025-01-20 03:00:00,0.0001
2025-01-20 04:00:00,0.0001
2025-01-20 05:00:00,0.0001
2025-01-20 06:00:00,0.0001
2025-01-20 07:00:00,0.0001
2025-01-20 08:00:00,0.0001
2025-01-20 09:00:00,0.0001
2025-01-20 10:00:00,0.0001
2025-01-20 11:00:00,0.0001
2025-01-20 12:00:00,0.0001
2025-01-20 13:00:00,0.0001
2025-01-20 14:00:00,0.0001
2025-01-20 15:00:00,0.0001
2025-01-20 16:00:00,0.0001
2025-01-20 17:00:00,0.0001
2025-01-20 18:00:00,0.0001
2025-01-20 19:00:00,0.0001
2025-01-20 20:00:00,0.0001
2025-01-20 21:00:00,0.0001
2025-01-20 22:00:00,0.0001
2025-01-20 23:00:00,0.0001
2025-01-21 00:00:00,0.0001
2025-01-21 01:00:00,0.0001
2025-01-21 02:00:00,0.0001
2025-01-21 03:00:00,0.0001
2025-01-21 04:00:00,0.0001
2025-01-21 05:00:00,0.0001
2025-01-21 06:00:00,0.0001
2025-01-21 07:00:00,0.0001
2025-01-21 08:00:00,0.0001
2025-01-21 09:00:00,0.0001
2025-01-21 10:00:00,0.0001
2025-01-21 11:00:00,0.0001
2025-01-21 12:00:00,0.0001
2025-01-21 13:00:00,0.0001
2025-01-21 14:00:00,0.0001
2025-01-21 15:00:00,0.0001
2025-01-21 16:00:00,0.0001
2025-01-21 17:00:00,0.0001
2025-01-21 18:00:00,0.0001
2025-01-21 19:00:00,0.0001
2025-01-21 20:00:00,0.0001
2025-01-21 21:00:00,0.0001
2025-01-21 22:00:00,0.0001
2025-01-21 23:00:00,0.0001
2025-01-22 00:00:00,0.0001
2025-01-22 01:00:00,0.0001
2025-01-22 02:00:00,0.0001
2025-01-22 03:00:00,0.0001
2025-01-22 04:00:00,0.0001
2025-01-22 05:00:00,0.0001
2025-01-22 06:00:00,0.0001
2025-01-22 07:00:00,0.0001
2025-01-22 08:00:00,0.0001
2025-01-22 09:00:00,0.0001
2025-01-22 10:00:00,0.0001
2025-01-22 11:00:00,0.0001
2025-01-22 12:00:00,0.0001
2025-01-22 13:00:00,0.0001
2025-01-22 14:00:00,0.0001
2025-01-22 15:00:00,0.0001
2025-01-22 16:00:00,0.0001
2025-01-22 17:00:00,0.0001
2025-01-22 18:00:00,0.0001
2025-01-22 19:00:00,0.0001
2025-01-22 20:00:00,0.0001
2025-01-22 21:00:00,0.0001
2025-01-22 22:00:00,0.0001
2025-01-22 23:00:00,0.0001
2025-01-23 00:00:00,0.0001
2025-01-23 01:00:00,0.0001
2025-01-23 02:00:00,0.0001
2025-01-23 03:00:00,0.0001
2025-01-23 04:00:00,0.0001
2025-01-23 05:00:00,0.0001
2025-01-23 06:00:00,0.0001
2025-01-23 07:00:00,0.0001
2025-01-23 08:00:00,0.0001
2025-01-23 09:00:00,0.0001
2025-01-23 10:00:00,0.0001
2025-01-23 11:00:00,0.0001
2025-01-23 12:00:00,0.0001
2025-01-23 13:00:00,0.0001
2025-01-23 14:00:00,0.0001
2025-01-23 15:00:00,0.0001
2025-01-23 16:00:00,0.0001
2025-01-23 17:00:00,0.0001
2025-01-23 18:00:00,0.0001
2025-01-23 19:00:00,0.0001
2025-01-23 20:00:00,0.0001
2025-01-23 21:00:00,0.0001
2025-01-23 22:00:00,0.0001
2025-01-23 23:00:00,0.0001
2025-01-24 00:00:00,0.0001
2025-01-24 01:00:00,0.0001
2025-01-24 02:00:00,0.0001
2025-01-24 03:00:00,0.0001
2025-01-24 04:00:00,4.386e-05
2025-01-24 05:00:00,4.386e-05
2025-01-24 06:00:00,4.386e-05
2025-01-24 07:00:00,4.386e-05
2025-01-24 08:00:00,4.386e-05
2025-01-24 09:00:00,4.386e-05
2025-01-24 10:00:00,4.386e-05
2025-01-24 11:00:00,4.386e-05
2025-01-24 12:00:00,9.463e-05
2025-01-24 13:00:00,9.463e-05
2025-01-24 14:00:00,9.463e-05
2025-01-24 15:00:00,9.463e-05
2025-01-24 16:00:00,9.463e-05
2025-01-24 17:00:00,9.463e-05
2025-01-24 18:00:00,9.463e-05
2025-01-24 19:00:00,9.463e-05
2025-01-24 20:00:00,0.0001
2025-01-24 21:00:00,0.0001
2025-01-24 22:00:00,0.0001
2025-01-24 23:00:00,0.0001
2025-01-25 00:00:00,0.0001
2025-01-25 01:00:00,0.0001
2025-01-25 02:00:00,0.0001
2025-01-25 03:00:00,0.0001
2025-01-25 04:00:00,0.0001
2025-01-25 05:00:00,0.0001
2025-01-25 06:00:00,0.0001
2025-01-25 07:00:00,0.0001
2025-01-25 08:00:00,0.0001
2025-01-25 09:00:00,0.0001
2025-01-25 10:00:00,0.0001
2025-01-25 11:00:00,0.0001
2025-01-25 12:00:00,7.472e-05
2025-01-25 13:00:00,7.472e-05
2025-01-25 14:00:00,7.472e-05
2025-01-25 15:00:00,7.472e-05
2025-01-25 16:00:00,7.472e-05
2025-01-25 17:00:00,7.472e-05
2025-01-25 18:00:00,7.472e-05
2025-01-25 19:00:00,7.472e-05
2025-01-25 20:00:00,5.217e-05
2025-01-25 21:00:00,5.217e-05
2025-01-25 22:00:00,5.217e-05
2025-01-25 23:00:00,5.217e-05
2025-01-26 00:00:00,5.217e-05
2025-01-26 01:00:00,5.217e-05
2025-01-26 02:00:00,5.217e-05
2025-01-26 03:00:00,5.217e-05
2025-01-26 04:00:00,0.0001
2025-01-26 05:00:00,0.0001
2025-01-26 06:00:00,0.0001
2025-01-26 07:00:00,0.0001
2025-01-26 08:00:00,0.0001
2025-01-26 09:00:00,0.0001
2025-01-26 10:00:00,0.0001
2025-01-26 11:00:00,0.0001
2025-01-26 12:00:00,0.0001
2025-01-26 13:00:00,0.0001
2025-01-26 14:00:00,0.0001
2025-01-26 15:00:00,0.0001
2025-01-26 16:00:00,0.0001
2025-01-26 17:00:00,0.0001
2025-01-26 18:00:00,0.0001
2025-01-26 19:00:00,0.0001
2025-01-26 20:00:00,0.0001
2025-01-26 21:00:00,0.0001
2025-01-26 22:00:00,0.0001
2025-01-26 23:00:00,0.0001
2025-01-27 00:00:00,0.0001
2025-01-27 01:00:00,0.0001
2025-01-27 02:00:00,0.0001
2025-01-27 03:00:00,0.0001
2025-01-27 04:00:00,0.0001
2025-01-27 05:00:00,0.0001
2025-01-27 06:00:00,0.0001
2025-01-27 07:00:00,0.0001
2025-01-27 08:00:00,0.0001
2025-01-27 09:00:00,0.0001
2025-01-27 10:00:00,0.0001
2025-01-27 11:00:00,0.0001
2025-01-27 12:00:00,2.53e-06
2025-01-27 13:00:00,2.53e-06
2025-01-27 14:00:00,2.53e-06
2025-01-27 15:00:00,2.53e-06
2025-01-27 16:00:00,2.53e-06
2025-01-27 17:00:00,2.53e-06
2025-01-27 18:00:00,2.53e-06
2025-01-27 19:00:00,2.53e-06
2025-01-27 20:00:00,1.349e-05
2025-01-27 21:00:00,1.349e-05
2025-01-27 22:00:00,1.349e-05
2025-01-27 23:00:00,1.349e-05
2025-01-28 00:00:00,1.349e-05
2025-01-28 01:00:00,1.349e-05
2025-01-28 02:00:00,1.349e-05
2025-01-28 03:00:00,1.349e-05
2025-01-28 04:00:00,5.81e-06
2025-01-28 05:00:00,5.81e-06
2025-01-28 06:00:00,5.81e-06
2025-01-28 07:00:00,5.81e-06
2025-01-28 08:00:00,5.81e-06
2025-01-28 09:00:00,5.81e-06
2025-01-28 10:00:00,5.81e-06
2025-01-28 11:00:00,5.81e-06
2025-01-28 12:00:00,5.241e-05
2025-01-28 13:00:00,5.241e-05
2025-01-28 14:00:00,5.241e-05
2025-01-28 15:00:00,5.241e-05
2025-01-28 16:00:00,5.241e-05
2025-01-28 17:00:00,5.241e-05
2025-01-28 18:00:00,5.241e-05
2025-01-28 19:00:00,5.241e-05
2025-01-28 20:00:00,6.59e-06
2025-01-28 21:00:00,6.59e-06
2025-01-28 22:00:00,6.59e-06
2025-01-28 23:00:00,6.59e-06
2025-01-29 00:00:00,6.59e-06
2025-01-29 01:00:00,6.59e-06
2025-01-29 02:00:00,6.59e-06
2025-01-29 03:00:00,6.59e-06
2025-01-29 04:00:00,-2.196e-05
2025-01-29 05:00:00,-2.196e-05
2025-01-29 06:00:00,-2.196e-05
2025-01-29 07:00:00,-2.196e-05
2025-01-29 08:00:00,-2.196e-05
2025-01-29 09:00:00,-2.196e-05
2025-01-29 10:00:00,-2.196e-05
2025-01-29 11:00:00,-2.196e-05
2025-01-29 12:00:00,1.792e-05
2025-01-29 13:00:00,1.792e-05
2025-01-29 14:00:00,1.792e-05
2025-01-29 15:00:00,1.792e-05
2025-01-29 16:00:00,1.792e-05
2025-01-29 17:00:00,1.792e-05
2025-01-29 18:00:00,1.792e-05
2025-01-29 19:00:00,1.792e-05
2025-01-29 20:00:00,6.486e-05
2025-01-29 21:00:00,6.486e-05
2025-01-29 22:00:00,6.486e-05
2025-01-29 23:00:00,6.486e-05
2025-01-30 00:00:00,6.486e-05
2025-01-30 01:00:00,6.486e-05
2025-01-30 02:00:00,6.486e-05
2025-01-30 03:00:00,6.486e-05
2025-01-30 04:00:00,7.587e-05
2025-01-30 05:00:00,7.587e-05
2025-01-30 06:00:00,7.587e-05
2025-01-30 07:00:00,7.587e-05
2025-01-30 08:00:00,7.587e-05
2025-01-30 09:00:00,7.587e-05
2025-01-30 10:00:00,7.587e-05
2025-01-30 11:00:00,7.587e-05
2025-01-30 12:00:00,0.0001
2025-01-30 13:00:00,0.0001
2025-01-30 14:00:00,0.0001
2025-01-30 15:00:00,0.0001
2025-01-30 16:00:00,0.0001
2025-01-30 17:00:00,0.0001
2025-01-30 18:00:00,0.0001
2025-01-30 19:00:00,0.0001
2025-01-30 20:00:00,0.0001
2025-01-30 21:00:00,0.0001
2025-01-30 22:00:00,0.0001
2025-01-30 23:00:00,0.0001
2025-01-31 00:00:00,0.0001
2025-01-31 01:00:00,0.0001
2025-01-31 02:00:00,0.0001
2025-01-31 03:00:00,0.0001
2025-01-31 04:00:00,1.241e-05
2025-01-31 05:00:00,1.241e-05
2025-01-31 06:00:00,1.241e-05
2025-01-31 07:00:00,1.241e-05
2025-01-31 08:00:00,1.241e-05
2025-01-31 09:00:00,1.241e-05
2025-01-31 10:00:00,1.241e-05
2025-01-31 11:00:00,1.241e-05
2025-01-31 12:00:00,3.319e-05
2025-01-31 13:00:00,3.319e-05
2025-01-31 14:00:00,3.319e-05
2025-01-31 15:00:00,3.319e-05
2025-01-31 16:00:00,3.319e-05
2025-01-31 17:00:00,3.319e-05
2025-01-31 18:00:00,3.319e-05
2025-01-31 19:00:00,3.319e-05
2025-01-31 20:00:00,2.658e-05
2025-01-31 21:00:00,2.658e-05
2025-01-31 22:00:00,2.658e-05
2025-01-31 23:00:00,2.658e-05
2025-02-01 00:00:00,2.658e-05
2025-02-01 01:00:00,2.658e-05
2025-02-01 02:00:00,2.658e-05
2025-02-01 03:00:00,2.658e-05
2025-02-01 04:00:00,-0.00014857
2025-02-01 05:00:00,-0.00014857
2025-02-01 06:00:00,-0.00014857
2025-02-01 07:00:00,-0.00014857
2025-02-01 08:00:00,-0.00014857
2025-02-01 09:00:00,-0.00014857
2025-02-01 10:00:00,-0.00014857
2025-02-01 11:00:00,-0.00014857
2025-02-01 12:00:00,-0.00011979
2025-02-01 13:00:00,-0.00011979
2025-02-01 14:00:00,-0.00011979
2025-02-01 15:00:00,-0.00011979
2025-02-01 16:00:00,-0.00011979
2025-02-01 17:00:00,-0.00011979
2025-02-01 18:00:00,-0.00011979
2025-02-01 19:00:00,-0.00011979
2025-02-01 20:00:00,-2.399e-05
2025-02-01 21:00:00,-2.399e-05
2025-02-01 22:00:00,-2.399e-05
2025-02-01 23:00:00,-2.399e-05
2025-02-02 00:00:00,-2.399e-05
2025-02-02 01:00:00,-2.399e-05
2025-02-02 02:00:00,-2.399e-05
2025-02-02 03:00:00,-2.399e-05
2025-02-02 04:00:00,-1.242e-05
2025-02-02 05:00:00,-1.242e-05
2025-02-02 06:00:00,-1.242e-05
2025-02-02 07:00:00,-1.242e-05
2025-02-02 08:00:00,-1.242e-05
2025-02-02 09:00:00,-1.242e-05
2025-02-02 10:00:00,-1.242e-05
2025-02-02 11:00:00,-1.242e-05
2025-02-02 12:00:00,-1.722e-05
2025-02-02 13:00:00,-1.722e-05
2025-02-02 14:00:00,-1.722e-05
2025-02-02 15:00:00,-1.722e-05
2025-02-02 16:00:00,-1.722e-05
2025-02-02 17:00:00,-1.722e-05
2025-02-02 18:00:00,-1.722e-05
2025-02-02 19:00:00,-1.722e-05
2025-02-02 20:00:00,-2.013e-05
2025-02-02 21:00:00,-2.013e-05
2025-02-02 22:00:00,-2.013e-05
2025-02-02 23:00:00,-2.013e-05
2025-02-03 00:00:00,-2.013e-05
2025-02-03 01:00:00,-2.013e-05
2025-02-03 02:00:00,-2.013e-05
2025-02-03 03:00:00,-2.013e-05
2025-02-03 04:00:00,6.421e-05
2025-02-03 05:00:00,6.421e-05
2025-02-03 06:00:00,6.421e-05
2025-02-03 07:00:00,6.421e-05
2025-02-03 08:00:00,6.421e-05
2025-02-03 09:00:00,6.421e-05
2025-02-03 10:00:00,6.421e-05
2025-02-03 11:00:00,6.421e-05
2025-02-03 12:00:00,1.227e-05
2025-02-03 13:00:00,1.227e-05
2025-02-03 14:00:00,1.227e-05
2025-02-03 15:00:00,1.227e-05
2025-02-03 16:00:00,1.227e-05
2025-02-03 17:00:00,1.227e-05
2025-02-03 18:00:00,1.227e-05
2025-02-03 19:00:00,1.227e-05
2025-02-03 20:00:00,-5.11e-05
2025-02-03 21:00:00,-5.11e-05
2025-02-03 22:00:00,-5.11e-05
2025-02-03 23:00:00,-5.11e-05
2025-02-04 00:00:00,-5.11e-05
2025-02-04 01:00:00,-5.11e-05
2025-02-04 02:00:00,-5.11e-05
2025-02-04 03:00:00,-5.11e-05
2025-02-04 04:00:00,-1.274e-05
2025-02-04 05:00:00,-1.274e-05
2025-02-04 06:00:00,-1.274e-05
2025-02-04 07:00:00,-1.274e-05
2025-02-04 08:00:00,-1.274e-05
2025-02-04 09:00:00,-1.274e-05
2025-02-04 10:00:00,-1.274e-05
2025-02-04 11:00:00,-1.274e-05
2025-02-04 12:00:00,0.0001
2025-02-04 13:00:00,0.0001
2025-02-04 14:00:00,0.0001
2025-02-04 15:00:00,0.0001
2025-02-04 16:00:00,0.0001
2025-02-04 17:00:00,0.0001
2025-02-04 18:00:00,0.0001
2025-02-04 19:00:00,0.0001
2025-02-04 20:00:00,7.932e-05
2025-02-04 21:00:00,7.932e-05
2025-02-04 22:00:00,7.932e-05
2025-02-04 23:00:00,7.932e-05
2025-02-05 00:00:00,7.932e-05
2025-02-05 01:00:00,7.932e-05
2025-02-05 02:00:00,7.932e-05
2025-02-05 03:00:00,7.932e-05
2025-02-05 04:00:00,1.167e-05
2025-02-05 05:00:00,1.167e-05
2025-02-05 06:00:00,1.167e-05
2025-02-05 07:00:00,1.167e-05
2025-02-05 08:00:00,1.167e-05
2025-02-05 09:00:00,1.167e-05
2025-02-05 10:00:00,1.167e-05
2025-02-05 11:00:00,1.167e-05
2025-02-05 12:00:00,2.633e-05
2025-02-05 13:00:00,2.633e-05
2025-02-05 14:00:00,2.633e-05
2025-02-05 15:00:00,2.633e-05
2025-02-05 16:00:00,2.633e-05
2025-02-05 17:00:00,2.633e-05
2025-02-05 18:00:00,2.633e-05
2025-02-05 19:00:00,2.633e-05
2025-02-05 20:00:00,0.0001
2025-02-05 21:00:00,0.0001
2025-02-05 22:00:00,0.0001
2025-02-05 23:00:00,0.0001
2025-02-06 00:00:00,0.0001
2025-02-06 01:00:00,0.0001
2025-02-06 02:00:00,0.0001
2025-02-06 03:00:00,0.0001
2025-02-06 04:00:00,6.568e-05
2025-02-06 05:00:00,6.568e-05
2025-02-06 06:00:00,6.568e-05
2025-02-06 07:00:00,6.568e-05
2025-02-06 08:00:00,6.568e-05
2025-02-06 09:00:00,6.568e-05
2025-02-06 10:00:00,6.568e-05
2025-02-06 11:00:00,6.568e-05
2025-02-06 12:00:00,8.01e-05
2025-02-06 13:00:00,8.01e-05
2025-02-06 14:00:00,8.01e-05
2025-02-06 15:00:00,8.01e-05
2025-02-06 16:00:00,8.01e-05
2025-02-06 17:00:00,8.01e-05
2025-02-06 18:00:00,8.01e-05
2025-02-06 19:00:00,8.01e-05
2025-02-06 20:00:00,6.781e-05
2025-02-06 21:00:00,6.781e-05
2025-02-06 22:00:00,6.781e-05
2025-02-06 23:00:00,6.781e-05
2025-02-07 00:00:00,6.781e-05
2025-02-07 01:00:00,6.781e-05
2025-02-07 02:00:00,6.781e-05
2025-02-07 03:00:00,6.781e-05
2025-02-07 04:00:00,7.196e-05
2025-02-07 05:00:00,7.196e-05
2025-02-07 06:00:00,7.196e-05
2025-02-07 07:00:00,7.196e-05
2025-02-07 08:00:00,7.196e-05
2025-02-07 09:00:00,7.196e-05
2025-02-07 10:00:00,7.196e-05
2025-02-07 11:00:00,7.196e-05
2025-02-07 12:00:00,3.448e-05
2025-02-07 13:00:00,3.448e-05
2025-02-07 14:00:00,3.448e-05
2025-02-07 15:00:00,3.448e-05
2025-02-07 16:00:00,3.448e-05
2025-02-07 17:00:00,3.448e-05
2025-02-07 18:00:00,3.448e-05
2025-02-07 19:00:00,3.448e-05
2025-02-07 20:00:00,8.283e-05
2025-02-07 21:00:00,8.283e-05
2025-02-07 22:00:00,8.283e-05
2025-02-07 23:00:00,8.283e-05
2025-02-08 00:00:00,8.283e-05
2025-02-08 01:00:00,8.283e-05
2025-02-08 02:00:00,8.283e-05
2025-02-08 03:00:00,8.283e-05
2025-02-08 04:00:00,-5.658e-05
2025-02-08 05:00:00,-5.658e-05
2025-02-08 06:00:00,-5.658e-05
2025-02-08 07:00:00,-5.658e-05
2025-02-08 08:00:00,-5.658e-05
2025-02-08 09:00:00,-5.658e-05
2025-02-08 10:00:00,-5.658e-05
2025-02-08 11:00:00,-5.658e-05
2025-02-08 12:00:00,1.686e-05
2025-02-08 13:00:00,1.686e-05
2025-02-08 14:00:00,1.686e-05
2025-02-08 15:00:00,1.686e-05
2025-02-08 16:00:00,1.686e-05
2025-02-08 17:00:00,1.686e-05
2025-02-08 18:00:00,1.686e-05
2025-02-08 19:00:00,1.686e-05
2025-02-08 20:00:00,6.56e-06
2025-02-08 21:00:00,6.56e-06
2025-02-08 22:00:00,6.56e-06
2025-02-08 23:00:00,6.56e-06
2025-02-09 00:00:00,6.56e-06
2025-02-09 01:00:00,6.56e-06
2025-02-09 02:00:00,6.56e-06
2025-02-09 03:00:00,6.56e-06
2025-02-09 04:00:00,2.052e-05
2025-02-09 05:00:00,2.052e-05
2025-02-09 06:00:00,2.052e-05
2025-02-09 07:00:00,2.052e-05
2025-02-09 08:00:00,2.052e-05
2025-02-09 09:00:00,2.052e-05
2025-02-09 10:00:00,2.052e-05
2025-02-09 11:00:00,2.052e-05
2025-02-09 12:00:00,9.27e-06
2025-02-09 13:00:00,9.27e-06
2025-02-09 14:00:00,9.27e-06
2025-02-09 15:00:00,9.27e-06
2025-02-09 16:00:00,9.27e-06
2025-02-09 17:00:00,9.27e-06
2025-02-09 18:00:00,9.27e-06
2025-02-09 19:00:00,9.27e-06
2025-02-09 20:00:00,3.139e-05
2025-02-09 21:00:00,3.139e-05
2025-02-09 22:00:00,3.139e-05
2025-02-09 23:00:00,3.139e-05
2025-02-10 00:00:00,3.139e-05
2025-02-10 01:00:00,3.139e-05
2025-02-10 02:00:00,3.139e-05
2025-02-10 03:00:00,3.139e-05
2025-02-10 04:00:00,2.217e-05
2025-02-10 05:00:00,2.217e-05
2025-02-10 06:00:00,2.217e-05
2025-02-10 07:00:00,2.217e-05
2025-02-10 08:00:00,2.217e-05
2025-02-10 09:00:00,2.217e-05
2025-02-10 10:00:00,2.217e-05
2025-02-10 11:00:00,2.217e-05
2025-02-10 12:00:00,8.57e-05
2025-02-10 13:00:00,8.57e-05
2025-02-10 14:00:00,8.57e-05
2025-02-10 15:00:00,8.57e-05
2025-02-10 16:00:00,8.57e-05
2025-02-10 17:00:00,8.57e-05
2025-02-10 18:00:00,8.57e-05
2025-02-10 19:00:00,8.57e-05
2025-02-10 20:00:00,9.182e-05
2025-02-10 21:00:00,9.182e-05
2025-02-10 22:00:00,9.182e-05
2025-02-10 23:00:00,9.182e-05
2025-02-11 00:00:00,9.182e-05
2025-02-11 01:00:00,9.182e-05
2025-02-11 02:00:00,9.182e-05
2025-02-11 03:00:00,9.182e-05
2025-02-11 04:00:00,7.625e-05
2025-02-11 05:00:00,7.625e-05
2025-02-11 06:00:00,7.625e-05
2025-02-11 07:00:00,7.625e-05
2025-02-11 08:00:00,7.625e-05
2025-02-11 09:00:00,7.625e-05
2025-02-11 10:00:00,7.625e-05
2025-02-11 11:00:00,7.625e-05
2025-02-11 12:00:00,5.578e-05
2025-02-11 13:00:00,5.578e-05
2025-02-11 14:00:00,5.578e-05
2025-02-11 15:00:00,5.578e-05
2025-02-11 16:00:00,5.578e-05
2025-02-11 17:00:00,5.578e-05
2025-02-11 18:00:00,5.578e-05
2025-02-11 19:00:00,5.578e-05
2025-02-11 20:00:00,-1.778e-05
2025-02-11 21:00:00,-1.778e-05
2025-02-11 22:00:00,-1.778e-05
2025-02-11 23:00:00,-1.778e-05
2025-02-12 00:00:00,-1.778e-05
2025-02-12 01:00:00,-1.778e-05
2025-02-12 02:00:00,-1.778e-05
2025-02-12 03:00:00,-1.778e-05
2025-02-12 04:00:00,1.737e-05
2025-02-12 05:00:00,1.737e-05
2025-02-12 06:00:00,1.737e-05
2025-02-12 07:00:00,1.737e-05
2025-02-12 08:00:00,1.737e-05
2025-02-12 09:00:00,1.737e-05
2025-02-12 10:00:00,1.737e-05
2025-02-12 11:00:00,1.737e-05
2025-02-12 12:00:00,3.227e-05
2025-02-12 13:00:00,3.227e-05
2025-02-12 14:00:00,3.227e-05
2025-02-12 15:00:00,3.227e-05
2025-02-12 16:00:00,3.227e-05
2025-02-12 17:00:00,3.227e-05
2025-02-12 18:00:00,3.227e-05
2025-02-12 19:00:00,3.227e-05
2025-02-12 20:00:00,5.23e-06
2025-02-12 21:00:00,5.23e-06
2025-02-12 22:00:00,5.23e-06
2025-02-12 23:00:00,5.23e-06
2025-02-13 00:00:00,5.23e-06
2025-02-13 01:00:00,5.23e-06
2025-02-13 02:00:00,5.23e-06
2025-02-13 03:00:00,5.23e-06
2025-02-13 04:00:00,9.802e-05
2025-02-13 05:00:00,9.802e-05
2025-02-13 06:00:00,9.802e-05
2025-02-13 07:00:00,9.802e-05
2025-02-13 08:00:00,9.802e-05
2025-02-13 09:00:00,9.802e-05
2025-02-13 10:00:00,9.802e-05
2025-02-13 11:00:00,9.802e-05
2025-02-13 12:00:00,6.447e-05
2025-02-13 13:00:00,6.447e-05
2025-02-13 14:00:00,6.447e-05
2025-02-13 15:00:00,6.447e-05
2025-02-13 16:00:00,6.447e-05
2025-02-13 17:00:00,6.447e-05
2025-02-13 18:00:00,6.447e-05
2025-02-13 19:00:00,6.447e-05
2025-02-13 20:00:00,4.455e-05
2025-02-13 21:00:00,4.455e-05
2025-02-13 22:00:00,4.455e-05
2025-02-13 23:00:00,4.455e-05
2025-02-14 00:00:00,4.455e-05
2025-02-14 01:00:00,4.455e-05
2025-02-14 02:00:00,4.455e-05
2025-02-14 03:00:00,4.455e-05
2025-02-14 04:00:00,8.865e-05
2025-02-14 05:00:00,8.865e-05
2025-02-14 06:00:00,8.865e-05
2025-02-14 07:00:00,8.865e-05
2025-02-14 08:00:00,8.865e-05
2025-02-14 09:00:00,8.865e-05
2025-02-14 10:00:00,8.865e-05
2025-02-14 11:00:00,8.865e-05
2025-02-14 12:00:00,0.0001
2025-02-14 13:00:00,0.0001
2025-02-14 14:00:00,0.0001
2025-02-14 15:00:00,0.0001
2025-02-14 16:00:00,0.0001
2025-02-14 17:00:00,0.0001
2025-02-14 18:00:00,0.0001
2025-02-14 19:00:00,0.0001
2025-02-14 20:00:00,0.0001
2025-02-14 21:00:00,0.0001
2025-02-14 22:00:00,0.0001
2025-02-14 23:00:00,0.0001
2025-02-15 00:00:00,0.0001
2025-02-15 01:00:00,0.0001
2025-02-15 02:00:00,0.0001
2025-02-15 03:00:00,0.0001
2025-02-15 04:00:00,3.027e-05
2025-02-15 05:00:00,3.027e-05
2025-02-15 06:00:00,3.027e-05
2025-02-15 07:00:00,3.027e-05
2025-02-15 08:00:00,3.027e-05
2025-02-15 09:00:00,3.027e-05
2025-02-15 10:00:00,3.027e-05
2025-02-15 11:00:00,3.027e-05
2025-02-15 12:00:00,6.2e-07
2025-02-15 13:00:00,6.2e-07
2025-02-15 14:00:00,6.2e-07
2025-02-15 15:00:00,6.2e-07
2025-02-15 16:00:00,6.2e-07
2025-02-15 17:00:00,6.2e-07
2025-02-15 18:00:00,6.2e-07
2025-02-15 19:00:00,6.2e-07
2025-02-15 20:00:00,5.122e-05
2025-02-15 21:00:00,5.122e-05
2025-02-15 22:00:00,5.122e-05
2025-02-15 23:00:00,5.122e-05
2025-02-16 00:00:00,5.122e-05
2025-02-16 01:00:00,5.122e-05
2025-02-16 02:00:00,5.122e-05
2025-02-16 03:00:00,5.122e-05
2025-02-16 04:00:00,5.342e-05
2025-02-16 05:00:00,5.342e-05
2025-02-16 06:00:00,5.342e-05
2025-02-16 07:00:00,5.342e-05
2025-02-16 08:00:00,5.342e-05
2025-02-16 09:00:00,5.342e-05
2025-02-16 10:00:00,5.342e-05
2025-02-16 11:00:00,5.342e-05
2025-02-16 12:00:00,-1.542e-05
2025-02-16 13:00:00,-1.542e-05
2025-02-16 14:00:00,-1.542e-05
2025-02-16 15:00:00,-1.542e-05
2025-02-16 16:00:00,-1.542e-05
2025-02-16 17:00:00,-1.542e-05
2025-02-16 18:00:00,-1.542e-05
2025-02-16 19:00:00,-1.542e-05
2025-02-16 20:00:00,3.3e-06
2025-02-16 21:00:00,3.3e-06
2025-02-16 22:00:00,3.3e-06
2025-02-16 23:00:00,3.3e-06
2025-02-17 00:00:00,3.3e-06
2025-02-17 01:00:00,3.3e-06
2025-02-17 02:00:00,3.3e-06
2025-02-17 03:00:00,3.3e-06
2025-02-17 04:00:00,9.39e-06
2025-02-17 05:00:00,9.39e-06
2025-02-17 06:00:00,9.39e-06
2025-02-17 07:00:00,9.39e-06
2025-02-17 08:00:00,9.39e-06
2025-02-17 09:00:00,9.39e-06
2025-02-17 10:00:00,9.39e-06
2025-02-17 11:00:00,9.39e-06
2025-02-17 12:00:00,3.11e-05
2025-02-17 13:00:00,3.11e-05
2025-02-17 14:00:00,3.11e-05
2025-02-17 15:00:00,3.11e-05
2025-02-17 16:00:00,3.11e-05
2025-02-17 17:00:00,3.11e-05
2025-02-17 18:00:00,3.11e-05
2025-02-17 19:00:00,3.11e-05
2025-02-17 20:00:00,4.1e-07
2025-02-17 21:00:00,4.1e-07
2025-02-17 22:00:00,4.1e-07
2025-02-17 23:00:00,4.1e-07
2025-02-18 00:00:00,4.1e-07
2025-02-18 01:00:00,4.1e-07
2025-02-18 02:00:00,4.1e-07
2025-02-18 03:00:00,4.1e-07
2025-02-18 04:00:00,2.818e-05
2025-02-18 05:00:00,2.818e-05
2025-02-18 06:00:00,2.818e-05
2025-02-18 07:00:00,2.818e-05
2025-02-18 08:00:00,2.818e-05
2025-02-18 09:00:00,2.818e-05
2025-02-18 10:00:00,2.818e-05
2025-02-18 11:00:00,2.818e-05
2025-02-18 12:00:00,1.517e-05
2025-02-18 13:00:00,1.517e-05
2025-02-18 14:00:00,1.517e-05
2025-02-18 15:00:00,1.517e-05
2025-02-18 16:00:00,1.517e-05
2025-02-18 17:00:00,1.517e-05
2025-02-18 18:00:00,1.517e-05
2025-02-18 19:00:00,1.517e-05
2025-02-18 20:00:00,9.433e-05
2025-02-18 21:00:00,9.433e-05
2025-02-18 22:00:00,9.433e-05
2025-02-18 23:00:00,9.433e-05
2025-02-19 00:00:00,9.433e-05
2025-02-19 01:00:00,9.433e-05
2025-02-19 02:00:00,9.433e-05
2025-02-19 03:00:00,9.433e-05
2025-02-19 04:00:00,9.711e-05
2025-02-19 05:00:00,9.711e-05
2025-02-19 06:00:00,9.711e-05
2025-02-19 07:00:00,9.711e-05
2025-02-19 08:00:00,9.711e-05
2025-02-19 09:00:00,9.711e-05
2025-02-19 10:00:00,9.711e-05
2025-02-19 11:00:00,9.711e-05
2025-02-19 12:00:00,0.0001
2025-02-19 13:00:00,0.0001
2025-02-19 14:00:00,0.0001
2025-02-19 15:00:00,0.0001
2025-02-19 16:00:00,0.0001
2025-02-19 17:00:00,0.0001
2025-02-19 18:00:00,0.0001
2025-02-19 19:00:00,0.0001
2025-02-19 20:00:00,0.0001
2025-02-19 21:00:00,0.0001
2025-02-19 22:00:00,0.0001
2025-02-19 23:00:00,0.0001
2025-02-20 00:00:00,0.0001
2025-02-20 01:00:00,0.0001
2025-02-20 02:00:00,0.0001
2025-02-20 03:00:00,0.0001
2025-02-20 04:00:00,0.0001
2025-02-20 05:00:00,0.0001
2025-02-20 06:00:00,0.0001
2025-02-20 07:00:00,0.0001
2025-02-20 08:00:00,0.0001
2025-02-20 09:00:00,0.0001
2025-02-20 10:00:00,0.0001
2025-02-20 11:00:00,0.0001
2025-02-20 12:00:00,0.0001
2025-02-20 13:00:00,0.0001
2025-02-20 14:00:00,0.0001
2025-02-20 15:00:00,0.0001
2025-02-20 16:00:00,0.0001
2025-02-20 17:00:00,0.0001
2025-02-20 18:00:00,0.0001
2025-02-20 19:00:00,0.0001
2025-02-20 20:00:00,7.78e-05
2025-02-20 21:00:00,7.78e-05
2025-02-20 22:00:00,7.78e-05
2025-02-20 23:00:00,7.78e-05
2025-02-21 00:00:00,7.78e-05
2025-02-21 01:00:00,7.78e-05
2025-02-21 02:00:00,7.78e-05
2025-02-21 03:00:00,7.78e-05
2025-02-21 04:00:00,1.268e-05
2025-02-21 05:00:00,1.268e-05
2025-02-21 06:00:00,1.268e-05
2025-02-21 07:00:00,1.268e-05
2025-02-21 08:00:00,1.268e-05
2025-02-21 09:00:00,1.268e-05
2025-02-21 10:00:00,1.268e-05
2025-02-21 11:00:00,1.268e-05
2025-02-21 12:00:00,8.046e-05
2025-02-21 13:00:00,8.046e-05
2025-02-21 14:00:00,8.046e-05
2025-02-21 15:00:00,8.046e-05
2025-02-21 16:00:00,8.046e-05
2025-02-21 17:00:00,8.046e-05
2025-02-21 18:00:00,8.046e-05
2025-02-21 19:00:00,8.046e-05
2025-02-21 20:00:00,3.323e-05
2025-02-21 21:00:00,3.323e-05
2025-02-21 22:00:00,3.323e-05
2025-02-21 23:00:00,3.323e-05
2025-02-22 00:00:00,3.323e-05
2025-02-22 01:00:00,3.323e-05
2025-02-22 02:00:00,3.323e-05
2025-02-22 03:00:00,3.323e-05
2025-02-22 04:00:00,0.0005139
2025-02-22 05:00:00,0.0005139
2025-02-22 06:00:00,0.0005139
2025-02-22 07:00:00,0.0005139
2025-02-22 08:00:00,0.0005139
2025-02-22 09:00:00,0.0005139
2025-02-22 10:00:00,0.0005139
2025-02-22 11:00:00,0.0005139
2025-02-22 12:00:00,0.00025044
2025-02-22 13:00:00,0.00025044
2025-02-22 14:00:00,0.00025044
2025-02-22 15:00:00,0.00025044
2025-02-22 16:00:00,0.00025044
2025-02-22 17:00:00,0.00025044
2025-02-22 18:00:00,0.00025044
2025-02-22 19:00:00,0.00025044
2025-02-22 20:00:00,0.0001
2025-02-22 21:00:00,0.0001
2025-02-22 22:00:00,0.0001
2025-02-22 23:00:00,0.0001
2025-02-23 00:00:00,0.0001
2025-02-23 01:00:00,0.0001
2025-02-23 02:00:00,0.0001
2025-02-23 03:00:00,0.0001
2025-02-23 04:00:00,0.0001
2025-02-23 05:00:00,0.0001
2025-02-23 06:00:00,0.0001
2025-02-23 07:00:00,0.0001
2025-02-23 08:00:00,0.0001
2025-02-23 09:00:00,0.0001
2025-02-23 10:00:00,0.0001
2025-02-23 11:00:00,0.0001
2025-02-23 12:00:00,0.0001
2025-02-23 13:00:00,0.0001
2025-02-23 14:00:00,0.0001
2025-02-23 15:00:00,0.0001
2025-02-23 16:00:00,0.0001
2025-02-23 17:00:00,0.0001
2025-02-23 18:00:00,0.0001
2025-02-23 19:00:00,0.0001
2025-02-23 20:00:00,0.0001
2025-02-23 21:00:00,0.0001
2025-02-23 22:00:00,0.0001
2025-02-23 23:00:00,0.0001
2025-02-24 00:00:00,0.0001
2025-02-24 01:00:00,0.0001
2025-02-24 02:00:00,0.0001
2025-02-24 03:00:00,0.0001
2025-02-24 04:00:00,0.0001
2025-02-24 05:00:00,0.0001
2025-02-24 06:00:00,0.0001
2025-02-24 07:00:00,0.0001
2025-02-24 08:00:00,0.0001
2025-02-24 09:00:00,0.0001
2025-02-24 10:00:00,0.0001
2025-02-24 11:00:00,0.0001
2025-02-24 12:00:00,0.0001
2025-02-24 13:00:00,0.0001
2025-02-24 14:00:00,0.0001
2025-02-24 15:00:00,0.0001
2025-02-24 16:00:00,0.0001
2025-02-24 17:00:00,0.0001
2025-02-24 18:00:00,0.0001
2025-02-24 19:00:00,0.0001
2025-02-24 20:00:00,0.0001
2025-02-24 21:00:00,0.0001
2025-02-24 22:00:00,0.0001
2025-02-24 23:00:00,0.0001
2025-02-25 00:00:00,0.0001
2025-02-25 01:00:00,0.0001
2025-02-25 02:00:00,0.0001
2025-02-25 03:00:00,0.0001
2025-02-25 04:00:00,0.0001
2025-02-25 05:00:00,0.0001
2025-02-25 06:00:00,0.0001
2025-02-25 07:00:00,0.0001
2025-02-25 08:00:00,0.0001
2025-02-25 09:00:00,0.0001
2025-02-25 10:00:00,0.0001
2025-02-25 11:00:00,0.0001
2025-02-25 12:00:00,0.0001
2025-02-25 13:00:00,0.0001
2025-02-25 14:00:00,0.0001
2025-02-25 15:00:00,0.0001
2025-02-25 16:00:00,0.0001
2025-02-25 17:00:00,0.0001
2025-02-25 18:00:00,0.0001
2025-02-25 19:00:00,0.0001
2025-02-25 20:00:00,0.0001
2025-02-25 21:00:00,0.0001
2025-02-25 22:00:00,0.0001
2025-02-25 23:00:00,0.0001
2025-02-26 00:00:00,0.0001
2025-02-26 01:00:00,0.0001
2025-02-26 02:00:00,0.0001
2025-02-26 03:00:00,0.0001
2025-02-26 04:00:00,0.0001
2025-02-26 05:00:00,0.0001
2025-02-26 06:00:00,0.0001
2025-02-26 07:00:00,0.0001
2025-02-26 08:00:00,0.0001
2025-02-26 09:00:00,0.0001
2025-02-26 10:00:00,0.0001
2025-02-26 11:00:00,0.0001
2025-02-26 12:00:00,0.0001
2025-02-26 13:00:00,0.0001
2025-02-26 14:00:00,0.0001
2025-02-26 15:00:00,0.0001
2025-02-26 16:00:00,0.0001
2025-02-26 17:00:00,0.0001
2025-02-26 18:00:00,0.0001
2025-02-26 19:00:00,0.0001
2025-02-26 20:00:00,9.698e-05
2025-02-26 21:00:00,9.698e-05
2025-02-26 22:00:00,9.698e-05
2025-02-26 23:00:00,9.698e-05
2025-02-27 00:00:00,9.698e-05
2025-02-27 01:00:00,9.698e-05
2025-02-27 02:00:00,9.698e-05
2025-02-27 03:00:00,9.698e-05
2025-02-27 04:00:00,-0.00014527
2025-02-27 05:00:00,-0.00014527
2025-02-27 06:00:00,-0.00014527
2025-02-27 07:00:00,-0.00014527
2025-02-27 08:00:00,-0.00014527
2025-02-27 09:00:00,-0.00014527
2025-02-27 10:00:00,-0.00014527
2025-02-27 11:00:00,-0.00014527
2025-02-27 12:00:00,-9.552e-05
2025-02-27 13:00:00,-9.552e-05
2025-02-27 14:00:00,-9.552e-05
2025-02-27 15:00:00,-9.552e-05
2025-02-27 16:00:00,-9.552e-05
2025-02-27 17:00:00,-9.552e-05
2025-02-27 18:00:00,-9.552e-05
2025-02-27 19:00:00,-9.552e-05
2025-02-27 20:00:00,8.877e-05
2025-02-27 21:00:00,8.877e-05
2025-02-27 22:00:00,8.877e-05
2025-02-27 23:00:00,8.877e-05
2025-02-28 00:00:00,8.877e-05
2025-02-28 01:00:00,8.877e-05
2025-02-28 02:00:00,8.877e-05
2025-02-28 03:00:00,8.877e-05
2025-02-28 04:00:00,0.0001
2025-02-28 05:00:00,0.0001
2025-02-28 06:00:00,0.0001
2025-02-28 07:00:00,0.0001
2025-02-28 08:00:00,0.0001
2025-02-28 09:00:00,0.0001
2025-02-28 10:00:00,0.0001
2025-02-28 11:00:00,0.0001
2025-02-28 12:00:00,2.61e-05
2025-02-28 13:00:00,2.61e-05
2025-02-28 14:00:00,2.61e-05
2025-02-28 15:00:00,2.61e-05
2025-02-28 16:00:00,2.61e-05
2025-02-28 17:00:00,2.61e-05
2025-02-28 18:00:00,2.61e-05
2025-02-28 19:00:00,2.61e-05
2025-02-28 20:00:00,-0.00014671
2025-02-28 21:00:00,-0.00014671
2025-02-28 22:00:00,-0.00014671
2025-02-28 23:00:00,-0.00014671
2025-03-01 00:00:00,-0.00014671
2025-03-01 01:00:00,-0.00014671
2025-03-01 02:00:00,-0.00014671
2025-03-01 03:00:00,-0.00014671
2025-03-01 04:00:00,0.0001
2025-03-01 05:00:00,0.0001
2025-03-01 06:00:00,0.0001
2025-03-01 07:00:00,0.0001
2025-03-01 08:00:00,0.0001
2025-03-01 09:00:00,0.0001
2025-03-01 10:00:00,0.0001
2025-03-01 11:00:00,0.0001
2025-03-01 12:00:00,4.533e-05
2025-03-01 13:00:00,4.533e-05
2025-03-01 14:00:00,4.533e-05
2025-03-01 15:00:00,4.533e-05
2025-03-01 16:00:00,4.533e-05
2025-03-01 17:00:00,4.533e-05
2025-03-01 18:00:00,4.533e-05
2025-03-01 19:00:00,4.533e-05
2025-03-01 20:00:00,9.17e-06
2025-03-01 21:00:00,9.17e-06
2025-03-01 22:00:00,9.17e-06
2025-03-01 23:00:00,9.17e-06
2025-03-02 00:00:00,9.17e-06
2025-03-02 01:00:00,9.17e-06
2025-03-02 02:00:00,9.17e-06
2025-03-02 03:00:00,9.17e-06
2025-03-02 04:00:00,7.239e-05
2025-03-02 05:00:00,7.239e-05
2025-03-02 06:00:00,7.239e-05
2025-03-02 07:00:00,7.239e-05
2025-03-02 08:00:00,7.239e-05
2025-03-02 09:00:00,7.239e-05
2025-03-02 10:00:00,7.239e-05
2025-03-02 11:00:00,7.239e-05
2025-03-02 12:00:00,0.0001
2025-03-02 13:00:00,0.0001
2025-03-02 14:00:00,0.0001
2025-03-02 15:00:00,0.0001
2025-03-02 16:00:00,0.0001
2025-03-02 17:00:00,0.0001
2025-03-02 18:00:00,0.0001
2025-03-02 19:00:00,0.0001
2025-03-02 20:00:00,6.936e-05
2025-03-02 21:00:00,6.936e-05
2025-03-02 22:00:00,6.936e-05
2025-03-02 23:00:00,6.936e-05
2025-03-03 00:00:00,6.936e-05
2025-03-03 01:00:00,6.936e-05
2025-03-03 02:00:00,6.936e-05
2025-03-03 03:00:00,6.936e-05
2025-03-03 04:00:00,0.0001
2025-03-03 05:00:00,0.0001
2025-03-03 06:00:00,0.0001
2025-03-03 07:00:00,0.0001
2025-03-03 08:00:00,0.0001
2025-03-03 09:00:00,0.0001
2025-03-03 10:00:00,0.0001
2025-03-03 11:00:00,0.0001
2025-03-03 12:00:00,0.0001
2025-03-03 13:00:00,0.0001
2025-03-03 14:00:00,0.0001
2025-03-03 15:00:00,0.0001
2025-03-03 16:00:00,0.0001
2025-03-03 17:00:00,0.0001
2025-03-03 18:00:00,0.0001
2025-03-03 19:00:00,0.0001
2025-03-03 20:00:00,0.0001
2025-03-03 21:00:00,0.0001
2025-03-03 22:00:00,0.0001
2025-03-03 23:00:00,0.0001
2025-03-04 00:00:00,0.0001
2025-03-04 01:00:00,0.0001
2025-03-04 02:00:00,0.0001
2025-03-04 03:00:00,0.0001
2025-03-04 04:00:00,-3.351e-05
2025-03-04 05:00:00,-3.351e-05
2025-03-04 06:00:00,-3.351e-05
2025-03-04 07:00:00,-3.351e-05
2025-03-04 08:00:00,-3.351e-05
2025-03-04 09:00:00,-3.351e-05
2025-03-04 10:00:00,-3.351e-05
2025-03-04 11:00:00,-3.351e-05
2025-03-04 12:00:00,2.96e-06
2025-03-04 13:00:00,2.96e-06
2025-03-04 14:00:00,2.96e-06
2025-03-04 15:00:00,2.96e-06
2025-03-04 16:00:00,2.96e-06
2025-03-04 17:00:00,2.96e-06
2025-03-04 18:00:00,2.96e-06
2025-03-04 19:00:00,2.96e-06
2025-03-04 20:00:00,1.23e-05
2025-03-04 21:00:00,1.23e-05
2025-03-04 22:00:00,1.23e-05
2025-03-04 23:00:00,1.23e-05
2025-03-05 00:00:00,1.23e-05
2025-03-05 01:00:00,1.23e-05
2025-03-05 02:00:00,1.23e-05
2025-03-05 03:00:00,1.23e-05
2025-03-05 04:00:00,0.0001
2025-03-05 05:00:00,0.0001
2025-03-05 06:00:00,0.0001
2025-03-05 07:00:00,0.0001
2025-03-05 08:00:00,0.0001
2025-03-05 09:00:00,0.0001
2025-03-05 10:00:00,0.0001
2025-03-05 11:00:00,0.0001
2025-03-05 12:00:00,0.0001
2025-03-05 13:00:00,0.0001
2025-03-05 14:00:00,0.0001
2025-03-05 15:00:00,0.0001
2025-03-05 16:00:00,0.0001
2025-03-05 17:00:00,0.0001
2025-03-05 18:00:00,0.0001
2025-03-05 19:00:00,0.0001
2025-03-05 20:00:00,0.0001
2025-03-05 21:00:00,0.0001
2025-03-05 22:00:00,0.0001
2025-03-05 23:00:00,0.0001
2025-03-06 00:00:00,0.0001
2025-03-06 01:00:00,0.0001
2025-03-06 02:00:00,0.0001
2025-03-06 03:00:00,0.0001
2025-03-06 04:00:00,2.585e-05
2025-03-06 05:00:00,2.585e-05
2025-03-06 06:00:00,2.585e-05
2025-03-06 07:00:00,2.585e-05
2025-03-06 08:00:00,2.585e-05
2025-03-06 09:00:00,2.585e-05
2025-03-06 10:00:00,2.585e-05
2025-03-06 11:00:00,2.585e-05
2025-03-06 12:00:00,0.0001
2025-03-06 13:00:00,0.0001
2025-03-06 14:00:00,0.0001
2025-03-06 15:00:00,0.0001
2025-03-06 16:00:00,0.0001
2025-03-06 17:00:00,0.0001
2025-03-06 18:00:00,0.0001
2025-03-06 19:00:00,0.0001
2025-03-06 20:00:00,1.038e-05
2025-03-06 21:00:00,1.038e-05
2025-03-06 22:00:00,1.038e-05
2025-03-06 23:00:00,1.038e-05
2025-03-07 00:00:00,1.038e-05
2025-03-07 01:00:00,1.038e-05
2025-03-07 02:00:00,1.038e-05
2025-03-07 03:00:00,1.038e-05
2025-03-07 04:00:00,1.342e-05
2025-03-07 05:00:00,1.342e-05
2025-03-07 06:00:00,1.342e-05
2025-03-07 07:00:00,1.342e-05
2025-03-07 08:00:00,1.342e-05
2025-03-07 09:00:00,1.342e-05
2025-03-07 10:00:00,1.342e-05
2025-03-07 11:00:00,1.342e-05
2025-03-07 12:00:00,8.04e-05
2025-03-07 13:00:00,8.04e-05
2025-03-07 14:00:00,8.04e-05
2025-03-07 15:00:00,8.04e-05
2025-03-07 16:00:00,8.04e-05
2025-03-07 17:00:00,8.04e-05
2025-03-07 18:00:00,8.04e-05
2025-03-07 19:00:00,8.04e-05
2025-03-07 20:00:00,0.0001
2025-03-07 21:00:00,0.0001
2025-03-07 22:00:00,0.0001
2025-03-07 23:00:00,0.0001
2025-03-08 00:00:00,0.0001
2025-03-08 01:00:00,0.0001
2025-03-08 02:00:00,0.0001
2025-03-08 03:00:00,0.0001
2025-03-08 04:00:00,0.0001
2025-03-08 05:00:00,0.0001
2025-03-08 06:00:00,0.0001
2025-03-08 07:00:00,0.0001
2025-03-08 08:00:00,0.0001
2025-03-08 09:00:00,0.0001
2025-03-08 10:00:00,0.0001
2025-03-08 11:00:00,0.0001
2025-03-08 12:00:00,6.44e-05
2025-03-08 13:00:00,6.44e-05
2025-03-08 14:00:00,6.44e-05
2025-03-08 15:00:00,6.44e-05
2025-03-08 16:00:00,6.44e-05
2025-03-08 17:00:00,6.44e-05
2025-03-08 18:00:00,6.44e-05
2025-03-08 19:00:00,6.44e-05
2025-03-08 20:00:00,1.288e-05
2025-03-08 21:00:00,1.288e-05
2025-03-08 22:00:00,1.288e-05
2025-03-08 23:00:00,1.288e-05
2025-03-09 00:00:00,1.288e-05
2025-03-09 01:00:00,1.288e-05
2025-03-09 02:00:00,1.288e-05
2025-03-09 03:00:00,1.288e-05
2025-03-09 04:00:00,3.824e-05
2025-03-09 05:00:00,3.824e-05
2025-03-09 06:00:00,3.824e-05
2025-03-09 07:00:00,3.824e-05
2025-03-09 08:00:00,3.824e-05
2025-03-09 09:00:00,3.824e-05
2025-03-09 10:00:00,3.824e-05
2025-03-09 11:00:00,3.824e-05
2025-03-09 12:00:00,4.848e-05
2025-03-09 13:00:00,4.848e-05
2025-03-09 14:00:00,4.848e-05
2025-03-09 15:00:00,4.848e-05
2025-03-09 16:00:00,4.848e-05
2025-03-09 17:00:00,4.848e-05
2025-03-09 18:00:00,4.848e-05
2025-03-09 19:00:00,4.848e-05
2025-03-09 20:00:00,-3.2e-05
2025-03-09 21:00:00,-3.2e-05
2025-03-09 22:00:00,-3.2e-05
2025-03-09 23:00:00,-3.2e-05
2025-03-10 00:00:00,-3.2e-05
2025-03-10 01:00:00,-3.2e-05
2025-03-10 02:00:00,-3.2e-05
2025-03-10 03:00:00,-3.2e-05
2025-03-10 04:00:00,-0.00029357
2025-03-10 05:00:00,-0.00029357
2025-03-10 06:00:00,-0.00029357
2025-03-10 07:00:00,-0.00029357
2025-03-10 08:00:00,-0.00029357
2025-03-10 09:00:00,-0.00029357
2025-03-10 10:00:00,-0.00029357
2025-03-10 11:00:00,-0.00029357
2025-03-10 12:00:00,-7.275e-05
2025-03-10 13:00:00,-7.275e-05
2025-03-10 14:00:00,-7.275e-05
2025-03-10 15:00:00,-7.275e-05
2025-03-10 16:00:00,-7.275e-05
2025-03-10 17:00:00,-7.275e-05
2025-03-10 18:00:00,-7.275e-05
2025-03-10 19:00:00,-7.275e-05
2025-03-10 20:00:00,-8.207e-05
2025-03-10 21:00:00,-8.207e-05
2025-03-10 22:00:00,-8.207e-05
2025-03-10 23:00:00,-8.207e-05
2025-03-11 00:00:00,-8.207e-05
2025-03-11 01:00:00,-8.207e-05
2025-03-11 02:00:00,-8.207e-05
2025-03-11 03:00:00,-8.207e-05
2025-03-11 04:00:00,8.32e-06
2025-03-11 05:00:00,8.32e-06
2025-03-11 06:00:00,8.32e-06
2025-03-11 07:00:00,8.32e-06
2025-03-11 08:00:00,8.32e-06
2025-03-11 09:00:00,8.32e-06
2025-03-11 10:00:00,8.32e-06
2025-03-11 11:00:00,8.32e-06
2025-03-11 12:00:00,-1.591e-05
2025-03-11 13:00:00,-1.591e-05
2025-03-11 14:00:00,-1.591e-05
2025-03-11 15:00:00,-1.591e-05
2025-03-11 16:00:00,-1.591e-05
2025-03-11 17:00:00,-1.591e-05
2025-03-11 18:00:00,-1.591e-05
2025-03-11 19:00:00,-1.591e-05
2025-03-11 20:00:00,6.844e-05
2025-03-11 21:00:00,6.844e-05
2025-03-11 22:00:00,6.844e-05
2025-03-11 23:00:00,6.844e-05
2025-03-12 00:00:00,6.844e-05
2025-03-12 01:00:00,6.844e-05
2025-03-12 02:00:00,6.844e-05
2025-03-12 03:00:00,6.844e-05
2025-03-12 04:00:00,8.765e-05
2025-03-12 05:00:00,8.765e-05
2025-03-12 06:00:00,8.765e-05
2025-03-12 07:00:00,8.765e-05
2025-03-12 08:00:00,8.765e-05
2025-03-12 09:00:00,8.765e-05
2025-03-12 10:00:00,8.765e-05
2025-03-12 11:00:00,8.765e-05
2025-03-12 12:00:00,7.949e-05
2025-03-12 13:00:00,7.949e-05
2025-03-12 14:00:00,7.949e-05
2025-03-12 15:00:00,7.949e-05
2025-03-12 16:00:00,7.949e-05
2025-03-12 17:00:00,7.949e-05
2025-03-12 18:00:00,7.949e-05
2025-03-12 19:00:00,7.949e-05
2025-03-12 20:00:00,4.824e-05
2025-03-12 21:00:00,4.824e-05
2025-03-12 22:00:00,4.824e-05
2025-03-12 23:00:00,4.824e-05
2025-03-13 00:00:00,4.824e-05
2025-03-13 01:00:00,4.824e-05
2025-03-13 02:00:00,4.824e-05
2025-03-13 03:00:00,4.824e-05
2025-03-13 04:00:00,5.496e-05
2025-03-13 05:00:00,5.496e-05
2025-03-13 06:00:00,5.496e-05
2025-03-13 07:00:00,5.496e-05
2025-03-13 08:00:00,5.496e-05
2025-03-13 09:00:00,5.496e-05
2025-03-13 10:00:00,5.496e-05
2025-03-13 11:00:00,5.496e-05
2025-03-13 12:00:00,8.477e-05
2025-03-13 13:00:00,8.477e-05
2025-03-13 14:00:00,8.477e-05
2025-03-13 15:00:00,8.477e-05
2025-03-13 16:00:00,8.477e-05
2025-03-13 17:00:00,8.477e-05
2025-03-13 18:00:00,8.477e-05
2025-03-13 19:00:00,8.477e-05
2025-03-13 20:00:00,-1.285e-05
2025-03-13 21:00:00,-1.285e-05
2025-03-13 22:00:00,-1.285e-05
2025-03-13 23:00:00,-1.285e-05
2025-03-14 00:00:00,-1.285e-05
2025-03-14 01:00:00,-1.285e-05
2025-03-14 02:00:00,-1.285e-05
2025-03-14 03:00:00,-1.285e-05
2025-03-14 04:00:00,-0.00015919
2025-03-14 05:00:00,-0.00015919
2025-03-14 06:00:00,-0.00015919
2025-03-14 07:00:00,-0.00015919
2025-03-14 08:00:00,-0.00015919
2025-03-14 09:00:00,-0.00015919
2025-03-14 10:00:00,-0.00015919
2025-03-14 11:00:00,-0.00015919
2025-03-14 12:00:00,4.476e-05
2025-03-14 13:00:00,4.476e-05
2025-03-14 14:00:00,4.476e-05
2025-03-14 15:00:00,4.476e-05
2025-03-14 16:00:00,4.476e-05
2025-03-14 17:00:00,4.476e-05
2025-03-14 18:00:00,4.476e-05
2025-03-14 19:00:00,4.476e-05
2025-03-14 20:00:00,0.0001
2025-03-14 21:00:00,0.0001
2025-03-14 22:00:00,0.0001
2025-03-14 23:00:00,0.0001
2025-03-15 00:00:00,0.0001
2025-03-15 01:00:00,0.0001
2025-03-15 02:00:00,0.0001
2025-03-15 03:00:00,0.0001
2025-03-15 04:00:00,0.0001
2025-03-15 05:00:00,0.0001
2025-03-15 06:00:00,0.0001
2025-03-15 07:00:00,0.0001
2025-03-15 08:00:00,0.0001
2025-03-15 09:00:00,0.0001
2025-03-15 10:00:00,0.0001
2025-03-15 11:00:00,0.0001
2025-03-15 12:00:00,0.0001
2025-03-15 13:00:00,0.0001
2025-03-15 14:00:00,0.0001
2025-03-15 15:00:00,0.0001
2025-03-15 16:00:00,0.0001
2025-03-15 17:00:00,0.0001
2025-03-15 18:00:00,0.0001
2025-03-15 19:00:00,0.0001
2025-03-15 20:00:00,2.487e-05
2025-03-15 21:00:00,2.487e-05
2025-03-15 22:00:00,2.487e-05
2025-03-15 23:00:00,2.487e-05
2025-03-16 00:00:00,2.487e-05
2025-03-16 01:00:00,2.487e-05
2025-03-16 02:00:00,2.487e-05
2025-03-16 03:00:00,2.487e-05
2025-03-16 04:00:00,9.014e-05
2025-03-16 05:00:00,9.014e-05
2025-03-16 06:00:00,9.014e-05
2025-03-16 07:00:00,9.014e-05
2025-03-16 08:00:00,9.014e-05
2025-03-16 09:00:00,9.014e-05
2025-03-16 10:00:00,9.014e-05
2025-03-16 11:00:00,9.014e-05
2025-03-16 12:00:00,2.721e-05
2025-03-16 13:00:00,2.721e-05
2025-03-16 14:00:00,2.721e-05
2025-03-16 15:00:00,2.721e-05
2025-03-16 16:00:00,2.721e-05
2025-03-16 17:00:00,2.721e-05
2025-03-16 18:00:00,2.721e-05
2025-03-16 19:00:00,2.721e-05
2025-03-16 20:00:00,-6.539e-05
2025-03-16 21:00:00,-6.539e-05
2025-03-16 22:00:00,-6.539e-05
2025-03-16 23:00:00,-6.539e-05
2025-03-17 00:00:00,-6.539e-05
2025-03-17 01:00:00,-6.539e-05
2025-03-17 02:00:00,-6.539e-05
2025-03-17 03:00:00,-6.539e-05
2025-03-17 04:00:00,-1.937e-05
2025-03-17 05:00:00,-1.937e-05
2025-03-17 06:00:00,-1.937e-05
2025-03-17 07:00:00,-1.937e-05
2025-03-17 08:00:00,-1.937e-05
2025-03-17 09:00:00,-1.937e-05
2025-03-17 10:00:00,-1.937e-05
2025-03-17 11:00:00,-1.937e-05
2025-03-17 12:00:00,6.645e-05
2025-03-17 13:00:00,6.645e-05
2025-03-17 14:00:00,6.645e-05
2025-03-17 15:00:00,6.645e-05
2025-03-17 16:00:00,6.645e-05
2025-03-17 17:00:00,6.645e-05
2025-03-17 18:00:00,6.645e-05
2025-03-17 19:00:00,6.645e-05
2025-03-17 20:00:00,-7.12e-06
2025-03-17 21:00:00,-7.12e-06
2025-03-17 22:00:00,-7.12e-06
2025-03-17 23:00:00,-7.12e-06
2025-03-18 00:00:00,-7.12e-06
2025-03-18 01:00:00,-7.12e-06
2025-03-18 02:00:00,-7.12e-06
2025-03-18 03:00:00,-7.12e-06
2025-03-18 04:00:00,-1.91e-05
2025-03-18 05:00:00,-1.91e-05
2025-03-18 06:00:00,-1.91e-05
2025-03-18 07:00:00,-1.91e-05
2025-03-18 08:00:00,-1.91e-05
2025-03-18 09:00:00,-1.91e-05
2025-03-18 10:00:00,-1.91e-05
2025-03-18 11:00:00,-1.91e-05
2025-03-18 12:00:00,1.801e-05
2025-03-18 13:00:00,1.801e-05
2025-03-18 14:00:00,1.801e-05
2025-03-18 15:00:00,1.801e-05
2025-03-18 16:00:00,1.801e-05
2025-03-18 17:00:00,1.801e-05
2025-03-18 18:00:00,1.801e-05
2025-03-18 19:00:00,1.801e-05
2025-03-18 20:00:00,8.4e-07
2025-03-18 21:00:00,8.4e-07
2025-03-18 22:00:00,8.4e-07
2025-03-18 23:00:00,8.4e-07
2025-03-19 00:00:00,8.4e-07
2025-03-19 01:00:00,8.4e-07
2025-03-19 02:00:00,8.4e-07
2025-03-19 03:00:00,8.4e-07
2025-03-19 04:00:00,-6.12e-05
2025-03-19 05:00:00,-6.12e-05
2025-03-19 06:00:00,-6.12e-05
2025-03-19 07:00:00,-6.12e-05
2025-03-19 08:00:00,-6.12e-05
2025-03-19 09:00:00,-6.12e-05
2025-03-19 10:00:00,-6.12e-05
2025-03-19 11:00:00,-6.12e-05
2025-03-19 12:00:00,7.579e-05
2025-03-19 13:00:00,7.579e-05
2025-03-19 14:00:00,7.579e-05
2025-03-19 15:00:00,7.579e-05
2025-03-19 16:00:00,7.579e-05
2025-03-19 17:00:00,7.579e-05
2025-03-19 18:00:00,7.579e-05
2025-03-19 19:00:00,7.579e-05
2025-03-19 20:00:00,7.731e-05
2025-03-19 21:00:00,7.731e-05
2025-03-19 22:00:00,7.731e-05
2025-03-19 23:00:00,7.731e-05
2025-03-20 00:00:00,7.731e-05
2025-03-20 01:00:00,7.731e-05
2025-03-20 02:00:00,7.731e-05
2025-03-20 03:00:00,7.731e-05
2025-03-20 04:00:00,1.139e-05
2025-03-20 05:00:00,1.139e-05
2025-03-20 06:00:00,1.139e-05
2025-03-20 07:00:00,1.139e-05
2025-03-20 08:00:00,1.139e-05
2025-03-20 09:00:00,1.139e-05
2025-03-20 10:00:00,1.139e-05
2025-03-20 11:00:00,1.139e-05
2025-03-20 12:00:00,7.139e-05
2025-03-20 13:00:00,7.139e-05
2025-03-20 14:00:00,7.139e-05
2025-03-20 15:00:00,7.139e-05
2025-03-20 16:00:00,7.139e-05
2025-03-20 17:00:00,7.139e-05
2025-03-20 18:00:00,7.139e-05
2025-03-20 19:00:00,7.139e-05
2025-03-20 20:00:00,-9.81e-06
2025-03-20 21:00:00,-9.81e-06
2025-03-20 22:00:00,-9.81e-06
2025-03-20 23:00:00,-9.81e-06
2025-03-21 00:00:00,-9.81e-06
2025-03-21 01:00:00,-9.81e-06
2025-03-21 02:00:00,-9.81e-06
2025-03-21 03:00:00,-9.81e-06
2025-03-21 04:00:00,-1.414e-05
2025-03-21 05:00:00,-1.414e-05
2025-03-21 06:00:00,-1.414e-05
2025-03-21 07:00:00,-1.414e-05
2025-03-21 08:00:00,-1.414e-05
2025-03-21 09:00:00,-1.414e-05
2025-03-21 10:00:00,-1.414e-05
2025-03-21 11:00:00,-1.414e-05
2025-03-21 12:00:00,2.088e-05
2025-03-21 13:00:00,2.088e-05
2025-03-21 14:00:00,2.088e-05
2025-03-21 15:00:00,2.088e-05
2025-03-21 16:00:00,2.088e-05
2025-03-21 17:00:00,2.088e-05
2025-03-21 18:00:00,2.088e-05
2025-03-21 19:00:00,2.088e-05
2025-03-21 20:00:00,-5.34e-06
2025-03-21 21:00:00,-5.34e-06
2025-03-21 22:00:00,-5.34e-06
2025-03-21 23:00:00,-5.34e-06
2025-03-22 00:00:00,-5.34e-06
2025-03-22 01:00:00,-5.34e-06
2025-03-22 02:00:00,-5.34e-06
2025-03-22 03:00:00,-5.34e-06
2025-03-22 04:00:00,4.702e-05
2025-03-22 05:00:00,4.702e-05
2025-03-22 06:00:00,4.702e-05
2025-03-22 07:00:00,4.702e-05
2025-03-22 08:00:00,4.702e-05
2025-03-22 09:00:00,4.702e-05
2025-03-22 10:00:00,4.702e-05
2025-03-22 11:00:00,4.702e-05
2025-03-22 12:00:00,2.873e-05
2025-03-22 13:00:00,2.873e-05
2025-03-22 14:00:00,2.873e-05
2025-03-22 15:00:00,2.873e-05
2025-03-22 16:00:00,2.873e-05
2025-03-22 17:00:00,2.873e-05
2025-03-22 18:00:00,2.873e-05
2025-03-22 19:00:00,2.873e-05
2025-03-22 20:00:00,2.95e-06
2025-03-22 21:00:00,2.95e-06
2025-03-22 22:00:00,2.95e-06
2025-03-22 23:00:00,2.95e-06
2025-03-23 00:00:00,2.95e-06
2025-03-23 01:00:00,2.95e-06
2025-03-23 02:00:00,2.95e-06
2025-03-23 03:00:00,2.95e-06
2025-03-23 04:00:00,-1.499e-05
2025-03-23 05:00:00,-1.499e-05
2025-03-23 06:00:00,-1.499e-05
2025-03-23 07:00:00,-1.499e-05
2025-03-23 08:00:00,-1.499e-05
2025-03-23 09:00:00,-1.499e-05
2025-03-23 10:00:00,-1.499e-05
2025-03-23 11:00:00,-1.499e-05
2025-03-23 12:00:00,1.609e-05
2025-03-23 13:00:00,1.609e-05
2025-03-23 14:00:00,1.609e-05
2025-03-23 15:00:00,1.609e-05
2025-03-23 16:00:00,1.609e-05
2025-03-23 17:00:00,1.609e-05
2025-03-23 18:00:00,1.609e-05
2025-03-23 19:00:00,1.609e-05
2025-03-23 20:00:00,-3.516e-05
2025-03-23 21:00:00,-3.516e-05
2025-03-23 22:00:00,-3.516e-05
2025-03-23 23:00:00,-3.516e-05
2025-03-24 00:00:00,-3.516e-05
2025-03-24 01:00:00,-3.516e-05
2025-03-24 02:00:00,-3.516e-05
2025-03-24 03:00:00,-3.516e-05
2025-03-24 04:00:00,1.997e-05
2025-03-24 05:00:00,1.997e-05
2025-03-24 06:00:00,1.997e-05
2025-03-24 07:00:00,1.997e-05
2025-03-24 08:00:00,1.997e-05
2025-03-24 09:00:00,1.997e-05
2025-03-24 10:00:00,1.997e-05
2025-03-24 11:00:00,1.997e-05
2025-03-24 12:00:00,9.114e-05
2025-03-24 13:00:00,9.114e-05
2025-03-24 14:00:00,9.114e-05
2025-03-24 15:00:00,9.114e-05
2025-03-24 16:00:00,9.114e-05
2025-03-24 17:00:00,9.114e-05
2025-03-24 18:00:00,9.114e-05
2025-03-24 19:00:00,9.114e-05
2025-03-24 20:00:00,2.952e-05
2025-03-24 21:00:00,2.952e-05
2025-03-24 22:00:00,2.952e-05
2025-03-24 23:00:00,2.952e-05
2025-03-25 00:00:00,2.952e-05
2025-03-25 01:00:00,2.952e-05
2025-03-25 02:00:00,2.952e-05
2025-03-25 03:00:00,2.952e-05
2025-03-25 04:00:00,1.676e-05
2025-03-25 05:00:00,1.676e-05
2025-03-25 06:00:00,1.676e-05
2025-03-25 07:00:00,1.676e-05
2025-03-25 08:00:00,1.676e-05
2025-03-25 09:00:00,1.676e-05
2025-03-25 10:00:00,1.676e-05
2025-03-25 11:00:00,1.676e-05
2025-03-25 12:00:00,-4.48e-06
2025-03-25 13:00:00,-4.48e-06
2025-03-25 14:00:00,-4.48e-06
2025-03-25 15:00:00,-4.48e-06
2025-03-25 16:00:00,-4.48e-06
2025-03-25 17:00:00,-4.48e-06
2025-03-25 18:00:00,-4.48e-06
2025-03-25 19:00:00,-4.48e-06
2025-03-25 20:00:00,7.84e-06
2025-03-25 21:00:00,7.84e-06
2025-03-25 22:00:00,7.84e-06
2025-03-25 23:00:00,7.84e-06
2025-03-26 00:00:00,7.84e-06
2025-03-26 01:00:00,7.84e-06
2025-03-26 02:00:00,7.84e-06
2025-03-26 03:00:00,7.84e-06
2025-03-26 04:00:00,-1.721e-05
2025-03-26 05:00:00,-1.721e-05
2025-03-26 06:00:00,-1.721e-05
2025-03-26 07:00:00,-1.721e-05
2025-03-26 08:00:00,-1.721e-05
2025-03-26 09:00:00,-1.721e-05
2025-03-26 10:00:00,-1.721e-05
2025-03-26 11:00:00,-1.721e-05
2025-03-26 12:00:00,7.133e-05
2025-03-26 13:00:00,7.133e-05
2025-03-26 14:00:00,7.133e-05
2025-03-26 15:00:00,7.133e-05
2025-03-26 16:00:00,7.133e-05
2025-03-26 17:00:00,7.133e-05
2025-03-26 18:00:00,7.133e-05
2025-03-26 19:00:00,7.133e-05
2025-03-26 20:00:00,-4.927e-05
2025-03-26 21:00:00,-4.927e-05
2025-03-26 22:00:00,-4.927e-05
2025-03-26 23:00:00,-4.927e-05
2025-03-27 00:00:00,-4.927e-05
2025-03-27 01:00:00,-4.927e-05
2025-03-27 02:00:00,-4.927e-05
2025-03-27 03:00:00,-4.927e-05
2025-03-27 04:00:00,-1.904e-05
2025-03-27 05:00:00,-1.904e-05
2025-03-27 06:00:00,-1.904e-05
2025-03-27 07:00:00,-1.904e-05
2025-03-27 08:00:00,-1.904e-05
2025-03-27 09:00:00,-1.904e-05
2025-03-27 10:00:00,-1.904e-05
2025-03-27 11:00:00,-1.904e-05
2025-03-27 12:00:00,4.7e-05
2025-03-27 13:00:00,4.7e-05
2025-03-27 14:00:00,4.7e-05
2025-03-27 15:00:00,4.7e-05
2025-03-27 16:00:00,4.7e-05
2025-03-27 17:00:00,4.7e-05
2025-03-27 18:00:00,4.7e-05
2025-03-27 19:00:00,4.7e-05
2025-03-27 20:00:00,-3.998e-05
2025-03-27 21:00:00,-3.998e-05
2025-03-27 22:00:00,-3.998e-05
2025-03-27 23:00:00,-3.998e-05
2025-03-28 00:00:00,-3.998e-05
2025-03-28 01:00:00,-3.998e-05
2025-03-28 02:00:00,-3.998e-05
2025-03-28 03:00:00,-3.998e-05
2025-03-28 04:00:00,-5.41e-06
2025-03-28 05:00:00,-5.41e-06
2025-03-28 06:00:00,-5.41e-06
2025-03-28 07:00:00,-5.41e-06
2025-03-28 08:00:00,-5.41e-06
2025-03-28 09:00:00,-5.41e-06
2025-03-28 10:00:00,-5.41e-06
2025-03-28 11:00:00,-5.41e-06
2025-03-28 12:00:00,-7.06e-06
2025-03-28 13:00:00,-7.06e-06
2025-03-28 14:00:00,-7.06e-06
2025-03-28 15:00:00,-7.06e-06
2025-03-28 16:00:00,-7.06e-06
2025-03-28 17:00:00,-7.06e-06
2025-03-28 18:00:00,-7.06e-06
2025-03-28 19:00:00,-7.06e-06
2025-03-28 20:00:00,3.856e-05
2025-03-28 21:00:00,3.856e-05
2025-03-28 22:00:00,3.856e-05
2025-03-28 23:00:00,3.856e-05
2025-03-29 00:00:00,3.856e-05
2025-03-29 01:00:00,3.856e-05
2025-03-29 02:00:00,3.856e-05
2025-03-29 03:00:00,3.856e-05
2025-03-29 04:00:00,3.739e-05
2025-03-29 05:00:00,3.739e-05
2025-03-29 06:00:00,3.739e-05
2025-03-29 07:00:00,3.739e-05
2025-03-29 08:00:00,3.739e-05
2025-03-29 09:00:00,3.739e-05
2025-03-29 10:00:00,3.739e-05
2025-03-29 11:00:00,3.739e-05
2025-03-29 12:00:00,-1.692e-05
2025-03-29 13:00:00,-1.692e-05
2025-03-29 14:00:00,-1.692e-05
2025-03-29 15:00:00,-1.692e-05
2025-03-29 16:00:00,-1.692e-05
2025-03-29 17:00:00,-1.692e-05
2025-03-29 18:00:00,-1.692e-05
2025-03-29 19:00:00,-1.692e-05
2025-03-29 20:00:00,6.68e-06
2025-03-29 21:00:00,6.68e-06
2025-03-29 22:00:00,6.68e-06
2025-03-29 23:00:00,6.68e-06
2025-03-30 00:00:00,6.68e-06
2025-03-30 01:00:00,6.68e-06
2025-03-30 02:00:00,6.68e-06
2025-03-30 03:00:00,6.68e-06
2025-03-30 04:00:00,4.207e-05
2025-03-30 05:00:00,4.207e-05
2025-03-30 06:00:00,4.207e-05
2025-03-30 07:00:00,4.207e-05
2025-03-30 08:00:00,4.207e-05
2025-03-30 09:00:00,4.207e-05
2025-03-30 10:00:00,4.207e-05
2025-03-30 11:00:00,4.207e-05
2025-03-30 12:00:00,-4.333e-05
2025-03-30 13:00:00,-4.333e-05
2025-03-30 14:00:00,-4.333e-05
2025-03-30 15:00:00,-4.333e-05
2025-03-30 16:00:00,-4.333e-05
2025-03-30 17:00:00,-4.333e-05
2025-03-30 18:00:00,-4.333e-05
2025-03-30 19:00:00,-4.333e-05
2025-03-30 20:00:00,4.13e-06
2025-03-30 21:00:00,4.13e-06
2025-03-30 22:00:00,4.13e-06
2025-03-30 23:00:00,4.13e-06
2025-03-31 00:00:00,4.13e-06
2025-03-31 01:00:00,4.13e-06
2025-03-31 02:00:00,4.13e-06
2025-03-31 03:00:00,4.13e-06
2025-03-31 04:00:00,-3.11e-06
2025-03-31 05:00:00,-3.11e-06
2025-03-31 06:00:00,-3.11e-06
2025-03-31 07:00:00,-3.11e-06
2025-03-31 08:00:00,-3.11e-06
2025-03-31 09:00:00,-3.11e-06
2025-03-31 10:00:00,-3.11e-06
2025-03-31 11:00:00,-3.11e-06
2025-03-31 12:00:00,2.713e-05
2025-03-31 13:00:00,2.713e-05
2025-03-31 14:00:00,2.713e-05
2025-03-31 15:00:00,2.713e-05
2025-03-31 16:00:00,2.713e-05
2025-03-31 17:00:00,2.713e-05
2025-03-31 18:00:00,2.713e-05
2025-03-31 19:00:00,2.713e-05
2025-03-31 20:00:00,-3.19e-06
2025-03-31 21:00:00,-3.19e-06
2025-03-31 22:00:00,-3.19e-06
2025-03-31 23:00:00,-3.19e-06
2025-04-01 00:00:00,-3.19e-06
2025-04-01 01:00:00,-3.19e-06
2025-04-01 02:00:00,-3.19e-06
2025-04-01 03:00:00,-3.19e-06
2025-04-01 04:00:00,-0.00011844
2025-04-01 05:00:00,-0.00011844
2025-04-01 06:00:00,-0.00011844
2025-04-01 07:00:00,-0.00011844
2025-04-01 08:00:00,-0.00011844
2025-04-01 09:00:00,-0.00011844
2025-04-01 10:00:00,-0.00011844
2025-04-01 11:00:00,-0.00011844
2025-04-01 12:00:00,2.705e-05
2025-04-01 13:00:00,2.705e-05
2025-04-01 14:00:00,2.705e-05
2025-04-01 15:00:00,2.705e-05
2025-04-01 16:00:00,2.705e-05
2025-04-01 17:00:00,2.705e-05
2025-04-01 18:00:00,2.705e-05
2025-04-01 19:00:00,2.705e-05
2025-04-01 20:00:00,1.751e-05
2025-04-01 21:00:00,1.751e-05
2025-04-01 22:00:00,1.751e-05
2025-04-01 23:00:00,1.751e-05
2025-04-02 00:00:00,1.751e-05
2025-04-02 01:00:00,1.751e-05
2025-04-02 02:00:00,1.751e-05
2025-04-02 03:00:00,1.751e-05
2025-04-02 04:00:00,2.346e-05
2025-04-02 05:00:00,2.346e-05
2025-04-02 06:00:00,2.346e-05
2025-04-02 07:00:00,2.346e-05
2025-04-02 08:00:00,2.346e-05
2025-04-02 09:00:00,2.346e-05
2025-04-02 10:00:00,2.346e-05
2025-04-02 11:00:00,2.346e-05
2025-04-02 12:00:00,-2.533e-05
2025-04-02 13:00:00,-2.533e-05
2025-04-02 14:00:00,-2.533e-05
2025-04-02 15:00:00,-2.533e-05
2025-04-02 16:00:00,-2.533e-05
2025-04-02 17:00:00,-2.533e-05
2025-04-02 18:00:00,-2.533e-05
2025-04-02 19:00:00,-2.533e-05
2025-04-02 20:00:00,-2.791e-05
2025-04-02 21:00:00,-2.791e-05
2025-04-02 22:00:00,-2.791e-05
2025-04-02 23:00:00,-2.791e-05
2025-04-03 00:00:00,-2.791e-05
2025-04-03 01:00:00,-2.791e-05
2025-04-03 02:00:00,-2.791e-05
2025-04-03 03:00:00,-2.791e-05
2025-04-03 04:00:00,-2.095e-05
2025-04-03 05:00:00,-2.095e-05
2025-04-03 06:00:00,-2.095e-05
2025-04-03 07:00:00,-2.095e-05
2025-04-03 08:00:00,-2.095e-05
2025-04-03 09:00:00,-2.095e-05
2025-04-03 10:00:00,-2.095e-05
2025-04-03 11:00:00,-2.095e-05
2025-04-03 12:00:00,1.376e-05
2025-04-03 13:00:00,1.376e-05
2025-04-03 14:00:00,1.376e-05
2025-04-03 15:00:00,1.376e-05
2025-04-03 16:00:00,1.376e-05
2025-04-03 17:00:00,1.376e-05
2025-04-03 18:00:00,1.376e-05
2025-04-03 19:00:00,1.376e-05
2025-04-03 20:00:00,-8.99e-06
2025-04-03 21:00:00,-8.99e-06
2025-04-03 22:00:00,-8.99e-06
2025-04-03 23:00:00,-8.99e-06
2025-04-04 00:00:00,-8.99e-06
2025-04-04 01:00:00,-8.99e-06
2025-04-04 02:00:00,-8.99e-06
2025-04-04 03:00:00,-8.99e-06
2025-04-04 04:00:00,0.0001
2025-04-04 05:00:00,0.0001
2025-04-04 06:00:00,0.0001
2025-04-04 07:00:00,0.0001
2025-04-04 08:00:00,0.0001
2025-04-04 09:00:00,0.0001
2025-04-04 10:00:00,0.0001
2025-04-04 11:00:00,0.0001
2025-04-04 12:00:00,9.307e-05
2025-04-04 13:00:00,9.307e-05
2025-04-04 14:00:00,9.307e-05
2025-04-04 15:00:00,9.307e-05
2025-04-04 16:00:00,9.307e-05
2025-04-04 17:00:00,9.307e-05
2025-04-04 18:00:00,9.307e-05
2025-04-04 19:00:00,9.307e-05
2025-04-04 20:00:00,3.029e-05
2025-04-04 21:00:00,3.029e-05
2025-04-04 22:00:00,3.029e-05
2025-04-04 23:00:00,3.029e-05
2025-04-05 00:00:00,3.029e-05
2025-04-05 01:00:00,3.029e-05
2025-04-05 02:00:00,3.029e-05
2025-04-05 03:00:00,3.029e-05
2025-04-05 04:00:00,9.537e-05
2025-04-05 05:00:00,9.537e-05
2025-04-05 06:00:00,9.537e-05
2025-04-05 07:00:00,9.537e-05
2025-04-05 08:00:00,9.537e-05
2025-04-05 09:00:00,9.537e-05
2025-04-05 10:00:00,9.537e-05
2025-04-05 11:00:00,9.537e-05
2025-04-05 12:00:00,9.739e-05
2025-04-05 13:00:00,9.739e-05
2025-04-05 14:00:00,9.739e-05
2025-04-05 15:00:00,9.739e-05
2025-04-05 16:00:00,9.739e-05
2025-04-05 17:00:00,9.739e-05
2025-04-05 18:00:00,9.739e-05
2025-04-05 19:00:00,9.739e-05
2025-04-05 20:00:00,3.366e-05
2025-04-05 21:00:00,3.366e-05
2025-04-05 22:00:00,3.366e-05
2025-04-05 23:00:00,3.366e-05
2025-04-06 00:00:00,3.366e-05
2025-04-06 01:00:00,3.366e-05
2025-04-06 02:00:00,3.366e-05
2025-04-06 03:00:00,3.366e-05
2025-04-06 04:00:00,9.173e-05
2025-04-06 05:00:00,9.173e-05
2025-04-06 06:00:00,9.173e-05
2025-04-06 07:00:00,9.173e-05
2025-04-06 08:00:00,9.173e-05
2025-04-06 09:00:00,9.173e-05
2025-04-06 10:00:00,9.173e-05
2025-04-06 11:00:00,9.173e-05
2025-04-06 12:00:00,9.894e-05
2025-04-06 13:00:00,9.894e-05
2025-04-06 14:00:00,9.894e-05
2025-04-06 15:00:00,9.894e-05
2025-04-06 16:00:00,9.894e-05
2025-04-06 17:00:00,9.894e-05
2025-04-06 18:00:00,9.894e-05
2025-04-06 19:00:00,9.894e-05
2025-04-06 20:00:00,3.77e-06
2025-04-06 21:00:00,3.77e-06
2025-04-06 22:00:00,3.77e-06
2025-04-06 23:00:00,3.77e-06
2025-04-07 00:00:00,3.77e-06
2025-04-07 01:00:00,3.77e-06
2025-04-07 02:00:00,3.77e-06
2025-04-07 03:00:00,3.77e-06
2025-04-07 04:00:00,1.25e-06
2025-04-07 05:00:00,1.25e-06
2025-04-07 06:00:00,1.25e-06
2025-04-07 07:00:00,1.25e-06
2025-04-07 08:00:00,1.25e-06
2025-04-07 09:00:00,1.25e-06
2025-04-07 10:00:00,1.25e-06
2025-04-07 11:00:00,1.25e-06
2025-04-07 12:00:00,-3.202e-05
2025-04-07 13:00:00,-3.202e-05
2025-04-07 14:00:00,-3.202e-05
2025-04-07 15:00:00,-3.202e-05
2025-04-07 16:00:00,-3.202e-05
2025-04-07 17:00:00,-3.202e-05
2025-04-07 18:00:00,-3.202e-05
2025-04-07 19:00:00,-3.202e-05
2025-04-07 20:00:00,3.657e-05
2025-04-07 21:00:00,3.657e-05
2025-04-07 22:00:00,3.657e-05
2025-04-07 23:00:00,3.657e-05
2025-04-08 00:00:00,3.657e-05
2025-04-08 01:00:00,3.657e-05
2025-04-08 02:00:00,3.657e-05
2025-04-08 03:00:00,3.657e-05
2025-04-08 04:00:00,9.02e-06
2025-04-08 05:00:00,9.02e-06
2025-04-08 06:00:00,9.02e-06
2025-04-08 07:00:00,9.02e-06
2025-04-08 08:00:00,9.02e-06
2025-04-08 09:00:00,9.02e-06
2025-04-08 10:00:00,9.02e-06
2025-04-08 11:00:00,9.02e-06
2025-04-08 12:00:00,7.245e-05
2025-04-08 13:00:00,7.245e-05
2025-04-08 14:00:00,7.245e-05
2025-04-08 15:00:00,7.245e-05
2025-04-08 16:00:00,7.245e-05
2025-04-08 17:00:00,7.245e-05
2025-04-08 18:00:00,7.245e-05
2025-04-08 19:00:00,7.245e-05
2025-04-08 20:00:00,3.545e-05
2025-04-08 21:00:00,3.545e-05
2025-04-08 22:00:00,3.545e-05
2025-04-08 23:00:00,3.545e-05
2025-04-09 00:00:00,3.545e-05
2025-04-09 01:00:00,3.545e-05
2025-04-09 02:00:00,3.545e-05
2025-04-09 03:00:00,3.545e-05
2025-04-09 04:00:00,2.267e-05
2025-04-09 05:00:00,2.267e-05
2025-04-09 06:00:00,2.267e-05
2025-04-09 07:00:00,2.267e-05
2025-04-09 08:00:00,2.267e-05
2025-04-09 09:00:00,2.267e-05
2025-04-09 10:00:00,2.267e-05
2025-04-09 11:00:00,2.267e-05
2025-04-09 12:00:00,-2.068e-05
2025-04-09 13:00:00,-2.068e-05
2025-04-09 14:00:00,-2.068e-05
2025-04-09 15:00:00,-2.068e-05
2025-04-09 16:00:00,-2.068e-05
2025-04-09 17:00:00,-2.068e-05
2025-04-09 18:00:00,-2.068e-05
2025-04-09 19:00:00,-2.068e-05
2025-04-09 20:00:00,0.0001
2025-04-09 21:00:00,0.0001
2025-04-09 22:00:00,0.0001
2025-04-09 23:00:00,0.0001
2025-04-10 00:00:00,0.0001
2025-04-10 01:00:00,0.0001
2025-04-10 02:00:00,0.0001
2025-04-10 03:00:00,0.0001
2025-04-10 04:00:00,9.218e-05
2025-04-10 05:00:00,9.218e-05
2025-04-10 06:00:00,9.218e-05
2025-04-10 07:00:00,9.218e-05
2025-04-10 08:00:00,9.218e-05
2025-04-10 09:00:00,9.218e-05
2025-04-10 10:00:00,9.218e-05
2025-04-10 11:00:00,9.218e-05
2025-04-10 12:00:00,0.0001
2025-04-10 13:00:00,0.0001
2025-04-10 14:00:00,0.0001
2025-04-10 15:00:00,0.0001
2025-04-10 16:00:00,0.0001
2025-04-10 17:00:00,0.0001
2025-04-10 18:00:00,0.0001
2025-04-10 19:00:00,0.0001
2025-04-10 20:00:00,4.691e-05
2025-04-10 21:00:00,4.691e-05
2025-04-10 22:00:00,4.691e-05
2025-04-10 23:00:00,4.691e-05
2025-04-11 00:00:00,4.691e-05
2025-04-11 01:00:00,4.691e-05
2025-04-11 02:00:00,4.691e-05
2025-04-11 03:00:00,4.691e-05
2025-04-11 04:00:00,-3.007e-05
2025-04-11 05:00:00,-3.007e-05
2025-04-11 06:00:00,-3.007e-05
2025-04-11 07:00:00,-3.007e-05
2025-04-11 08:00:00,-3.007e-05
2025-04-11 09:00:00,-3.007e-05
2025-04-11 10:00:00,-3.007e-05
2025-04-11 11:00:00,-3.007e-05
2025-04-11 12:00:00,4.989e-05
2025-04-11 13:00:00,4.989e-05
2025-04-11 14:00:00,4.989e-05
2025-04-11 15:00:00,4.989e-05
2025-04-11 16:00:00,4.989e-05
2025-04-11 17:00:00,4.989e-05
2025-04-11 18:00:00,4.989e-05
2025-04-11 19:00:00,4.989e-05
2025-04-11 20:00:00,0.0001
2025-04-11 21:00:00,0.0001
2025-04-11 22:00:00,0.0001
2025-04-11 23:00:00,0.0001
2025-04-12 00:00:00,0.0001
2025-04-12 01:00:00,0.0001
2025-04-12 02:00:00,0.0001
2025-04-12 03:00:00,0.0001
2025-04-12 04:00:00,6.951e-05
2025-04-12 05:00:00,6.951e-05
2025-04-12 06:00:00,6.951e-05
2025-04-12 07:00:00,6.951e-05
2025-04-12 08:00:00,6.951e-05
2025-04-12 09:00:00,6.951e-05
2025-04-12 10:00:00,6.951e-05
2025-04-12 11:00:00,6.951e-05
2025-04-12 12:00:00,-9.06e-06
2025-04-12 13:00:00,-9.06e-06
2025-04-12 14:00:00,-9.06e-06
2025-04-12 15:00:00,-9.06e-06
2025-04-12 16:00:00,-9.06e-06
2025-04-12 17:00:00,-9.06e-06
2025-04-12 18:00:00,-9.06e-06
2025-04-12 19:00:00,-9.06e-06
2025-04-12 20:00:00,1.472e-05
2025-04-12 21:00:00,1.472e-05
2025-04-12 22:00:00,1.472e-05
2025-04-12 23:00:00,1.472e-05
2025-04-13 00:00:00,1.472e-05
2025-04-13 01:00:00,1.472e-05
2025-04-13 02:00:00,1.472e-05
2025-04-13 03:00:00,1.472e-05
2025-04-13 04:00:00,7.698e-05
2025-04-13 05:00:00,7.698e-05
2025-04-13 06:00:00,7.698e-05
2025-04-13 07:00:00,7.698e-05
2025-04-13 08:00:00,7.698e-05
2025-04-13 09:00:00,7.698e-05
2025-04-13 10:00:00,7.698e-05
2025-04-13 11:00:00,7.698e-05
2025-04-13 12:00:00,1.214e-05
2025-04-13 13:00:00,1.214e-05
2025-04-13 14:00:00,1.214e-05
2025-04-13 15:00:00,1.214e-05
2025-04-13 16:00:00,1.214e-05
2025-04-13 17:00:00,1.214e-05
2025-04-13 18:00:00,1.214e-05
2025-04-13 19:00:00,1.214e-05
2025-04-13 20:00:00,-3.89e-06
2025-04-13 21:00:00,-3.89e-06
2025-04-13 22:00:00,-3.89e-06
2025-04-13 23:00:00,-3.89e-06
2025-04-14 00:00:00,-3.89e-06
2025-04-14 01:00:00,-3.89e-06
2025-04-14 02:00:00,-3.89e-06
2025-04-14 03:00:00,-3.89e-06
2025-04-14 04:00:00,-3.415e-05
2025-04-14 05:00:00,-3.415e-05
2025-04-14 06:00:00,-3.415e-05
2025-04-14 07:00:00,-3.415e-05
2025-04-14 08:00:00,-3.415e-05
2025-04-14 09:00:00,-3.415e-05
2025-04-14 10:00:00,-3.415e-05
2025-04-14 11:00:00,-3.415e-05
2025-04-14 12:00:00,5.162e-05
2025-04-14 13:00:00,5.162e-05
2025-04-14 14:00:00,5.162e-05
2025-04-14 15:00:00,5.162e-05
2025-04-14 16:00:00,5.162e-05
2025-04-14 17:00:00,5.162e-05
2025-04-14 18:00:00,5.162e-05
2025-04-14 19:00:00,5.162e-05
2025-04-14 20:00:00,3.854e-05
2025-04-14 21:00:00,3.854e-05
2025-04-14 22:00:00,3.854e-05
2025-04-14 23:00:00,3.854e-05
2025-04-15 00:00:00,3.854e-05
2025-04-15 01:00:00,3.854e-05
2025-04-15 02:00:00,3.854e-05
2025-04-15 03:00:00,3.854e-05
2025-04-15 04:00:00,3.92e-06
2025-04-15 05:00:00,3.92e-06
2025-04-15 06:00:00,3.92e-06
2025-04-15 07:00:00,3.92e-06
2025-04-15 08:00:00,3.92e-06
2025-04-15 09:00:00,3.92e-06
2025-04-15 10:00:00,3.92e-06
2025-04-15 11:00:00,3.92e-06
2025-04-15 12:00:00,0.0001
2025-04-15 13:00:00,0.0001
2025-04-15 14:00:00,0.0001
2025-04-15 15:00:00,0.0001
2025-04-15 16:00:00,0.0001
2025-04-15 17:00:00,0.0001
2025-04-15 18:00:00,0.0001
2025-04-15 19:00:00,0.0001
2025-04-15 20:00:00,7.167e-05
2025-04-15 21:00:00,7.167e-05
2025-04-15 22:00:00,7.167e-05
2025-04-15 23:00:00,7.167e-05
2025-04-16 00:00:00,7.167e-05
2025-04-16 01:00:00,7.167e-05
2025-04-16 02:00:00,7.167e-05
2025-04-16 03:00:00,7.167e-05
2025-04-16 04:00:00,-6.198e-05
2025-04-16 05:00:00,-6.198e-05
2025-04-16 06:00:00,-6.198e-05
2025-04-16 07:00:00,-6.198e-05
2025-04-16 08:00:00,-6.198e-05
2025-04-16 09:00:00,-6.198e-05
2025-04-16 10:00:00,-6.198e-05
2025-04-16 11:00:00,-6.198e-05
2025-04-16 12:00:00,-9.053e-05
2025-04-16 13:00:00,-9.053e-05
2025-04-16 14:00:00,-9.053e-05
2025-04-16 15:00:00,-9.053e-05
2025-04-16 16:00:00,-9.053e-05
2025-04-16 17:00:00,-9.053e-05
2025-04-16 18:00:00,-9.053e-05
2025-04-16 19:00:00,-9.053e-05
2025-04-16 20:00:00,-1.926e-05
2025-04-16 21:00:00,-1.926e-05
2025-04-16 22:00:00,-1.926e-05
2025-04-16 23:00:00,-1.926e-05
2025-04-17 00:00:00,-1.926e-05
2025-04-17 01:00:00,-1.926e-05
2025-04-17 02:00:00,-1.926e-05
2025-04-17 03:00:00,-1.926e-05
2025-04-17 04:00:00,-9.84e-06
2025-04-17 05:00:00,-9.84e-06
2025-04-17 06:00:00,-9.84e-06
2025-04-17 07:00:00,-9.84e-06
2025-04-17 08:00:00,-9.84e-06
2025-04-17 09:00:00,-9.84e-06
2025-04-17 10:00:00,-9.84e-06
2025-04-17 11:00:00,-9.84e-06
2025-04-17 12:00:00,8.12e-06
2025-04-17 13:00:00,8.12e-06
2025-04-17 14:00:00,8.12e-06
2025-04-17 15:00:00,8.12e-06
2025-04-17 16:00:00,8.12e-06
2025-04-17 17:00:00,8.12e-06
2025-04-17 18:00:00,8.12e-06
2025-04-17 19:00:00,8.12e-06
2025-04-17 20:00:00,-1.058e-05
2025-04-17 21:00:00,-1.058e-05
2025-04-17 22:00:00,-1.058e-05
2025-04-17 23:00:00,-1.058e-05
2025-04-18 00:00:00,-1.058e-05
2025-04-18 01:00:00,-1.058e-05
2025-04-18 02:00:00,-1.058e-05
2025-04-18 03:00:00,-1.058e-05
2025-04-18 04:00:00,3.447e-05
2025-04-18 05:00:00,3.447e-05
2025-04-18 06:00:00,3.447e-05
2025-04-18 07:00:00,3.447e-05
2025-04-18 08:00:00,3.447e-05
2025-04-18 09:00:00,3.447e-05
2025-04-18 10:00:00,3.447e-05
2025-04-18 11:00:00,3.447e-05
2025-04-18 12:00:00,2.96e-06
2025-04-18 13:00:00,2.96e-06
2025-04-18 14:00:00,2.96e-06
2025-04-18 15:00:00,2.96e-06
2025-04-18 16:00:00,2.96e-06
2025-04-18 17:00:00,2.96e-06
2025-04-18 18:00:00,2.96e-06
2025-04-18 19:00:00,2.96e-06
2025-04-18 20:00:00,-5.146e-05
2025-04-18 21:00:00,-5.146e-05
2025-04-18 22:00:00,-5.146e-05
2025-04-18 23:00:00,-5.146e-05
2025-04-19 00:00:00,-5.146e-05
2025-04-19 01:00:00,-5.146e-05
2025-04-19 02:00:00,-5.146e-05
2025-04-19 03:00:00,-5.146e-05
2025-04-19 04:00:00,-1.215e-05
2025-04-19 05:00:00,-1.215e-05
2025-04-19 06:00:00,-1.215e-05
2025-04-19 07:00:00,-1.215e-05
2025-04-19 08:00:00,-1.215e-05
2025-04-19 09:00:00,-1.215e-05
2025-04-19 10:00:00,-1.215e-05
2025-04-19 11:00:00,-1.215e-05
2025-04-19 12:00:00,6.867e-05
2025-04-19 13:00:00,6.867e-05
2025-04-19 14:00:00,6.867e-05
2025-04-19 15:00:00,6.867e-05
2025-04-19 16:00:00,6.867e-05
2025-04-19 17:00:00,6.867e-05
2025-04-19 18:00:00,6.867e-05
2025-04-19 19:00:00,6.867e-05
2025-04-19 20:00:00,0.0001
2025-04-19 21:00:00,0.0001
2025-04-19 22:00:00,0.0001
2025-04-19 23:00:00,0.0001
2025-04-20 00:00:00,0.0001
2025-04-20 01:00:00,0.0001
2025-04-20 02:00:00,0.0001
2025-04-20 03:00:00,0.0001
2025-04-20 04:00:00,7.048e-05
2025-04-20 05:00:00,7.048e-05
2025-04-20 06:00:00,7.048e-05
2025-04-20 07:00:00,7.048e-05
2025-04-20 08:00:00,7.048e-05
2025-04-20 09:00:00,7.048e-05
2025-04-20 10:00:00,7.048e-05
2025-04-20 11:00:00,7.048e-05
2025-04-20 12:00:00,-1.807e-05
2025-04-20 13:00:00,-1.807e-05
2025-04-20 14:00:00,-1.807e-05
2025-04-20 15:00:00,-1.807e-05
2025-04-20 16:00:00,-1.807e-05
2025-04-20 17:00:00,-1.807e-05
2025-04-20 18:00:00,-1.807e-05
2025-04-20 19:00:00,-1.807e-05
2025-04-20 20:00:00,-7.66e-05
2025-04-20 21:00:00,-7.66e-05
2025-04-20 22:00:00,-7.66e-05
2025-04-20 23:00:00,-7.66e-05
2025-04-21 00:00:00,-7.66e-05
2025-04-21 01:00:00,-7.66e-05
2025-04-21 02:00:00,-7.66e-05
2025-04-21 03:00:00,-7.66e-05
2025-04-21 04:00:00,1.937e-05
2025-04-21 05:00:00,1.937e-05
2025-04-21 06:00:00,1.937e-05
2025-04-21 07:00:00,1.937e-05
2025-04-21 08:00:00,1.937e-05
2025-04-21 09:00:00,1.937e-05
2025-04-21 10:00:00,1.937e-05
2025-04-21 11:00:00,1.937e-05
2025-04-21 12:00:00,0.0001
2025-04-21 13:00:00,0.0001
2025-04-21 14:00:00,0.0001
2025-04-21 15:00:00,0.0001
2025-04-21 16:00:00,0.0001
2025-04-21 17:00:00,0.0001
2025-04-21 18:00:00,0.0001
2025-04-21 19:00:00,0.0001
2025-04-21 20:00:00,9.109e-05
2025-04-21 21:00:00,9.109e-05
2025-04-21 22:00:00,9.109e-05
2025-04-21 23:00:00,9.109e-05
2025-04-22 00:00:00,9.109e-05
2025-04-22 01:00:00,9.109e-05
2025-04-22 02:00:00,9.109e-05
2025-04-22 03:00:00,9.109e-05
2025-04-22 04:00:00,3.961e-05
2025-04-22 05:00:00,3.961e-05
2025-04-22 06:00:00,3.961e-05
2025-04-22 07:00:00,3.961e-05
2025-04-22 08:00:00,3.961e-05
2025-04-22 09:00:00,3.961e-05
2025-04-22 10:00:00,3.961e-05
2025-04-22 11:00:00,3.961e-05
2025-04-22 12:00:00,4.038e-05
2025-04-22 13:00:00,4.038e-05
2025-04-22 14:00:00,4.038e-05
2025-04-22 15:00:00,4.038e-05
2025-04-22 16:00:00,4.038e-05
2025-04-22 17:00:00,4.038e-05
2025-04-22 18:00:00,4.038e-05
2025-04-22 19:00:00,4.038e-05
2025-04-22 20:00:00,-1.936e-05
2025-04-22 21:00:00,-1.936e-05
2025-04-22 22:00:00,-1.936e-05
2025-04-22 23:00:00,-1.936e-05
2025-04-23 00:00:00,-1.936e-05
2025-04-23 01:00:00,-1.936e-05
2025-04-23 02:00:00,-1.936e-05
2025-04-23 03:00:00,-1.936e-05
2025-04-23 04:00:00,-2.647e-05
2025-04-23 05:00:00,-2.647e-05
2025-04-23 06:00:00,-2.647e-05
2025-04-23 07:00:00,-2.647e-05
2025-04-23 08:00:00,-2.647e-05
2025-04-23 09:00:00,-2.647e-05
2025-04-23 10:00:00,-2.647e-05
2025-04-23 11:00:00,-2.647e-05
2025-04-23 12:00:00,5.975e-05
2025-04-23 13:00:00,5.975e-05
2025-04-23 14:00:00,5.975e-05
2025-04-23 15:00:00,5.975e-05
2025-04-23 16:00:00,5.975e-05
2025-04-23 17:00:00,5.975e-05
2025-04-23 18:00:00,5.975e-05
2025-04-23 19:00:00,5.975e-05
2025-04-23 20:00:00,2.238e-05
2025-04-23 21:00:00,2.238e-05
2025-04-23 22:00:00,2.238e-05
2025-04-23 23:00:00,2.238e-05
2025-04-24 00:00:00,2.238e-05
2025-04-24 01:00:00,2.238e-05
2025-04-24 02:00:00,2.238e-05
2025-04-24 03:00:00,2.238e-05
2025-04-24 04:00:00,-3.794e-05
2025-04-24 05:00:00,-3.794e-05
2025-04-24 06:00:00,-3.794e-05
2025-04-24 07:00:00,-3.794e-05
2025-04-24 08:00:00,-3.794e-05
2025-04-24 09:00:00,-3.794e-05
2025-04-24 10:00:00,-3.794e-05
2025-04-24 11:00:00,-3.794e-05
2025-04-24 12:00:00,1.49e-05
2025-04-24 13:00:00,1.49e-05
2025-04-24 14:00:00,1.49e-05
2025-04-24 15:00:00,1.49e-05
2025-04-24 16:00:00,1.49e-05
2025-04-24 17:00:00,1.49e-05
2025-04-24 18:00:00,1.49e-05
2025-04-24 19:00:00,1.49e-05
2025-04-24 20:00:00,-6.18e-06
2025-04-24 21:00:00,-6.18e-06
2025-04-24 22:00:00,-6.18e-06
2025-04-24 23:00:00,-6.18e-06
2025-04-25 00:00:00,-6.18e-06
2025-04-25 01:00:00,-6.18e-06
2025-04-25 02:00:00,-6.18e-06
2025-04-25 03:00:00,-6.18e-06
2025-04-25 04:00:00,8.908e-05
2025-04-25 05:00:00,8.908e-05
2025-04-25 06:00:00,8.908e-05
2025-04-25 07:00:00,8.908e-05
2025-04-25 08:00:00,8.908e-05
2025-04-25 09:00:00,8.908e-05
2025-04-25 10:00:00,8.908e-05
2025-04-25 11:00:00,8.908e-05
2025-04-25 12:00:00,3.245e-05
2025-04-25 13:00:00,3.245e-05
2025-04-25 14:00:00,3.245e-05
2025-04-25 15:00:00,3.245e-05
2025-04-25 16:00:00,3.245e-05
2025-04-25 17:00:00,3.245e-05
2025-04-25 18:00:00,3.245e-05
2025-04-25 19:00:00,3.245e-05
2025-04-25 20:00:00,4.921e-05
2025-04-25 21:00:00,4.921e-05
2025-04-25 22:00:00,4.921e-05
2025-04-25 23:00:00,4.921e-05
2025-04-26 00:00:00,4.921e-05
2025-04-26 01:00:00,4.921e-05
2025-04-26 02:00:00,4.921e-05
2025-04-26 03:00:00,4.921e-05
2025-04-26 04:00:00,-7.485e-05
2025-04-26 05:00:00,-7.485e-05
2025-04-26 06:00:00,-7.485e-05
2025-04-26 07:00:00,-7.485e-05
2025-04-26 08:00:00,-7.485e-05
2025-04-26 09:00:00,-7.485e-05
2025-04-26 10:00:00,-7.485e-05
2025-04-26 11:00:00,-7.485e-05
2025-04-26 12:00:00,1.459e-05
2025-04-26 13:00:00,1.459e-05
2025-04-26 14:00:00,1.459e-05
2025-04-26 15:00:00,1.459e-05
2025-04-26 16:00:00,1.459e-05
2025-04-26 17:00:00,1.459e-05
2025-04-26 18:00:00,1.459e-05
2025-04-26 19:00:00,1.459e-05
2025-04-26 20:00:00,4.978e-05
2025-04-26 21:00:00,4.978e-05
2025-04-26 22:00:00,4.978e-05
2025-04-26 23:00:00,4.978e-05
2025-04-27 00:00:00,4.978e-05
2025-04-27 01:00:00,4.978e-05
2025-04-27 02:00:00,4.978e-05
2025-04-27 03:00:00,4.978e-05
2025-04-27 04:00:00,-6.573e-05
2025-04-27 05:00:00,-6.573e-05
2025-04-27 06:00:00,-6.573e-05
2025-04-27 07:00:00,-6.573e-05
2025-04-27 08:00:00,-6.573e-05
2025-04-27 09:00:00,-6.573e-05
2025-04-27 10:00:00,-6.573e-05
2025-04-27 11:00:00,-6.573e-05
2025-04-27 12:00:00,-1.749e-05
2025-04-27 13:00:00,-1.749e-05
2025-04-27 14:00:00,-1.749e-05
2025-04-27 15:00:00,-1.749e-05
2025-04-27 16:00:00,-1.749e-05
2025-04-27 17:00:00,-1.749e-05
2025-04-27 18:00:00,-1.749e-05
2025-04-27 19:00:00,-1.749e-05
2025-04-27 20:00:00,-3.295e-05
2025-04-27 21:00:00,-3.295e-05
2025-04-27 22:00:00,-3.295e-05
2025-04-27 23:00:00,-3.295e-05
2025-04-28 00:00:00,-3.295e-05
2025-04-28 01:00:00,-3.295e-05
2025-04-28 02:00:00,-3.295e-05
2025-04-28 03:00:00,-3.295e-05
2025-04-28 04:00:00,1.103e-05
2025-04-28 05:00:00,1.103e-05
2025-04-28 06:00:00,1.103e-05
2025-04-28 07:00:00,1.103e-05
2025-04-28 08:00:00,1.103e-05
2025-04-28 09:00:00,1.103e-05
2025-04-28 10:00:00,1.103e-05
2025-04-28 11:00:00,1.103e-05
2025-04-28 12:00:00,5.621e-05
2025-04-28 13:00:00,5.621e-05
2025-04-28 14:00:00,5.621e-05
2025-04-28 15:00:00,5.621e-05
2025-04-28 16:00:00,5.621e-05
2025-04-28 17:00:00,5.621e-05
2025-04-28 18:00:00,5.621e-05
2025-04-28 19:00:00,5.621e-05
2025-04-28 20:00:00,5.89e-06
2025-04-28 21:00:00,5.89e-06
2025-04-28 22:00:00,5.89e-06
2025-04-28 23:00:00,5.89e-06
2025-04-29 00:00:00,5.89e-06
2025-04-29 01:00:00,5.89e-06
2025-04-29 02:00:00,5.89e-06
2025-04-29 03:00:00,5.89e-06
2025-04-29 04:00:00,-4.385e-05
2025-04-29 05:00:00,-4.385e-05
2025-04-29 06:00:00,-4.385e-05
2025-04-29 07:00:00,-4.385e-05
2025-04-29 08:00:00,-4.385e-05
2025-04-29 09:00:00,-4.385e-05
2025-04-29 10:00:00,-4.385e-05
2025-04-29 11:00:00,-4.385e-05
2025-04-29 12:00:00,3.872e-05
2025-04-29 13:00:00,3.872e-05
2025-04-29 14:00:00,3.872e-05
2025-04-29 15:00:00,3.872e-05
2025-04-29 16:00:00,3.872e-05
2025-04-29 17:00:00,3.872e-05
2025-04-29 18:00:00,3.872e-05
2025-04-29 19:00:00,3.872e-05
2025-04-29 20:00:00,1.268e-05
2025-04-29 21:00:00,1.268e-05
2025-04-29 22:00:00,1.268e-05
2025-04-29 23:00:00,1.268e-05
2025-04-30 00:00:00,1.268e-05
2025-04-30 01:00:00,1.268e-05
2025-04-30 02:00:00,1.268e-05
2025-04-30 03:00:00,1.268e-05
2025-04-30 04:00:00,-2.275e-05
2025-04-30 05:00:00,-2.275e-05
2025-04-30 06:00:00,-2.275e-05
2025-04-30 07:00:00,-2.275e-05
2025-04-30 08:00:00,-2.275e-05
2025-04-30 09:00:00,-2.275e-05
2025-04-30 10:00:00,-2.275e-05
2025-04-30 11:00:00,-2.275e-05
2025-04-30 12:00:00,9.197e-05
2025-04-30 13:00:00,9.197e-05
2025-04-30 14:00:00,9.197e-05
2025-04-30 15:00:00,9.197e-05
2025-04-30 16:00:00,9.197e-05
2025-04-30 17:00:00,9.197e-05
2025-04-30 18:00:00,9.197e-05
2025-04-30 19:00:00,9.197e-05
2025-04-30 20:00:00,2.9e-07
2025-04-30 21:00:00,2.9e-07
2025-04-30 22:00:00,2.9e-07
2025-04-30 23:00:00,2.9e-07
2025-05-01 00:00:00,2.9e-07
2025-05-01 01:00:00,2.9e-07
2025-05-01 02:00:00,2.9e-07
2025-05-01 03:00:00,2.9e-07
2025-05-01 04:00:00,-4.8e-07
2025-05-01 05:00:00,-4.8e-07
2025-05-01 06:00:00,-4.8e-07
2025-05-01 07:00:00,-4.8e-07
2025-05-01 08:00:00,-4.8e-07
2025-05-01 09:00:00,-4.8e-07
2025-05-01 10:00:00,-4.8e-07
2025-05-01 11:00:00,-4.8e-07
2025-05-01 12:00:00,5.255e-05
2025-05-01 13:00:00,5.255e-05
2025-05-01 14:00:00,5.255e-05
2025-05-01 15:00:00,5.255e-05
2025-05-01 16:00:00,5.255e-05
2025-05-01 17:00:00,5.255e-05
2025-05-01 18:00:00,5.255e-05
2025-05-01 19:00:00,5.255e-05
2025-05-01 20:00:00,3.782e-05
2025-05-01 21:00:00,3.782e-05
2025-05-01 22:00:00,3.782e-05
2025-05-01 23:00:00,3.782e-05
2025-05-02 00:00:00,3.782e-05
2025-05-02 01:00:00,3.782e-05
2025-05-02 02:00:00,3.782e-05
2025-05-02 03:00:00,3.782e-05
2025-05-02 04:00:00,-3.523e-05
2025-05-02 05:00:00,-3.523e-05
2025-05-02 06:00:00,-3.523e-05
2025-05-02 07:00:00,-3.523e-05
2025-05-02 08:00:00,-3.523e-05
2025-05-02 09:00:00,-3.523e-05
2025-05-02 10:00:00,-3.523e-05
2025-05-02 11:00:00,-3.523e-05
2025-05-02 12:00:00,2.857e-05
2025-05-02 13:00:00,2.857e-05
2025-05-02 14:00:00,2.857e-05
2025-05-02 15:00:00,2.857e-05
2025-05-02 16:00:00,2.857e-05
2025-05-02 17:00:00,2.857e-05
2025-05-02 18:00:00,2.857e-05
2025-05-02 19:00:00,2.857e-05
2025-05-02 20:00:00,-3.03e-05
2025-05-02 21:00:00,-3.03e-05
2025-05-02 22:00:00,-3.03e-05
2025-05-02 23:00:00,-3.03e-05
2025-05-03 00:00:00,-3.03e-05
2025-05-03 01:00:00,-3.03e-05
2025-05-03 02:00:00,-3.03e-05
2025-05-03 03:00:00,-3.03e-05
2025-05-03 04:00:00,-0.00011068
2025-05-03 05:00:00,-0.00011068
2025-05-03 06:00:00,-0.00011068
2025-05-03 07:00:00,-0.00011068
2025-05-03 08:00:00,-0.00011068
2025-05-03 09:00:00,-0.00011068
2025-05-03 10:00:00,-0.00011068
2025-05-03 11:00:00,-0.00011068
2025-05-03 12:00:00,-1.484e-05
2025-05-03 13:00:00,-1.484e-05
2025-05-03 14:00:00,-1.484e-05
2025-05-03 15:00:00,-1.484e-05
2025-05-03 16:00:00,-1.484e-05
2025-05-03 17:00:00,-1.484e-05
2025-05-03 18:00:00,-1.484e-05
2025-05-03 19:00:00,-1.484e-05
2025-05-03 20:00:00,-6.553e-05
2025-05-03 21:00:00,-6.553e-05
2025-05-03 22:00:00,-6.553e-05
2025-05-03 23:00:00,-6.553e-05
2025-05-04 00:00:00,-6.553e-05
2025-05-04 01:00:00,-6.553e-05
2025-05-04 02:00:00,-6.553e-05
2025-05-04 03:00:00,-6.553e-05
2025-05-04 04:00:00,3.12e-06
2025-05-04 05:00:00,3.12e-06
2025-05-04 06:00:00,3.12e-06
2025-05-04 07:00:00,3.12e-06
2025-05-04 08:00:00,3.12e-06
2025-05-04 09:00:00,3.12e-06
2025-05-04 10:00:00,3.12e-06
2025-05-04 11:00:00,3.12e-06
2025-05-04 12:00:00,4.616e-05
2025-05-04 13:00:00,4.616e-05
2025-05-04 14:00:00,4.616e-05
2025-05-04 15:00:00,4.616e-05
2025-05-04 16:00:00,4.616e-05
2025-05-04 17:00:00,4.616e-05
2025-05-04 18:00:00,4.616e-05
2025-05-04 19:00:00,4.616e-05
2025-05-04 20:00:00,3.498e-05
2025-05-04 21:00:00,3.498e-05
2025-05-04 22:00:00,3.498e-05
2025-05-04 23:00:00,3.498e-05
2025-05-05 00:00:00,3.498e-05
2025-05-05 01:00:00,3.498e-05
2025-05-05 02:00:00,3.498e-05
2025-05-05 03:00:00,3.498e-05
2025-05-05 04:00:00,-7.123e-05
2025-05-05 05:00:00,-7.123e-05
2025-05-05 06:00:00,-7.123e-05
2025-05-05 07:00:00,-7.123e-05
2025-05-05 08:00:00,-7.123e-05
2025-05-05 09:00:00,-7.123e-05
2025-05-05 10:00:00,-7.123e-05
2025-05-05 11:00:00,-7.123e-05
2025-05-05 12:00:00,6.744e-05
2025-05-05 13:00:00,6.744e-05
2025-05-05 14:00:00,6.744e-05
2025-05-05 15:00:00,6.744e-05
2025-05-05 16:00:00,6.744e-05
2025-05-05 17:00:00,6.744e-05
2025-05-05 18:00:00,6.744e-05
2025-05-05 19:00:00,6.744e-05
2025-05-05 20:00:00,2.175e-05
2025-05-05 21:00:00,2.175e-05
2025-05-05 22:00:00,2.175e-05
2025-05-05 23:00:00,2.175e-05
2025-05-06 00:00:00,2.175e-05
2025-05-06 01:00:00,2.175e-05
2025-05-06 02:00:00,2.175e-05
2025-05-06 03:00:00,2.175e-05
2025-05-06 04:00:00,-1.78e-05
2025-05-06 05:00:00,-1.78e-05
2025-05-06 06:00:00,-1.78e-05
2025-05-06 07:00:00,-1.78e-05
2025-05-06 08:00:00,-1.78e-05
2025-05-06 09:00:00,-1.78e-05
2025-05-06 10:00:00,-1.78e-05
2025-05-06 11:00:00,-1.78e-05
2025-05-06 12:00:00,-6.83e-06
2025-05-06 13:00:00,-6.83e-06
2025-05-06 14:00:00,-6.83e-06
2025-05-06 15:00:00,-6.83e-06
2025-05-06 16:00:00,-6.83e-06
2025-05-06 17:00:00,-6.83e-06
2025-05-06 18:00:00,-6.83e-06
2025-05-06 19:00:00,-6.83e-06
2025-05-06 20:00:00,2.767e-05
2025-05-06 21:00:00,2.767e-05
2025-05-06 22:00:00,2.767e-05
2025-05-06 23:00:00,2.767e-05
2025-05-07 00:00:00,2.767e-05
2025-05-07 01:00:00,2.767e-05
2025-05-07 02:00:00,2.767e-05
2025-05-07 03:00:00,2.767e-05
2025-05-07 04:00:00,1.728e-05
2025-05-07 05:00:00,1.728e-05
2025-05-07 06:00:00,1.728e-05
2025-05-07 07:00:00,1.728e-05
2025-05-07 08:00:00,1.728e-05
2025-05-07 09:00:00,1.728e-05
2025-05-07 10:00:00,1.728e-05
2025-05-07 11:00:00,1.728e-05
2025-05-07 12:00:00,8.919e-05
2025-05-07 13:00:00,8.919e-05
2025-05-07 14:00:00,8.919e-05
2025-05-07 15:00:00,8.919e-05
2025-05-07 16:00:00,8.919e-05
2025-05-07 17:00:00,8.919e-05
2025-05-07 18:00:00,8.919e-05
2025-05-07 19:00:00,8.919e-05
2025-05-07 20:00:00,1.529e-05
2025-05-07 21:00:00,1.529e-05
2025-05-07 22:00:00,1.529e-05
2025-05-07 23:00:00,1.529e-05
2025-05-08 00:00:00,1.529e-05
2025-05-08 01:00:00,1.529e-05
2025-05-08 02:00:00,1.529e-05
2025-05-08 03:00:00,1.529e-05
2025-05-08 04:00:00,6.604e-05
2025-05-08 05:00:00,6.604e-05
2025-05-08 06:00:00,6.604e-05
2025-05-08 07:00:00,6.604e-05
2025-05-08 08:00:00,6.604e-05
2025-05-08 09:00:00,6.604e-05
2025-05-08 10:00:00,6.604e-05
2025-05-08 11:00:00,6.604e-05
2025-05-08 12:00:00,0.0001
2025-05-08 13:00:00,0.0001
2025-05-08 14:00:00,0.0001
2025-05-08 15:00:00,0.0001
2025-05-08 16:00:00,0.0001
2025-05-08 17:00:00,0.0001
2025-05-08 18:00:00,0.0001
2025-05-08 19:00:00,0.0001
2025-05-08 20:00:00,0.0001
2025-05-08 21:00:00,0.0001
2025-05-08 22:00:00,0.0001
2025-05-08 23:00:00,0.0001
2025-05-09 00:00:00,0.0001
2025-05-09 01:00:00,0.0001
2025-05-09 02:00:00,0.0001
2025-05-09 03:00:00,0.0001
2025-05-09 04:00:00,0.0001
2025-05-09 05:00:00,0.0001
2025-05-09 06:00:00,0.0001
2025-05-09 07:00:00,0.0001
2025-05-09 08:00:00,0.0001
2025-05-09 09:00:00,0.0001
2025-05-09 10:00:00,0.0001
2025-05-09 11:00:00,0.0001
2025-05-09 12:00:00,9.238e-05
2025-05-09 13:00:00,9.238e-05
2025-05-09 14:00:00,9.238e-05
2025-05-09 15:00:00,9.238e-05
2025-05-09 16:00:00,9.238e-05
2025-05-09 17:00:00,9.238e-05
2025-05-09 18:00:00,9.238e-05
2025-05-09 19:00:00,9.238e-05
2025-05-09 20:00:00,5.521e-05
2025-05-09 21:00:00,5.521e-05
2025-05-09 22:00:00,5.521e-05
2025-05-09 23:00:00,5.521e-05
2025-05-10 00:00:00,5.521e-05
2025-05-10 01:00:00,5.521e-05
2025-05-10 02:00:00,5.521e-05
2025-05-10 03:00:00,5.521e-05
2025-05-10 04:00:00,7.638e-05
2025-05-10 05:00:00,7.638e-05
2025-05-10 06:00:00,7.638e-05
2025-05-10 07:00:00,7.638e-05
2025-05-10 08:00:00,7.638e-05
2025-05-10 09:00:00,7.638e-05
2025-05-10 10:00:00,7.638e-05
2025-05-10 11:00:00,7.638e-05
2025-05-10 12:00:00,0.0001
2025-05-10 13:00:00,0.0001
2025-05-10 14:00:00,0.0001
2025-05-10 15:00:00,0.0001
2025-05-10 16:00:00,0.0001
2025-05-10 17:00:00,0.0001
2025-05-10 18:00:00,0.0001
2025-05-10 19:00:00,0.0001
2025-05-10 20:00:00,0.0001
2025-05-10 21:00:00,0.0001
2025-05-10 22:00:00,0.0001
2025-05-10 23:00:00,0.0001
2025-05-11 00:00:00,0.0001
2025-05-11 01:00:00,0.0001
2025-05-11 02:00:00,0.0001
2025-05-11 03:00:00,0.0001
2025-05-11 04:00:00,8.081e-05
2025-05-11 05:00:00,8.081e-05
2025-05-11 06:00:00,8.081e-05
2025-05-11 07:00:00,8.081e-05
2025-05-11 08:00:00,8.081e-05
2025-05-11 09:00:00,8.081e-05
2025-05-11 10:00:00,8.081e-05
2025-05-11 11:00:00,8.081e-05
2025-05-11 12:00:00,0.0001
2025-05-11 13:00:00,0.0001
2025-05-11 14:00:00,0.0001
2025-05-11 15:00:00,0.0001
2025-05-11 16:00:00,0.0001
2025-05-11 17:00:00,0.0001
2025-05-11 18:00:00,0.0001
2025-05-11 19:00:00,0.0001
2025-05-11 20:00:00,0.0001
2025-05-11 21:00:00,0.0001
2025-05-11 22:00:00,0.0001
2025-05-11 23:00:00,0.0001
2025-05-12 00:00:00,0.0001
2025-05-12 01:00:00,0.0001
2025-05-12 02:00:00,0.0001
2025-05-12 03:00:00,0.0001
2025-05-12 04:00:00,0.0001
2025-05-12 05:00:00,0.0001
2025-05-12 06:00:00,0.0001
2025-05-12 07:00:00,0.0001
2025-05-12 08:00:00,0.0001
2025-05-12 09:00:00,0.0001
2025-05-12 10:00:00,0.0001
2025-05-12 11:00:00,0.0001
2025-05-12 12:00:00,0.0001
2025-05-12 13:00:00,0.0001
2025-05-12 14:00:00,0.0001
2025-05-12 15:00:00,0.0001
2025-05-12 16:00:00,0.0001
2025-05-12 17:00:00,0.0001
2025-05-12 18:00:00,0.0001
2025-05-12 19:00:00,0.0001
2025-05-12 20:00:00,7.469e-05
2025-05-12 21:00:00,7.469e-05
2025-05-12 22:00:00,7.469e-05
2025-05-12 23:00:00,7.469e-05
2025-05-13 00:00:00,7.469e-05
2025-05-13 01:00:00,7.469e-05
2025-05-13 02:00:00,7.469e-05
2025-05-13 03:00:00,7.469e-05
2025-05-13 04:00:00,6.072e-05
2025-05-13 05:00:00,6.072e-05
2025-05-13 06:00:00,6.072e-05
2025-05-13 07:00:00,6.072e-05
2025-05-13 08:00:00,6.072e-05
2025-05-13 09:00:00,6.072e-05
2025-05-13 10:00:00,6.072e-05
2025-05-13 11:00:00,6.072e-05
2025-05-13 12:00:00,4.172e-05
2025-05-13 13:00:00,4.172e-05
2025-05-13 14:00:00,4.172e-05
2025-05-13 15:00:00,4.172e-05
2025-05-13 16:00:00,4.172e-05
2025-05-13 17:00:00,4.172e-05
2025-05-13 18:00:00,4.172e-05
2025-05-13 19:00:00,4.172e-05
2025-05-13 20:00:00,1.231e-05
2025-05-13 21:00:00,1.231e-05
2025-05-13 22:00:00,1.231e-05
2025-05-13 23:00:00,1.231e-05
2025-05-14 00:00:00,1.231e-05
2025-05-14 01:00:00,1.231e-05
2025-05-14 02:00:00,1.231e-05
2025-05-14 03:00:00,1.231e-05
2025-05-14 04:00:00,2.701e-05
2025-05-14 05:00:00,2.701e-05
2025-05-14 06:00:00,2.701e-05
2025-05-14 07:00:00,2.701e-05
2025-05-14 08:00:00,2.701e-05
2025-05-14 09:00:00,2.701e-05
2025-05-14 10:00:00,2.701e-05
2025-05-14 11:00:00,2.701e-05
2025-05-14 12:00:00,5.778e-05
2025-05-14 13:00:00,5.778e-05
2025-05-14 14:00:00,5.778e-05
2025-05-14 15:00:00,5.778e-05
2025-05-14 16:00:00,5.778e-05
2025-05-14 17:00:00,5.778e-05
2025-05-14 18:00:00,5.778e-05
2025-05-14 19:00:00,5.778e-05
2025-05-14 20:00:00,-1.591e-05
2025-05-14 21:00:00,-1.591e-05
2025-05-14 22:00:00,-1.591e-05
2025-05-14 23:00:00,-1.591e-05
2025-05-15 00:00:00,-1.591e-05
2025-05-15 01:00:00,-1.591e-05
2025-05-15 02:00:00,-1.591e-05
2025-05-15 03:00:00,-1.591e-05
2025-05-15 04:00:00,-3.808e-05
2025-05-15 05:00:00,-3.808e-05
2025-05-15 06:00:00,-3.808e-05
2025-05-15 07:00:00,-3.808e-05
2025-05-15 08:00:00,-3.808e-05
2025-05-15 09:00:00,-3.808e-05
2025-05-15 10:00:00,-3.808e-05
2025-05-15 11:00:00,-3.808e-05
2025-05-15 12:00:00,-2.825e-05
2025-05-15 13:00:00,-2.825e-05
2025-05-15 14:00:00,-2.825e-05
2025-05-15 15:00:00,-2.825e-05
2025-05-15 16:00:00,-2.825e-05
2025-05-15 17:00:00,-2.825e-05
2025-05-15 18:00:00,-2.825e-05
2025-05-15 19:00:00,-2.825e-05
2025-05-15 20:00:00,3.38e-05
2025-05-15 21:00:00,3.38e-05
2025-05-15 22:00:00,3.38e-05
2025-05-15 23:00:00,3.38e-05
2025-05-16 00:00:00,3.38e-05
2025-05-16 01:00:00,3.38e-05
2025-05-16 02:00:00,3.38e-05
2025-05-16 03:00:00,3.38e-05
2025-05-16 04:00:00,-8.4e-06
2025-05-16 05:00:00,-8.4e-06
2025-05-16 06:00:00,-8.4e-06
2025-05-16 07:00:00,-8.4e-06
2025-05-16 08:00:00,-8.4e-06
2025-05-16 09:00:00,-8.4e-06
2025-05-16 10:00:00,-8.4e-06
2025-05-16 11:00:00,-8.4e-06
2025-05-16 12:00:00,3.052e-05
2025-05-16 13:00:00,3.052e-05
2025-05-16 14:00:00,3.052e-05
2025-05-16 15:00:00,3.052e-05
2025-05-16 16:00:00,3.052e-05
2025-05-16 17:00:00,3.052e-05
2025-05-16 18:00:00,3.052e-05
2025-05-16 19:00:00,3.052e-05
2025-05-16 20:00:00,1.606e-05
2025-05-16 21:00:00,1.606e-05
2025-05-16 22:00:00,1.606e-05
2025-05-16 23:00:00,1.606e-05
2025-05-17 00:00:00,1.606e-05
2025-05-17 01:00:00,1.606e-05
2025-05-17 02:00:00,1.606e-05
2025-05-17 03:00:00,1.606e-05
2025-05-17 04:00:00,-1.98e-06
2025-05-17 05:00:00,-1.98e-06
2025-05-17 06:00:00,-1.98e-06
2025-05-17 07:00:00,-1.98e-06
2025-05-17 08:00:00,-1.98e-06
2025-05-17 09:00:00,-1.98e-06
2025-05-17 10:00:00,-1.98e-06
2025-05-17 11:00:00,-1.98e-06
2025-05-17 12:00:00,1.723e-05
2025-05-17 13:00:00,1.723e-05
2025-05-17 14:00:00,1.723e-05
2025-05-17 15:00:00,1.723e-05
2025-05-17 16:00:00,1.723e-05
2025-05-17 17:00:00,1.723e-05
2025-05-17 18:00:00,1.723e-05
2025-05-17 19:00:00,1.723e-05
2025-05-17 20:00:00,2.515e-05
2025-05-17 21:00:00,2.515e-05
2025-05-17 22:00:00,2.515e-05
2025-05-17 23:00:00,2.515e-05
2025-05-18 00:00:00,2.515e-05
2025-05-18 01:00:00,2.515e-05
2025-05-18 02:00:00,2.515e-05
2025-05-18 03:00:00,2.515e-05
2025-05-18 04:00:00,6.156e-05
2025-05-18 05:00:00,6.156e-05
2025-05-18 06:00:00,6.156e-05
2025-05-18 07:00:00,6.156e-05
2025-05-18 08:00:00,6.156e-05
2025-05-18 09:00:00,6.156e-05
2025-05-18 10:00:00,6.156e-05
2025-05-18 11:00:00,6.156e-05
2025-05-18 12:00:00,3.858e-05
2025-05-18 13:00:00,3.858e-05
2025-05-18 14:00:00,3.858e-05
2025-05-18 15:00:00,3.858e-05
2025-05-18 16:00:00,3.858e-05
2025-05-18 17:00:00,3.858e-05
2025-05-18 18:00:00,3.858e-05
2025-05-18 19:00:00,3.858e-05
2025-05-18 20:00:00,0.0001
2025-05-18 21:00:00,0.0001
2025-05-18 22:00:00,0.0001
2025-05-18 23:00:00,0.0001
2025-05-19 00:00:00,0.0001
2025-05-19 01:00:00,0.0001
2025-05-19 02:00:00,0.0001
2025-05-19 03:00:00,0.0001
2025-05-19 04:00:00,0.0001
2025-05-19 05:00:00,0.0001
2025-05-19 06:00:00,0.0001
2025-05-19 07:00:00,0.0001
2025-05-19 08:00:00,0.0001
2025-05-19 09:00:00,0.0001
2025-05-19 10:00:00,0.0001
2025-05-19 11:00:00,0.0001
2025-05-19 12:00:00,1.146e-05
2025-05-19 13:00:00,1.146e-05
2025-05-19 14:00:00,1.146e-05
2025-05-19 15:00:00,1.146e-05
2025-05-19 16:00:00,1.146e-05
2025-05-19 17:00:00,1.146e-05
2025-05-19 18:00:00,1.146e-05
2025-05-19 19:00:00,1.146e-05
2025-05-19 20:00:00,5.514e-05
2025-05-19 21:00:00,5.514e-05
2025-05-19 22:00:00,5.514e-05
2025-05-19 23:00:00,5.514e-05
2025-05-20 00:00:00,5.514e-05
2025-05-20 01:00:00,5.514e-05
2025-05-20 02:00:00,5.514e-05
2025-05-20 03:00:00,5.514e-05
2025-05-20 04:00:00,5.531e-05
2025-05-20 05:00:00,5.531e-05
2025-05-20 06:00:00,5.531e-05
2025-05-20 07:00:00,5.531e-05
2025-05-20 08:00:00,5.531e-05
2025-05-20 09:00:00,5.531e-05
2025-05-20 10:00:00,5.531e-05
2025-05-20 11:00:00,5.531e-05
2025-05-20 12:00:00,7.096e-05
2025-05-20 13:00:00,7.096e-05
2025-05-20 14:00:00,7.096e-05
2025-05-20 15:00:00,7.096e-05
2025-05-20 16:00:00,7.096e-05
2025-05-20 17:00:00,7.096e-05
2025-05-20 18:00:00,7.096e-05
2025-05-20 19:00:00,7.096e-05
2025-05-20 20:00:00,4.4e-06
2025-05-20 21:00:00,4.4e-06
2025-05-20 22:00:00,4.4e-06
2025-05-20 23:00:00,4.4e-06
2025-05-21 00:00:00,4.4e-06
2025-05-21 01:00:00,4.4e-06
2025-05-21 02:00:00,4.4e-06
2025-05-21 03:00:00,4.4e-06
2025-05-21 04:00:00,5.146e-05
2025-05-21 05:00:00,5.146e-05
2025-05-21 06:00:00,5.146e-05
2025-05-21 07:00:00,5.146e-05
2025-05-21 08:00:00,5.146e-05
2025-05-21 09:00:00,5.146e-05
2025-05-21 10:00:00,5.146e-05
2025-05-21 11:00:00,5.146e-05
2025-05-21 12:00:00,7.956e-05
2025-05-21 13:00:00,7.956e-05
2025-05-21 14:00:00,7.956e-05
2025-05-21 15:00:00,7.956e-05
2025-05-21 16:00:00,7.956e-05
2025-05-21 17:00:00,7.956e-05
2025-05-21 18:00:00,7.956e-05
2025-05-21 19:00:00,7.956e-05
2025-05-21 20:00:00,4.226e-05
2025-05-21 21:00:00,4.226e-05
2025-05-21 22:00:00,4.226e-05
2025-05-21 23:00:00,4.226e-05
2025-05-22 00:00:00,4.226e-05
2025-05-22 01:00:00,4.226e-05
2025-05-22 02:00:00,4.226e-05
2025-05-22 03:00:00,4.226e-05
2025-05-22 04:00:00,7.967e-05
2025-05-22 05:00:00,7.967e-05
2025-05-22 06:00:00,7.967e-05
2025-05-22 07:00:00,7.967e-05
2025-05-22 08:00:00,7.967e-05
2025-05-22 09:00:00,7.967e-05
2025-05-22 10:00:00,7.967e-05
2025-05-22 11:00:00,7.967e-05
2025-05-22 12:00:00,0.0001
2025-05-22 13:00:00,0.0001
2025-05-22 14:00:00,0.0001
2025-05-22 15:00:00,0.0001
2025-05-22 16:00:00,0.0001
2025-05-22 17:00:00,0.0001
2025-05-22 18:00:00,0.0001
2025-05-22 19:00:00,0.0001
2025-05-22 20:00:00,9.599e-05
2025-05-22 21:00:00,9.599e-05
2025-05-22 22:00:00,9.599e-05
2025-05-22 23:00:00,9.599e-05
2025-05-23 00:00:00,9.599e-05
2025-05-23 01:00:00,9.599e-05
2025-05-23 02:00:00,9.599e-05
2025-05-23 03:00:00,9.599e-05
2025-05-23 04:00:00,2.206e-05
2025-05-23 05:00:00,2.206e-05
2025-05-23 06:00:00,2.206e-05
2025-05-23 07:00:00,2.206e-05
2025-05-23 08:00:00,2.206e-05
2025-05-23 09:00:00,2.206e-05
2025-05-23 10:00:00,2.206e-05
2025-05-23 11:00:00,2.206e-05
2025-05-23 12:00:00,5.364e-05
2025-05-23 13:00:00,5.364e-05
2025-05-23 14:00:00,5.364e-05
2025-05-23 15:00:00,5.364e-05
2025-05-23 16:00:00,5.364e-05
2025-05-23 17:00:00,5.364e-05
2025-05-23 18:00:00,5.364e-05
2025-05-23 19:00:00,5.364e-05
2025-05-23 20:00:00,6.534e-05
2025-05-23 21:00:00,6.534e-05
2025-05-23 22:00:00,6.534e-05
2025-05-23 23:00:00,6.534e-05
2025-05-24 00:00:00,6.534e-05
2025-05-24 01:00:00,6.534e-05
2025-05-24 02:00:00,6.534e-05
2025-05-24 03:00:00,6.534e-05
2025-05-24 04:00:00,2.203e-05
2025-05-24 05:00:00,2.203e-05
2025-05-24 06:00:00,2.203e-05
2025-05-24 07:00:00,2.203e-05
2025-05-24 08:00:00,2.203e-05
2025-05-24 09:00:00,2.203e-05
2025-05-24 10:00:00,2.203e-05
2025-05-24 11:00:00,2.203e-05
2025-05-24 12:00:00,3.436e-05
2025-05-24 13:00:00,3.436e-05
2025-05-24 14:00:00,3.436e-05
2025-05-24 15:00:00,3.436e-05
2025-05-24 16:00:00,3.436e-05
2025-05-24 17:00:00,3.436e-05
2025-05-24 18:00:00,3.436e-05
2025-05-24 19:00:00,3.436e-05
2025-05-24 20:00:00,4.126e-05
2025-05-24 21:00:00,4.126e-05
2025-05-24 22:00:00,4.126e-05
2025-05-24 23:00:00,4.126e-05
2025-05-25 00:00:00,4.126e-05
2025-05-25 01:00:00,4.126e-05
2025-05-25 02:00:00,4.126e-05
2025-05-25 03:00:00,4.126e-05
2025-05-25 04:00:00,7.422e-05
2025-05-25 05:00:00,7.422e-05
2025-05-25 06:00:00,7.422e-05
2025-05-25 07:00:00,7.422e-05
2025-05-25 08:00:00,7.422e-05
2025-05-25 09:00:00,7.422e-05
2025-05-25 10:00:00,7.422e-05
2025-05-25 11:00:00,7.422e-05
2025-05-25 12:00:00,0.0001
2025-05-25 13:00:00,0.0001
2025-05-25 14:00:00,0.0001
2025-05-25 15:00:00,0.0001
2025-05-25 16:00:00,0.0001
2025-05-25 17:00:00,0.0001
2025-05-25 18:00:00,0.0001
2025-05-25 19:00:00,0.0001
2025-05-25 20:00:00,5.451e-05
2025-05-25 21:00:00,5.451e-05
2025-05-25 22:00:00,5.451e-05
2025-05-25 23:00:00,5.451e-05
2025-05-26 00:00:00,5.451e-05
2025-05-26 01:00:00,5.451e-05
2025-05-26 02:00:00,5.451e-05
2025-05-26 03:00:00,5.451e-05
2025-05-26 04:00:00,0.0001
2025-05-26 05:00:00,0.0001
2025-05-26 06:00:00,0.0001
2025-05-26 07:00:00,0.0001
2025-05-26 08:00:00,0.0001
2025-05-26 09:00:00,0.0001
2025-05-26 10:00:00,0.0001
2025-05-26 11:00:00,0.0001
2025-05-26 12:00:00,0.0001
2025-05-26 13:00:00,0.0001
2025-05-26 14:00:00,0.0001
2025-05-26 15:00:00,0.0001
2025-05-26 16:00:00,0.0001
2025-05-26 17:00:00,0.0001
2025-05-26 18:00:00,0.0001
2025-05-26 19:00:00,0.0001
2025-05-26 20:00:00,9.627e-05
2025-05-26 21:00:00,9.627e-05
2025-05-26 22:00:00,9.627e-05
2025-05-26 23:00:00,9.627e-05
2025-05-27 00:00:00,9.627e-05
2025-05-27 01:00:00,9.627e-05
2025-05-27 02:00:00,9.627e-05
2025-05-27 03:00:00,9.627e-05
2025-05-27 04:00:00,0.0001
2025-05-27 05:00:00,0.0001
2025-05-27 06:00:00,0.0001
2025-05-27 07:00:00,0.0001
2025-05-27 08:00:00,0.0001
2025-05-27 09:00:00,0.0001
2025-05-27 10:00:00,0.0001
2025-05-27 11:00:00,0.0001
2025-05-27 12:00:00,3.247e-05
2025-05-27 13:00:00,3.247e-05
2025-05-27 14:00:00,3.247e-05
2025-05-27 15:00:00,3.247e-05
2025-05-27 16:00:00,3.247e-05
2025-05-27 17:00:00,3.247e-05
2025-05-27 18:00:00,3.247e-05
2025-05-27 19:00:00,3.247e-05
2025-05-27 20:00:00,2.161e-05
2025-05-27 21:00:00,2.161e-05
2025-05-27 22:00:00,2.161e-05
2025-05-27 23:00:00,2.161e-05
2025-05-28 00:00:00,2.161e-05
2025-05-28 01:00:00,2.161e-05
2025-05-28 02:00:00,2.161e-05
2025-05-28 03:00:00,2.161e-05
2025-05-28 04:00:00,-0.00015645
2025-05-28 05:00:00,-0.00015645
2025-05-28 06:00:00,-0.00015645
2025-05-28 07:00:00,-0.00015645
2025-05-28 08:00:00,-0.00015645
2025-05-28 09:00:00,-0.00015645
2025-05-28 10:00:00,-0.00015645
2025-05-28 11:00:00,-0.00015645
2025-05-28 12:00:00,-9.526e-05
2025-05-28 13:00:00,-9.526e-05
2025-05-28 14:00:00,-9.526e-05
2025-05-28 15:00:00,-9.526e-05
2025-05-28 16:00:00,-9.526e-05
2025-05-28 17:00:00,-9.526e-05
2025-05-28 18:00:00,-9.526e-05
2025-05-28 19:00:00,-9.526e-05
2025-05-28 20:00:00,3.181e-05
2025-05-28 21:00:00,3.181e-05
2025-05-28 22:00:00,3.181e-05
2025-05-28 23:00:00,3.181e-05
2025-05-29 00:00:00,3.181e-05
2025-05-29 01:00:00,3.181e-05
2025-05-29 02:00:00,3.181e-05
2025-05-29 03:00:00,3.181e-05
2025-05-29 04:00:00,7.753e-05
2025-05-29 05:00:00,7.753e-05
2025-05-29 06:00:00,7.753e-05
2025-05-29 07:00:00,7.753e-05
2025-05-29 08:00:00,7.753e-05
2025-05-29 09:00:00,7.753e-05
2025-05-29 10:00:00,7.753e-05
2025-05-29 11:00:00,7.753e-05
2025-05-29 12:00:00,5.974e-05
2025-05-29 13:00:00,5.974e-05
2025-05-29 14:00:00,5.974e-05
2025-05-29 15:00:00,5.974e-05
2025-05-29 16:00:00,5.974e-05
2025-05-29 17:00:00,5.974e-05
2025-05-29 18:00:00,5.974e-05
2025-05-29 19:00:00,5.974e-05
2025-05-29 20:00:00,-1.219e-05
2025-05-29 21:00:00,-1.219e-05
2025-05-29 22:00:00,-1.219e-05
2025-05-29 23:00:00,-1.219e-05
2025-05-30 00:00:00,-1.219e-05
2025-05-30 01:00:00,-1.219e-05
2025-05-30 02:00:00,-1.219e-05
2025-05-30 03:00:00,-1.219e-05
2025-05-30 04:00:00,0.0001
2025-05-30 05:00:00,0.0001
2025-05-30 06:00:00,0.0001
2025-05-30 07:00:00,0.0001
2025-05-30 08:00:00,0.0001
2025-05-30 09:00:00,0.0001
2025-05-30 10:00:00,0.0001
2025-05-30 11:00:00,0.0001
2025-05-30 12:00:00,9.532e-05
2025-05-30 13:00:00,9.532e-05
2025-05-30 14:00:00,9.532e-05
2025-05-30 15:00:00,9.532e-05
2025-05-30 16:00:00,9.532e-05
2025-05-30 17:00:00,9.532e-05
2025-05-30 18:00:00,9.532e-05
2025-05-30 19:00:00,9.532e-05
2025-05-30 20:00:00,0.0001
2025-05-30 21:00:00,0.0001
2025-05-30 22:00:00,0.0001
2025-05-30 23:00:00,0.0001
2025-05-31 00:00:00,0.0001
2025-05-31 01:00:00,0.0001
2025-05-31 02:00:00,0.0001
2025-05-31 03:00:00,0.0001
2025-05-31 04:00:00,0.0001
2025-05-31 05:00:00,0.0001
2025-05-31 06:00:00,0.0001
2025-05-31 07:00:00,0.0001
2025-05-31 08:00:00,0.0001
2025-05-31 09:00:00,0.0001
2025-05-31 10:00:00,0.0001
2025-05-31 11:00:00,0.0001
2025-05-31 12:00:00,0.0001
2025-05-31 13:00:00,0.0001
2025-05-31 14:00:00,0.0001
2025-05-31 15:00:00,0.0001
2025-05-31 16:00:00,0.0001
2025-05-31 17:00:00,0.0001
2025-05-31 18:00:00,0.0001
2025-05-31 19:00:00,0.0001
2025-05-31 20:00:00,0.0001
2025-05-31 21:00:00,0.0001
2025-05-31 22:00:00,0.0001
2025-05-31 23:00:00,0.0001
2025-06-01 00:00:00,0.0001
2025-06-01 01:00:00,0.0001
2025-06-01 02:00:00,0.0001
2025-06-01 03:00:00,0.0001
2025-06-01 04:00:00,0.0001
2025-06-01 05:00:00,0.0001
2025-06-01 06:00:00,0.0001
2025-06-01 07:00:00,0.0001
2025-06-01 08:00:00,0.0001
2025-06-01 09:00:00,0.0001
2025-06-01 10:00:00,0.0001
2025-06-01 11:00:00,0.0001
2025-06-01 12:00:00,9.391e-05
2025-06-01 13:00:00,9.391e-05
2025-06-01 14:00:00,9.391e-05
2025-06-01 15:00:00,9.391e-05
2025-06-01 16:00:00,9.391e-05
2025-06-01 17:00:00,9.391e-05
2025-06-01 18:00:00,9.391e-05
2025-06-01 19:00:00,9.391e-05
2025-06-01 20:00:00,7.421e-05
2025-06-01 21:00:00,7.421e-05
2025-06-01 22:00:00,7.421e-05
2025-06-01 23:00:00,7.421e-05
2025-06-02 00:00:00,7.421e-05
2025-06-02 01:00:00,7.421e-05
2025-06-02 02:00:00,7.421e-05
2025-06-02 03:00:00,7.421e-05
2025-06-02 04:00:00,0.0001
2025-06-02 05:00:00,0.0001
2025-06-02 06:00:00,0.0001
2025-06-02 07:00:00,0.0001
2025-06-02 08:00:00,0.0001
2025-06-02 09:00:00,0.0001
2025-06-02 10:00:00,0.0001
2025-06-02 11:00:00,0.0001
2025-06-02 12:00:00,6.634e-05
2025-06-02 13:00:00,6.634e-05
2025-06-02 14:00:00,6.634e-05
2025-06-02 15:00:00,6.634e-05
2025-06-02 16:00:00,6.634e-05
2025-06-02 17:00:00,6.634e-05
2025-06-02 18:00:00,6.634e-05
2025-06-02 19:00:00,6.634e-05
2025-06-02 20:00:00,5.94e-06
2025-06-02 21:00:00,5.94e-06
2025-06-02 22:00:00,5.94e-06
2025-06-02 23:00:00,5.94e-06
2025-06-03 00:00:00,5.94e-06
2025-06-03 01:00:00,5.94e-06
2025-06-03 02:00:00,5.94e-06
2025-06-03 03:00:00,5.94e-06
2025-06-03 04:00:00,2.472e-05
2025-06-03 05:00:00,2.472e-05
2025-06-03 06:00:00,2.472e-05
2025-06-03 07:00:00,2.472e-05
2025-06-03 08:00:00,2.472e-05
2025-06-03 09:00:00,2.472e-05
2025-06-03 10:00:00,2.472e-05
2025-06-03 11:00:00,2.472e-05
2025-06-03 12:00:00,-1.601e-05
2025-06-03 13:00:00,-1.601e-05
2025-06-03 14:00:00,-1.601e-05
2025-06-03 15:00:00,-1.601e-05
2025-06-03 16:00:00,-1.601e-05
2025-06-03 17:00:00,-1.601e-05
2025-06-03 18:00:00,-1.601e-05
2025-06-03 19:00:00,-1.601e-05
2025-06-03 20:00:00,5.591e-05
2025-06-03 21:00:00,5.591e-05
2025-06-03 22:00:00,5.591e-05
2025-06-03 23:00:00,5.591e-05
2025-06-04 00:00:00,5.591e-05
2025-06-04 01:00:00,5.591e-05
2025-06-04 02:00:00,5.591e-05
2025-06-04 03:00:00,5.591e-05
2025-06-04 04:00:00,-5.82e-06
2025-06-04 05:00:00,-5.82e-06
2025-06-04 06:00:00,-5.82e-06
2025-06-04 07:00:00,-5.82e-06
2025-06-04 08:00:00,-5.82e-06
2025-06-04 09:00:00,-5.82e-06
2025-06-04 10:00:00,-5.82e-06
2025-06-04 11:00:00,-5.82e-06
2025-06-04 12:00:00,-4.859e-05
2025-06-04 13:00:00,-4.859e-05
2025-06-04 14:00:00,-4.859e-05
2025-06-04 15:00:00,-4.859e-05
2025-06-04 16:00:00,-4.859e-05
2025-06-04 17:00:00,-4.859e-05
2025-06-04 18:00:00,-4.859e-05
2025-06-04 19:00:00,-4.859e-05
2025-06-04 20:00:00,3.102e-05
2025-06-04 21:00:00,3.102e-05
2025-06-04 22:00:00,3.102e-05
2025-06-04 23:00:00,3.102e-05
2025-06-05 00:00:00,3.102e-05
2025-06-05 01:00:00,3.102e-05
2025-06-05 02:00:00,3.102e-05
2025-06-05 03:00:00,3.102e-05
2025-06-05 04:00:00,3.35e-06
2025-06-05 05:00:00,3.35e-06
2025-06-05 06:00:00,3.35e-06
2025-06-05 07:00:00,3.35e-06
2025-06-05 08:00:00,3.35e-06
2025-06-05 09:00:00,3.35e-06
2025-06-05 10:00:00,3.35e-06
2025-06-05 11:00:00,3.35e-06
2025-06-05 12:00:00,-2.24e-06
2025-06-05 13:00:00,-2.24e-06
2025-06-05 14:00:00,-2.24e-06
2025-06-05 15:00:00,-2.24e-06
2025-06-05 16:00:00,-2.24e-06
2025-06-05 17:00:00,-2.24e-06
2025-06-05 18:00:00,-2.24e-06
2025-06-05 19:00:00,-2.24e-06
2025-06-05 20:00:00,1.778e-05
2025-06-05 21:00:00,1.778e-05
2025-06-05 22:00:00,1.778e-05
2025-06-05 23:00:00,1.778e-05
2025-06-06 00:00:00,1.778e-05
2025-06-06 01:00:00,1.778e-05
2025-06-06 02:00:00,1.778e-05
2025-06-06 03:00:00,1.778e-05
2025-06-06 04:00:00,6.6e-05
2025-06-06 05:00:00,6.6e-05
2025-06-06 06:00:00,6.6e-05
2025-06-06 07:00:00,6.6e-05
2025-06-06 08:00:00,6.6e-05
2025-06-06 09:00:00,6.6e-05
2025-06-06 10:00:00,6.6e-05
2025-06-06 11:00:00,6.6e-05
2025-06-06 12:00:00,4.75e-06
2025-06-06 13:00:00,4.75e-06
2025-06-06 14:00:00,4.75e-06
2025-06-06 15:00:00,4.75e-06
2025-06-06 16:00:00,4.75e-06
2025-06-06 17:00:00,4.75e-06
2025-06-06 18:00:00,4.75e-06
2025-06-06 19:00:00,4.75e-06
2025-06-06 20:00:00,1.407e-05
2025-06-06 21:00:00,1.407e-05
2025-06-06 22:00:00,1.407e-05
2025-06-06 23:00:00,1.407e-05
2025-06-07 00:00:00,1.407e-05
2025-06-07 01:00:00,1.407e-05
2025-06-07 02:00:00,1.407e-05
2025-06-07 03:00:00,1.407e-05
2025-06-07 04:00:00,-5.637e-05
2025-06-07 05:00:00,-5.637e-05
2025-06-07 06:00:00,-5.637e-05
2025-06-07 07:00:00,-5.637e-05
2025-06-07 08:00:00,-5.637e-05
2025-06-07 09:00:00,-5.637e-05
2025-06-07 10:00:00,-5.637e-05
2025-06-07 11:00:00,-5.637e-05
2025-06-07 12:00:00,0.0001
2025-06-07 13:00:00,0.0001
2025-06-07 14:00:00,0.0001
2025-06-07 15:00:00,0.0001
2025-06-07 16:00:00,0.0001
2025-06-07 17:00:00,0.0001
2025-06-07 18:00:00,0.0001
2025-06-07 19:00:00,0.0001
2025-06-07 20:00:00,1.688e-05
2025-06-07 21:00:00,1.688e-05
2025-06-07 22:00:00,1.688e-05
2025-06-07 23:00:00,1.688e-05
2025-06-08 00:00:00,1.688e-05
2025-06-08 01:00:00,1.688e-05
2025-06-08 02:00:00,1.688e-05
2025-06-08 03:00:00,1.688e-05
2025-06-08 04:00:00,3.43e-05
2025-06-08 05:00:00,3.43e-05
2025-06-08 06:00:00,3.43e-05
2025-06-08 07:00:00,3.43e-05
2025-06-08 08:00:00,3.43e-05
2025-06-08 09:00:00,3.43e-05
2025-06-08 10:00:00,3.43e-05
2025-06-08 11:00:00,3.43e-05
2025-06-08 12:00:00,-1.743e-05
2025-06-08 13:00:00,-1.743e-05
2025-06-08 14:00:00,-1.743e-05
2025-06-08 15:00:00,-1.743e-05
2025-06-08 16:00:00,-1.743e-05
2025-06-08 17:00:00,-1.743e-05
2025-06-08 18:00:00,-1.743e-05
2025-06-08 19:00:00,-1.743e-05
2025-06-08 20:00:00,-2.669e-05
2025-06-08 21:00:00,-2.669e-05
2025-06-08 22:00:00,-2.669e-05
2025-06-08 23:00:00,-2.669e-05
2025-06-09 00:00:00,-2.669e-05
2025-06-09 01:00:00,-2.669e-05
2025-06-09 02:00:00,-2.669e-05
2025-06-09 03:00:00,-2.669e-05
2025-06-09 04:00:00,-3.739e-05
2025-06-09 05:00:00,-3.739e-05
2025-06-09 06:00:00,-3.739e-05
2025-06-09 07:00:00,-3.739e-05
2025-06-09 08:00:00,-3.739e-05
2025-06-09 09:00:00,-3.739e-05
2025-06-09 10:00:00,-3.739e-05
2025-06-09 11:00:00,-3.739e-05
2025-06-09 12:00:00,2.264e-05
2025-06-09 13:00:00,2.264e-05
2025-06-09 14:00:00,2.264e-05
2025-06-09 15:00:00,2.264e-05
2025-06-09 16:00:00,2.264e-05
2025-06-09 17:00:00,2.264e-05
2025-06-09 18:00:00,2.264e-05
2025-06-09 19:00:00,2.264e-05
2025-06-09 20:00:00,0.0001
2025-06-09 21:00:00,0.0001
2025-06-09 22:00:00,0.0001
2025-06-09 23:00:00,0.0001
2025-06-10 00:00:00,0.0001
2025-06-10 01:00:00,0.0001
2025-06-10 02:00:00,0.0001
2025-06-10 03:00:00,0.0001
2025-06-10 04:00:00,8.11e-05
2025-06-10 05:00:00,8.11e-05
2025-06-10 06:00:00,8.11e-05
2025-06-10 07:00:00,8.11e-05
2025-06-10 08:00:00,8.11e-05
2025-06-10 09:00:00,8.11e-05
2025-06-10 10:00:00,8.11e-05
2025-06-10 11:00:00,8.11e-05
2025-06-10 12:00:00,8.419e-05
2025-06-10 13:00:00,8.419e-05
2025-06-10 14:00:00,8.419e-05
2025-06-10 15:00:00,8.419e-05
2025-06-10 16:00:00,8.419e-05
2025-06-10 17:00:00,8.419e-05
2025-06-10 18:00:00,8.419e-05
2025-06-10 19:00:00,8.419e-05
2025-06-10 20:00:00,0.0001
2025-06-10 21:00:00,0.0001
2025-06-10 22:00:00,0.0001
2025-06-10 23:00:00,0.0001
2025-06-11 00:00:00,0.0001
2025-06-11 01:00:00,0.0001
2025-06-11 02:00:00,0.0001
2025-06-11 03:00:00,0.0001
2025-06-11 04:00:00,7.171e-05
2025-06-11 05:00:00,7.171e-05
2025-06-11 06:00:00,7.171e-05
2025-06-11 07:00:00,7.171e-05
2025-06-11 08:00:00,7.171e-05
2025-06-11 09:00:00,7.171e-05
2025-06-11 10:00:00,7.171e-05
2025-06-11 11:00:00,7.171e-05
2025-06-11 12:00:00,4.509e-05
2025-06-11 13:00:00,4.509e-05
2025-06-11 14:00:00,4.509e-05
2025-06-11 15:00:00,4.509e-05
2025-06-11 16:00:00,4.509e-05
2025-06-11 17:00:00,4.509e-05
2025-06-11 18:00:00,4.509e-05
2025-06-11 19:00:00,4.509e-05
2025-06-11 20:00:00,5.768e-05
2025-06-11 21:00:00,5.768e-05
2025-06-11 22:00:00,5.768e-05
2025-06-11 23:00:00,5.768e-05
2025-06-12 00:00:00,5.768e-05
2025-06-12 01:00:00,5.768e-05
2025-06-12 02:00:00,5.768e-05
2025-06-12 03:00:00,5.768e-05
2025-06-12 04:00:00,5.521e-05
2025-06-12 05:00:00,5.521e-05
2025-06-12 06:00:00,5.521e-05
2025-06-12 07:00:00,5.521e-05
2025-06-12 08:00:00,5.521e-05
2025-06-12 09:00:00,5.521e-05
2025-06-12 10:00:00,5.521e-05
2025-06-12 11:00:00,5.521e-05
2025-06-12 12:00:00,7.557e-05
2025-06-12 13:00:00,7.557e-05
2025-06-12 14:00:00,7.557e-05
2025-06-12 15:00:00,7.557e-05
2025-06-12 16:00:00,7.557e-05
2025-06-12 17:00:00,7.557e-05
2025-06-12 18:00:00,7.557e-05
2025-06-12 19:00:00,7.557e-05
2025-06-12 20:00:00,4.748e-05
2025-06-12 21:00:00,4.748e-05
2025-06-12 22:00:00,4.748e-05
2025-06-12 23:00:00,4.748e-05
2025-06-13 00:00:00,4.748e-05
2025-06-13 01:00:00,4.748e-05
2025-06-13 02:00:00,4.748e-05
2025-06-13 03:00:00,4.748e-05
2025-06-13 04:00:00,-1.155e-05
2025-06-13 05:00:00,-1.155e-05
2025-06-13 06:00:00,-1.155e-05
2025-06-13 07:00:00,-1.155e-05
2025-06-13 08:00:00,-1.155e-05
2025-06-13 09:00:00,-1.155e-05
2025-06-13 10:00:00,-1.155e-05
2025-06-13 11:00:00,-1.155e-05
2025-06-13 12:00:00,6.608e-05
2025-06-13 13:00:00,6.608e-05
2025-06-13 14:00:00,6.608e-05
2025-06-13 15:00:00,6.608e-05
2025-06-13 16:00:00,6.608e-05
2025-06-13 17:00:00,6.608e-05
2025-06-13 18:00:00,6.608e-05
2025-06-13 19:00:00,6.608e-05
2025-06-13 20:00:00,4.363e-05
2025-06-13 21:00:00,4.363e-05
2025-06-13 22:00:00,4.363e-05
2025-06-13 23:00:00,4.363e-05
2025-06-14 00:00:00,4.363e-05
2025-06-14 01:00:00,4.363e-05
2025-06-14 02:00:00,4.363e-05
2025-06-14 03:00:00,4.363e-05
2025-06-14 04:00:00,5.74e-06
2025-06-14 05:00:00,5.74e-06
2025-06-14 06:00:00,5.74e-06
2025-06-14 07:00:00,5.74e-06
2025-06-14 08:00:00,5.74e-06
2025-06-14 09:00:00,5.74e-06
2025-06-14 10:00:00,5.74e-06
2025-06-14 11:00:00,5.74e-06
2025-06-14 12:00:00,-1.611e-05
2025-06-14 13:00:00,-1.611e-05
2025-06-14 14:00:00,-1.611e-05
2025-06-14 15:00:00,-1.611e-05
2025-06-14 16:00:00,-1.611e-05
2025-06-14 17:00:00,-1.611e-05
2025-06-14 18:00:00,-1.611e-05
2025-06-14 19:00:00,-1.611e-05
2025-06-14 20:00:00,-2.466e-05
2025-06-14 21:00:00,-2.466e-05
2025-06-14 22:00:00,-2.466e-05
2025-06-14 23:00:00,-2.466e-05
2025-06-15 00:00:00,-2.466e-05
2025-06-15 01:00:00,-2.466e-05
2025-06-15 02:00:00,-2.466e-05
2025-06-15 03:00:00,-2.466e-05
2025-06-15 04:00:00,7.299e-05
2025-06-15 05:00:00,7.299e-05
2025-06-15 06:00:00,7.299e-05
2025-06-15 07:00:00,7.299e-05
2025-06-15 08:00:00,7.299e-05
2025-06-15 09:00:00,7.299e-05
2025-06-15 10:00:00,7.299e-05
2025-06-15 11:00:00,7.299e-05
2025-06-15 12:00:00,7.17e-05
2025-06-15 13:00:00,7.17e-05
2025-06-15 14:00:00,7.17e-05
2025-06-15 15:00:00,7.17e-05
2025-06-15 16:00:00,7.17e-05
2025-06-15 17:00:00,7.17e-05
2025-06-15 18:00:00,7.17e-05
2025-06-15 19:00:00,7.17e-05
2025-06-15 20:00:00,0.0001
2025-06-15 21:00:00,0.0001
2025-06-15 22:00:00,0.0001
2025-06-15 23:00:00,0.0001
2025-06-16 00:00:00,0.0001
2025-06-16 01:00:00,0.0001
2025-06-16 02:00:00,0.0001
2025-06-16 03:00:00,0.0001
2025-06-16 04:00:00,4.753e-05
2025-06-16 05:00:00,4.753e-05
2025-06-16 06:00:00,4.753e-05
2025-06-16 07:00:00,4.753e-05
2025-06-16 08:00:00,4.753e-05
2025-06-16 09:00:00,4.753e-05
2025-06-16 10:00:00,4.753e-05
2025-06-16 11:00:00,4.753e-05
2025-06-16 12:00:00,0.0001
2025-06-16 13:00:00,0.0001
2025-06-16 14:00:00,0.0001
2025-06-16 15:00:00,0.0001
2025-06-16 16:00:00,0.0001
2025-06-16 17:00:00,0.0001
2025-06-16 18:00:00,0.0001
2025-06-16 19:00:00,0.0001
2025-06-16 20:00:00,4.729e-05
2025-06-16 21:00:00,4.729e-05
2025-06-16 22:00:00,4.729e-05
2025-06-16 23:00:00,4.729e-05
2025-06-17 00:00:00,4.729e-05
2025-06-17 01:00:00,4.729e-05
2025-06-17 02:00:00,4.729e-05
2025-06-17 03:00:00,4.729e-05
2025-06-17 04:00:00,3.074e-05
2025-06-17 05:00:00,3.074e-05
2025-06-17 06:00:00,3.074e-05
2025-06-17 07:00:00,3.074e-05
2025-06-17 08:00:00,3.074e-05
2025-06-17 09:00:00,3.074e-05
2025-06-17 10:00:00,3.074e-05
2025-06-17 11:00:00,3.074e-05
2025-06-17 12:00:00,6.718e-05
2025-06-17 13:00:00,6.718e-05
2025-06-17 14:00:00,6.718e-05
2025-06-17 15:00:00,6.718e-05
2025-06-17 16:00:00,6.718e-05
2025-06-17 17:00:00,6.718e-05
2025-06-17 18:00:00,6.718e-05
2025-06-17 19:00:00,6.718e-05
2025-06-17 20:00:00,3.008e-05
2025-06-17 21:00:00,3.008e-05
2025-06-17 22:00:00,3.008e-05
2025-06-17 23:00:00,3.008e-05
2025-06-18 00:00:00,3.008e-05
2025-06-18 01:00:00,3.008e-05
2025-06-18 02:00:00,3.008e-05
2025-06-18 03:00:00,3.008e-05
2025-06-18 04:00:00,-1.427e-05
2025-06-18 05:00:00,-1.427e-05
2025-06-18 06:00:00,-1.427e-05
2025-06-18 07:00:00,-1.427e-05
2025-06-18 08:00:00,-1.427e-05
2025-06-18 09:00:00,-1.427e-05
2025-06-18 10:00:00,-1.427e-05
2025-06-18 11:00:00,-1.427e-05
2025-06-18 12:00:00,2.43e-06
2025-06-18 13:00:00,2.43e-06
2025-06-18 14:00:00,2.43e-06
2025-06-18 15:00:00,2.43e-06
2025-06-18 16:00:00,2.43e-06
2025-06-18 17:00:00,2.43e-06
2025-06-18 18:00:00,2.43e-06
2025-06-18 19:00:00,2.43e-06
2025-06-18 20:00:00,2.945e-05
2025-06-18 21:00:00,2.945e-05
2025-06-18 22:00:00,2.945e-05
2025-06-18 23:00:00,2.945e-05
2025-06-19 00:00:00,2.945e-05
2025-06-19 01:00:00,2.945e-05
2025-06-19 02:00:00,2.945e-05
2025-06-19 03:00:00,2.945e-05
2025-06-19 04:00:00,1.655e-05
2025-06-19 05:00:00,1.655e-05
2025-06-19 06:00:00,1.655e-05
2025-06-19 07:00:00,1.655e-05
2025-06-19 08:00:00,1.655e-05
2025-06-19 09:00:00,1.655e-05
2025-06-19 10:00:00,1.655e-05
2025-06-19 11:00:00,1.655e-05
2025-06-19 12:00:00,1.318e-05
2025-06-19 13:00:00,1.318e-05
2025-06-19 14:00:00,1.318e-05
2025-06-19 15:00:00,1.318e-05
2025-06-19 16:00:00,1.318e-05
2025-06-19 17:00:00,1.318e-05
2025-06-19 18:00:00,1.318e-05
2025-06-19 19:00:00,1.318e-05
2025-06-19 20:00:00,-9.7e-07
2025-06-19 21:00:00,-9.7e-07
2025-06-19 22:00:00,-9.7e-07
2025-06-19 23:00:00,-9.7e-07
2025-06-20 00:00:00,-9.7e-07
2025-06-20 01:00:00,-9.7e-07
2025-06-20 02:00:00,-9.7e-07
2025-06-20 03:00:00,-9.7e-07
2025-06-20 04:00:00,7.635e-05
2025-06-20 05:00:00,7.635e-05
2025-06-20 06:00:00,7.635e-05
2025-06-20 07:00:00,7.635e-05
2025-06-20 08:00:00,7.635e-05
2025-06-20 09:00:00,7.635e-05
2025-06-20 10:00:00,7.635e-05
2025-06-20 11:00:00,7.635e-05
2025-06-20 12:00:00,6.425e-05
2025-06-20 13:00:00,6.425e-05
2025-06-20 14:00:00,6.425e-05
2025-06-20 15:00:00,6.425e-05
2025-06-20 16:00:00,6.425e-05
2025-06-20 17:00:00,6.425e-05
2025-06-20 18:00:00,6.425e-05
2025-06-20 19:00:00,6.425e-05
2025-06-20 20:00:00,7.09e-06
2025-06-20 21:00:00,7.09e-06
2025-06-20 22:00:00,7.09e-06
2025-06-20 23:00:00,7.09e-06
2025-06-21 00:00:00,7.09e-06
2025-06-21 01:00:00,7.09e-06
2025-06-21 02:00:00,7.09e-06
2025-06-21 03:00:00,7.09e-06
2025-06-21 04:00:00,3.019e-05
2025-06-21 05:00:00,3.019e-05
2025-06-21 06:00:00,3.019e-05
2025-06-21 07:00:00,3.019e-05
2025-06-21 08:00:00,3.019e-05
2025-06-21 09:00:00,3.019e-05
2025-06-21 10:00:00,3.019e-05
2025-06-21 11:00:00,3.019e-05
2025-06-21 12:00:00,-2.522e-05
2025-06-21 13:00:00,-2.522e-05
2025-06-21 14:00:00,-2.522e-05
2025-06-21 15:00:00,-2.522e-05
2025-06-21 16:00:00,-2.522e-05
2025-06-21 17:00:00,-2.522e-05
2025-06-21 18:00:00,-2.522e-05
2025-06-21 19:00:00,-2.522e-05
2025-06-21 20:00:00,3.388e-05
2025-06-21 21:00:00,3.388e-05
2025-06-21 22:00:00,3.388e-05
2025-06-21 23:00:00,3.388e-05
2025-06-22 00:00:00,3.388e-05
2025-06-22 01:00:00,3.388e-05
2025-06-22 02:00:00,3.388e-05
2025-06-22 03:00:00,3.388e-05
2025-06-22 04:00:00,-5.39e-06
2025-06-22 05:00:00,-5.39e-06
2025-06-22 06:00:00,-5.39e-06
2025-06-22 07:00:00,-5.39e-06
2025-06-22 08:00:00,-5.39e-06
2025-06-22 09:00:00,-5.39e-06
2025-06-22 10:00:00,-5.39e-06
2025-06-22 11:00:00,-5.39e-06
2025-06-22 12:00:00,7.054e-05
2025-06-22 13:00:00,7.054e-05
2025-06-22 14:00:00,7.054e-05
2025-06-22 15:00:00,7.054e-05
2025-06-22 16:00:00,7.054e-05
2025-06-22 17:00:00,7.054e-05
2025-06-22 18:00:00,7.054e-05
2025-06-22 19:00:00,7.054e-05
2025-06-22 20:00:00,6.17e-06
2025-06-22 21:00:00,6.17e-06
2025-06-22 22:00:00,6.17e-06
2025-06-22 23:00:00,6.17e-06
2025-06-23 00:00:00,6.17e-06
2025-06-23 01:00:00,6.17e-06
2025-06-23 02:00:00,6.17e-06
2025-06-23 03:00:00,6.17e-06
2025-06-23 04:00:00,-8.53e-06
2025-06-23 05:00:00,-8.53e-06
2025-06-23 06:00:00,-8.53e-06
2025-06-23 07:00:00,-8.53e-06
2025-06-23 08:00:00,-8.53e-06
2025-06-23 09:00:00,-8.53e-06
2025-06-23 10:00:00,-8.53e-06
2025-06-23 11:00:00,-8.53e-06
2025-06-23 12:00:00,1.988e-05
2025-06-23 13:00:00,1.988e-05
2025-06-23 14:00:00,1.988e-05
2025-06-23 15:00:00,1.988e-05
2025-06-23 16:00:00,1.988e-05
2025-06-23 17:00:00,1.988e-05
2025-06-23 18:00:00,1.988e-05
2025-06-23 19:00:00,1.988e-05
2025-06-23 20:00:00,-3.379e-05
2025-06-23 21:00:00,-3.379e-05
2025-06-23 22:00:00,-3.379e-05
2025-06-23 23:00:00,-3.379e-05
2025-06-24 00:00:00,-3.379e-05
2025-06-24 01:00:00,-3.379e-05
2025-06-24 02:00:00,-3.379e-05
2025-06-24 03:00:00,-3.379e-05
2025-06-24 04:00:00,3.432e-05
2025-06-24 05:00:00,3.432e-05
2025-06-24 06:00:00,3.432e-05
2025-06-24 07:00:00,3.432e-05
2025-06-24 08:00:00,3.432e-05
2025-06-24 09:00:00,3.432e-05
2025-06-24 10:00:00,3.432e-05
2025-06-24 11:00:00,3.432e-05
2025-06-24 12:00:00,5.734e-05
2025-06-24 13:00:00,5.734e-05
2025-06-24 14:00:00,5.734e-05
2025-06-24 15:00:00,5.734e-05
2025-06-24 16:00:00,5.734e-05
2025-06-24 17:00:00,5.734e-05
2025-06-24 18:00:00,5.734e-05
2025-06-24 19:00:00,5.734e-05
2025-06-24 20:00:00,6.19e-06
2025-06-24 21:00:00,6.19e-06
2025-06-24 22:00:00,6.19e-06
2025-06-24 23:00:00,6.19e-06
2025-06-25 00:00:00,6.19e-06
2025-06-25 01:00:00,6.19e-06
2025-06-25 02:00:00,6.19e-06
2025-06-25 03:00:00,6.19e-06
2025-06-25 04:00:00,-2.753e-05
2025-06-25 05:00:00,-2.753e-05
2025-06-25 06:00:00,-2.753e-05
2025-06-25 07:00:00,-2.753e-05
2025-06-25 08:00:00,-2.753e-05
2025-06-25 09:00:00,-2.753e-05
2025-06-25 10:00:00,-2.753e-05
2025-06-25 11:00:00,-2.753e-05
2025-06-25 12:00:00,4.784e-05
2025-06-25 13:00:00,4.784e-05
2025-06-25 14:00:00,4.784e-05
2025-06-25 15:00:00,4.784e-05
2025-06-25 16:00:00,4.784e-05
2025-06-25 17:00:00,4.784e-05
2025-06-25 18:00:00,4.784e-05
2025-06-25 19:00:00,4.784e-05
2025-06-25 20:00:00,-2.087e-05
2025-06-25 21:00:00,-2.087e-05
2025-06-25 22:00:00,-2.087e-05
2025-06-25 23:00:00,-2.087e-05
2025-06-26 00:00:00,-2.087e-05
2025-06-26 01:00:00,-2.087e-05
2025-06-26 02:00:00,-2.087e-05
2025-06-26 03:00:00,-2.087e-05
2025-06-26 04:00:00,-7.601e-05
2025-06-26 05:00:00,-7.601e-05
2025-06-26 06:00:00,-7.601e-05
2025-06-26 07:00:00,-7.601e-05
2025-06-26 08:00:00,-7.601e-05
2025-06-26 09:00:00,-7.601e-05
2025-06-26 10:00:00,-7.601e-05
2025-06-26 11:00:00,-7.601e-05
2025-06-26 12:00:00,6.85e-06
2025-06-26 13:00:00,6.85e-06
2025-06-26 14:00:00,6.85e-06
2025-06-26 15:00:00,6.85e-06
2025-06-26 16:00:00,6.85e-06
2025-06-26 17:00:00,6.85e-06
2025-06-26 18:00:00,6.85e-06
2025-06-26 19:00:00,6.85e-06
2025-06-26 20:00:00,-6.6e-07
2025-06-26 21:00:00,-6.6e-07
2025-06-26 22:00:00,-6.6e-07
2025-06-26 23:00:00,-6.6e-07
2025-06-27 00:00:00,-6.6e-07
2025-06-27 01:00:00,-6.6e-07
2025-06-27 02:00:00,-6.6e-07
2025-06-27 03:00:00,-6.6e-07
2025-06-27 04:00:00,-1.85e-05
2025-06-27 05:00:00,-1.85e-05
2025-06-27 06:00:00,-1.85e-05
2025-06-27 07:00:00,-1.85e-05
2025-06-27 08:00:00,-1.85e-05
2025-06-27 09:00:00,-1.85e-05
2025-06-27 10:00:00,-1.85e-05
2025-06-27 11:00:00,-1.85e-05
2025-06-27 12:00:00,1.488e-05
2025-06-27 13:00:00,1.488e-05
2025-06-27 14:00:00,1.488e-05
2025-06-27 15:00:00,1.488e-05
2025-06-27 16:00:00,1.488e-05
2025-06-27 17:00:00,1.488e-05
2025-06-27 18:00:00,1.488e-05
2025-06-27 19:00:00,1.488e-05
2025-06-27 20:00:00,3.673e-05
2025-06-27 21:00:00,3.673e-05
2025-06-27 22:00:00,3.673e-05
2025-06-27 23:00:00,3.673e-05
2025-06-28 00:00:00,3.673e-05
2025-06-28 01:00:00,3.673e-05
2025-06-28 02:00:00,3.673e-05
2025-06-28 03:00:00,3.673e-05
2025-06-28 04:00:00,-4.711e-05
2025-06-28 05:00:00,-4.711e-05
2025-06-28 06:00:00,-4.711e-05
2025-06-28 07:00:00,-4.711e-05
2025-06-28 08:00:00,-4.711e-05
2025-06-28 09:00:00,-4.711e-05
2025-06-28 10:00:00,-4.711e-05
2025-06-28 11:00:00,-4.711e-05
2025-06-28 12:00:00,1.239e-05
2025-06-28 13:00:00,1.239e-05
2025-06-28 14:00:00,1.239e-05
2025-06-28 15:00:00,1.239e-05
2025-06-28 16:00:00,1.239e-05
2025-06-28 17:00:00,1.239e-05
2025-06-28 18:00:00,1.239e-05
2025-06-28 19:00:00,1.239e-05
2025-06-28 20:00:00,6.048e-05
2025-06-28 21:00:00,6.048e-05
2025-06-28 22:00:00,6.048e-05
2025-06-28 23:00:00,6.048e-05
2025-06-29 00:00:00,6.048e-05
2025-06-29 01:00:00,6.048e-05
2025-06-29 02:00:00,6.048e-05
2025-06-29 03:00:00,6.048e-05
2025-06-29 04:00:00,4.098e-05
2025-06-29 05:00:00,4.098e-05
2025-06-29 06:00:00,4.098e-05
2025-06-29 07:00:00,4.098e-05
2025-06-29 08:00:00,4.098e-05
2025-06-29 09:00:00,4.098e-05
2025-06-29 10:00:00,4.098e-05
2025-06-29 11:00:00,4.098e-05
2025-06-29 12:00:00,1.443e-05
2025-06-29 13:00:00,1.443e-05
2025-06-29 14:00:00,1.443e-05
2025-06-29 15:00:00,1.443e-05
2025-06-29 16:00:00,1.443e-05
2025-06-29 17:00:00,1.443e-05
2025-06-29 18:00:00,1.443e-05
2025-06-29 19:00:00,1.443e-05
2025-06-29 20:00:00,8.52e-06
2025-06-29 21:00:00,8.52e-06
2025-06-29 22:00:00,8.52e-06
2025-06-29 23:00:00,8.52e-06
2025-06-30 00:00:00,8.52e-06
2025-06-30 01:00:00,8.52e-06
2025-06-30 02:00:00,8.52e-06
2025-06-30 03:00:00,8.52e-06
2025-06-30 04:00:00,1.024e-05
2025-06-30 05:00:00,1.024e-05
2025-06-30 06:00:00,1.024e-05
2025-06-30 07:00:00,1.024e-05
2025-06-30 08:00:00,1.024e-05
2025-06-30 09:00:00,1.024e-05
2025-06-30 10:00:00,1.024e-05
2025-06-30 11:00:00,1.024e-05
2025-06-30 12:00:00,4.958e-05
2025-06-30 13:00:00,4.958e-05
2025-06-30 14:00:00,4.958e-05
2025-06-30 15:00:00,4.958e-05
2025-06-30 16:00:00,4.958e-05
2025-06-30 17:00:00,4.958e-05
2025-06-30 18:00:00,4.958e-05
2025-06-30 19:00:00,4.958e-05
2025-06-30 20:00:00,-9.29e-06
2025-06-30 21:00:00,-9.29e-06
2025-06-30 22:00:00,-9.29e-06
2025-06-30 23:00:00,-9.29e-06
2025-07-01 00:00:00,-9.29e-06
2025-07-01 01:00:00,-9.29e-06
2025-07-01 02:00:00,-9.29e-06
2025-07-01 03:00:00,-9.29e-06
2025-07-01 04:00:00,-3.21e-06
2025-07-01 05:00:00,-3.21e-06
2025-07-01 06:00:00,-3.21e-06
2025-07-01 07:00:00,-3.21e-06
2025-07-01 08:00:00,-3.21e-06
2025-07-01 09:00:00,-3.21e-06
2025-07-01 10:00:00,-3.21e-06
2025-07-01 11:00:00,-3.21e-06
2025-07-01 12:00:00,-2.184e-05
2025-07-01 13:00:00,-2.184e-05
2025-07-01 14:00:00,-2.184e-05
2025-07-01 15:00:00,-2.184e-05
2025-07-01 16:00:00,-2.184e-05
2025-07-01 17:00:00,-2.184e-05
2025-07-01 18:00:00,-2.184e-05
2025-07-01 19:00:00,-2.184e-05
2025-07-01 20:00:00,1.879e-05
2025-07-01 21:00:00,1.879e-05
2025-07-01 22:00:00,1.879e-05
2025-07-01 23:00:00,1.879e-05
2025-07-02 00:00:00,1.879e-05
2025-07-02 01:00:00,1.879e-05
2025-07-02 02:00:00,1.879e-05
2025-07-02 03:00:00,1.879e-05
2025-07-02 04:00:00,4.989e-05
2025-07-02 05:00:00,4.989e-05
2025-07-02 06:00:00,4.989e-05
2025-07-02 07:00:00,4.989e-05
2025-07-02 08:00:00,4.989e-05
2025-07-02 09:00:00,4.989e-05
2025-07-02 10:00:00,4.989e-05
2025-07-02 11:00:00,4.989e-05
2025-07-02 12:00:00,6.496e-05
2025-07-02 13:00:00,6.496e-05
2025-07-02 14:00:00,6.496e-05
2025-07-02 15:00:00,6.496e-05
2025-07-02 16:00:00,6.496e-05
2025-07-02 17:00:00,6.496e-05
2025-07-02 18:00:00,6.496e-05
2025-07-02 19:00:00,6.496e-05
2025-07-02 20:00:00,5.727e-05
2025-07-02 21:00:00,5.727e-05
2025-07-02 22:00:00,5.727e-05
2025-07-02 23:00:00,5.727e-05
2025-07-03 00:00:00,5.727e-05
2025-07-03 01:00:00,5.727e-05
2025-07-03 02:00:00,5.727e-05
2025-07-03 03:00:00,5.727e-05
2025-07-03 04:00:00,5.264e-05
2025-07-03 05:00:00,5.264e-05
2025-07-03 06:00:00,5.264e-05
2025-07-03 07:00:00,5.264e-05
2025-07-03 08:00:00,5.264e-05
2025-07-03 09:00:00,5.264e-05
2025-07-03 10:00:00,5.264e-05
2025-07-03 11:00:00,5.264e-05
2025-07-03 12:00:00,5.847e-05
2025-07-03 13:00:00,5.847e-05
2025-07-03 14:00:00,5.847e-05
2025-07-03 15:00:00,5.847e-05
2025-07-03 16:00:00,5.847e-05
2025-07-03 17:00:00,5.847e-05
2025-07-03 18:00:00,5.847e-05
2025-07-03 19:00:00,5.847e-05
2025-07-03 20:00:00,7.064e-05
2025-07-03 21:00:00,7.064e-05
2025-07-03 22:00:00,7.064e-05
2025-07-03 23:00:00,7.064e-05
2025-07-04 00:00:00,7.064e-05
2025-07-04 01:00:00,7.064e-05
2025-07-04 02:00:00,7.064e-05
2025-07-04 03:00:00,7.064e-05
2025-07-04 04:00:00,5.716e-05
2025-07-04 05:00:00,5.716e-05
2025-07-04 06:00:00,5.716e-05
2025-07-04 07:00:00,5.716e-05
2025-07-04 08:00:00,5.716e-05
2025-07-04 09:00:00,5.716e-05
2025-07-04 10:00:00,5.716e-05
2025-07-04 11:00:00,5.716e-05
2025-07-04 12:00:00,2.295e-05
2025-07-04 13:00:00,2.295e-05
2025-07-04 14:00:00,2.295e-05
2025-07-04 15:00:00,2.295e-05
2025-07-04 16:00:00,2.295e-05
2025-07-04 17:00:00,2.295e-05
2025-07-04 18:00:00,2.295e-05
2025-07-04 19:00:00,2.295e-05
2025-07-04 20:00:00,2.892e-05
2025-07-04 21:00:00,2.892e-05
2025-07-04 22:00:00,2.892e-05
2025-07-04 23:00:00,2.892e-05
2025-07-05 00:00:00,2.892e-05
2025-07-05 01:00:00,2.892e-05
2025-07-05 02:00:00,2.892e-05
2025-07-05 03:00:00,2.892e-05
2025-07-05 04:00:00,0.0001
2025-07-05 05:00:00,0.0001
2025-07-05 06:00:00,0.0001
2025-07-05 07:00:00,0.0001
2025-07-05 08:00:00,0.0001
2025-07-05 09:00:00,0.0001
2025-07-05 10:00:00,0.0001
2025-07-05 11:00:00,0.0001
2025-07-05 12:00:00,6.637e-05
2025-07-05 13:00:00,6.637e-05
2025-07-05 14:00:00,6.637e-05
2025-07-05 15:00:00,6.637e-05
2025-07-05 16:00:00,6.637e-05
2025-07-05 17:00:00,6.637e-05
2025-07-05 18:00:00,6.637e-05
2025-07-05 19:00:00,6.637e-05
2025-07-05 20:00:00,6.102e-05
2025-07-05 21:00:00,6.102e-05
2025-07-05 22:00:00,6.102e-05
2025-07-05 23:00:00,6.102e-05
2025-07-06 00:00:00,6.102e-05
2025-07-06 01:00:00,6.102e-05
2025-07-06 02:00:00,6.102e-05
2025-07-06 03:00:00,6.102e-05
2025-07-06 04:00:00,1.647e-05
2025-07-06 05:00:00,1.647e-05
2025-07-06 06:00:00,1.647e-05
2025-07-06 07:00:00,1.647e-05
2025-07-06 08:00:00,1.647e-05
2025-07-06 09:00:00,1.647e-05
2025-07-06 10:00:00,1.647e-05
2025-07-06 11:00:00,1.647e-05
2025-07-06 12:00:00,1.14e-06
2025-07-06 13:00:00,1.14e-06
2025-07-06 14:00:00,1.14e-06
2025-07-06 15:00:00,1.14e-06
2025-07-06 16:00:00,1.14e-06
2025-07-06 17:00:00,1.14e-06
2025-07-06 18:00:00,1.14e-06
2025-07-06 19:00:00,1.14e-06
2025-07-06 20:00:00,4.813e-05
2025-07-06 21:00:00,4.813e-05
2025-07-06 22:00:00,4.813e-05
2025-07-06 23:00:00,4.813e-05
2025-07-07 00:00:00,4.813e-05
2025-07-07 01:00:00,4.813e-05
2025-07-07 02:00:00,4.813e-05
2025-07-07 03:00:00,4.813e-05
2025-07-07 04:00:00,8.67e-05
2025-07-07 05:00:00,8.67e-05
2025-07-07 06:00:00,8.67e-05
2025-07-07 07:00:00,8.67e-05
2025-07-07 08:00:00,8.67e-05
2025-07-07 09:00:00,8.67e-05
2025-07-07 10:00:00,8.67e-05
2025-07-07 11:00:00,8.67e-05
2025-07-07 12:00:00,7.141e-05
2025-07-07 13:00:00,7.141e-05
2025-07-07 14:00:00,7.141e-05
2025-07-07 15:00:00,7.141e-05
2025-07-07 16:00:00,7.141e-05
2025-07-07 17:00:00,7.141e-05
2025-07-07 18:00:00,7.141e-05
2025-07-07 19:00:00,7.141e-05
2025-07-07 20:00:00,2.928e-05
2025-07-07 21:00:00,2.928e-05
2025-07-07 22:00:00,2.928e-05
2025-07-07 23:00:00,2.928e-05
2025-07-08 00:00:00,2.928e-05
2025-07-08 01:00:00,2.928e-05
2025-07-08 02:00:00,2.928e-05
2025-07-08 03:00:00,2.928e-05
2025-07-08 04:00:00,-5.019e-05
2025-07-08 05:00:00,-5.019e-05
2025-07-08 06:00:00,-5.019e-05
2025-07-08 07:00:00,-5.019e-05
2025-07-08 08:00:00,-5.019e-05
2025-07-08 09:00:00,-5.019e-05
2025-07-08 10:00:00,-5.019e-05
2025-07-08 11:00:00,-5.019e-05
2025-07-08 12:00:00,3.413e-05
2025-07-08 13:00:00,3.413e-05
2025-07-08 14:00:00,3.413e-05
2025-07-08 15:00:00,3.413e-05
2025-07-08 16:00:00,3.413e-05
2025-07-08 17:00:00,3.413e-05
2025-07-08 18:00:00,3.413e-05
2025-07-08 19:00:00,3.413e-05
2025-07-08 20:00:00,3.93e-05
2025-07-08 21:00:00,3.93e-05
2025-07-08 22:00:00,3.93e-05
2025-07-08 23:00:00,3.93e-05
2025-07-09 00:00:00,3.93e-05
2025-07-09 01:00:00,3.93e-05
2025-07-09 02:00:00,3.93e-05
2025-07-09 03:00:00,3.93e-05
2025-07-09 04:00:00,3.556e-05
2025-07-09 05:00:00,3.556e-05
2025-07-09 06:00:00,3.556e-05
2025-07-09 07:00:00,3.556e-05
2025-07-09 08:00:00,3.556e-05
2025-07-09 09:00:00,3.556e-05
2025-07-09 10:00:00,3.556e-05
2025-07-09 11:00:00,3.556e-05
2025-07-09 12:00:00,4.809e-05
2025-07-09 13:00:00,4.809e-05
2025-07-09 14:00:00,4.809e-05
2025-07-09 15:00:00,4.809e-05
2025-07-09 16:00:00,4.809e-05
2025-07-09 17:00:00,4.809e-05
2025-07-09 18:00:00,4.809e-05
2025-07-09 19:00:00,4.809e-05
2025-07-09 20:00:00,6.67e-05
2025-07-09 21:00:00,6.67e-05
2025-07-09 22:00:00,6.67e-05
2025-07-09 23:00:00,6.67e-05
2025-07-10 00:00:00,6.67e-05
2025-07-10 01:00:00,6.67e-05
2025-07-10 02:00:00,6.67e-05
2025-07-10 03:00:00,6.67e-05
2025-07-10 04:00:00,8.704e-05
2025-07-10 05:00:00,8.704e-05
2025-07-10 06:00:00,8.704e-05
2025-07-10 07:00:00,8.704e-05
2025-07-10 08:00:00,8.704e-05
2025-07-10 09:00:00,8.704e-05
2025-07-10 10:00:00,8.704e-05
2025-07-10 11:00:00,8.704e-05
2025-07-10 12:00:00,6.1e-05
2025-07-10 13:00:00,6.1e-05
2025-07-10 14:00:00,6.1e-05
2025-07-10 15:00:00,6.1e-05
2025-07-10 16:00:00,6.1e-05
2025-07-10 17:00:00,6.1e-05
2025-07-10 18:00:00,6.1e-05
2025-07-10 19:00:00,6.1e-05
2025-07-10 20:00:00,7.94e-05
2025-07-10 21:00:00,7.94e-05
2025-07-10 22:00:00,7.94e-05
2025-07-10 23:00:00,7.94e-05
2025-07-11 00:00:00,7.94e-05
2025-07-11 01:00:00,7.94e-05
2025-07-11 02:00:00,7.94e-05
2025-07-11 03:00:00,7.94e-05
2025-07-11 04:00:00,0.0001
2025-07-11 05:00:00,0.0001
2025-07-11 06:00:00,0.0001
2025-07-11 07:00:00,0.0001
2025-07-11 08:00:00,0.0001
2025-07-11 09:00:00,0.0001
2025-07-11 10:00:00,0.0001
2025-07-11 11:00:00,0.0001
2025-07-11 12:00:00,0.0001
2025-07-11 13:00:00,0.0001
2025-07-11 14:00:00,0.0001
2025-07-11 15:00:00,0.0001
2025-07-11 16:00:00,0.0001
2025-07-11 17:00:00,0.0001
2025-07-11 18:00:00,0.0001
2025-07-11 19:00:00,0.0001
2025-07-11 20:00:00,0.0001
2025-07-11 21:00:00,0.0001
2025-07-11 22:00:00,0.0001
2025-07-11 23:00:00,0.0001
2025-07-12 00:00:00,0.0001
2025-07-12 01:00:00,0.0001
2025-07-12 02:00:00,0.0001
2025-07-12 03:00:00,0.0001
2025-07-12 04:00:00,0.0001
2025-07-12 05:00:00,0.0001
2025-07-12 06:00:00,0.0001
2025-07-12 07:00:00,0.0001
2025-07-12 08:00:00,0.0001
2025-07-12 09:00:00,0.0001
2025-07-12 10:00:00,0.0001
2025-07-12 11:00:00,0.0001
2025-07-12 12:00:00,0.0001
2025-07-12 13:00:00,0.0001
2025-07-12 14:00:00,0.0001
2025-07-12 15:00:00,0.0001
2025-07-12 16:00:00,0.0001
2025-07-12 17:00:00,0.0001
2025-07-12 18:00:00,0.0001
2025-07-12 19:00:00,0.0001
2025-07-12 20:00:00,0.0001
2025-07-12 21:00:00,0.0001
2025-07-12 22:00:00,0.0001
2025-07-12 23:00:00,0.0001
2025-07-13 00:00:00,0.0001
2025-07-13 01:00:00,0.0001
2025-07-13 02:00:00,0.0001
2025-07-13 03:00:00,0.0001
2025-07-13 04:00:00,7.909e-05
2025-07-13 05:00:00,7.909e-05
2025-07-13 06:00:00,7.909e-05
2025-07-13 07:00:00,7.909e-05
2025-07-13 08:00:00,7.909e-05
2025-07-13 09:00:00,7.909e-05
2025-07-13 10:00:00,7.909e-05
2025-07-13 11:00:00,7.909e-05
2025-07-13 12:00:00,8.875e-05
2025-07-13 13:00:00,8.875e-05
2025-07-13 14:00:00,8.875e-05
2025-07-13 15:00:00,8.875e-05
2025-07-13 16:00:00,8.875e-05
2025-07-13 17:00:00,8.875e-05
2025-07-13 18:00:00,8.875e-05
2025-07-13 19:00:00,8.875e-05
2025-07-13 20:00:00,9.26e-05
2025-07-13 21:00:00,9.26e-05
2025-07-13 22:00:00,9.26e-05
2025-07-13 23:00:00,9.26e-05
2025-07-14 00:00:00,9.26e-05
2025-07-14 01:00:00,9.26e-05
2025-07-14 02:00:00,9.26e-05
2025-07-14 03:00:00,9.26e-05
2025-07-14 04:00:00,6.157e-05
2025-07-14 05:00:00,6.157e-05
2025-07-14 06:00:00,6.157e-05
2025-07-14 07:00:00,6.157e-05
2025-07-14 08:00:00,6.157e-05
2025-07-14 09:00:00,6.157e-05
2025-07-14 10:00:00,6.157e-05
2025-07-14 11:00:00,6.157e-05
2025-07-14 12:00:00,0.0001
2025-07-14 13:00:00,0.0001
2025-07-14 14:00:00,0.0001
2025-07-14 15:00:00,0.0001
2025-07-14 16:00:00,0.0001
2025-07-14 17:00:00,0.0001
2025-07-14 18:00:00,0.0001
2025-07-14 19:00:00,0.0001
2025-07-14 20:00:00,0.0001
2025-07-14 21:00:00,0.0001
2025-07-14 22:00:00,0.0001
2025-07-14 23:00:00,0.0001
2025-07-15 00:00:00,0.0001
2025-07-15 01:00:00,0.0001
2025-07-15 02:00:00,0.0001
2025-07-15 03:00:00,0.0001
2025-07-15 04:00:00,0.0001
2025-07-15 05:00:00,0.0001
2025-07-15 06:00:00,0.0001
2025-07-15 07:00:00,0.0001
2025-07-15 08:00:00,0.0001
2025-07-15 09:00:00,0.0001
2025-07-15 10:00:00,0.0001
2025-07-15 11:00:00,0.0001
2025-07-15 12:00:00,0.0001
2025-07-15 13:00:00,0.0001
2025-07-15 14:00:00,0.0001
2025-07-15 15:00:00,0.0001
2025-07-15 16:00:00,0.0001
2025-07-15 17:00:00,0.0001
2025-07-15 18:00:00,0.0001
2025-07-15 19:00:00,0.0001
2025-07-15 20:00:00,0.0001
2025-07-15 21:00:00,0.0001
2025-07-15 22:00:00,0.0001
2025-07-15 23:00:00,0.0001
2025-07-16 00:00:00,0.0001
2025-07-16 01:00:00,0.0001
2025-07-16 02:00:00,0.0001
2025-07-16 03:00:00,0.0001
2025-07-16 04:00:00,0.0001
2025-07-16 05:00:00,0.0001
2025-07-16 06:00:00,0.0001
2025-07-16 07:00:00,0.0001
2025-07-16 08:00:00,0.0001
2025-07-16 09:00:00,0.0001
2025-07-16 10:00:00,0.0001
2025-07-16 11:00:00,0.0001
2025-07-16 12:00:00,0.0001
2025-07-16 13:00:00,0.0001
2025-07-16 14:00:00,0.0001
2025-07-16 15:00:00,0.0001
2025-07-16 16:00:00,0.0001
2025-07-16 17:00:00,0.0001
2025-07-16 18:00:00,0.0001
2025-07-16 19:00:00,0.0001
2025-07-16 20:00:00,0.0001
2025-07-16 21:00:00,0.0001
2025-07-16 22:00:00,0.0001
2025-07-16 23:00:00,0.0001
2025-07-17 00:00:00,0.0001
2025-07-17 01:00:00,0.0001
2025-07-17 02:00:00,0.0001
2025-07-17 03:00:00,0.0001
2025-07-17 04:00:00,0.0001
2025-07-17 05:00:00,0.0001
2025-07-17 06:00:00,0.0001
2025-07-17 07:00:00,0.0001
2025-07-17 08:00:00,0.0001
2025-07-17 09:00:00,0.0001
2025-07-17 10:00:00,0.0001
2025-07-17 11:00:00,0.0001
2025-07-17 12:00:00,0.0001
2025-07-17 13:00:00,0.0001
2025-07-17 14:00:00,0.0001
2025-07-17 15:00:00,0.0001
2025-07-17 16:00:00,0.0001
2025-07-17 17:00:00,0.0001
2025-07-17 18:00:00,0.0001
2025-07-17 19:00:00,0.0001
2025-07-17 20:00:00,0.0001
2025-07-17 21:00:00,0.0001
2025-07-17 22:00:00,0.0001
2025-07-17 23:00:00,0.0001
2025-07-18 00:00:00,0.0001
2025-07-18 01:00:00,0.0001
2025-07-18 02:00:00,0.0001
2025-07-18 03:00:00,0.0001
2025-07-18 04:00:00,0.0001
2025-07-18 05:00:00,0.0001
2025-07-18 06:00:00,0.0001
2025-07-18 07:00:00,0.0001
2025-07-18 08:00:00,0.0001
2025-07-18 09:00:00,0.0001
2025-07-18 10:00:00,0.0001
2025-07-18 11:00:00,0.0001
2025-07-18 12:00:00,0.0001
2025-07-18 13:00:00,0.0001
2025-07-18 14:00:00,0.0001
2025-07-18 15:00:00,0.0001
2025-07-18 16:00:00,0.0001
2025-07-18 17:00:00,0.0001
2025-07-18 18:00:00,0.0001
2025-07-18 19:00:00,0.0001
2025-07-18 20:00:00,0.0001
2025-07-18 21:00:00,0.0001
2025-07-18 22:00:00,0.0001
2025-07-18 23:00:00,0.0001
2025-07-19 00:00:00,0.0001
2025-07-19 01:00:00,0.0001
2025-07-19 02:00:00,0.0001
2025-07-19 03:00:00,0.0001
2025-07-19 04:00:00,0.0001
2025-07-19 05:00:00,0.0001
2025-07-19 06:00:00,0.0001
2025-07-19 07:00:00,0.0001
2025-07-19 08:00:00,0.0001
2025-07-19 09:00:00,0.0001
2025-07-19 10:00:00,0.0001
2025-07-19 11:00:00,0.0001
2025-07-19 12:00:00,0.0001
2025-07-19 13:00:00,0.0001
2025-07-19 14:00:00,0.0001
2025-07-19 15:00:00,0.0001
2025-07-19 16:00:00,0.0001
2025-07-19 17:00:00,0.0001
2025-07-19 18:00:00,0.0001
2025-07-19 19:00:00,0.0001
2025-07-19 20:00:00,0.0001
2025-07-19 21:00:00,0.0001
2025-07-19 22:00:00,0.0001
2025-07-19 23:00:00,0.0001
2025-07-20 00:00:00,0.0001
2025-07-20 01:00:00,0.0001
2025-07-20 02:00:00,0.0001
2025-07-20 03:00:00,0.0001
2025-07-20 04:00:00,0.0001
2025-07-20 05:00:00,0.0001
2025-07-20 06:00:00,0.0001
2025-07-20 07:00:00,0.0001
2025-07-20 08:00:00,0.0001
2025-07-20 09:00:00,0.0001
2025-07-20 10:00:00,0.0001
2025-07-20 11:00:00,0.0001
2025-07-20 12:00:00,0.0001
2025-07-20 13:00:00,0.0001
2025-07-20 14:00:00,0.0001
2025-07-20 15:00:00,0.0001
2025-07-20 16:00:00,0.0001
2025-07-20 17:00:00,0.0001
2025-07-20 18:00:00,0.0001
2025-07-20 19:00:00,0.0001
2025-07-20 20:00:00,0.0001
2025-07-20 21:00:00,0.0001
2025-07-20 22:00:00,0.0001
2025-07-20 23:00:00,0.0001
2025-07-21 00:00:00,0.0001
2025-07-21 01:00:00,0.0001
2025-07-21 02:00:00,0.0001
2025-07-21 03:00:00,0.0001
2025-07-21 04:00:00,0.0001
2025-07-21 05:00:00,0.0001
2025-07-21 06:00:00,0.0001
2025-07-21 07:00:00,0.0001
2025-07-21 08:00:00,0.0001
2025-07-21 09:00:00,0.0001
2025-07-21 10:00:00,0.0001
2025-07-21 11:00:00,0.0001
2025-07-21 12:00:00,0.0001
2025-07-21 13:00:00,0.0001
2025-07-21 14:00:00,0.0001
2025-07-21 15:00:00,0.0001
2025-07-21 16:00:00,0.0001
2025-07-21 17:00:00,0.0001
2025-07-21 18:00:00,0.0001
2025-07-21 19:00:00,0.0001
2025-07-21 20:00:00,0.0001
2025-07-21 21:00:00,0.0001
2025-07-21 22:00:00,0.0001
2025-07-21 23:00:00,0.0001
2025-07-22 00:00:00,0.0001
2025-07-22 01:00:00,0.0001
2025-07-22 02:00:00,0.0001
2025-07-22 03:00:00,0.0001
2025-07-22 04:00:00,0.0001
2025-07-22 05:00:00,0.0001
2025-07-22 06:00:00,0.0001
2025-07-22 07:00:00,0.0001
2025-07-22 08:00:00,0.0001
2025-07-22 09:00:00,0.0001
2025-07-22 10:00:00,0.0001
2025-07-22 11:00:00,0.0001
2025-07-22 12:00:00,0.0001
2025-07-22 13:00:00,0.0001
2025-07-22 14:00:00,0.0001
2025-07-22 15:00:00,0.0001
2025-07-22 16:00:00,0.0001
2025-07-22 17:00:00,0.0001
2025-07-22 18:00:00,0.0001
2025-07-22 19:00:00,0.0001
2025-07-22 20:00:00,0.0001
2025-07-22 21:00:00,0.0001
2025-07-22 22:00:00,0.0001
2025-07-22 23:00:00,0.0001
2025-07-23 00:00:00,0.0001
2025-07-23 01:00:00,0.0001
2025-07-23 02:00:00,0.0001
2025-07-23 03:00:00,0.0001
2025-07-23 04:00:00,0.00011431
2025-07-23 05:00:00,0.00011431
2025-07-23 06:00:00,0.00011431
2025-07-23 07:00:00,0.00011431
2025-07-23 08:00:00,0.00011431
2025-07-23 09:00:00,0.00011431
2025-07-23 10:00:00,0.00011431
2025-07-23 11:00:00,0.00011431
2025-07-23 12:00:00,0.0001
2025-07-23 13:00:00,0.0001
2025-07-23 14:00:00,0.0001
2025-07-23 15:00:00,0.0001
2025-07-23 16:00:00,0.0001
2025-07-23 17:00:00,0.0001
2025-07-23 18:00:00,0.0001
2025-07-23 19:00:00,0.0001
2025-07-23 20:00:00,0.0001
2025-07-23 21:00:00,0.0001
2025-07-23 22:00:00,0.0001
2025-07-23 23:00:00,0.0001
2025-07-24 00:00:00,0.0001
2025-07-24 01:00:00,0.0001
2025-07-24 02:00:00,0.0001
2025-07-24 03:00:00,0.0001
2025-07-24 04:00:00,0.0001
2025-07-24 05:00:00,0.0001
2025-07-24 06:00:00,0.0001
2025-07-24 07:00:00,0.0001
2025-07-24 08:00:00,0.0001
2025-07-24 09:00:00,0.0001
2025-07-24 10:00:00,0.0001
2025-07-24 11:00:00,0.0001
2025-07-24 12:00:00,0.0001
2025-07-24 13:00:00,0.0001
2025-07-24 14:00:00,0.0001
2025-07-24 15:00:00,0.0001
2025-07-24 16:00:00,0.0001
2025-07-24 17:00:00,0.0001
2025-07-24 18:00:00,0.0001
2025-07-24 19:00:00,0.0001
2025-07-24 20:00:00,0.0001
2025-07-24 21:00:00,0.0001
2025-07-24 22:00:00,0.0001
2025-07-24 23:00:00,0.0001
2025-07-25 00:00:00,0.0001
2025-07-25 01:00:00,0.0001
2025-07-25 02:00:00,0.0001
2025-07-25 03:00:00,0.0001
2025-07-25 04:00:00,0.0001
2025-07-25 05:00:00,0.0001
2025-07-25 06:00:00,0.0001
2025-07-25 07:00:00,0.0001
2025-07-25 08:00:00,0.0001
2025-07-25 09:00:00,0.0001
2025-07-25 10:00:00,0.0001
2025-07-25 11:00:00,0.0001
2025-07-25 12:00:00,0.0001
2025-07-25 13:00:00,0.0001
2025-07-25 14:00:00,0.0001
2025-07-25 15:00:00,0.0001
2025-07-25 16:00:00,0.0001
2025-07-25 17:00:00,0.0001
2025-07-25 18:00:00,0.0001
2025-07-25 19:00:00,0.0001
2025-07-25 20:00:00,0.0001
2025-07-25 21:00:00,0.0001
2025-07-25 22:00:00,0.0001
2025-07-25 23:00:00,0.0001
2025-07-26 00:00:00,0.0001
2025-07-26 01:00:00,0.0001
2025-07-26 02:00:00,0.0001
2025-07-26 03:00:00,0.0001
2025-07-26 04:00:00,0.0001
2025-07-26 05:00:00,0.0001
2025-07-26 06:00:00,0.0001
2025-07-26 07:00:00,0.0001
2025-07-26 08:00:00,0.0001
2025-07-26 09:00:00,0.0001
2025-07-26 10:00:00,0.0001
2025-07-26 11:00:00,0.0001
2025-07-26 12:00:00,0.0001
2025-07-26 13:00:00,0.0001
2025-07-26 14:00:00,0.0001
2025-07-26 15:00:00,0.0001
2025-07-26 16:00:00,0.0001
2025-07-26 17:00:00,0.0001
2025-07-26 18:00:00,0.0001
2025-07-26 19:00:00,0.0001
2025-07-26 20:00:00,0.0001
2025-07-26 21:00:00,0.0001
2025-07-26 22:00:00,0.0001
2025-07-26 23:00:00,0.0001
2025-07-27 00:00:00,0.0001
2025-07-27 01:00:00,0.0001
2025-07-27 02:00:00,0.0001
2025-07-27 03:00:00,0.0001
2025-07-27 04:00:00,0.0001
2025-07-27 05:00:00,0.0001
2025-07-27 06:00:00,0.0001
2025-07-27 07:00:00,0.0001
2025-07-27 08:00:00,0.0001
2025-07-27 09:00:00,0.0001
2025-07-27 10:00:00,0.0001
2025-07-27 11:00:00,0.0001
2025-07-27 12:00:00,0.0001
2025-07-27 13:00:00,0.0001
2025-07-27 14:00:00,0.0001
2025-07-27 15:00:00,0.0001
2025-07-27 16:00:00,0.0001
2025-07-27 17:00:00,0.0001
2025-07-27 18:00:00,0.0001
2025-07-27 19:00:00,0.0001
2025-07-27 20:00:00,0.0001
2025-07-27 21:00:00,0.0001
2025-07-27 22:00:00,0.0001
2025-07-27 23:00:00,0.0001
2025-07-28 00:00:00,0.0001
2025-07-28 01:00:00,0.0001
2025-07-28 02:00:00,0.0001
2025-07-28 03:00:00,0.0001
2025-07-28 04:00:00,0.0001
2025-07-28 05:00:00,0.0001
2025-07-28 06:00:00,0.0001
2025-07-28 07:00:00,0.0001
2025-07-28 08:00:00,0.0001
2025-07-28 09:00:00,0.0001
2025-07-28 10:00:00,0.0001
2025-07-28 11:00:00,0.0001
2025-07-28 12:00:00,0.0001
2025-07-28 13:00:00,0.0001
2025-07-28 14:00:00,0.0001
2025-07-28 15:00:00,0.0001
2025-07-28 16:00:00,0.0001
2025-07-28 17:00:00,0.0001
2025-07-28 18:00:00,0.0001
2025-07-28 19:00:00,0.0001
2025-07-28 20:00:00,0.0001
2025-07-28 21:00:00,0.0001
2025-07-28 22:00:00,0.0001
2025-07-28 23:00:00,0.0001
2025-07-29 00:00:00,0.0001
2025-07-29 01:00:00,0.0001
2025-07-29 02:00:00,0.0001
2025-07-29 03:00:00,0.0001
2025-07-29 04:00:00,0.0001
2025-07-29 05:00:00,0.0001
2025-07-29 06:00:00,0.0001
2025-07-29 07:00:00,0.0001
2025-07-29 08:00:00,0.0001
2025-07-29 09:00:00,0.0001
2025-07-29 10:00:00,0.0001
2025-07-29 11:00:00,0.0001
2025-07-29 12:00:00,0.0001
2025-07-29 13:00:00,0.0001
2025-07-29 14:00:00,0.0001
2025-07-29 15:00:00,0.0001
2025-07-29 16:00:00,0.0001
2025-07-29 17:00:00,0.0001
2025-07-29 18:00:00,0.0001
2025-07-29 19:00:00,0.0001
2025-07-29 20:00:00,0.0001
2025-07-29 21:00:00,0.0001
2025-07-29 22:00:00,0.0001
2025-07-29 23:00:00,0.0001
2025-07-30 00:00:00,0.0001
2025-07-30 01:00:00,0.0001
2025-07-30 02:00:00,0.0001
2025-07-30 03:00:00,0.0001
2025-07-30 04:00:00,0.0001
2025-07-30 05:00:00,0.0001
2025-07-30 06:00:00,0.0001
2025-07-30 07:00:00,0.0001
2025-07-30 08:00:00,0.0001
2025-07-30 09:00:00,0.0001
2025-07-30 10:00:00,0.0001
2025-07-30 11:00:00,0.0001
2025-07-30 12:00:00,0.0001
2025-07-30 13:00:00,0.0001
2025-07-30 14:00:00,0.0001
2025-07-30 15:00:00,0.0001
2025-07-30 16:00:00,0.0001
2025-07-30 17:00:00,0.0001
2025-07-30 18:00:00,0.0001
2025-07-30 19:00:00,0.0001
2025-07-30 20:00:00,0.0001
2025-07-30 21:00:00,0.0001
2025-07-30 22:00:00,0.0001
2025-07-30 23:00:00,0.0001
2025-07-31 00:00:00,0.0001
2025-07-31 01:00:00,0.0001
2025-07-31 02:00:00,0.0001
2025-07-31 03:00:00,0.0001
2025-07-31 04:00:00,0.0001
2025-07-31 05:00:00,0.0001
2025-07-31 06:00:00,0.0001
2025-07-31 07:00:00,0.0001
2025-07-31 08:00:00,0.0001
2025-07-31 09:00:00,0.0001
2025-07-31 10:00:00,0.0001
2025-07-31 11:00:00,0.0001
2025-07-31 12:00:00,0.0001
2025-07-31 13:00:00,0.0001
2025-07-31 14:00:00,0.0001
2025-07-31 15:00:00,0.0001
2025-07-31 16:00:00,0.0001
2025-07-31 17:00:00,0.0001
2025-07-31 18:00:00,0.0001
2025-07-31 19:00:00,0.0001
2025-07-31 20:00:00,0.0001
2025-07-31 21:00:00,0.0001
2025-07-31 22:00:00,0.0001
2025-07-31 23:00:00,0.0001
2025-08-01 00:00:00,0.0001
2025-08-01 01:00:00,0.0001
2025-08-01 02:00:00,0.0001
2025-08-01 03:00:00,0.0001
2025-08-01 04:00:00,-1.656e-05
2025-08-01 05:00:00,-1.656e-05
2025-08-01 06:00:00,-1.656e-05
2025-08-01 07:00:00,-1.656e-05
2025-08-01 08:00:00,-1.656e-05
2025-08-01 09:00:00,-1.656e-05
2025-08-01 10:00:00,-1.656e-05
2025-08-01 11:00:00,-1.656e-05
2025-08-01 12:00:00,-6.328e-05
2025-08-01 13:00:00,-6.328e-05
2025-08-01 14:00:00,-6.328e-05
2025-08-01 15:00:00,-6.328e-05
2025-08-01 16:00:00,-6.328e-05
2025-08-01 17:00:00,-6.328e-05
2025-08-01 18:00:00,-6.328e-05
2025-08-01 19:00:00,-6.328e-05
2025-08-01 20:00:00,3.78e-05
2025-08-01 21:00:00,3.78e-05
2025-08-01 22:00:00,3.78e-05
2025-08-01 23:00:00,3.78e-05
2025-08-02 00:00:00,3.78e-05
2025-08-02 01:00:00,3.78e-05
2025-08-02 02:00:00,3.78e-05
2025-08-02 03:00:00,3.78e-05
2025-08-02 04:00:00,0.0001
2025-08-02 05:00:00,0.0001
2025-08-02 06:00:00,0.0001
2025-08-02 07:00:00,0.0001
2025-08-02 08:00:00,0.0001
2025-08-02 09:00:00,0.0001
2025-08-02 10:00:00,0.0001
2025-08-02 11:00:00,0.0001
2025-08-02 12:00:00,0.0001
2025-08-02 13:00:00,0.0001
2025-08-02 14:00:00,0.0001
2025-08-02 15:00:00,0.0001
2025-08-02 16:00:00,0.0001
2025-08-02 17:00:00,0.0001
2025-08-02 18:00:00,0.0001
2025-08-02 19:00:00,0.0001
2025-08-02 20:00:00,0.0001
2025-08-02 21:00:00,0.0001
2025-08-02 22:00:00,0.0001
2025-08-02 23:00:00,0.0001
2025-08-03 00:00:00,0.0001
2025-08-03 01:00:00,0.0001
2025-08-03 02:00:00,0.0001
2025-08-03 03:00:00,0.0001
2025-08-03 04:00:00,0.0001
2025-08-03 05:00:00,0.0001
2025-08-03 06:00:00,0.0001
2025-08-03 07:00:00,0.0001
2025-08-03 08:00:00,0.0001
2025-08-03 09:00:00,0.0001
2025-08-03 10:00:00,0.0001
2025-08-03 11:00:00,0.0001
2025-08-03 12:00:00,0.0001
2025-08-03 13:00:00,0.0001
2025-08-03 14:00:00,0.0001
2025-08-03 15:00:00,0.0001
2025-08-03 16:00:00,0.0001
2025-08-03 17:00:00,0.0001
2025-08-03 18:00:00,0.0001
2025-08-03 19:00:00,0.0001
2025-08-03 20:00:00,7.948e-05
2025-08-03 21:00:00,7.948e-05
2025-08-03 22:00:00,7.948e-05
2025-08-03 23:00:00,7.948e-05
2025-08-04 00:00:00,7.948e-05
2025-08-04 01:00:00,7.948e-05
2025-08-04 02:00:00,7.948e-05
2025-08-04 03:00:00,7.948e-05
2025-08-04 04:00:00,4.923e-05
2025-08-04 05:00:00,4.923e-05
2025-08-04 06:00:00,4.923e-05
2025-08-04 07:00:00,4.923e-05
2025-08-04 08:00:00,4.923e-05
2025-08-04 09:00:00,4.923e-05
2025-08-04 10:00:00,4.923e-05
2025-08-04 11:00:00,4.923e-05
2025-08-04 12:00:00,5.76e-05
2025-08-04 13:00:00,5.76e-05
2025-08-04 14:00:00,5.76e-05
2025-08-04 15:00:00,5.76e-05
2025-08-04 16:00:00,5.76e-05
2025-08-04 17:00:00,5.76e-05
2025-08-04 18:00:00,5.76e-05
2025-08-04 19:00:00,5.76e-05
2025-08-04 20:00:00,1.817e-05
2025-08-04 21:00:00,1.817e-05
2025-08-04 22:00:00,1.817e-05
2025-08-04 23:00:00,1.817e-05
2025-08-05 00:00:00,1.817e-05
2025-08-05 01:00:00,1.817e-05
2025-08-05 02:00:00,1.817e-05
2025-08-05 03:00:00,1.817e-05
2025-08-05 04:00:00,7.602e-05
2025-08-05 05:00:00,7.602e-05
2025-08-05 06:00:00,7.602e-05
2025-08-05 07:00:00,7.602e-05
2025-08-05 08:00:00,7.602e-05
2025-08-05 09:00:00,7.602e-05
2025-08-05 10:00:00,7.602e-05
2025-08-05 11:00:00,7.602e-05
2025-08-05 12:00:00,0.0001
2025-08-05 13:00:00,0.0001
2025-08-05 14:00:00,0.0001
2025-08-05 15:00:00,0.0001
2025-08-05 16:00:00,0.0001
2025-08-05 17:00:00,0.0001
2025-08-05 18:00:00,0.0001
2025-08-05 19:00:00,0.0001
2025-08-05 20:00:00,4.579e-05
2025-08-05 21:00:00,4.579e-05
2025-08-05 22:00:00,4.579e-05
2025-08-05 23:00:00,4.579e-05
2025-08-06 00:00:00,4.579e-05
2025-08-06 01:00:00,4.579e-05
2025-08-06 02:00:00,4.579e-05
2025-08-06 03:00:00,4.579e-05
2025-08-06 04:00:00,0.0001
2025-08-06 05:00:00,0.0001
2025-08-06 06:00:00,0.0001
2025-08-06 07:00:00,0.0001
2025-08-06 08:00:00,0.0001
2025-08-06 09:00:00,0.0001
2025-08-06 10:00:00,0.0001
2025-08-06 11:00:00,0.0001
2025-08-06 12:00:00,0.0001
2025-08-06 13:00:00,0.0001
2025-08-06 14:00:00,0.0001
2025-08-06 15:00:00,0.0001
2025-08-06 16:00:00,0.0001
2025-08-06 17:00:00,0.0001
2025-08-06 18:00:00,0.0001
2025-08-06 19:00:00,0.0001
2025-08-06 20:00:00,8.685e-05
2025-08-06 21:00:00,8.685e-05
2025-08-06 22:00:00,8.685e-05
2025-08-06 23:00:00,8.685e-05
2025-08-07 00:00:00,8.685e-05
2025-08-07 01:00:00,8.685e-05
2025-08-07 02:00:00,8.685e-05
2025-08-07 03:00:00,8.685e-05
2025-08-07 04:00:00,7.728e-05
2025-08-07 05:00:00,7.728e-05
2025-08-07 06:00:00,7.728e-05
2025-08-07 07:00:00,7.728e-05
2025-08-07 08:00:00,7.728e-05
2025-08-07 09:00:00,7.728e-05
2025-08-07 10:00:00,7.728e-05
2025-08-07 11:00:00,7.728e-05
2025-08-07 12:00:00,9.173e-05
2025-08-07 13:00:00,9.173e-05
2025-08-07 14:00:00,9.173e-05
2025-08-07 15:00:00,9.173e-05
2025-08-07 16:00:00,9.173e-05
2025-08-07 17:00:00,9.173e-05
2025-08-07 18:00:00,9.173e-05
2025-08-07 19:00:00,9.173e-05
2025-08-07 20:00:00,1.388e-05
2025-08-07 21:00:00,1.388e-05
2025-08-07 22:00:00,1.388e-05
2025-08-07 23:00:00,1.388e-05
2025-08-08 00:00:00,1.388e-05
2025-08-08 01:00:00,1.388e-05
2025-08-08 02:00:00,1.388e-05
2025-08-08 03:00:00,1.388e-05
2025-08-08 04:00:00,-3.108e-05
2025-08-08 05:00:00,-3.108e-05
2025-08-08 06:00:00,-3.108e-05
2025-08-08 07:00:00,-3.108e-05
2025-08-08 08:00:00,-3.108e-05
2025-08-08 09:00:00,-3.108e-05
2025-08-08 10:00:00,-3.108e-05
2025-08-08 11:00:00,-3.108e-05
2025-08-08 12:00:00,3.508e-05
2025-08-08 13:00:00,3.508e-05
2025-08-08 14:00:00,3.508e-05
2025-08-08 15:00:00,3.508e-05
2025-08-08 16:00:00,3.508e-05
2025-08-08 17:00:00,3.508e-05
2025-08-08 18:00:00,3.508e-05
2025-08-08 19:00:00,3.508e-05
2025-08-08 20:00:00,8.916e-05
2025-08-08 21:00:00,8.916e-05
2025-08-08 22:00:00,8.916e-05
2025-08-08 23:00:00,8.916e-05
2025-08-09 00:00:00,8.916e-05
2025-08-09 01:00:00,8.916e-05
2025-08-09 02:00:00,8.916e-05
2025-08-09 03:00:00,8.916e-05
2025-08-09 04:00:00,2.37e-06
2025-08-09 05:00:00,2.37e-06
2025-08-09 06:00:00,2.37e-06
2025-08-09 07:00:00,2.37e-06
2025-08-09 08:00:00,2.37e-06
2025-08-09 09:00:00,2.37e-06
2025-08-09 10:00:00,2.37e-06
2025-08-09 11:00:00,2.37e-06
2025-08-09 12:00:00,7.59e-05
2025-08-09 13:00:00,7.59e-05
2025-08-09 14:00:00,7.59e-05
2025-08-09 15:00:00,7.59e-05
2025-08-09 16:00:00,7.59e-05
2025-08-09 17:00:00,7.59e-05
2025-08-09 18:00:00,7.59e-05
2025-08-09 19:00:00,7.59e-05
2025-08-09 20:00:00,-3.166e-05
2025-08-09 21:00:00,-3.166e-05
2025-08-09 22:00:00,-3.166e-05
2025-08-09 23:00:00,-3.166e-05
2025-08-10 00:00:00,-3.166e-05
2025-08-10 01:00:00,-3.166e-05
2025-08-10 02:00:00,-3.166e-05
2025-08-10 03:00:00,-3.166e-05
2025-08-10 04:00:00,1.96e-06
2025-08-10 05:00:00,1.96e-06
2025-08-10 06:00:00,1.96e-06
2025-08-10 07:00:00,1.96e-06
2025-08-10 08:00:00,1.96e-06
2025-08-10 09:00:00,1.96e-06
2025-08-10 10:00:00,1.96e-06
2025-08-10 11:00:00,1.96e-06
2025-08-10 12:00:00,0.0001
2025-08-10 13:00:00,0.0001
2025-08-10 14:00:00,0.0001
2025-08-10 15:00:00,0.0001
2025-08-10 16:00:00,0.0001
2025-08-10 17:00:00,0.0001
2025-08-10 18:00:00,0.0001
2025-08-10 19:00:00,0.0001
2025-08-10 20:00:00,0.0001
2025-08-10 21:00:00,0.0001
2025-08-10 22:00:00,0.0001
2025-08-10 23:00:00,0.0001
2025-08-11 00:00:00,0.0001
2025-08-11 01:00:00,0.0001
2025-08-11 02:00:00,0.0001
2025-08-11 03:00:00,0.0001
2025-08-11 04:00:00,0.0001
2025-08-11 05:00:00,0.0001
2025-08-11 06:00:00,0.0001
2025-08-11 07:00:00,0.0001
2025-08-11 08:00:00,0.0001
2025-08-11 09:00:00,0.0001
2025-08-11 10:00:00,0.0001
2025-08-11 11:00:00,0.0001
2025-08-11 12:00:00,0.0001
2025-08-11 13:00:00,0.0001
2025-08-11 14:00:00,0.0001
2025-08-11 15:00:00,0.0001
2025-08-11 16:00:00,0.0001
2025-08-11 17:00:00,0.0001
2025-08-11 18:00:00,0.0001
2025-08-11 19:00:00,0.0001
2025-08-11 20:00:00,0.0001
2025-08-11 21:00:00,0.0001
2025-08-11 22:00:00,0.0001
2025-08-11 23:00:00,0.0001
2025-08-12 00:00:00,0.0001
2025-08-12 01:00:00,0.0001
2025-08-12 02:00:00,0.0001
2025-08-12 03:00:00,0.0001
2025-08-12 04:00:00,0.0001
2025-08-12 05:00:00,0.0001
2025-08-12 06:00:00,0.0001
2025-08-12 07:00:00,0.0001
2025-08-12 08:00:00,0.0001
2025-08-12 09:00:00,0.0001
2025-08-12 10:00:00,0.0001
2025-08-12 11:00:00,0.0001
2025-08-12 12:00:00,0.0001
2025-08-12 13:00:00,0.0001
2025-08-12 14:00:00,0.0001
2025-08-12 15:00:00,0.0001
2025-08-12 16:00:00,0.0001
2025-08-12 17:00:00,0.0001
2025-08-12 18:00:00,0.0001
2025-08-12 19:00:00,0.0001
2025-08-12 20:00:00,3.101e-05
2025-08-12 21:00:00,3.101e-05
2025-08-12 22:00:00,3.101e-05
2025-08-12 23:00:00,3.101e-05
2025-08-13 00:00:00,3.101e-05
2025-08-13 01:00:00,3.101e-05
2025-08-13 02:00:00,3.101e-05
2025-08-13 03:00:00,3.101e-05
2025-08-13 04:00:00,0.0001
2025-08-13 05:00:00,0.0001
2025-08-13 06:00:00,0.0001
2025-08-13 07:00:00,0.0001
2025-08-13 08:00:00,0.0001
2025-08-13 09:00:00,0.0001
2025-08-13 10:00:00,0.0001
2025-08-13 11:00:00,0.0001
2025-08-13 12:00:00,0.0001
2025-08-13 13:00:00,0.0001
2025-08-13 14:00:00,0.0001
2025-08-13 15:00:00,0.0001
2025-08-13 16:00:00,0.0001
2025-08-13 17:00:00,0.0001
2025-08-13 18:00:00,0.0001
2025-08-13 19:00:00,0.0001
2025-08-13 20:00:00,0.0001
2025-08-13 21:00:00,0.0001
2025-08-13 22:00:00,0.0001
2025-08-13 23:00:00,0.0001
2025-08-14 00:00:00,0.0001
2025-08-14 01:00:00,0.0001
2025-08-14 02:00:00,0.0001
2025-08-14 03:00:00,0.0001
2025-08-14 04:00:00,0.0001
2025-08-14 05:00:00,0.0001
2025-08-14 06:00:00,0.0001
2025-08-14 07:00:00,0.0001
2025-08-14 08:00:00,0.0001
2025-08-14 09:00:00,0.0001
2025-08-14 10:00:00,0.0001
2025-08-14 11:00:00,0.0001
2025-08-14 12:00:00,0.0001
2025-08-14 13:00:00,0.0001
2025-08-14 14:00:00,0.0001
2025-08-14 15:00:00,0.0001
2025-08-14 16:00:00,0.0001
2025-08-14 17:00:00,0.0001
2025-08-14 18:00:00,0.0001
2025-08-14 19:00:00,0.0001
2025-08-14 20:00:00,0.0001
2025-08-14 21:00:00,0.0001
2025-08-14 22:00:00,0.0001
2025-08-14 23:00:00,0.0001
2025-08-15 00:00:00,0.0001
2025-08-15 01:00:00,0.0001
2025-08-15 02:00:00,0.0001
2025-08-15 03:00:00,0.0001
2025-08-15 04:00:00,9.395e-05
2025-08-15 05:00:00,9.395e-05
2025-08-15 06:00:00,9.395e-05
2025-08-15 07:00:00,9.395e-05
2025-08-15 08:00:00,9.395e-05
2025-08-15 09:00:00,9.395e-05
2025-08-15 10:00:00,9.395e-05
2025-08-15 11:00:00,9.395e-05
2025-08-15 12:00:00,0.0001
2025-08-15 13:00:00,0.0001
2025-08-15 14:00:00,0.0001
2025-08-15 15:00:00,0.0001
2025-08-15 16:00:00,0.0001
2025-08-15 17:00:00,0.0001
2025-08-15 18:00:00,0.0001
2025-08-15 19:00:00,0.0001
2025-08-15 20:00:00,0.0001
2025-08-15 21:00:00,0.0001
2025-08-15 22:00:00,0.0001
2025-08-15 23:00:00,0.0001
2025-08-16 00:00:00,0.0001
2025-08-16 01:00:00,0.0001
2025-08-16 02:00:00,0.0001
2025-08-16 03:00:00,0.0001
2025-08-16 04:00:00,3.229e-05
2025-08-16 05:00:00,3.229e-05
2025-08-16 06:00:00,3.229e-05
2025-08-16 07:00:00,3.229e-05
2025-08-16 08:00:00,3.229e-05
2025-08-16 09:00:00,3.229e-05
2025-08-16 10:00:00,3.229e-05
2025-08-16 11:00:00,3.229e-05
2025-08-16 12:00:00,5.518e-05
2025-08-16 13:00:00,5.518e-05
2025-08-16 14:00:00,5.518e-05
2025-08-16 15:00:00,5.518e-05
2025-08-16 16:00:00,5.518e-05
2025-08-16 17:00:00,5.518e-05
2025-08-16 18:00:00,5.518e-05
2025-08-16 19:00:00,5.518e-05
2025-08-16 20:00:00,5.028e-05
2025-08-16 21:00:00,5.028e-05
2025-08-16 22:00:00,5.028e-05
2025-08-16 23:00:00,5.028e-05
2025-08-17 00:00:00,5.028e-05
2025-08-17 01:00:00,5.028e-05
2025-08-17 02:00:00,5.028e-05
2025-08-17 03:00:00,5.028e-05
2025-08-17 04:00:00,-7.25e-06
2025-08-17 05:00:00,-7.25e-06
2025-08-17 06:00:00,-7.25e-06
2025-08-17 07:00:00,-7.25e-06
2025-08-17 08:00:00,-7.25e-06
2025-08-17 09:00:00,-7.25e-06
2025-08-17 10:00:00,-7.25e-06
2025-08-17 11:00:00,-7.25e-06
2025-08-17 12:00:00,6.699e-05
2025-08-17 13:00:00,6.699e-05
2025-08-17 14:00:00,6.699e-05
2025-08-17 15:00:00,6.699e-05
2025-08-17 16:00:00,6.699e-05
2025-08-17 17:00:00,6.699e-05
2025-08-17 18:00:00,6.699e-05
2025-08-17 19:00:00,6.699e-05
2025-08-17 20:00:00,6.233e-05
2025-08-17 21:00:00,6.233e-05
2025-08-17 22:00:00,6.233e-05
2025-08-17 23:00:00,6.233e-05
2025-08-18 00:00:00,6.233e-05
2025-08-18 01:00:00,6.233e-05
2025-08-18 02:00:00,6.233e-05
2025-08-18 03:00:00,6.233e-05
2025-08-18 04:00:00,0.0001
2025-08-18 05:00:00,0.0001
2025-08-18 06:00:00,0.0001
2025-08-18 07:00:00,0.0001
2025-08-18 08:00:00,0.0001
2025-08-18 09:00:00,0.0001
2025-08-18 10:00:00,0.0001
2025-08-18 11:00:00,0.0001
2025-08-18 12:00:00,9.278e-05
2025-08-18 13:00:00,9.278e-05
2025-08-18 14:00:00,9.278e-05
2025-08-18 15:00:00,9.278e-05
2025-08-18 16:00:00,9.278e-05
2025-08-18 17:00:00,9.278e-05
2025-08-18 18:00:00,9.278e-05
2025-08-18 19:00:00,9.278e-05
2025-08-18 20:00:00,2.41e-05
2025-08-18 21:00:00,2.41e-05
2025-08-18 22:00:00,2.41e-05
2025-08-18 23:00:00,2.41e-05
2025-08-19 00:00:00,2.41e-05
2025-08-19 01:00:00,2.41e-05
2025-08-19 02:00:00,2.41e-05
2025-08-19 03:00:00,2.41e-05
2025-08-19 04:00:00,5.472e-05
2025-08-19 05:00:00,5.472e-05
2025-08-19 06:00:00,5.472e-05
2025-08-19 07:00:00,5.472e-05
2025-08-19 08:00:00,5.472e-05
2025-08-19 09:00:00,5.472e-05
2025-08-19 10:00:00,5.472e-05
2025-08-19 11:00:00,5.472e-05
2025-08-19 12:00:00,-9.7e-06
2025-08-19 13:00:00,-9.7e-06
2025-08-19 14:00:00,-9.7e-06
2025-08-19 15:00:00,-9.7e-06
2025-08-19 16:00:00,-9.7e-06
2025-08-19 17:00:00,-9.7e-06
2025-08-19 18:00:00,-9.7e-06
2025-08-19 19:00:00,-9.7e-06
2025-08-19 20:00:00,2.078e-05
2025-08-19 21:00:00,2.078e-05
2025-08-19 22:00:00,2.078e-05
2025-08-19 23:00:00,2.078e-05
2025-08-20 00:00:00,2.078e-05
2025-08-20 01:00:00,2.078e-05
2025-08-20 02:00:00,2.078e-05
2025-08-20 03:00:00,2.078e-05
2025-08-20 04:00:00,0.0001
2025-08-20 05:00:00,0.0001
2025-08-20 06:00:00,0.0001
2025-08-20 07:00:00,0.0001
2025-08-20 08:00:00,0.0001
2025-08-20 09:00:00,0.0001
2025-08-20 10:00:00,0.0001
2025-08-20 11:00:00,0.0001
2025-08-20 12:00:00,0.0001
2025-08-20 13:00:00,0.0001
2025-08-20 14:00:00,0.0001
2025-08-20 15:00:00,0.0001
2025-08-20 16:00:00,0.0001
2025-08-20 17:00:00,0.0001
2025-08-20 18:00:00,0.0001
2025-08-20 19:00:00,0.0001
2025-08-20 20:00:00,0.0001
2025-08-20 21:00:00,0.0001
2025-08-20 22:00:00,0.0001
2025-08-20 23:00:00,0.0001
2025-08-21 00:00:00,0.0001
2025-08-21 01:00:00,0.0001
2025-08-21 02:00:00,0.0001
2025-08-21 03:00:00,0.0001
2025-08-21 04:00:00,8.933e-05
2025-08-21 05:00:00,8.933e-05
2025-08-21 06:00:00,8.933e-05
2025-08-21 07:00:00,8.933e-05
2025-08-21 08:00:00,8.933e-05
2025-08-21 09:00:00,8.933e-05
2025-08-21 10:00:00,8.933e-05
2025-08-21 11:00:00,8.933e-05
2025-08-21 12:00:00,0.0001
2025-08-21 13:00:00,0.0001
2025-08-21 14:00:00,0.0001
2025-08-21 15:00:00,0.0001
2025-08-21 16:00:00,0.0001
2025-08-21 17:00:00,0.0001
2025-08-21 18:00:00,0.0001
2025-08-21 19:00:00,0.0001
2025-08-21 20:00:00,0.0001
2025-08-21 21:00:00,0.0001
2025-08-21 22:00:00,0.0001
2025-08-21 23:00:00,0.0001
2025-08-22 00:00:00,0.0001
2025-08-22 01:00:00,0.0001
2025-08-22 02:00:00,0.0001
2025-08-22 03:00:00,0.0001
2025-08-22 04:00:00,7.466e-05
2025-08-22 05:00:00,7.466e-05
2025-08-22 06:00:00,7.466e-05
2025-08-22 07:00:00,7.466e-05
2025-08-22 08:00:00,7.466e-05
2025-08-22 09:00:00,7.466e-05
2025-08-22 10:00:00,7.466e-05
2025-08-22 11:00:00,7.466e-05
2025-08-22 12:00:00,0.0001
2025-08-22 13:00:00,0.0001
2025-08-22 14:00:00,0.0001
2025-08-22 15:00:00,0.0001
2025-08-22 16:00:00,0.0001
2025-08-22 17:00:00,0.0001
2025-08-22 18:00:00,0.0001
2025-08-22 19:00:00,0.0001
2025-08-22 20:00:00,7.665e-05
2025-08-22 21:00:00,7.665e-05
2025-08-22 22:00:00,7.665e-05
2025-08-22 23:00:00,7.665e-05
2025-08-23 00:00:00,7.665e-05
2025-08-23 01:00:00,7.665e-05
2025-08-23 02:00:00,7.665e-05
2025-08-23 03:00:00,7.665e-05
2025-08-23 04:00:00,0.0001
2025-08-23 05:00:00,0.0001
2025-08-23 06:00:00,0.0001
2025-08-23 07:00:00,0.0001
2025-08-23 08:00:00,0.0001
2025-08-23 09:00:00,0.0001
2025-08-23 10:00:00,0.0001
2025-08-23 11:00:00,0.0001
2025-08-23 12:00:00,0.0001
2025-08-23 13:00:00,0.0001
2025-08-23 14:00:00,0.0001
2025-08-23 15:00:00,0.0001
2025-08-23 16:00:00,0.0001
2025-08-23 17:00:00,0.0001
2025-08-23 18:00:00,0.0001
2025-08-23 19:00:00,0.0001
2025-08-23 20:00:00,0.0001
2025-08-23 21:00:00,0.0001
2025-08-23 22:00:00,0.0001
2025-08-23 23:00:00,0.0001
2025-08-24 00:00:00,0.0001
2025-08-24 01:00:00,0.0001
2025-08-24 02:00:00,0.0001
2025-08-24 03:00:00,0.0001
2025-08-24 04:00:00,0.0001
2025-08-24 05:00:00,0.0001
2025-08-24 06:00:00,0.0001
2025-08-24 07:00:00,0.0001
2025-08-24 08:00:00,0.0001
2025-08-24 09:00:00,0.0001
2025-08-24 10:00:00,0.0001
2025-08-24 11:00:00,0.0001
2025-08-24 12:00:00,0.0001
2025-08-24 13:00:00,0.0001
2025-08-24 14:00:00,0.0001
2025-08-24 15:00:00,0.0001
2025-08-24 16:00:00,0.0001
2025-08-24 17:00:00,0.0001
2025-08-24 18:00:00,0.0001
2025-08-24 19:00:00,0.0001
2025-08-24 20:00:00,0.0001
2025-08-24 21:00:00,0.0001
2025-08-24 22:00:00,0.0001
2025-08-24 23:00:00,0.0001
2025-08-25 00:00:00,0.0001
2025-08-25 01:00:00,0.0001
2025-08-25 02:00:00,0.0001
2025-08-25 03:00:00,0.0001
2025-08-25 04:00:00,0.0001
2025-08-25 05:00:00,0.0001
2025-08-25 06:00:00,0.0001
2025-08-25 07:00:00,0.0001
2025-08-25 08:00:00,0.0001
2025-08-25 09:00:00,0.0001
2025-08-25 10:00:00,0.0001
2025-08-25 11:00:00,0.0001
2025-08-25 12:00:00,0.0001
2025-08-25 13:00:00,0.0001
2025-08-25 14:00:00,0.0001
2025-08-25 15:00:00,0.0001
2025-08-25 16:00:00,0.0001
2025-08-25 17:00:00,0.0001
2025-08-25 18:00:00,0.0001
2025-08-25 19:00:00,0.0001
2025-08-25 20:00:00,0.0001
2025-08-25 21:00:00,0.0001
2025-08-25 22:00:00,0.0001
2025-08-25 23:00:00,0.0001
2025-08-26 00:00:00,0.0001
2025-08-26 01:00:00,0.0001
2025-08-26 02:00:00,0.0001
2025-08-26 03:00:00,0.0001
2025-08-26 04:00:00,0.0001
2025-08-26 05:00:00,0.0001
2025-08-26 06:00:00,0.0001
2025-08-26 07:00:00,0.0001
2025-08-26 08:00:00,0.0001
2025-08-26 09:00:00,0.0001
2025-08-26 10:00:00,0.0001
2025-08-26 11:00:00,0.0001
2025-08-26 12:00:00,0.0001
2025-08-26 13:00:00,0.0001
2025-08-26 14:00:00,0.0001
2025-08-26 15:00:00,0.0001
2025-08-26 16:00:00,0.0001
2025-08-26 17:00:00,0.0001
2025-08-26 18:00:00,0.0001
2025-08-26 19:00:00,0.0001
2025-08-26 20:00:00,0.0001
2025-08-26 21:00:00,0.0001
2025-08-26 22:00:00,0.0001
2025-08-26 23:00:00,0.0001
2025-08-27 00:00:00,0.0001
2025-08-27 01:00:00,0.0001
2025-08-27 02:00:00,0.0001
2025-08-27 03:00:00,0.0001
2025-08-27 04:00:00,0.0001
2025-08-27 05:00:00,0.0001
2025-08-27 06:00:00,0.0001
2025-08-27 07:00:00,0.0001
2025-08-27 08:00:00,0.0001
2025-08-27 09:00:00,0.0001
2025-08-27 10:00:00,0.0001
2025-08-27 11:00:00,0.0001
2025-08-27 12:00:00,0.0001
2025-08-27 13:00:00,0.0001
2025-08-27 14:00:00,0.0001
2025-08-27 15:00:00,0.0001
2025-08-27 16:00:00,0.0001
2025-08-27 17:00:00,0.0001
2025-08-27 18:00:00,0.0001
2025-08-27 19:00:00,0.0001
2025-08-27 20:00:00,4.016e-05
2025-08-27 21:00:00,4.016e-05
2025-08-27 22:00:00,4.016e-05
2025-08-27 23:00:00,4.016e-05
2025-08-28 00:00:00,4.016e-05
2025-08-28 01:00:00,4.016e-05
2025-08-28 02:00:00,4.016e-05
2025-08-28 03:00:00,4.016e-05
2025-08-28 04:00:00,3.951e-05
2025-08-28 05:00:00,3.951e-05
2025-08-28 06:00:00,3.951e-05
2025-08-28 07:00:00,3.951e-05
2025-08-28 08:00:00,3.951e-05
2025-08-28 09:00:00,3.951e-05
2025-08-28 10:00:00,3.951e-05
2025-08-28 11:00:00,3.951e-05
2025-08-28 12:00:00,8.813e-05
2025-08-28 13:00:00,8.813e-05
2025-08-28 14:00:00,8.813e-05
2025-08-28 15:00:00,8.813e-05
2025-08-28 16:00:00,8.813e-05
2025-08-28 17:00:00,8.813e-05
2025-08-28 18:00:00,8.813e-05
2025-08-28 19:00:00,8.813e-05
2025-08-28 20:00:00,7.6e-05
2025-08-28 21:00:00,7.6e-05
2025-08-28 22:00:00,7.6e-05
2025-08-28 23:00:00,7.6e-05
2025-08-29 00:00:00,7.6e-05
2025-08-29 01:00:00,7.6e-05
2025-08-29 02:00:00,7.6e-05
2025-08-29 03:00:00,7.6e-05
2025-08-29 04:00:00,4.099e-05
2025-08-29 05:00:00,4.099e-05
2025-08-29 06:00:00,4.099e-05
2025-08-29 07:00:00,4.099e-05
2025-08-29 08:00:00,4.099e-05
2025-08-29 09:00:00,4.099e-05
2025-08-29 10:00:00,4.099e-05
2025-08-29 11:00:00,4.099e-05
2025-08-29 12:00:00,3.251e-05
2025-08-29 13:00:00,3.251e-05
2025-08-29 14:00:00,3.251e-05
2025-08-29 15:00:00,3.251e-05
2025-08-29 16:00:00,3.251e-05
2025-08-29 17:00:00,3.251e-05
2025-08-29 18:00:00,3.251e-05
2025-08-29 19:00:00,3.251e-05
2025-08-29 20:00:00,4.476e-05
2025-08-29 21:00:00,4.476e-05
2025-08-29 22:00:00,4.476e-05
2025-08-29 23:00:00,4.476e-05
2025-08-30 00:00:00,4.476e-05
2025-08-30 01:00:00,4.476e-05
2025-08-30 02:00:00,4.476e-05
2025-08-30 03:00:00,4.476e-05
2025-08-30 04:00:00,0.0001
2025-08-30 05:00:00,0.0001
2025-08-30 06:00:00,0.0001
2025-08-30 07:00:00,0.0001
2025-08-30 08:00:00,0.0001
2025-08-30 09:00:00,0.0001
2025-08-30 10:00:00,0.0001
2025-08-30 11:00:00,0.0001
2025-08-30 12:00:00,0.0001
2025-08-30 13:00:00,0.0001
2025-08-30 14:00:00,0.0001
2025-08-30 15:00:00,0.0001
2025-08-30 16:00:00,0.0001
2025-08-30 17:00:00,0.0001
2025-08-30 18:00:00,0.0001
2025-08-30 19:00:00,0.0001
2025-08-30 20:00:00,0.0001
2025-08-30 21:00:00,0.0001
2025-08-30 22:00:00,0.0001
2025-08-30 23:00:00,0.0001
2025-08-31 00:00:00,0.0001
2025-08-31 01:00:00,0.0001
2025-08-31 02:00:00,0.0001
2025-08-31 03:00:00,0.0001
2025-08-31 04:00:00,0.0001
2025-08-31 05:00:00,0.0001
2025-08-31 06:00:00,0.0001
2025-08-31 07:00:00,0.0001
2025-08-31 08:00:00,0.0001
2025-08-31 09:00:00,0.0001
2025-08-31 10:00:00,0.0001
2025-08-31 11:00:00,0.0001
2025-08-31 12:00:00,3.706e-05
2025-08-31 13:00:00,3.706e-05
2025-08-31 14:00:00,3.706e-05
2025-08-31 15:00:00,3.706e-05
2025-08-31 16:00:00,3.706e-05
2025-08-31 17:00:00,3.706e-05
2025-08-31 18:00:00,3.706e-05
2025-08-31 19:00:00,3.706e-05
2025-08-31 20:00:00,5.329e-05
2025-08-31 21:00:00,5.329e-05
2025-08-31 22:00:00,5.329e-05
2025-08-31 23:00:00,5.329e-05
2025-09-01 00:00:00,5.329e-05
2025-09-01 01:00:00,5.329e-05
2025-09-01 02:00:00,5.329e-05
2025-09-01 03:00:00,5.329e-05
2025-09-01 04:00:00,4.929e-05
2025-09-01 05:00:00,4.929e-05
2025-09-01 06:00:00,4.929e-05
2025-09-01 07:00:00,4.929e-05
2025-09-01 08:00:00,4.929e-05
2025-09-01 09:00:00,4.929e-05
2025-09-01 10:00:00,4.929e-05
2025-09-01 11:00:00,4.929e-05
2025-09-01 12:00:00,0.0001
2025-09-01 13:00:00,0.0001
2025-09-01 14:00:00,0.0001
2025-09-01 15:00:00,0.0001
2025-09-01 16:00:00,0.0001
2025-09-01 17:00:00,0.0001
2025-09-01 18:00:00,0.0001
2025-09-01 19:00:00,0.0001
2025-09-01 20:00:00,0.0001
2025-09-01 21:00:00,0.0001
2025-09-01 22:00:00,0.0001
2025-09-01 23:00:00,0.0001
2025-09-02 00:00:00,0.0001
2025-09-02 01:00:00,0.0001
2025-09-02 02:00:00,0.0001
2025-09-02 03:00:00,0.0001
2025-09-02 04:00:00,0.0001
2025-09-02 05:00:00,0.0001
2025-09-02 06:00:00,0.0001
2025-09-02 07:00:00,0.0001
2025-09-02 08:00:00,0.0001
2025-09-02 09:00:00,0.0001
2025-09-02 10:00:00,0.0001
2025-09-02 11:00:00,0.0001
2025-09-02 12:00:00,0.0001
2025-09-02 13:00:00,0.0001
2025-09-02 14:00:00,0.0001
2025-09-02 15:00:00,0.0001
2025-09-02 16:00:00,0.0001
2025-09-02 17:00:00,0.0001
2025-09-02 18:00:00,0.0001
2025-09-02 19:00:00,0.0001
2025-09-02 20:00:00,0.0001
2025-09-02 21:00:00,0.0001
2025-09-02 22:00:00,0.0001
2025-09-02 23:00:00,0.0001
2025-09-03 00:00:00,0.0001
2025-09-03 01:00:00,0.0001
2025-09-03 02:00:00,0.0001
2025-09-03 03:00:00,0.0001
2025-09-03 04:00:00,0.0001
2025-09-03 05:00:00,0.0001
2025-09-03 06:00:00,0.0001
2025-09-03 07:00:00,0.0001
2025-09-03 08:00:00,0.0001
2025-09-03 09:00:00,0.0001
2025-09-03 10:00:00,0.0001
2025-09-03 11:00:00,0.0001
2025-09-03 12:00:00,0.0001
2025-09-03 13:00:00,0.0001
2025-09-03 14:00:00,0.0001
2025-09-03 15:00:00,0.0001
2025-09-03 16:00:00,0.0001
2025-09-03 17:00:00,0.0001
2025-09-03 18:00:00,0.0001
2025-09-03 19:00:00,0.0001
2025-09-03 20:00:00,0.0001
2025-09-03 21:00:00,0.0001
2025-09-03 22:00:00,0.0001
2025-09-03 23:00:00,0.0001
2025-09-04 00:00:00,0.0001
2025-09-04 01:00:00,0.0001
2025-09-04 02:00:00,0.0001
2025-09-04 03:00:00,0.0001
2025-09-04 04:00:00,9.011e-05
2025-09-04 05:00:00,9.011e-05
2025-09-04 06:00:00,9.011e-05
2025-09-04 07:00:00,9.011e-05
2025-09-04 08:00:00,9.011e-05
2025-09-04 09:00:00,9.011e-05
2025-09-04 10:00:00,9.011e-05
2025-09-04 11:00:00,9.011e-05
2025-09-04 12:00:00,5.43e-05
2025-09-04 13:00:00,5.43e-05
2025-09-04 14:00:00,5.43e-05
2025-09-04 15:00:00,5.43e-05
2025-09-04 16:00:00,5.43e-05
2025-09-04 17:00:00,5.43e-05
2025-09-04 18:00:00,5.43e-05
2025-09-04 19:00:00,5.43e-05
2025-09-04 20:00:00,5.321e-05
2025-09-04 21:00:00,5.321e-05
2025-09-04 22:00:00,5.321e-05
2025-09-04 23:00:00,5.321e-05
2025-09-05 00:00:00,5.321e-05
2025-09-05 01:00:00,5.321e-05
2025-09-05 02:00:00,5.321e-05
2025-09-05 03:00:00,5.321e-05
2025-09-05 04:00:00,9.591e-05
2025-09-05 05:00:00,9.591e-05
2025-09-05 06:00:00,9.591e-05
2025-09-05 07:00:00,9.591e-05
2025-09-05 08:00:00,9.591e-05
2025-09-05 09:00:00,9.591e-05
2025-09-05 10:00:00,9.591e-05
2025-09-05 11:00:00,9.591e-05
2025-09-05 12:00:00,0.0001
2025-09-05 13:00:00,0.0001
2025-09-05 14:00:00,0.0001
2025-09-05 15:00:00,0.0001
2025-09-05 16:00:00,0.0001
2025-09-05 17:00:00,0.0001
2025-09-05 18:00:00,0.0001
2025-09-05 19:00:00,0.0001
2025-09-05 20:00:00,9.934e-05
2025-09-05 21:00:00,9.934e-05
2025-09-05 22:00:00,9.934e-05
2025-09-05 23:00:00,9.934e-05
2025-09-06 00:00:00,9.934e-05
2025-09-06 01:00:00,9.934e-05
2025-09-06 02:00:00,9.934e-05
2025-09-06 03:00:00,9.934e-05
2025-09-06 04:00:00,8.521e-05
2025-09-06 05:00:00,8.521e-05
2025-09-06 06:00:00,8.521e-05
2025-09-06 07:00:00,8.521e-05
2025-09-06 08:00:00,8.521e-05
2025-09-06 09:00:00,8.521e-05
2025-09-06 10:00:00,8.521e-05
2025-09-06 11:00:00,8.521e-05
2025-09-06 12:00:00,4.635e-05
2025-09-06 13:00:00,4.635e-05
2025-09-06 14:00:00,4.635e-05
2025-09-06 15:00:00,4.635e-05
2025-09-06 16:00:00,4.635e-05
2025-09-06 17:00:00,4.635e-05
2025-09-06 18:00:00,4.635e-05
2025-09-06 19:00:00,4.635e-05
2025-09-06 20:00:00,-8.97e-06
2025-09-06 21:00:00,-8.97e-06
2025-09-06 22:00:00,-8.97e-06
2025-09-06 23:00:00,-8.97e-06
2025-09-07 00:00:00,-8.97e-06
2025-09-07 01:00:00,-8.97e-06
2025-09-07 02:00:00,-8.97e-06
2025-09-07 03:00:00,-8.97e-06
2025-09-07 04:00:00,4.448e-05
2025-09-07 05:00:00,4.448e-05
2025-09-07 06:00:00,4.448e-05
2025-09-07 07:00:00,4.448e-05
2025-09-07 08:00:00,4.448e-05
2025-09-07 09:00:00,4.448e-05
2025-09-07 10:00:00,4.448e-05
2025-09-07 11:00:00,4.448e-05
2025-09-07 12:00:00,0.0001
2025-09-07 13:00:00,0.0001
2025-09-07 14:00:00,0.0001
2025-09-07 15:00:00,0.0001
2025-09-07 16:00:00,0.0001
2025-09-07 17:00:00,0.0001
2025-09-07 18:00:00,0.0001
2025-09-07 19:00:00,0.0001
2025-09-07 20:00:00,7.039e-05
2025-09-07 21:00:00,7.039e-05
2025-09-07 22:00:00,7.039e-05
2025-09-07 23:00:00,7.039e-05
2025-09-08 00:00:00,7.039e-05
2025-09-08 01:00:00,7.039e-05
2025-09-08 02:00:00,7.039e-05
2025-09-08 03:00:00,7.039e-05
2025-09-08 04:00:00,0.0001
2025-09-08 05:00:00,0.0001
2025-09-08 06:00:00,0.0001
2025-09-08 07:00:00,0.0001
2025-09-08 08:00:00,0.0001
2025-09-08 09:00:00,0.0001
2025-09-08 10:00:00,0.0001
2025-09-08 11:00:00,0.0001
2025-09-08 12:00:00,2.857e-05
2025-09-08 13:00:00,2.857e-05
2025-09-08 14:00:00,2.857e-05
2025-09-08 15:00:00,2.857e-05
2025-09-08 16:00:00,2.857e-05
2025-09-08 17:00:00,2.857e-05
2025-09-08 18:00:00,2.857e-05
2025-09-08 19:00:00,2.857e-05
2025-09-08 20:00:00,7.948e-05
2025-09-08 21:00:00,7.948e-05
2025-09-08 22:00:00,7.948e-05
2025-09-08 23:00:00,7.948e-05
2025-09-09 00:00:00,7.948e-05
2025-09-09 01:00:00,7.948e-05
2025-09-09 02:00:00,7.948e-05
2025-09-09 03:00:00,7.948e-05
2025-09-09 04:00:00,2.551e-05
2025-09-09 05:00:00,2.551e-05
2025-09-09 06:00:00,2.551e-05
2025-09-09 07:00:00,2.551e-05
2025-09-09 08:00:00,2.551e-05
2025-09-09 09:00:00,2.551e-05
2025-09-09 10:00:00,2.551e-05
2025-09-09 11:00:00,2.551e-05
2025-09-09 12:00:00,1.604e-05
2025-09-09 13:00:00,1.604e-05
2025-09-09 14:00:00,1.604e-05
2025-09-09 15:00:00,1.604e-05
2025-09-09 16:00:00,1.604e-05
2025-09-09 17:00:00,1.604e-05
2025-09-09 18:00:00,1.604e-05
2025-09-09 19:00:00,1.604e-05
2025-09-09 20:00:00,1.388e-05
2025-09-09 21:00:00,1.388e-05
2025-09-09 22:00:00,1.388e-05
2025-09-09 23:00:00,1.388e-05
2025-09-10 00:00:00,1.388e-05
2025-09-10 01:00:00,1.388e-05
2025-09-10 02:00:00,1.388e-05
2025-09-10 03:00:00,1.388e-05
2025-09-10 04:00:00,3.935e-05
2025-09-10 05:00:00,3.935e-05
2025-09-10 06:00:00,3.935e-05
2025-09-10 07:00:00,3.935e-05
2025-09-10 08:00:00,3.935e-05
2025-09-10 09:00:00,3.935e-05
2025-09-10 10:00:00,3.935e-05
2025-09-10 11:00:00,3.935e-05
2025-09-10 12:00:00,0.0001
2025-09-10 13:00:00,0.0001
2025-09-10 14:00:00,0.0001
2025-09-10 15:00:00,0.0001
2025-09-10 16:00:00,0.0001
2025-09-10 17:00:00,0.0001
2025-09-10 18:00:00,0.0001
2025-09-10 19:00:00,0.0001
2025-09-10 20:00:00,7.774e-05
2025-09-10 21:00:00,7.774e-05
2025-09-10 22:00:00,7.774e-05
2025-09-10 23:00:00,7.774e-05
2025-09-11 00:00:00,7.774e-05
2025-09-11 01:00:00,7.774e-05
2025-09-11 02:00:00,7.774e-05
2025-09-11 03:00:00,7.774e-05
2025-09-11 04:00:00,8.19e-06
2025-09-11 05:00:00,8.19e-06
2025-09-11 06:00:00,8.19e-06
2025-09-11 07:00:00,8.19e-06
2025-09-11 08:00:00,8.19e-06
2025-09-11 09:00:00,8.19e-06
2025-09-11 10:00:00,8.19e-06
2025-09-11 11:00:00,8.19e-06
2025-09-11 12:00:00,4.762e-05
2025-09-11 13:00:00,4.762e-05
2025-09-11 14:00:00,4.762e-05
2025-09-11 15:00:00,4.762e-05
2025-09-11 16:00:00,4.762e-05
2025-09-11 17:00:00,4.762e-05
2025-09-11 18:00:00,4.762e-05
2025-09-11 19:00:00,4.762e-05
2025-09-11 20:00:00,0.0001
2025-09-11 21:00:00,0.0001
2025-09-11 22:00:00,0.0001
2025-09-11 23:00:00,0.0001
2025-09-12 00:00:00,0.0001
2025-09-12 01:00:00,0.0001
2025-09-12 02:00:00,0.0001
2025-09-12 03:00:00,0.0001
2025-09-12 04:00:00,9.416e-05
2025-09-12 05:00:00,9.416e-05
2025-09-12 06:00:00,9.416e-05
2025-09-12 07:00:00,9.416e-05
2025-09-12 08:00:00,9.416e-05
2025-09-12 09:00:00,9.416e-05
2025-09-12 10:00:00,9.416e-05
2025-09-12 11:00:00,9.416e-05
2025-09-12 12:00:00,6.127e-05
2025-09-12 13:00:00,6.127e-05
2025-09-12 14:00:00,6.127e-05
2025-09-12 15:00:00,6.127e-05
2025-09-12 16:00:00,6.127e-05
2025-09-12 17:00:00,6.127e-05
2025-09-12 18:00:00,6.127e-05
2025-09-12 19:00:00,6.127e-05
2025-09-12 20:00:00,9.896e-05
2025-09-12 21:00:00,9.896e-05
2025-09-12 22:00:00,9.896e-05
2025-09-12 23:00:00,9.896e-05
2025-09-13 00:00:00,9.896e-05
2025-09-13 01:00:00,9.896e-05
2025-09-13 02:00:00,9.896e-05
2025-09-13 03:00:00,9.896e-05
2025-09-13 04:00:00,-3.243e-05
2025-09-13 05:00:00,-3.243e-05
2025-09-13 06:00:00,-3.243e-05
2025-09-13 07:00:00,-3.243e-05
2025-09-13 08:00:00,-3.243e-05
2025-09-13 09:00:00,-3.243e-05
2025-09-13 10:00:00,-3.243e-05
2025-09-13 11:00:00,-3.243e-05
2025-09-13 12:00:00,3.148e-05
2025-09-13 13:00:00,3.148e-05
2025-09-13 14:00:00,3.148e-05
2025-09-13 15:00:00,3.148e-05
2025-09-13 16:00:00,3.148e-05
2025-09-13 17:00:00,3.148e-05
2025-09-13 18:00:00,3.148e-05
2025-09-13 19:00:00,3.148e-05
2025-09-13 20:00:00,6.08e-05
2025-09-13 21:00:00,6.08e-05
2025-09-13 22:00:00,6.08e-05
2025-09-13 23:00:00,6.08e-05
2025-09-14 00:00:00,6.08e-05
2025-09-14 01:00:00,6.08e-05
2025-09-14 02:00:00,6.08e-05
2025-09-14 03:00:00,6.08e-05
2025-09-14 04:00:00,2.142e-05
2025-09-14 05:00:00,2.142e-05
2025-09-14 06:00:00,2.142e-05
2025-09-14 07:00:00,2.142e-05
2025-09-14 08:00:00,2.142e-05
2025-09-14 09:00:00,2.142e-05
2025-09-14 10:00:00,2.142e-05
2025-09-14 11:00:00,2.142e-05
2025-09-14 12:00:00,-1.938e-05
2025-09-14 13:00:00,-1.938e-05
2025-09-14 14:00:00,-1.938e-05
2025-09-14 15:00:00,-1.938e-05
2025-09-14 16:00:00,-1.938e-05
2025-09-14 17:00:00,-1.938e-05
2025-09-14 18:00:00,-1.938e-05
2025-09-14 19:00:00,-1.938e-05
2025-09-14 20:00:00,5.701e-05
2025-09-14 21:00:00,5.701e-05
2025-09-14 22:00:00,5.701e-05
2025-09-14 23:00:00,5.701e-05
2025-09-15 00:00:00,5.701e-05
2025-09-15 01:00:00,5.701e-05
2025-09-15 02:00:00,5.701e-05
2025-09-15 03:00:00,5.701e-05
2025-09-15 04:00:00,7.622e-05
2025-09-15 05:00:00,7.622e-05
2025-09-15 06:00:00,7.622e-05
2025-09-15 07:00:00,7.622e-05
2025-09-15 08:00:00,7.622e-05
2025-09-15 09:00:00,7.622e-05
2025-09-15 10:00:00,7.622e-05
2025-09-15 11:00:00,7.622e-05
2025-09-15 12:00:00,0.0001
2025-09-15 13:00:00,0.0001
2025-09-15 14:00:00,0.0001
2025-09-15 15:00:00,0.0001
2025-09-15 16:00:00,0.0001
2025-09-15 17:00:00,0.0001
2025-09-15 18:00:00,0.0001
2025-09-15 19:00:00,0.0001
2025-09-15 20:00:00,7.98e-05
2025-09-15 21:00:00,7.98e-05
2025-09-15 22:00:00,7.98e-05
2025-09-15 23:00:00,7.98e-05
2025-09-16 00:00:00,7.98e-05
2025-09-16 01:00:00,7.98e-05
2025-09-16 02:00:00,7.98e-05
2025-09-16 03:00:00,7.98e-05
2025-09-16 04:00:00,0.0001
2025-09-16 05:00:00,0.0001
2025-09-16 06:00:00,0.0001
2025-09-16 07:00:00,0.0001
2025-09-16 08:00:00,0.0001
2025-09-16 09:00:00,0.0001
2025-09-16 10:00:00,0.0001
2025-09-16 11:00:00,0.0001
2025-09-16 12:00:00,0.0001
2025-09-16 13:00:00,0.0001
2025-09-16 14:00:00,0.0001
2025-09-16 15:00:00,0.0001
2025-09-16 16:00:00,0.0001
2025-09-16 17:00:00,0.0001
2025-09-16 18:00:00,0.0001
2025-09-16 19:00:00,0.0001
2025-09-16 20:00:00,3.464e-05
2025-09-16 21:00:00,3.464e-05
2025-09-16 22:00:00,3.464e-05
2025-09-16 23:00:00,3.464e-05
2025-09-17 00:00:00,3.464e-05
2025-09-17 01:00:00,3.464e-05
2025-09-17 02:00:00,3.464e-05
2025-09-17 03:00:00,3.464e-05
2025-09-17 04:00:00,8.059e-05
2025-09-17 05:00:00,8.059e-05
2025-09-17 06:00:00,8.059e-05
2025-09-17 07:00:00,8.059e-05
2025-09-17 08:00:00,8.059e-05
2025-09-17 09:00:00,8.059e-05
2025-09-17 10:00:00,8.059e-05
2025-09-17 11:00:00,8.059e-05
2025-09-17 12:00:00,4.581e-05
2025-09-17 13:00:00,4.581e-05
2025-09-17 14:00:00,4.581e-05
2025-09-17 15:00:00,4.581e-05
2025-09-17 16:00:00,4.581e-05
2025-09-17 17:00:00,4.581e-05
2025-09-17 18:00:00,4.581e-05
2025-09-17 19:00:00,4.581e-05
2025-09-17 20:00:00,4.605e-05
2025-09-17 21:00:00,4.605e-05
2025-09-17 22:00:00,4.605e-05
2025-09-17 23:00:00,4.605e-05
2025-09-18 00:00:00,4.605e-05
2025-09-18 01:00:00,4.605e-05
2025-09-18 02:00:00,4.605e-05
2025-09-18 03:00:00,4.605e-05
2025-09-18 04:00:00,0.0001
2025-09-18 05:00:00,0.0001
2025-09-18 06:00:00,0.0001
2025-09-18 07:00:00,0.0001
2025-09-18 08:00:00,0.0001
2025-09-18 09:00:00,0.0001
2025-09-18 10:00:00,0.0001
2025-09-18 11:00:00,0.0001
2025-09-18 12:00:00,0.0001
2025-09-18 13:00:00,0.0001
2025-09-18 14:00:00,0.0001
2025-09-18 15:00:00,0.0001
2025-09-18 16:00:00,0.0001
2025-09-18 17:00:00,0.0001
2025-09-18 18:00:00,0.0001
2025-09-18 19:00:00,0.0001
2025-09-18 20:00:00,8.669e-05
2025-09-18 21:00:00,8.669e-05
2025-09-18 22:00:00,8.669e-05
2025-09-18 23:00:00,8.669e-05
2025-09-19 00:00:00,8.669e-05
2025-09-19 01:00:00,8.669e-05
2025-09-19 02:00:00,8.669e-05
2025-09-19 03:00:00,8.669e-05
2025-09-19 04:00:00,6.74e-05
2025-09-19 05:00:00,6.74e-05
2025-09-19 06:00:00,6.74e-05
2025-09-19 07:00:00,6.74e-05
2025-09-19 08:00:00,6.74e-05
2025-09-19 09:00:00,6.74e-05
2025-09-19 10:00:00,6.74e-05
2025-09-19 11:00:00,6.74e-05
2025-09-19 12:00:00,6.754e-05
2025-09-19 13:00:00,6.754e-05
2025-09-19 14:00:00,6.754e-05
2025-09-19 15:00:00,6.754e-05
2025-09-19 16:00:00,6.754e-05
2025-09-19 17:00:00,6.754e-05
2025-09-19 18:00:00,6.754e-05
2025-09-19 19:00:00,6.754e-05
2025-09-19 20:00:00,3.193e-05
2025-09-19 21:00:00,3.193e-05
2025-09-19 22:00:00,3.193e-05
2025-09-19 23:00:00,3.193e-05
2025-09-20 00:00:00,3.193e-05
2025-09-20 01:00:00,3.193e-05
2025-09-20 02:00:00,3.193e-05
2025-09-20 03:00:00,3.193e-05
2025-09-20 04:00:00,2.92e-05
2025-09-20 05:00:00,2.92e-05
2025-09-20 06:00:00,2.92e-05
2025-09-20 07:00:00,2.92e-05
2025-09-20 08:00:00,2.92e-05
2025-09-20 09:00:00,2.92e-05
2025-09-20 10:00:00,2.92e-05
2025-09-20 11:00:00,2.92e-05
2025-09-20 12:00:00,8.845e-05
2025-09-20 13:00:00,8.845e-05
2025-09-20 14:00:00,8.845e-05
2025-09-20 15:00:00,8.845e-05
2025-09-20 16:00:00,8.845e-05
2025-09-20 17:00:00,8.845e-05
2025-09-20 18:00:00,8.845e-05
2025-09-20 19:00:00,8.845e-05
2025-09-20 20:00:00,0.0001
2025-09-20 21:00:00,0.0001
2025-09-20 22:00:00,0.0001
2025-09-20 23:00:00,0.0001
2025-09-21 00:00:00,0.0001
2025-09-21 01:00:00,0.0001
2025-09-21 02:00:00,0.0001
2025-09-21 03:00:00,0.0001
2025-09-21 04:00:00,6.911e-05
2025-09-21 05:00:00,6.911e-05
2025-09-21 06:00:00,6.911e-05
2025-09-21 07:00:00,6.911e-05
2025-09-21 08:00:00,6.911e-05
2025-09-21 09:00:00,6.911e-05
2025-09-21 10:00:00,6.911e-05
2025-09-21 11:00:00,6.911e-05
2025-09-21 12:00:00,0.0001
2025-09-21 13:00:00,0.0001
2025-09-21 14:00:00,0.0001
2025-09-21 15:00:00,0.0001
2025-09-21 16:00:00,0.0001
2025-09-21 17:00:00,0.0001
2025-09-21 18:00:00,0.0001
2025-09-21 19:00:00,0.0001
2025-09-21 20:00:00,8.065e-05
2025-09-21 21:00:00,8.065e-05
2025-09-21 22:00:00,8.065e-05
2025-09-21 23:00:00,8.065e-05
2025-09-22 00:00:00,8.065e-05
2025-09-22 01:00:00,8.065e-05
2025-09-22 02:00:00,8.065e-05
2025-09-22 03:00:00,8.065e-05
2025-09-22 04:00:00,4.095e-05
2025-09-22 05:00:00,4.095e-05
2025-09-22 06:00:00,4.095e-05
2025-09-22 07:00:00,4.095e-05
2025-09-22 08:00:00,4.095e-05
2025-09-22 09:00:00,4.095e-05
2025-09-22 10:00:00,4.095e-05
2025-09-22 11:00:00,4.095e-05
2025-09-22 12:00:00,8.326e-05
2025-09-22 13:00:00,8.326e-05
2025-09-22 14:00:00,8.326e-05
2025-09-22 15:00:00,8.326e-05
2025-09-22 16:00:00,8.326e-05
2025-09-22 17:00:00,8.326e-05
2025-09-22 18:00:00,8.326e-05
2025-09-22 19:00:00,8.326e-05
2025-09-22 20:00:00,8.6e-07
2025-09-22 21:00:00,8.6e-07
2025-09-22 22:00:00,8.6e-07
2025-09-22 23:00:00,8.6e-07
2025-09-23 00:00:00,8.6e-07
2025-09-23 01:00:00,8.6e-07
2025-09-23 02:00:00,8.6e-07
2025-09-23 03:00:00,8.6e-07
2025-09-23 04:00:00,3.469e-05
2025-09-23 05:00:00,3.469e-05
2025-09-23 06:00:00,3.469e-05
2025-09-23 07:00:00,3.469e-05
2025-09-23 08:00:00,3.469e-05
2025-09-23 09:00:00,3.469e-05
2025-09-23 10:00:00,3.469e-05
2025-09-23 11:00:00,3.469e-05
2025-09-23 12:00:00,-1.646e-05
2025-09-23 13:00:00,-1.646e-05
2025-09-23 14:00:00,-1.646e-05
2025-09-23 15:00:00,-1.646e-05
2025-09-23 16:00:00,-1.646e-05
2025-09-23 17:00:00,-1.646e-05
2025-09-23 18:00:00,-1.646e-05
2025-09-23 19:00:00,-1.646e-05
2025-09-23 20:00:00,-2.302e-05
2025-09-23 21:00:00,-2.302e-05
2025-09-23 22:00:00,-2.302e-05
2025-09-23 23:00:00,-2.302e-05
2025-09-24 00:00:00,-2.302e-05
2025-09-24 01:00:00,-2.302e-05
2025-09-24 02:00:00,-2.302e-05
2025-09-24 03:00:00,-2.302e-05
2025-09-24 04:00:00,-2.517e-05
2025-09-24 05:00:00,-2.517e-05
2025-09-24 06:00:00,-2.517e-05
2025-09-24 07:00:00,-2.517e-05
2025-09-24 08:00:00,-2.517e-05
2025-09-24 09:00:00,-2.517e-05
2025-09-24 10:00:00,-2.517e-05
2025-09-24 11:00:00,-2.517e-05
2025-09-24 12:00:00,1.004e-05
2025-09-24 13:00:00,1.004e-05
2025-09-24 14:00:00,1.004e-05
2025-09-24 15:00:00,1.004e-05
2025-09-24 16:00:00,1.004e-05
2025-09-24 17:00:00,1.004e-05
2025-09-24 18:00:00,1.004e-05
2025-09-24 19:00:00,1.004e-05
2025-09-24 20:00:00,6.94e-05
2025-09-24 21:00:00,6.94e-05
2025-09-24 22:00:00,6.94e-05
2025-09-24 23:00:00,6.94e-05
2025-09-25 00:00:00,6.94e-05
2025-09-25 01:00:00,6.94e-05
2025-09-25 02:00:00,6.94e-05
2025-09-25 03:00:00,6.94e-05
2025-09-25 04:00:00,4.029e-05
2025-09-25 05:00:00,4.029e-05
2025-09-25 06:00:00,4.029e-05
2025-09-25 07:00:00,4.029e-05
2025-09-25 08:00:00,4.029e-05
2025-09-25 09:00:00,4.029e-05
2025-09-25 10:00:00,4.029e-05
2025-09-25 11:00:00,4.029e-05
2025-09-25 12:00:00,-3.74e-06
2025-09-25 13:00:00,-3.74e-06
2025-09-25 14:00:00,-3.74e-06
2025-09-25 15:00:00,-3.74e-06
2025-09-25 16:00:00,-3.74e-06
2025-09-25 17:00:00,-3.74e-06
2025-09-25 18:00:00,-3.74e-06
2025-09-25 19:00:00,-3.74e-06
2025-09-25 20:00:00,-2.638e-05
2025-09-25 21:00:00,-2.638e-05
2025-09-25 22:00:00,-2.638e-05
2025-09-25 23:00:00,-2.638e-05
2025-09-26 00:00:00,-2.638e-05
2025-09-26 01:00:00,-2.638e-05
2025-09-26 02:00:00,-2.638e-05
2025-09-26 03:00:00,-2.638e-05
2025-09-26 04:00:00,5.93e-05
2025-09-26 05:00:00,5.93e-05
2025-09-26 06:00:00,5.93e-05
2025-09-26 07:00:00,5.93e-05
2025-09-26 08:00:00,5.93e-05
2025-09-26 09:00:00,5.93e-05
2025-09-26 10:00:00,5.93e-05
2025-09-26 11:00:00,5.93e-05
2025-09-26 12:00:00,3.018e-05
2025-09-26 13:00:00,3.018e-05
2025-09-26 14:00:00,3.018e-05
2025-09-26 15:00:00,3.018e-05
2025-09-26 16:00:00,3.018e-05
2025-09-26 17:00:00,3.018e-05
2025-09-26 18:00:00,3.018e-05
2025-09-26 19:00:00,3.018e-05
2025-09-26 20:00:00,7.381e-05
2025-09-26 21:00:00,7.381e-05
2025-09-26 22:00:00,7.381e-05
2025-09-26 23:00:00,7.381e-05
2025-09-27 00:00:00,7.381e-05
2025-09-27 01:00:00,7.381e-05
2025-09-27 02:00:00,7.381e-05
2025-09-27 03:00:00,7.381e-05
2025-09-27 04:00:00,6.796e-05
2025-09-27 05:00:00,6.796e-05
2025-09-27 06:00:00,6.796e-05
2025-09-27 07:00:00,6.796e-05
2025-09-27 08:00:00,6.796e-05
2025-09-27 09:00:00,6.796e-05
2025-09-27 10:00:00,6.796e-05
2025-09-27 11:00:00,6.796e-05
2025-09-27 12:00:00,6.45e-05
2025-09-27 13:00:00,6.45e-05
2025-09-27 14:00:00,6.45e-05
2025-09-27 15:00:00,6.45e-05
2025-09-27 16:00:00,6.45e-05
2025-09-27 17:00:00,6.45e-05
2025-09-27 18:00:00,6.45e-05
2025-09-27 19:00:00,6.45e-05
2025-09-27 20:00:00,6.911e-05
2025-09-27 21:00:00,6.911e-05
2025-09-27 22:00:00,6.911e-05
2025-09-27 23:00:00,6.911e-05
2025-09-28 00:00:00,6.911e-05
2025-09-28 01:00:00,6.911e-05
2025-09-28 02:00:00,6.911e-05
2025-09-28 03:00:00,6.911e-05
2025-09-28 04:00:00,0.0001
2025-09-28 05:00:00,0.0001
2025-09-28 06:00:00,0.0001
2025-09-28 07:00:00,0.0001
2025-09-28 08:00:00,0.0001
2025-09-28 09:00:00,0.0001
2025-09-28 10:00:00,0.0001
2025-09-28 11:00:00,0.0001
2025-09-28 12:00:00,1.443e-05
2025-09-28 13:00:00,1.443e-05
2025-09-28 14:00:00,1.443e-05
2025-09-28 15:00:00,1.443e-05
2025-09-28 16:00:00,1.443e-05
2025-09-28 17:00:00,1.443e-05
2025-09-28 18:00:00,1.443e-05
2025-09-28 19:00:00,1.443e-05
2025-09-28 20:00:00,5.984e-05
2025-09-28 21:00:00,5.984e-05
2025-09-28 22:00:00,5.984e-05
2025-09-28 23:00:00,5.984e-05
2025-09-29 00:00:00,5.984e-05
2025-09-29 01:00:00,5.984e-05
2025-09-29 02:00:00,5.984e-05
2025-09-29 03:00:00,5.984e-05
2025-09-29 04:00:00,0.0001
2025-09-29 05:00:00,0.0001
2025-09-29 06:00:00,0.0001
2025-09-29 07:00:00,0.0001
2025-09-29 08:00:00,0.0001
2025-09-29 09:00:00,0.0001
2025-09-29 10:00:00,0.0001
2025-09-29 11:00:00,0.0001
2025-09-29 12:00:00,6.586e-05
2025-09-29 13:00:00,6.586e-05
2025-09-29 14:00:00,6.586e-05
2025-09-29 15:00:00,6.586e-05
2025-09-29 16:00:00,6.586e-05
2025-09-29 17:00:00,6.586e-05
2025-09-29 18:00:00,6.586e-05
2025-09-29 19:00:00,6.586e-05
2025-09-29 20:00:00,0.0001
2025-09-29 21:00:00,0.0001
2025-09-29 22:00:00,0.0001
2025-09-29 23:00:00,0.0001
2025-09-30 00:00:00,0.0001
2025-09-30 01:00:00,0.0001
2025-09-30 02:00:00,0.0001
2025-09-30 03:00:00,0.0001
2025-09-30 04:00:00,6.638e-05
2025-09-30 05:00:00,6.638e-05
2025-09-30 06:00:00,6.638e-05
2025-09-30 07:00:00,6.638e-05
2025-09-30 08:00:00,6.638e-05
2025-09-30 09:00:00,6.638e-05
2025-09-30 10:00:00,6.638e-05
2025-09-30 11:00:00,6.638e-05
2025-09-30 12:00:00,8.111e-05
2025-09-30 13:00:00,8.111e-05
2025-09-30 14:00:00,8.111e-05
2025-09-30 15:00:00,8.111e-05
2025-09-30 16:00:00,8.111e-05
2025-09-30 17:00:00,8.111e-05
2025-09-30 18:00:00,8.111e-05
2025-09-30 19:00:00,8.111e-05
2025-09-30 20:00:00,1.288e-05
2025-09-30 21:00:00,1.288e-05
2025-09-30 22:00:00,1.288e-05
2025-09-30 23:00:00,1.288e-05
2025-10-01 00:00:00,1.288e-05
2025-10-01 01:00:00,1.288e-05
2025-10-01 02:00:00,1.288e-05
2025-10-01 03:00:00,1.288e-05
2025-10-01 04:00:00,0.0001
2025-10-01 05:00:00,0.0001
2025-10-01 06:00:00,0.0001
2025-10-01 07:00:00,0.0001
2025-10-01 08:00:00,0.0001
2025-10-01 09:00:00,0.0001
2025-10-01 10:00:00,0.0001
2025-10-01 11:00:00,0.0001
2025-10-01 12:00:00,0.0001
2025-10-01 13:00:00,0.0001
2025-10-01 14:00:00,0.0001
2025-10-01 15:00:00,0.0001
2025-10-01 16:00:00,0.0001
2025-10-01 17:00:00,0.0001
2025-10-01 18:00:00,0.0001
2025-10-01 19:00:00,0.0001
2025-10-01 20:00:00,2.801e-05
2025-10-01 21:00:00,2.801e-05
2025-10-01 22:00:00,2.801e-05
2025-10-01 23:00:00,2.801e-05
2025-10-02 00:00:00,2.801e-05
2025-10-02 01:00:00,2.801e-05
2025-10-02 02:00:00,2.801e-05
2025-10-02 03:00:00,2.801e-05
2025-10-02 04:00:00,4.183e-05
2025-10-02 05:00:00,4.183e-05
2025-10-02 06:00:00,4.183e-05
2025-10-02 07:00:00,4.183e-05
2025-10-02 08:00:00,4.183e-05
2025-10-02 09:00:00,4.183e-05
2025-10-02 10:00:00,4.183e-05
2025-10-02 11:00:00,4.183e-05
2025-10-02 12:00:00,6.812e-05
2025-10-02 13:00:00,6.812e-05
2025-10-02 14:00:00,6.812e-05
2025-10-02 15:00:00,6.812e-05
2025-10-02 16:00:00,6.812e-05
2025-10-02 17:00:00,6.812e-05
2025-10-02 18:00:00,6.812e-05
2025-10-02 19:00:00,6.812e-05
2025-10-02 20:00:00,9.106e-05
2025-10-02 21:00:00,9.106e-05
2025-10-02 22:00:00,9.106e-05
2025-10-02 23:00:00,9.106e-05
2025-10-03 00:00:00,9.106e-05
2025-10-03 01:00:00,9.106e-05
2025-10-03 02:00:00,9.106e-05
2025-10-03 03:00:00,9.106e-05
2025-10-03 04:00:00,1.482e-05
2025-10-03 05:00:00,1.482e-05
2025-10-03 06:00:00,1.482e-05
2025-10-03 07:00:00,1.482e-05
2025-10-03 08:00:00,1.482e-05
2025-10-03 09:00:00,1.482e-05
2025-10-03 10:00:00,1.482e-05
2025-10-03 11:00:00,1.482e-05
2025-10-03 12:00:00,6.6e-07
2025-10-03 13:00:00,6.6e-07
2025-10-03 14:00:00,6.6e-07
2025-10-03 15:00:00,6.6e-07
2025-10-03 16:00:00,6.6e-07
2025-10-03 17:00:00,6.6e-07
2025-10-03 18:00:00,6.6e-07
2025-10-03 19:00:00,6.6e-07
2025-10-03 20:00:00,1.396e-05
2025-10-03 21:00:00,1.396e-05
2025-10-03 22:00:00,1.396e-05
2025-10-03 23:00:00,1.396e-05
2025-10-04 00:00:00,1.396e-05
2025-10-04 01:00:00,1.396e-05
2025-10-04 02:00:00,1.396e-05
2025-10-04 03:00:00,1.396e-05
2025-10-04 04:00:00,8.84e-06
2025-10-04 05:00:00,8.84e-06
2025-10-04 06:00:00,8.84e-06
2025-10-04 07:00:00,8.84e-06
2025-10-04 08:00:00,8.84e-06
2025-10-04 09:00:00,8.84e-06
2025-10-04 10:00:00,8.84e-06
2025-10-04 11:00:00,8.84e-06
2025-10-04 12:00:00,5.991e-05
2025-10-04 13:00:00,5.991e-05
2025-10-04 14:00:00,5.991e-05
2025-10-04 15:00:00,5.991e-05
2025-10-04 16:00:00,5.991e-05
2025-10-04 17:00:00,5.991e-05
2025-10-04 18:00:00,5.991e-05
2025-10-04 19:00:00,5.991e-05
2025-10-04 20:00:00,4.757e-05
2025-10-04 21:00:00,4.757e-05
2025-10-04 22:00:00,4.757e-05
2025-10-04 23:00:00,4.757e-05
2025-10-05 00:00:00,4.757e-05
2025-10-05 01:00:00,4.757e-05
2025-10-05 02:00:00,4.757e-05
2025-10-05 03:00:00,4.757e-05
2025-10-05 04:00:00,0.0001
2025-10-05 05:00:00,0.0001
2025-10-05 06:00:00,0.0001
2025-10-05 07:00:00,0.0001
2025-10-05 08:00:00,0.0001
2025-10-05 09:00:00,0.0001
2025-10-05 10:00:00,0.0001
2025-10-05 11:00:00,0.0001
2025-10-05 12:00:00,0.0001
2025-10-05 13:00:00,0.0001
2025-10-05 14:00:00,0.0001
2025-10-05 15:00:00,0.0001
2025-10-05 16:00:00,0.0001
2025-10-05 17:00:00,0.0001
2025-10-05 18:00:00,0.0001
2025-10-05 19:00:00,0.0001
2025-10-05 20:00:00,7.664e-05
2025-10-05 21:00:00,7.664e-05
2025-10-05 22:00:00,7.664e-05
2025-10-05 23:00:00,7.664e-05
2025-10-06 00:00:00,7.664e-05
2025-10-06 01:00:00,7.664e-05
2025-10-06 02:00:00,7.664e-05
2025-10-06 03:00:00,7.664e-05
2025-10-06 04:00:00,9.618e-05
2025-10-06 05:00:00,9.618e-05
2025-10-06 06:00:00,9.618e-05
2025-10-06 07:00:00,9.618e-05
2025-10-06 08:00:00,9.618e-05
2025-10-06 09:00:00,9.618e-05
2025-10-06 10:00:00,9.618e-05
2025-10-06 11:00:00,9.618e-05
2025-10-06 12:00:00,0.0001
2025-10-06 13:00:00,0.0001
2025-10-06 14:00:00,0.0001
2025-10-06 15:00:00,0.0001
2025-10-06 16:00:00,0.0001
2025-10-06 17:00:00,0.0001
2025-10-06 18:00:00,0.0001
2025-10-06 19:00:00,0.0001
2025-10-06 20:00:00,7.58e-05
2025-10-06 21:00:00,7.58e-05
2025-10-06 22:00:00,7.58e-05
2025-10-06 23:00:00,7.58e-05
2025-10-07 00:00:00,7.58e-05
2025-10-07 01:00:00,7.58e-05
2025-10-07 02:00:00,7.58e-05
2025-10-07 03:00:00,7.58e-05
2025-10-07 04:00:00,2.46e-06
2025-10-07 05:00:00,2.46e-06
2025-10-07 06:00:00,2.46e-06
2025-10-07 07:00:00,2.46e-06
2025-10-07 08:00:00,2.46e-06
2025-10-07 09:00:00,2.46e-06
2025-10-07 10:00:00,2.46e-06
2025-10-07 11:00:00,2.46e-06
2025-10-07 12:00:00,-2.887e-05
2025-10-07 13:00:00,-2.887e-05
2025-10-07 14:00:00,-2.887e-05
2025-10-07 15:00:00,-2.887e-05
2025-10-07 16:00:00,-2.887e-05
2025-10-07 17:00:00,-2.887e-05
2025-10-07 18:00:00,-2.887e-05
2025-10-07 19:00:00,-2.887e-05
2025-10-07 20:00:00,0.0001
2025-10-07 21:00:00,0.0001
2025-10-07 22:00:00,0.0001
2025-10-07 23:00:00,0.0001
2025-10-08 00:00:00,0.0001
2025-10-08 01:00:00,0.0001
2025-10-08 02:00:00,0.0001
2025-10-08 03:00:00,0.0001
2025-10-08 04:00:00,0.0001
2025-10-08 05:00:00,0.0001
2025-10-08 06:00:00,0.0001
2025-10-08 07:00:00,0.0001
2025-10-08 08:00:00,0.0001
2025-10-08 09:00:00,0.0001
2025-10-08 10:00:00,0.0001
2025-10-08 11:00:00,0.0001
2025-10-08 12:00:00,0.0001
2025-10-08 13:00:00,0.0001
2025-10-08 14:00:00,0.0001
2025-10-08 15:00:00,0.0001
2025-10-08 16:00:00,0.0001
2025-10-08 17:00:00,0.0001
2025-10-08 18:00:00,0.0001
2025-10-08 19:00:00,0.0001
2025-10-08 20:00:00,0.0001
2025-10-08 21:00:00,0.0001
2025-10-08 22:00:00,0.0001
2025-10-08 23:00:00,0.0001
2025-10-09 00:00:00,0.0001
2025-10-09 01:00:00,0.0001
2025-10-09 02:00:00,0.0001
2025-10-09 03:00:00,0.0001
2025-10-09 04:00:00,3.109e-05
2025-10-09 05:00:00,3.109e-05
2025-10-09 06:00:00,3.109e-05
2025-10-09 07:00:00,3.109e-05
2025-10-09 08:00:00,3.109e-05
2025-10-09 09:00:00,3.109e-05
2025-10-09 10:00:00,3.109e-05
2025-10-09 11:00:00,3.109e-05
2025-10-09 12:00:00,3.706e-05
2025-10-09 13:00:00,3.706e-05
2025-10-09 14:00:00,3.706e-05
2025-10-09 15:00:00,3.706e-05
2025-10-09 16:00:00,3.706e-05
2025-10-09 17:00:00,3.706e-05
2025-10-09 18:00:00,3.706e-05
2025-10-09 19:00:00,3.706e-05
2025-10-09 20:00:00,5.581e-05
2025-10-09 21:00:00,5.581e-05
2025-10-09 22:00:00,5.581e-05
2025-10-09 23:00:00,5.581e-05
2025-10-10 00:00:00,5.581e-05
2025-10-10 01:00:00,5.581e-05
2025-10-10 02:00:00,5.581e-05
2025-10-10 03:00:00,5.581e-05
2025-10-10 04:00:00,0.0001
2025-10-10 05:00:00,0.0001
2025-10-10 06:00:00,0.0001
2025-10-10 07:00:00,0.0001
2025-10-10 08:00:00,0.0001
2025-10-10 09:00:00,0.0001
2025-10-10 10:00:00,0.0001
2025-10-10 11:00:00,0.0001
2025-10-10 12:00:00,0.0001
2025-10-10 13:00:00,0.0001
2025-10-10 14:00:00,0.0001
2025-10-10 15:00:00,0.0001
2025-10-10 16:00:00,0.0001
2025-10-10 17:00:00,0.0001
2025-10-10 18:00:00,0.0001
2025-10-10 19:00:00,0.0001
2025-10-10 20:00:00,4.578e-05
2025-10-10 21:00:00,4.578e-05
2025-10-10 22:00:00,4.578e-05
2025-10-10 23:00:00,4.578e-05
2025-10-11 00:00:00,4.578e-05
2025-10-11 01:00:00,4.578e-05
2025-10-11 02:00:00,4.578e-05
2025-10-11 03:00:00,4.578e-05
2025-10-11 04:00:00,-0.00014131
2025-10-11 05:00:00,-0.00014131
2025-10-11 06:00:00,-0.00014131
2025-10-11 07:00:00,-0.00014131
2025-10-11 08:00:00,-0.00014131
2025-10-11 09:00:00,-0.00014131
2025-10-11 10:00:00,-0.00014131
2025-10-11 11:00:00,-0.00014131
2025-10-11 12:00:00,0.0001
2025-10-11 13:00:00,0.0001
2025-10-11 14:00:00,0.0001
2025-10-11 15:00:00,0.0001
2025-10-11 16:00:00,0.0001
2025-10-11 17:00:00,0.0001
2025-10-11 18:00:00,0.0001
2025-10-11 19:00:00,0.0001
2025-10-11 20:00:00,0.0001
2025-10-11 21:00:00,0.0001
2025-10-11 22:00:00,0.0001
2025-10-11 23:00:00,0.0001
2025-10-12 00:00:00,0.0001
2025-10-12 01:00:00,0.0001
2025-10-12 02:00:00,0.0001
2025-10-12 03:00:00,0.0001
2025-10-12 04:00:00,-7.37e-06
2025-10-12 05:00:00,-7.37e-06
2025-10-12 06:00:00,-7.37e-06
2025-10-12 07:00:00,-7.37e-06
2025-10-12 08:00:00,-7.37e-06
2025-10-12 09:00:00,-7.37e-06
2025-10-12 10:00:00,-7.37e-06
2025-10-12 11:00:00,-7.37e-06
2025-10-12 12:00:00,2.84e-05
2025-10-12 13:00:00,2.84e-05
2025-10-12 14:00:00,2.84e-05
2025-10-12 15:00:00,2.84e-05
2025-10-12 16:00:00,2.84e-05
2025-10-12 17:00:00,2.84e-05
2025-10-12 18:00:00,2.84e-05
2025-10-12 19:00:00,2.84e-05
2025-10-12 20:00:00,6.092e-05
2025-10-12 21:00:00,6.092e-05
2025-10-12 22:00:00,6.092e-05
2025-10-12 23:00:00,6.092e-05
2025-10-13 00:00:00,6.092e-05
2025-10-13 01:00:00,6.092e-05
2025-10-13 02:00:00,6.092e-05
2025-10-13 03:00:00,6.092e-05
2025-10-13 04:00:00,0.0001
2025-10-13 05:00:00,0.0001
2025-10-13 06:00:00,0.0001
2025-10-13 07:00:00,0.0001
2025-10-13 08:00:00,0.0001
2025-10-13 09:00:00,0.0001
2025-10-13 10:00:00,0.0001
2025-10-13 11:00:00,0.0001
2025-10-13 12:00:00,0.0001
2025-10-13 13:00:00,0.0001
2025-10-13 14:00:00,0.0001
2025-10-13 15:00:00,0.0001
2025-10-13 16:00:00,0.0001
2025-10-13 17:00:00,0.0001
2025-10-13 18:00:00,0.0001
2025-10-13 19:00:00,0.0001
2025-10-13 20:00:00,4.824e-05
2025-10-13 21:00:00,4.824e-05
2025-10-13 22:00:00,4.824e-05
2025-10-13 23:00:00,4.824e-05
2025-10-14 00:00:00,4.824e-05
2025-10-14 01:00:00,4.824e-05
2025-10-14 02:00:00,4.824e-05
2025-10-14 03:00:00,4.824e-05
2025-10-14 04:00:00,7.775e-05
2025-10-14 05:00:00,7.775e-05
2025-10-14 06:00:00,7.775e-05
2025-10-14 07:00:00,7.775e-05
2025-10-14 08:00:00,7.775e-05
2025-10-14 09:00:00,7.775e-05
2025-10-14 10:00:00,7.775e-05
2025-10-14 11:00:00,7.775e-05
2025-10-14 12:00:00,-2.259e-05
2025-10-14 13:00:00,-2.259e-05
2025-10-14 14:00:00,-2.259e-05
2025-10-14 15:00:00,-2.259e-05
2025-10-14 16:00:00,-2.259e-05
2025-10-14 17:00:00,-2.259e-05
2025-10-14 18:00:00,-2.259e-05
2025-10-14 19:00:00,-2.259e-05
2025-10-14 20:00:00,3e-07
2025-10-14 21:00:00,3e-07
2025-10-14 22:00:00,3e-07
2025-10-14 23:00:00,3e-07
2025-10-15 00:00:00,3e-07
2025-10-15 01:00:00,3e-07
2025-10-15 02:00:00,3e-07
2025-10-15 03:00:00,3e-07
2025-10-15 04:00:00,9.62e-06
2025-10-15 05:00:00,9.62e-06
2025-10-15 06:00:00,9.62e-06
2025-10-15 07:00:00,9.62e-06
2025-10-15 08:00:00,9.62e-06
2025-10-15 09:00:00,9.62e-06
2025-10-15 10:00:00,9.62e-06
2025-10-15 11:00:00,9.62e-06
2025-10-15 12:00:00,2.225e-05
2025-10-15 13:00:00,2.225e-05
2025-10-15 14:00:00,2.225e-05
2025-10-15 15:00:00,2.225e-05
2025-10-15 16:00:00,2.225e-05
2025-10-15 17:00:00,2.225e-05
2025-10-15 18:00:00,2.225e-05
2025-10-15 19:00:00,2.225e-05
2025-10-15 20:00:00,-1.58e-06
2025-10-15 21:00:00,-1.58e-06
2025-10-15 22:00:00,-1.58e-06
2025-10-15 23:00:00,-1.58e-06
2025-10-16 00:00:00,-1.58e-06
2025-10-16 01:00:00,-1.58e-06
2025-10-16 02:00:00,-1.58e-06
2025-10-16 03:00:00,-1.58e-06
2025-10-16 04:00:00,3.29e-06
2025-10-16 05:00:00,3.29e-06
2025-10-16 06:00:00,3.29e-06
2025-10-16 07:00:00,3.29e-06
2025-10-16 08:00:00,3.29e-06
2025-10-16 09:00:00,3.29e-06
2025-10-16 10:00:00,3.29e-06
2025-10-16 11:00:00,3.29e-06
2025-10-16 12:00:00,-4.75e-06
2025-10-16 13:00:00,-4.75e-06
2025-10-16 14:00:00,-4.75e-06
2025-10-16 15:00:00,-4.75e-06
2025-10-16 16:00:00,-4.75e-06
2025-10-16 17:00:00,-4.75e-06
2025-10-16 18:00:00,-4.75e-06
2025-10-16 19:00:00,-4.75e-06
2025-10-16 20:00:00,-3.787e-05
2025-10-16 21:00:00,-3.787e-05
2025-10-16 22:00:00,-3.787e-05
2025-10-16 23:00:00,-3.787e-05
2025-10-17 00:00:00,-3.787e-05
2025-10-17 01:00:00,-3.787e-05
2025-10-17 02:00:00,-3.787e-05
2025-10-17 03:00:00,-3.787e-05
2025-10-17 04:00:00,9.25e-06
2025-10-17 05:00:00,9.25e-06
2025-10-17 06:00:00,9.25e-06
2025-10-17 07:00:00,9.25e-06
2025-10-17 08:00:00,9.25e-06
2025-10-17 09:00:00,9.25e-06
2025-10-17 10:00:00,9.25e-06
2025-10-17 11:00:00,9.25e-06
2025-10-17 12:00:00,-8.91e-06
2025-10-17 13:00:00,-8.91e-06
2025-10-17 14:00:00,-8.91e-06
2025-10-17 15:00:00,-8.91e-06
2025-10-17 16:00:00,-8.91e-06
2025-10-17 17:00:00,-8.91e-06
2025-10-17 18:00:00,-8.91e-06
2025-10-17 19:00:00,-8.91e-06
2025-10-17 20:00:00,1.371e-05
2025-10-17 21:00:00,1.371e-05
2025-10-17 22:00:00,1.371e-05
2025-10-17 23:00:00,1.371e-05
2025-10-18 00:00:00,1.371e-05
2025-10-18 01:00:00,1.371e-05
2025-10-18 02:00:00,1.371e-05
2025-10-18 03:00:00,1.371e-05
2025-10-18 04:00:00,-2.473e-05
2025-10-18 05:00:00,-2.473e-05
2025-10-18 06:00:00,-2.473e-05
2025-10-18 07:00:00,-2.473e-05
2025-10-18 08:00:00,-2.473e-05
2025-10-18 09:00:00,-2.473e-05
2025-10-18 10:00:00,-2.473e-05
2025-10-18 11:00:00,-2.473e-05
2025-10-18 12:00:00,-1.289e-05
2025-10-18 13:00:00,-1.289e-05
2025-10-18 14:00:00,-1.289e-05
2025-10-18 15:00:00,-1.289e-05
2025-10-18 16:00:00,-1.289e-05
2025-10-18 17:00:00,-1.289e-05
2025-10-18 18:00:00,-1.289e-05
2025-10-18 19:00:00,-1.289e-05
2025-10-18 20:00:00,5.928e-05
2025-10-18 21:00:00,5.928e-05
2025-10-18 22:00:00,5.928e-05
2025-10-18 23:00:00,5.928e-05
2025-10-19 00:00:00,5.928e-05
2025-10-19 01:00:00,5.928e-05
2025-10-19 02:00:00,5.928e-05
2025-10-19 03:00:00,5.928e-05
2025-10-19 04:00:00,3.953e-05
2025-10-19 05:00:00,3.953e-05
2025-10-19 06:00:00,3.953e-05
2025-10-19 07:00:00,3.953e-05
2025-10-19 08:00:00,3.953e-05
2025-10-19 09:00:00,3.953e-05
2025-10-19 10:00:00,3.953e-05
2025-10-19 11:00:00,3.953e-05
2025-10-19 12:00:00,3.762e-05
2025-10-19 13:00:00,3.762e-05
2025-10-19 14:00:00,3.762e-05
2025-10-19 15:00:00,3.762e-05
2025-10-19 16:00:00,3.762e-05
2025-10-19 17:00:00,3.762e-05
2025-10-19 18:00:00,3.762e-05
2025-10-19 19:00:00,3.762e-05
2025-10-19 20:00:00,0.0001
2025-10-19 21:00:00,0.0001
2025-10-19 22:00:00,0.0001
2025-10-19 23:00:00,0.0001
2025-10-20 00:00:00,0.0001
2025-10-20 01:00:00,0.0001
2025-10-20 02:00:00,0.0001
2025-10-20 03:00:00,0.0001
2025-10-20 04:00:00,5.677e-05
2025-10-20 05:00:00,5.677e-05
2025-10-20 06:00:00,5.677e-05
2025-10-20 07:00:00,5.677e-05
2025-10-20 08:00:00,5.677e-05
2025-10-20 09:00:00,5.677e-05
2025-10-20 10:00:00,5.677e-05
2025-10-20 11:00:00,5.677e-05
2025-10-20 12:00:00,0.0001
2025-10-20 13:00:00,0.0001
2025-10-20 14:00:00,0.0001
2025-10-20 15:00:00,0.0001
2025-10-20 16:00:00,0.0001
2025-10-20 17:00:00,0.0001
2025-10-20 18:00:00,0.0001
2025-10-20 19:00:00,0.0001
2025-10-20 20:00:00,0.0001
2025-10-20 21:00:00,0.0001
2025-10-20 22:00:00,0.0001
2025-10-20 23:00:00,0.0001
2025-10-21 00:00:00,0.0001
2025-10-21 01:00:00,0.0001
2025-10-21 02:00:00,0.0001
2025-10-21 03:00:00,0.0001
2025-10-21 04:00:00,7.228e-05
2025-10-21 05:00:00,7.228e-05
2025-10-21 06:00:00,7.228e-05
2025-10-21 07:00:00,7.228e-05
2025-10-21 08:00:00,7.228e-05
2025-10-21 09:00:00,7.228e-05
2025-10-21 10:00:00,7.228e-05
2025-10-21 11:00:00,7.228e-05
2025-10-21 12:00:00,1.871e-05
2025-10-21 13:00:00,1.871e-05
2025-10-21 14:00:00,1.871e-05
2025-10-21 15:00:00,1.871e-05
2025-10-21 16:00:00,1.871e-05
2025-10-21 17:00:00,1.871e-05
2025-10-21 18:00:00,1.871e-05
2025-10-21 19:00:00,1.871e-05
2025-10-21 20:00:00,8.799e-05
2025-10-21 21:00:00,8.799e-05
2025-10-21 22:00:00,8.799e-05
2025-10-21 23:00:00,8.799e-05
2025-10-22 00:00:00,8.799e-05
2025-10-22 01:00:00,8.799e-05
2025-10-22 02:00:00,8.799e-05
2025-10-22 03:00:00,8.799e-05
2025-10-22 04:00:00,2.025e-05
2025-10-22 05:00:00,2.025e-05
2025-10-22 06:00:00,2.025e-05
2025-10-22 07:00:00,2.025e-05
2025-10-22 08:00:00,2.025e-05
2025-10-22 09:00:00,2.025e-05
2025-10-22 10:00:00,2.025e-05
2025-10-22 11:00:00,2.025e-05
2025-10-22 12:00:00,4.647e-05
2025-10-22 13:00:00,4.647e-05
2025-10-22 14:00:00,4.647e-05
2025-10-22 15:00:00,4.647e-05
2025-10-22 16:00:00,4.647e-05
2025-10-22 17:00:00,4.647e-05
2025-10-22 18:00:00,4.647e-05
2025-10-22 19:00:00,4.647e-05
2025-10-22 20:00:00,5.5e-05
2025-10-22 21:00:00,5.5e-05
2025-10-22 22:00:00,5.5e-05
2025-10-22 23:00:00,5.5e-05
2025-10-23 00:00:00,5.5e-05
2025-10-23 01:00:00,5.5e-05
2025-10-23 02:00:00,5.5e-05
2025-10-23 03:00:00,5.5e-05
2025-10-23 04:00:00,5.646e-05
2025-10-23 05:00:00,5.646e-05
2025-10-23 06:00:00,5.646e-05
2025-10-23 07:00:00,5.646e-05
2025-10-23 08:00:00,5.646e-05
2025-10-23 09:00:00,5.646e-05
2025-10-23 10:00:00,5.646e-05
2025-10-23 11:00:00,5.646e-05
2025-10-23 12:00:00,0.0001
2025-10-23 13:00:00,0.0001
2025-10-23 14:00:00,0.0001
2025-10-23 15:00:00,0.0001
2025-10-23 16:00:00,0.0001
2025-10-23 17:00:00,0.0001
2025-10-23 18:00:00,0.0001
2025-10-23 19:00:00,0.0001
2025-10-23 20:00:00,6.755e-05
2025-10-23 21:00:00,6.755e-05
2025-10-23 22:00:00,6.755e-05
2025-10-23 23:00:00,6.755e-05
2025-10-24 00:00:00,6.755e-05
2025-10-24 01:00:00,6.755e-05
2025-10-24 02:00:00,6.755e-05
2025-10-24 03:00:00,6.755e-05
2025-10-24 04:00:00,-1.64e-06
2025-10-24 05:00:00,-1.64e-06
2025-10-24 06:00:00,-1.64e-06
2025-10-24 07:00:00,-1.64e-06
2025-10-24 08:00:00,-1.64e-06
2025-10-24 09:00:00,-1.64e-06
2025-10-24 10:00:00,-1.64e-06
2025-10-24 11:00:00,-1.64e-06
2025-10-24 12:00:00,0.0001
2025-10-24 13:00:00,0.0001
2025-10-24 14:00:00,0.0001
2025-10-24 15:00:00,0.0001
2025-10-24 16:00:00,0.0001
2025-10-24 17:00:00,0.0001
2025-10-24 18:00:00,0.0001
2025-10-24 19:00:00,0.0001
2025-10-24 20:00:00,4.654e-05
2025-10-24 21:00:00,4.654e-05
2025-10-24 22:00:00,4.654e-05
2025-10-24 23:00:00,4.654e-05
2025-10-25 00:00:00,4.654e-05
2025-10-25 01:00:00,4.654e-05
2025-10-25 02:00:00,4.654e-05
2025-10-25 03:00:00,4.654e-05
2025-10-25 04:00:00,3.168e-05
2025-10-25 05:00:00,3.168e-05
2025-10-25 06:00:00,3.168e-05
2025-10-25 07:00:00,3.168e-05
2025-10-25 08:00:00,3.168e-05
2025-10-25 09:00:00,3.168e-05
2025-10-25 10:00:00,3.168e-05
2025-10-25 11:00:00,3.168e-05
2025-10-25 12:00:00,0.0001
2025-10-25 13:00:00,0.0001
2025-10-25 14:00:00,0.0001
2025-10-25 15:00:00,0.0001
2025-10-25 16:00:00,0.0001
2025-10-25 17:00:00,0.0001
2025-10-25 18:00:00,0.0001
2025-10-25 19:00:00,0.0001
2025-10-25 20:00:00,0.0001
2025-10-25 21:00:00,0.0001
2025-10-25 22:00:00,0.0001
2025-10-25 23:00:00,0.0001
2025-10-26 00:00:00,0.0001
2025-10-26 01:00:00,0.0001
2025-10-26 02:00:00,0.0001
2025-10-26 03:00:00,0.0001
2025-10-26 04:00:00,9.909e-05
2025-10-26 05:00:00,9.909e-05
2025-10-26 06:00:00,9.909e-05
2025-10-26 07:00:00,9.909e-05
2025-10-26 08:00:00,9.909e-05
2025-10-26 09:00:00,9.909e-05
2025-10-26 10:00:00,9.909e-05
2025-10-26 11:00:00,9.909e-05
2025-10-26 12:00:00,5.578e-05
2025-10-26 13:00:00,5.578e-05
2025-10-26 14:00:00,5.578e-05
2025-10-26 15:00:00,5.578e-05
2025-10-26 16:00:00,5.578e-05
2025-10-26 17:00:00,5.578e-05
2025-10-26 18:00:00,5.578e-05
2025-10-26 19:00:00,5.578e-05
2025-10-26 20:00:00,0.0001
2025-10-26 21:00:00,0.0001
2025-10-26 22:00:00,0.0001
2025-10-26 23:00:00,0.0001
2025-10-27 00:00:00,0.0001
2025-10-27 01:00:00,0.0001
2025-10-27 02:00:00,0.0001
2025-10-27 03:00:00,0.0001
2025-10-27 04:00:00,0.0001
2025-10-27 05:00:00,0.0001
2025-10-27 06:00:00,0.0001
2025-10-27 07:00:00,0.0001
2025-10-27 08:00:00,0.0001
2025-10-27 09:00:00,0.0001
2025-10-27 10:00:00,0.0001
2025-10-27 11:00:00,0.0001
2025-10-27 12:00:00,0.0001
2025-10-27 13:00:00,0.0001
2025-10-27 14:00:00,0.0001
2025-10-27 15:00:00,0.0001
2025-10-27 16:00:00,0.0001
2025-10-27 17:00:00,0.0001
2025-10-27 18:00:00,0.0001
2025-10-27 19:00:00,0.0001
2025-10-27 20:00:00,5.882e-05
2025-10-27 21:00:00,5.882e-05
2025-10-27 22:00:00,5.882e-05
2025-10-27 23:00:00,5.882e-05
2025-10-28 00:00:00,5.882e-05
2025-10-28 01:00:00,5.882e-05
2025-10-28 02:00:00,5.882e-05
2025-10-28 03:00:00,5.882e-05
2025-10-28 04:00:00,1.045e-05
2025-10-28 05:00:00,1.045e-05
2025-10-28 06:00:00,1.045e-05
2025-10-28 07:00:00,1.045e-05
2025-10-28 08:00:00,1.045e-05
2025-10-28 09:00:00,1.045e-05
2025-10-28 10:00:00,1.045e-05
2025-10-28 11:00:00,1.045e-05
2025-10-28 12:00:00,3.558e-05
2025-10-28 13:00:00,3.558e-05
2025-10-28 14:00:00,3.558e-05
2025-10-28 15:00:00,3.558e-05
2025-10-28 16:00:00,3.558e-05
2025-10-28 17:00:00,3.558e-05
2025-10-28 18:00:00,3.558e-05
2025-10-28 19:00:00,3.558e-05
2025-10-28 20:00:00,8.991e-05
2025-10-28 21:00:00,8.991e-05
2025-10-28 22:00:00,8.991e-05
2025-10-28 23:00:00,8.991e-05
2025-10-29 00:00:00,8.991e-05
2025-10-29 01:00:00,8.991e-05
2025-10-29 02:00:00,8.991e-05
2025-10-29 03:00:00,8.991e-05
2025-10-29 04:00:00,-3.96e-06
2025-10-29 05:00:00,-3.96e-06
2025-10-29 06:00:00,-3.96e-06
2025-10-29 07:00:00,-3.96e-06
2025-10-29 08:00:00,-3.96e-06
2025-10-29 09:00:00,-3.96e-06
2025-10-29 10:00:00,-3.96e-06
2025-10-29 11:00:00,-3.96e-06
2025-10-29 12:00:00,1.593e-05
2025-10-29 13:00:00,1.593e-05
2025-10-29 14:00:00,1.593e-05
2025-10-29 15:00:00,1.593e-05
2025-10-29 16:00:00,1.593e-05
2025-10-29 17:00:00,1.593e-05
2025-10-29 18:00:00,1.593e-05
2025-10-29 19:00:00,1.593e-05
2025-10-29 20:00:00,1.663e-05
2025-10-29 21:00:00,1.663e-05
2025-10-29 22:00:00,1.663e-05
2025-10-29 23:00:00,1.663e-05
2025-10-30 00:00:00,1.663e-05
2025-10-30 01:00:00,1.663e-05
2025-10-30 02:00:00,1.663e-05
2025-10-30 03:00:00,1.663e-05
2025-10-30 04:00:00,2.081e-05
2025-10-30 05:00:00,2.081e-05
2025-10-30 06:00:00,2.081e-05
2025-10-30 07:00:00,2.081e-05
2025-10-30 08:00:00,2.081e-05
2025-10-30 09:00:00,2.081e-05
2025-10-30 10:00:00,2.081e-05
2025-10-30 11:00:00,2.081e-05
2025-10-30 12:00:00,3.62e-05
2025-10-30 13:00:00,3.62e-05
2025-10-30 14:00:00,3.62e-05
2025-10-30 15:00:00,3.62e-05
2025-10-30 16:00:00,3.62e-05
2025-10-30 17:00:00,3.62e-05
2025-10-30 18:00:00,3.62e-05
2025-10-30 19:00:00,3.62e-05
2025-10-30 20:00:00,-2.633e-05
2025-10-30 21:00:00,-2.633e-05
2025-10-30 22:00:00,-2.633e-05
2025-10-30 23:00:00,-2.633e-05
2025-10-31 00:00:00,-2.633e-05
2025-10-31 01:00:00,-2.633e-05
2025-10-31 02:00:00,-2.633e-05
2025-10-31 03:00:00,-2.633e-05
2025-10-31 04:00:00,2.357e-05
2025-10-31 05:00:00,2.357e-05
2025-10-31 06:00:00,2.357e-05
2025-10-31 07:00:00,2.357e-05
2025-10-31 08:00:00,2.357e-05
2025-10-31 09:00:00,2.357e-05
2025-10-31 10:00:00,2.357e-05
2025-10-31 11:00:00,2.357e-05
2025-10-31 12:00:00,0.0001
2025-10-31 13:00:00,0.0001
2025-10-31 14:00:00,0.0001
2025-10-31 15:00:00,0.0001
2025-10-31 16:00:00,0.0001
2025-10-31 17:00:00,0.0001
2025-10-31 18:00:00,0.0001
2025-10-31 19:00:00,0.0001
2025-10-31 20:00:00,5.658e-05
2025-10-31 21:00:00,5.658e-05
2025-10-31 22:00:00,5.658e-05
2025-10-31 23:00:00,5.658e-05
2025-11-01 00:00:00,5.658e-05
2025-11-01 01:00:00,5.658e-05
2025-11-01 02:00:00,5.658e-05
2025-11-01 03:00:00,5.658e-05
2025-11-01 04:00:00,2.475e-05
2025-11-01 05:00:00,2.475e-05
2025-11-01 06:00:00,2.475e-05
2025-11-01 07:00:00,2.475e-05
2025-11-01 08:00:00,2.475e-05
2025-11-01 09:00:00,2.475e-05
2025-11-01 10:00:00,2.475e-05
2025-11-01 11:00:00,2.475e-05
2025-11-01 12:00:00,2.432e-05
2025-11-01 13:00:00,2.432e-05
2025-11-01 14:00:00,2.432e-05
2025-11-01 15:00:00,2.432e-05
2025-11-01 16:00:00,2.432e-05
2025-11-01 17:00:00,2.432e-05
2025-11-01 18:00:00,2.432e-05
2025-11-01 19:00:00,2.432e-05
2025-11-01 20:00:00,6.744e-05
2025-11-01 21:00:00,6.744e-05
2025-11-01 22:00:00,6.744e-05
2025-11-01 23:00:00,6.744e-05
2025-11-02 00:00:00,6.744e-05
2025-11-02 01:00:00,6.744e-05
2025-11-02 02:00:00,6.744e-05
2025-11-02 03:00:00,6.744e-05
2025-11-02 04:00:00,5.819e-05
2025-11-02 05:00:00,5.819e-05
2025-11-02 06:00:00,5.819e-05
2025-11-02 07:00:00,5.819e-05
2025-11-02 08:00:00,5.819e-05
2025-11-02 09:00:00,5.819e-05
2025-11-02 10:00:00,5.819e-05
2025-11-02 11:00:00,5.819e-05
2025-11-02 12:00:00,4.76e-05
2025-11-02 13:00:00,4.76e-05
2025-11-02 14:00:00,4.76e-05
2025-11-02 15:00:00,4.76e-05
2025-11-02 16:00:00,4.76e-05
2025-11-02 17:00:00,4.76e-05
2025-11-02 18:00:00,4.76e-05
2025-11-02 19:00:00,4.76e-05
2025-11-02 20:00:00,1.946e-05
2025-11-02 21:00:00,1.946e-05
2025-11-02 22:00:00,1.946e-05
2025-11-02 23:00:00,1.946e-05
2025-11-03 00:00:00,1.946e-05
2025-11-03 01:00:00,1.946e-05
2025-11-03 02:00:00,1.946e-05
2025-11-03 03:00:00,1.946e-05
2025-11-03 04:00:00,2.067e-05
2025-11-03 05:00:00,2.067e-05
2025-11-03 06:00:00,2.067e-05
2025-11-03 07:00:00,2.067e-05
2025-11-03 08:00:00,2.067e-05
2025-11-03 09:00:00,2.067e-05
2025-11-03 10:00:00,2.067e-05
2025-11-03 11:00:00,2.067e-05
2025-11-03 12:00:00,-4.708e-05
2025-11-03 13:00:00,-4.708e-05
2025-11-03 14:00:00,-4.708e-05
2025-11-03 15:00:00,-4.708e-05
2025-11-03 16:00:00,-4.708e-05
2025-11-03 17:00:00,-4.708e-05
2025-11-03 18:00:00,-4.708e-05
2025-11-03 19:00:00,-4.708e-05
2025-11-03 20:00:00,5.29e-05
2025-11-03 21:00:00,5.29e-05
2025-11-03 22:00:00,5.29e-05
2025-11-03 23:00:00,5.29e-05
2025-11-04 00:00:00,5.29e-05
2025-11-04 01:00:00,5.29e-05
2025-11-04 02:00:00,5.29e-05
2025-11-04 03:00:00,5.29e-05
2025-11-04 04:00:00,3.846e-05
2025-11-04 05:00:00,3.846e-05
2025-11-04 06:00:00,3.846e-05
2025-11-04 07:00:00,3.846e-05
2025-11-04 08:00:00,3.846e-05
2025-11-04 09:00:00,3.846e-05
2025-11-04 10:00:00,3.846e-05
2025-11-04 11:00:00,3.846e-05
2025-11-04 12:00:00,-1.217e-05
2025-11-04 13:00:00,-1.217e-05
2025-11-04 14:00:00,-1.217e-05
2025-11-04 15:00:00,-1.217e-05
2025-11-04 16:00:00,-1.217e-05
2025-11-04 17:00:00,-1.217e-05
2025-11-04 18:00:00,-1.217e-05
2025-11-04 19:00:00,-1.217e-05
2025-11-04 20:00:00,4.548e-05
2025-11-04 21:00:00,4.548e-05
2025-11-04 22:00:00,4.548e-05
2025-11-04 23:00:00,4.548e-05
2025-11-05 00:00:00,4.548e-05
2025-11-05 01:00:00,4.548e-05
2025-11-05 02:00:00,4.548e-05
2025-11-05 03:00:00,4.548e-05
2025-11-05 04:00:00,4.865e-05
2025-11-05 05:00:00,4.865e-05
2025-11-05 06:00:00,4.865e-05
2025-11-05 07:00:00,4.865e-05
2025-11-05 08:00:00,4.865e-05
2025-11-05 09:00:00,4.865e-05
2025-11-05 10:00:00,4.865e-05
2025-11-05 11:00:00,4.865e-05
2025-11-05 12:00:00,1.344e-05
2025-11-05 13:00:00,1.344e-05
2025-11-05 14:00:00,1.344e-05
2025-11-05 15:00:00,1.344e-05
2025-11-05 16:00:00,1.344e-05
2025-11-05 17:00:00,1.344e-05
2025-11-05 18:00:00,1.344e-05
2025-11-05 19:00:00,1.344e-05
2025-11-05 20:00:00,-1.14e-05
2025-11-05 21:00:00,-1.14e-05
2025-11-05 22:00:00,-1.14e-05
2025-11-05 23:00:00,-1.14e-05
2025-11-06 00:00:00,-1.14e-05
2025-11-06 01:00:00,-1.14e-05
2025-11-06 02:00:00,-1.14e-05
2025-11-06 03:00:00,-1.14e-05
2025-11-06 04:00:00,2.099e-05
2025-11-06 05:00:00,2.099e-05
2025-11-06 06:00:00,2.099e-05
2025-11-06 07:00:00,2.099e-05
2025-11-06 08:00:00,2.099e-05
2025-11-06 09:00:00,2.099e-05
2025-11-06 10:00:00,2.099e-05
2025-11-06 11:00:00,2.099e-05
2025-11-06 12:00:00,3.291e-05
2025-11-06 13:00:00,3.291e-05
2025-11-06 14:00:00,3.291e-05
2025-11-06 15:00:00,3.291e-05
2025-11-06 16:00:00,3.291e-05
2025-11-06 17:00:00,3.291e-05
2025-11-06 18:00:00,3.291e-05
2025-11-06 19:00:00,3.291e-05
2025-11-06 20:00:00,4.827e-05
2025-11-06 21:00:00,4.827e-05
2025-11-06 22:00:00,4.827e-05
2025-11-06 23:00:00,4.827e-05
2025-11-07 00:00:00,4.827e-05
2025-11-07 01:00:00,4.827e-05
2025-11-07 02:00:00,4.827e-05
2025-11-07 03:00:00,4.827e-05
2025-11-07 04:00:00,-3.307e-05
2025-11-07 05:00:00,-3.307e-05
2025-11-07 06:00:00,-3.307e-05
2025-11-07 07:00:00,-3.307e-05
2025-11-07 08:00:00,-3.307e-05
2025-11-07 09:00:00,-3.307e-05
2025-11-07 10:00:00,-3.307e-05
2025-11-07 11:00:00,-3.307e-05
2025-11-07 12:00:00,3.929e-05
2025-11-07 13:00:00,3.929e-05
2025-11-07 14:00:00,3.929e-05
2025-11-07 15:00:00,3.929e-05
2025-11-07 16:00:00,3.929e-05
2025-11-07 17:00:00,3.929e-05
2025-11-07 18:00:00,3.929e-05
2025-11-07 19:00:00,3.929e-05
2025-11-07 20:00:00,2.52e-05
2025-11-07 21:00:00,2.52e-05
2025-11-07 22:00:00,2.52e-05
2025-11-07 23:00:00,2.52e-05
2025-11-08 00:00:00,2.52e-05
2025-11-08 01:00:00,2.52e-05
2025-11-08 02:00:00,2.52e-05
2025-11-08 03:00:00,2.52e-05
2025-11-08 04:00:00,7.924e-05
2025-11-08 05:00:00,7.924e-05
2025-11-08 06:00:00,7.924e-05
2025-11-08 07:00:00,7.924e-05
2025-11-08 08:00:00,7.924e-05
2025-11-08 09:00:00,7.924e-05
2025-11-08 10:00:00,7.924e-05
2025-11-08 11:00:00,7.924e-05
2025-11-08 12:00:00,8.47e-06
2025-11-08 13:00:00,8.47e-06
2025-11-08 14:00:00,8.47e-06
2025-11-08 15:00:00,8.47e-06
2025-11-08 16:00:00,8.47e-06
2025-11-08 17:00:00,8.47e-06
2025-11-08 18:00:00,8.47e-06
2025-11-08 19:00:00,8.47e-06
2025-11-08 20:00:00,-7.44e-06
2025-11-08 21:00:00,-7.44e-06
2025-11-08 22:00:00,-7.44e-06
2025-11-08 23:00:00,-7.44e-06
2025-11-09 00:00:00,-7.44e-06
2025-11-09 01:00:00,-7.44e-06
2025-11-09 02:00:00,-7.44e-06
2025-11-09 03:00:00,-7.44e-06
2025-11-09 04:00:00,-1.71e-06
2025-11-09 05:00:00,-1.71e-06
2025-11-09 06:00:00,-1.71e-06
2025-11-09 07:00:00,-1.71e-06
2025-11-09 08:00:00,-1.71e-06
2025-11-09 09:00:00,-1.71e-06
2025-11-09 10:00:00,-1.71e-06
2025-11-09 11:00:00,-1.71e-06
2025-11-09 12:00:00,3.745e-05
2025-11-09 13:00:00,3.745e-05
2025-11-09 14:00:00,3.745e-05
2025-11-09 15:00:00,3.745e-05
2025-11-09 16:00:00,3.745e-05
2025-11-09 17:00:00,3.745e-05
2025-11-09 18:00:00,3.745e-05
2025-11-09 19:00:00,3.745e-05
2025-11-09 20:00:00,7.699e-05
2025-11-09 21:00:00,7.699e-05
2025-11-09 22:00:00,7.699e-05
2025-11-09 23:00:00,7.699e-05
2025-11-10 00:00:00,7.699e-05
2025-11-10 01:00:00,7.699e-05
2025-11-10 02:00:00,7.699e-05
2025-11-10 03:00:00,7.699e-05
2025-11-10 04:00:00,9.233e-05
2025-11-10 05:00:00,9.233e-05
2025-11-10 06:00:00,9.233e-05
2025-11-10 07:00:00,9.233e-05
2025-11-10 08:00:00,9.233e-05
2025-11-10 09:00:00,9.233e-05
2025-11-10 10:00:00,9.233e-05
2025-11-10 11:00:00,9.233e-05
2025-11-10 12:00:00,8.068e-05
2025-11-10 13:00:00,8.068e-05
2025-11-10 14:00:00,8.068e-05
2025-11-10 15:00:00,8.068e-05
2025-11-10 16:00:00,8.068e-05
2025-11-10 17:00:00,8.068e-05
2025-11-10 18:00:00,8.068e-05
2025-11-10 19:00:00,8.068e-05
2025-11-10 20:00:00,4.716e-05
2025-11-10 21:00:00,4.716e-05
2025-11-10 22:00:00,4.716e-05
2025-11-10 23:00:00,4.716e-05
2025-11-11 00:00:00,4.716e-05
2025-11-11 01:00:00,4.716e-05
2025-11-11 02:00:00,4.716e-05
2025-11-11 03:00:00,4.716e-05
2025-11-11 04:00:00,1.35e-05
2025-11-11 05:00:00,1.35e-05
2025-11-11 06:00:00,1.35e-05
2025-11-11 07:00:00,1.35e-05
2025-11-11 08:00:00,1.35e-05
2025-11-11 09:00:00,1.35e-05
2025-11-11 10:00:00,1.35e-05
2025-11-11 11:00:00,1.35e-05
2025-11-11 12:00:00,-4.885e-05
2025-11-11 13:00:00,-4.885e-05
2025-11-11 14:00:00,-4.885e-05
2025-11-11 15:00:00,-4.885e-05
2025-11-11 16:00:00,-4.885e-05
2025-11-11 17:00:00,-4.885e-05
2025-11-11 18:00:00,-4.885e-05
2025-11-11 19:00:00,-4.885e-05
2025-11-11 20:00:00,5.706e-05
2025-11-11 21:00:00,5.706e-05
2025-11-11 22:00:00,5.706e-05
2025-11-11 23:00:00,5.706e-05
2025-11-12 00:00:00,5.706e-05
2025-11-12 01:00:00,5.706e-05
2025-11-12 02:00:00,5.706e-05
2025-11-12 03:00:00,5.706e-05
2025-11-12 04:00:00,6.811e-05
2025-11-12 05:00:00,6.811e-05
2025-11-12 06:00:00,6.811e-05
2025-11-12 07:00:00,6.811e-05
2025-11-12 08:00:00,6.811e-05
2025-11-12 09:00:00,6.811e-05
2025-11-12 10:00:00,6.811e-05
2025-11-12 11:00:00,6.811e-05
2025-11-12 12:00:00,3.386e-05
2025-11-12 13:00:00,3.386e-05
2025-11-12 14:00:00,3.386e-05
2025-11-12 15:00:00,3.386e-05
2025-11-12 16:00:00,3.386e-05
2025-11-12 17:00:00,3.386e-05
2025-11-12 18:00:00,3.386e-05
2025-11-12 19:00:00,3.386e-05
2025-11-12 20:00:00,9.323e-05
2025-11-12 21:00:00,9.323e-05
2025-11-12 22:00:00,9.323e-05
2025-11-12 23:00:00,9.323e-05
2025-11-13 00:00:00,9.323e-05
2025-11-13 01:00:00,9.323e-05
2025-11-13 02:00:00,9.323e-05
2025-11-13 03:00:00,9.323e-05
2025-11-13 04:00:00,-1.163e-05
2025-11-13 05:00:00,-1.163e-05
2025-11-13 06:00:00,-1.163e-05
2025-11-13 07:00:00,-1.163e-05
2025-11-13 08:00:00,-1.163e-05
2025-11-13 09:00:00,-1.163e-05
2025-11-13 10:00:00,-1.163e-05
2025-11-13 11:00:00,-1.163e-05
2025-11-13 12:00:00,1.427e-05
2025-11-13 13:00:00,1.427e-05
2025-11-13 14:00:00,1.427e-05
2025-11-13 15:00:00,1.427e-05
2025-11-13 16:00:00,1.427e-05
2025-11-13 17:00:00,1.427e-05
2025-11-13 18:00:00,1.427e-05
2025-11-13 19:00:00,1.427e-05
2025-11-13 20:00:00,2.564e-05
2025-11-13 21:00:00,2.564e-05
2025-11-13 22:00:00,2.564e-05
2025-11-13 23:00:00,2.564e-05
2025-11-14 00:00:00,2.564e-05
2025-11-14 01:00:00,2.564e-05
2025-11-14 02:00:00,2.564e-05
2025-11-14 03:00:00,2.564e-05
2025-11-14 04:00:00,-4.056e-05
2025-11-14 05:00:00,-4.056e-05
2025-11-14 06:00:00,-4.056e-05
2025-11-14 07:00:00,-4.056e-05
2025-11-14 08:00:00,-4.056e-05
2025-11-14 09:00:00,-4.056e-05
2025-11-14 10:00:00,-4.056e-05
2025-11-14 11:00:00,-4.056e-05
2025-11-14 12:00:00,1.296e-05
2025-11-14 13:00:00,1.296e-05
2025-11-14 14:00:00,1.296e-05
2025-11-14 15:00:00,1.296e-05
2025-11-14 16:00:00,1.296e-05
2025-11-14 17:00:00,1.296e-05
2025-11-14 18:00:00,1.296e-05
2025-11-14 19:00:00,1.296e-05
2025-11-14 20:00:00,5.789e-05
2025-11-14 21:00:00,5.789e-05
2025-11-14 22:00:00,5.789e-05
2025-11-14 23:00:00,5.789e-05
2025-11-15 00:00:00,5.789e-05
2025-11-15 01:00:00,5.789e-05
2025-11-15 02:00:00,5.789e-05
2025-11-15 03:00:00,5.789e-05
2025-11-15 04:00:00,4.552e-05
2025-11-15 05:00:00,4.552e-05
2025-11-15 06:00:00,4.552e-05
2025-11-15 07:00:00,4.552e-05
2025-11-15 08:00:00,4.552e-05
2025-11-15 09:00:00,4.552e-05
2025-11-15 10:00:00,4.552e-05
2025-11-15 11:00:00,4.552e-05
2025-11-15 12:00:00,7.12e-05
2025-11-15 13:00:00,7.12e-05
2025-11-15 14:00:00,7.12e-05
2025-11-15 15:00:00,7.12e-05
2025-11-15 16:00:00,7.12e-05
2025-11-15 17:00:00,7.12e-05
2025-11-15 18:00:00,7.12e-05
2025-11-15 19:00:00,7.12e-05
2025-11-15 20:00:00,4.47e-05
2025-11-15 21:00:00,4.47e-05
2025-11-15 22:00:00,4.47e-05
2025-11-15 23:00:00,4.47e-05
2025-11-16 00:00:00,4.47e-05
2025-11-16 01:00:00,4.47e-05
2025-11-16 02:00:00,4.47e-05
2025-11-16 03:00:00,4.47e-05
2025-11-16 04:00:00,9.79e-06
2025-11-16 05:00:00,9.79e-06
2025-11-16 06:00:00,9.79e-06
2025-11-16 07:00:00,9.79e-06
2025-11-16 08:00:00,9.79e-06
2025-11-16 09:00:00,9.79e-06
2025-11-16 10:00:00,9.79e-06
2025-11-16 11:00:00,9.79e-06
2025-11-16 12:00:00,3.754e-05
2025-11-16 13:00:00,3.754e-05
2025-11-16 14:00:00,3.754e-05
2025-11-16 15:00:00,3.754e-05
2025-11-16 16:00:00,3.754e-05
2025-11-16 17:00:00,3.754e-05
2025-11-16 18:00:00,3.754e-05
2025-11-16 19:00:00,3.754e-05
2025-11-16 20:00:00,4.955e-05
2025-11-16 21:00:00,4.955e-05
2025-11-16 22:00:00,4.955e-05
2025-11-16 23:00:00,4.955e-05
2025-11-17 00:00:00,4.955e-05
2025-11-17 01:00:00,4.955e-05
2025-11-17 02:00:00,4.955e-05
2025-11-17 03:00:00,4.955e-05
2025-11-17 04:00:00,5.953e-05
2025-11-17 05:00:00,5.953e-05
2025-11-17 06:00:00,5.953e-05
2025-11-17 07:00:00,5.953e-05
2025-11-17 08:00:00,5.953e-05
2025-11-17 09:00:00,5.953e-05
2025-11-17 10:00:00,5.953e-05
2025-11-17 11:00:00,5.953e-05
2025-11-17 12:00:00,0.0001
2025-11-17 13:00:00,0.0001
2025-11-17 14:00:00,0.0001
2025-11-17 15:00:00,0.0001
2025-11-17 16:00:00,0.0001
2025-11-17 17:00:00,0.0001
2025-11-17 18:00:00,0.0001
2025-11-17 19:00:00,0.0001
2025-11-17 20:00:00,7.101e-05
2025-11-17 21:00:00,7.101e-05
2025-11-17 22:00:00,7.101e-05
2025-11-17 23:00:00,7.101e-05
2025-11-18 00:00:00,7.101e-05
2025-11-18 01:00:00,7.101e-05
2025-11-18 02:00:00,7.101e-05
2025-11-18 03:00:00,7.101e-05
2025-11-18 04:00:00,8.162e-05
2025-11-18 05:00:00,8.162e-05
2025-11-18 06:00:00,8.162e-05
2025-11-18 07:00:00,8.162e-05
2025-11-18 08:00:00,8.162e-05
2025-11-18 09:00:00,8.162e-05
2025-11-18 10:00:00,8.162e-05
2025-11-18 11:00:00,8.162e-05
2025-11-18 12:00:00,4.31e-05
2025-11-18 13:00:00,4.31e-05
2025-11-18 14:00:00,4.31e-05
2025-11-18 15:00:00,4.31e-05
2025-11-18 16:00:00,4.31e-05
2025-11-18 17:00:00,4.31e-05
2025-11-18 18:00:00,4.31e-05
2025-11-18 19:00:00,4.31e-05
2025-11-18 20:00:00,0.0001
2025-11-18 21:00:00,0.0001
2025-11-18 22:00:00,0.0001
2025-11-18 23:00:00,0.0001
2025-11-19 00:00:00,0.0001
2025-11-19 01:00:00,0.0001
2025-11-19 02:00:00,0.0001
2025-11-19 03:00:00,0.0001
2025-11-19 04:00:00,4.908e-05
2025-11-19 05:00:00,4.908e-05
2025-11-19 06:00:00,4.908e-05
2025-11-19 07:00:00,4.908e-05
2025-11-19 08:00:00,4.908e-05
2025-11-19 09:00:00,4.908e-05
2025-11-19 10:00:00,4.908e-05
2025-11-19 11:00:00,4.908e-05
2025-11-19 12:00:00,-4.34e-06
2025-11-19 13:00:00,-4.34e-06
2025-11-19 14:00:00,-4.34e-06
2025-11-19 15:00:00,-4.34e-06
2025-11-19 16:00:00,-4.34e-06
2025-11-19 17:00:00,-4.34e-06
2025-11-19 18:00:00,-4.34e-06
2025-11-19 19:00:00,-4.34e-06
2025-11-19 20:00:00,-9.81e-06
2025-11-19 21:00:00,-9.81e-06
2025-11-19 22:00:00,-9.81e-06
2025-11-19 23:00:00,-9.81e-06
2025-11-20 00:00:00,-9.81e-06
2025-11-20 01:00:00,-9.81e-06
2025-11-20 02:00:00,-9.81e-06
2025-11-20 03:00:00,-9.81e-06
2025-11-20 04:00:00,4.555e-05
2025-11-20 05:00:00,4.555e-05
2025-11-20 06:00:00,4.555e-05
2025-11-20 07:00:00,4.555e-05
2025-11-20 08:00:00,4.555e-05
2025-11-20 09:00:00,4.555e-05
2025-11-20 10:00:00,4.555e-05
2025-11-20 11:00:00,4.555e-05
2025-11-20 12:00:00,0.0001
2025-11-20 13:00:00,0.0001
2025-11-20 14:00:00,0.0001
2025-11-20 15:00:00,0.0001
2025-11-20 16:00:00,0.0001
2025-11-20 17:00:00,0.0001
2025-11-20 18:00:00,0.0001
2025-11-20 19:00:00,0.0001
2025-11-20 20:00:00,1.338e-05
2025-11-20 21:00:00,1.338e-05
2025-11-20 22:00:00,1.338e-05
2025-11-20 23:00:00,1.338e-05
2025-11-21 00:00:00,1.338e-05
2025-11-21 01:00:00,1.338e-05
2025-11-21 02:00:00,1.338e-05
2025-11-21 03:00:00,1.338e-05
2025-11-21 04:00:00,-4.79e-06
2025-11-21 05:00:00,-4.79e-06
2025-11-21 06:00:00,-4.79e-06
2025-11-21 07:00:00,-4.79e-06
2025-11-21 08:00:00,-4.79e-06
2025-11-21 09:00:00,-4.79e-06
2025-11-21 10:00:00,-4.79e-06
2025-11-21 11:00:00,-4.79e-06
2025-11-21 12:00:00,-7.26e-06
2025-11-21 13:00:00,-7.26e-06
2025-11-21 14:00:00,-7.26e-06
2025-11-21 15:00:00,-7.26e-06
2025-11-21 16:00:00,-7.26e-06
2025-11-21 17:00:00,-7.26e-06
2025-11-21 18:00:00,-7.26e-06
2025-11-21 19:00:00,-7.26e-06
2025-11-21 20:00:00,5.602e-05
2025-11-21 21:00:00,5.602e-05
2025-11-21 22:00:00,5.602e-05
2025-11-21 23:00:00,5.602e-05
2025-11-22 00:00:00,5.602e-05
2025-11-22 01:00:00,5.602e-05
2025-11-22 02:00:00,5.602e-05
2025-11-22 03:00:00,5.602e-05
2025-11-22 04:00:00,3.39e-05
2025-11-22 05:00:00,3.39e-05
2025-11-22 06:00:00,3.39e-05
2025-11-22 07:00:00,3.39e-05
2025-11-22 08:00:00,3.39e-05
2025-11-22 09:00:00,3.39e-05
2025-11-22 10:00:00,3.39e-05
2025-11-22 11:00:00,3.39e-05
2025-11-22 12:00:00,2.259e-05
2025-11-22 13:00:00,2.259e-05
2025-11-22 14:00:00,2.259e-05
2025-11-22 15:00:00,2.259e-05
2025-11-22 16:00:00,2.259e-05
2025-11-22 17:00:00,2.259e-05
2025-11-22 18:00:00,2.259e-05
2025-11-22 19:00:00,2.259e-05
2025-11-22 20:00:00,6.123e-05
2025-11-22 21:00:00,6.123e-05
2025-11-22 22:00:00,6.123e-05
2025-11-22 23:00:00,6.123e-05
2025-11-23 00:00:00,6.123e-05
2025-11-23 01:00:00,6.123e-05
2025-11-23 02:00:00,6.123e-05
2025-11-23 03:00:00,6.123e-05
2025-11-23 04:00:00,4.974e-05
2025-11-23 05:00:00,4.974e-05
2025-11-23 06:00:00,4.974e-05
2025-11-23 07:00:00,4.974e-05
2025-11-23 08:00:00,4.974e-05
2025-11-23 09:00:00,4.974e-05
2025-11-23 10:00:00,4.974e-05
2025-11-23 11:00:00,4.974e-05
2025-11-23 12:00:00,4.368e-05
2025-11-23 13:00:00,4.368e-05
2025-11-23 14:00:00,4.368e-05
2025-11-23 15:00:00,4.368e-05
2025-11-23 16:00:00,4.368e-05
2025-11-23 17:00:00,4.368e-05
2025-11-23 18:00:00,4.368e-05
2025-11-23 19:00:00,4.368e-05
2025-11-23 20:00:00,9.31e-06
2025-11-23 21:00:00,9.31e-06
2025-11-23 22:00:00,9.31e-06
2025-11-23 23:00:00,9.31e-06
2025-11-24 00:00:00,9.31e-06
2025-11-24 01:00:00,9.31e-06
2025-11-24 02:00:00,9.31e-06
2025-11-24 03:00:00,9.31e-06
2025-11-24 04:00:00,-1.427e-05
2025-11-24 05:00:00,-1.427e-05
2025-11-24 06:00:00,-1.427e-05
2025-11-24 07:00:00,-1.427e-05
2025-11-24 08:00:00,-1.427e-05
2025-11-24 09:00:00,-1.427e-05
2025-11-24 10:00:00,-1.427e-05
2025-11-24 11:00:00,-1.427e-05
2025-11-24 12:00:00,-3.212e-05
2025-11-24 13:00:00,-3.212e-05
2025-11-24 14:00:00,-3.212e-05
2025-11-24 15:00:00,-3.212e-05
2025-11-24 16:00:00,-3.212e-05
2025-11-24 17:00:00,-3.212e-05
2025-11-24 18:00:00,-3.212e-05
2025-11-24 19:00:00,-3.212e-05
2025-11-24 20:00:00,-1.6e-07
2025-11-24 21:00:00,-1.6e-07
2025-11-24 22:00:00,-1.6e-07
2025-11-24 23:00:00,-1.6e-07
2025-11-25 00:00:00,-1.6e-07
2025-11-25 01:00:00,-1.6e-07
2025-11-25 02:00:00,-1.6e-07
2025-11-25 03:00:00,-1.6e-07
2025-11-25 04:00:00,-6.725e-05
2025-11-25 05:00:00,-6.725e-05
2025-11-25 06:00:00,-6.725e-05
2025-11-25 07:00:00,-6.725e-05
2025-11-25 08:00:00,-6.725e-05
2025-11-25 09:00:00,-6.725e-05
2025-11-25 10:00:00,-6.725e-05
2025-11-25 11:00:00,-6.725e-05
2025-11-25 12:00:00,-4.14e-06
2025-11-25 13:00:00,-4.14e-06
2025-11-25 14:00:00,-4.14e-06
2025-11-25 15:00:00,-4.14e-06
2025-11-25 16:00:00,-4.14e-06
2025-11-25 17:00:00,-4.14e-06
2025-11-25 18:00:00,-4.14e-06
2025-11-25 19:00:00,-4.14e-06
2025-11-25 20:00:00,-4.901e-05
2025-11-25 21:00:00,-4.901e-05
2025-11-25 22:00:00,-4.901e-05
2025-11-25 23:00:00,-4.901e-05
2025-11-26 00:00:00,-4.901e-05
2025-11-26 01:00:00,-4.901e-05
2025-11-26 02:00:00,-4.901e-05
2025-11-26 03:00:00,-4.901e-05
2025-11-26 04:00:00,-9.27e-06
2025-11-26 05:00:00,-9.27e-06
2025-11-26 06:00:00,-9.27e-06
2025-11-26 07:00:00,-9.27e-06
2025-11-26 08:00:00,-9.27e-06
2025-11-26 09:00:00,-9.27e-06
2025-11-26 10:00:00,-9.27e-06
2025-11-26 11:00:00,-9.27e-06
2025-11-26 12:00:00,-2.68e-06
2025-11-26 13:00:00,-2.68e-06
2025-11-26 14:00:00,-2.68e-06
2025-11-26 15:00:00,-2.68e-06
2025-11-26 16:00:00,-2.68e-06
2025-11-26 17:00:00,-2.68e-06
2025-11-26 18:00:00,-2.68e-06
2025-11-26 19:00:00,-2.68e-06
2025-11-26 20:00:00,1.62e-06
2025-11-26 21:00:00,1.62e-06
2025-11-26 22:00:00,1.62e-06
2025-11-26 23:00:00,1.62e-06
2025-11-27 00:00:00,1.62e-06
2025-11-27 01:00:00,1.62e-06
2025-11-27 02:00:00,1.62e-06
2025-11-27 03:00:00,1.62e-06
2025-11-27 04:00:00,3.41e-05
2025-11-27 05:00:00,3.41e-05
2025-11-27 06:00:00,3.41e-05
2025-11-27 07:00:00,3.41e-05
2025-11-27 08:00:00,3.41e-05
2025-11-27 09:00:00,3.41e-05
2025-11-27 10:00:00,3.41e-05
2025-11-27 11:00:00,3.41e-05
2025-11-27 12:00:00,-3.03e-06
2025-11-27 13:00:00,-3.03e-06
2025-11-27 14:00:00,-3.03e-06
2025-11-27 15:00:00,-3.03e-06
2025-11-27 16:00:00,-3.03e-06
2025-11-27 17:00:00,-3.03e-06
2025-11-27 18:00:00,-3.03e-06
2025-11-27 19:00:00,-3.03e-06
2025-11-27 20:00:00,-8.01e-06
2025-11-27 21:00:00,-8.01e-06
2025-11-27 22:00:00,-8.01e-06
2025-11-27 23:00:00,-8.01e-06
2025-11-28 00:00:00,-8.01e-06
2025-11-28 01:00:00,-8.01e-06
2025-11-28 02:00:00,-8.01e-06
2025-11-28 03:00:00,-8.01e-06
2025-11-28 04:00:00,1.7e-06
2025-11-28 05:00:00,1.7e-06
2025-11-28 06:00:00,1.7e-06
2025-11-28 07:00:00,1.7e-06
2025-11-28 08:00:00,1.7e-06
2025-11-28 09:00:00,1.7e-06
2025-11-28 10:00:00,1.7e-06
2025-11-28 11:00:00,1.7e-06
2025-11-28 12:00:00,-3.78e-06
2025-11-28 13:00:00,-3.78e-06
2025-11-28 14:00:00,-3.78e-06
2025-11-28 15:00:00,-3.78e-06
2025-11-28 16:00:00,-3.78e-06
2025-11-28 17:00:00,-3.78e-06
2025-11-28 18:00:00,-3.78e-06
2025-11-28 19:00:00,-3.78e-06
2025-11-28 20:00:00,-7.46e-06
2025-11-28 21:00:00,-7.46e-06
2025-11-28 22:00:00,-7.46e-06
2025-11-28 23:00:00,-7.46e-06
2025-11-29 00:00:00,-7.46e-06
2025-11-29 01:00:00,-7.46e-06
2025-11-29 02:00:00,-7.46e-06
2025-11-29 03:00:00,-7.46e-06
2025-11-29 04:00:00,-9.691e-05
2025-11-29 05:00:00,-9.691e-05
2025-11-29 06:00:00,-9.691e-05
2025-11-29 07:00:00,-9.691e-05
2025-11-29 08:00:00,-9.691e-05
2025-11-29 09:00:00,-9.691e-05
2025-11-29 10:00:00,-9.691e-05
2025-11-29 11:00:00,-9.691e-05
2025-11-29 12:00:00,-9.76e-06
2025-11-29 13:00:00,-9.76e-06
2025-11-29 14:00:00,-9.76e-06
2025-11-29 15:00:00,-9.76e-06
2025-11-29 16:00:00,-9.76e-06
2025-11-29 17:00:00,-9.76e-06
2025-11-29 18:00:00,-9.76e-06
2025-11-29 19:00:00,-9.76e-06
2025-11-29 20:00:00,1.029e-05
2025-11-29 21:00:00,1.029e-05
2025-11-29 22:00:00,1.029e-05
2025-11-29 23:00:00,1.029e-05
2025-11-30 00:00:00,1.029e-05
2025-11-30 01:00:00,1.029e-05
2025-11-30 02:00:00,1.029e-05
2025-11-30 03:00:00,1.029e-05
2025-11-30 04:00:00,7.307e-05
2025-11-30 05:00:00,7.307e-05
2025-11-30 06:00:00,7.307e-05
2025-11-30 07:00:00,7.307e-05
2025-11-30 08:00:00,7.307e-05
2025-11-30 09:00:00,7.307e-05
2025-11-30 10:00:00,7.307e-05
2025-11-30 11:00:00,7.307e-05
2025-11-30 12:00:00,5.238e-05
2025-11-30 13:00:00,5.238e-05
2025-11-30 14:00:00,5.238e-05
2025-11-30 15:00:00,5.238e-05
2025-11-30 16:00:00,5.238e-05
2025-11-30 17:00:00,5.238e-05
2025-11-30 18:00:00,5.238e-05
2025-11-30 19:00:00,5.238e-05
2025-11-30 20:00:00,1.622e-05
2025-11-30 21:00:00,1.622e-05
2025-11-30 22:00:00,1.622e-05
2025-11-30 23:00:00,1.622e-05
2025-12-01 00:00:00,1.622e-05
2025-12-01 01:00:00,1.622e-05
2025-12-01 02:00:00,1.622e-05
2025-12-01 03:00:00,1.622e-05
2025-12-01 04:00:00,7.5e-06
2025-12-01 05:00:00,7.5e-06
2025-12-01 06:00:00,7.5e-06
2025-12-01 07:00:00,7.5e-06
2025-12-01 08:00:00,7.5e-06
2025-12-01 09:00:00,7.5e-06
2025-12-01 10:00:00,7.5e-06
2025-12-01 11:00:00,7.5e-06
2025-12-01 12:00:00,-6.05e-06
2025-12-01 13:00:00,-6.05e-06
2025-12-01 14:00:00,-6.05e-06
2025-12-01 15:00:00,-6.05e-06
2025-12-01 16:00:00,-6.05e-06
2025-12-01 17:00:00,-6.05e-06
2025-12-01 18:00:00,-6.05e-06
2025-12-01 19:00:00,-6.05e-06
2025-12-01 20:00:00,-1.07e-06
2025-12-01 21:00:00,-1.07e-06
2025-12-01 22:00:00,-1.07e-06
2025-12-01 23:00:00,-1.07e-06
2025-12-02 00:00:00,-1.07e-06
2025-12-02 01:00:00,-1.07e-06
2025-12-02 02:00:00,-1.07e-06
2025-12-02 03:00:00,-1.07e-06
2025-12-02 04:00:00,-9.17e-06
2025-12-02 05:00:00,-9.17e-06
2025-12-02 06:00:00,-9.17e-06
2025-12-02 07:00:00,-9.17e-06
2025-12-02 08:00:00,-9.17e-06
2025-12-02 09:00:00,-9.17e-06
2025-12-02 10:00:00,-9.17e-06
2025-12-02 11:00:00,-9.17e-06
2025-12-02 12:00:00,4.832e-05
2025-12-02 13:00:00,4.832e-05
2025-12-02 14:00:00,4.832e-05
2025-12-02 15:00:00,4.832e-05
2025-12-02 16:00:00,4.832e-05
2025-12-02 17:00:00,4.832e-05
2025-12-02 18:00:00,4.832e-05
2025-12-02 19:00:00,4.832e-05
2025-12-02 20:00:00,1.79e-05
2025-12-02 21:00:00,1.79e-05
2025-12-02 22:00:00,1.79e-05
2025-12-02 23:00:00,1.79e-05
2025-12-03 00:00:00,1.79e-05
2025-12-03 01:00:00,1.79e-05
2025-12-03 02:00:00,1.79e-05
2025-12-03 03:00:00,1.79e-05
2025-12-03 04:00:00,9.24e-06
2025-12-03 05:00:00,9.24e-06
2025-12-03 06:00:00,9.24e-06
2025-12-03 07:00:00,9.24e-06
2025-12-03 08:00:00,9.24e-06
2025-12-03 09:00:00,9.24e-06
2025-12-03 10:00:00,9.24e-06
2025-12-03 11:00:00,9.24e-06
2025-12-03 12:00:00,2.73e-05
2025-12-03 13:00:00,2.73e-05
2025-12-03 14:00:00,2.73e-05
2025-12-03 15:00:00,2.73e-05
2025-12-03 16:00:00,2.73e-05
2025-12-03 17:00:00,2.73e-05
2025-12-03 18:00:00,2.73e-05
2025-12-03 19:00:00,2.73e-05
2025-12-03 20:00:00,3.174e-05
2025-12-03 21:00:00,3.174e-05
2025-12-03 22:00:00,3.174e-05
2025-12-03 23:00:00,3.174e-05
2025-12-04 00:00:00,3.174e-05
2025-12-04 01:00:00,3.174e-05
2025-12-04 02:00:00,3.174e-05
2025-12-04 03:00:00,3.174e-05
2025-12-04 04:00:00,7.408e-05
2025-12-04 05:00:00,7.408e-05
2025-12-04 06:00:00,7.408e-05
2025-12-04 07:00:00,7.408e-05
2025-12-04 08:00:00,7.408e-05
2025-12-04 09:00:00,7.408e-05
2025-12-04 10:00:00,7.408e-05
2025-12-04 11:00:00,7.408e-05
2025-12-04 12:00:00,3.057e-05
2025-12-04 13:00:00,3.057e-05
2025-12-04 14:00:00,3.057e-05
2025-12-04 15:00:00,3.057e-05
2025-12-04 16:00:00,3.057e-05
2025-12-04 17:00:00,3.057e-05
2025-12-04 18:00:00,3.057e-05
2025-12-04 19:00:00,3.057e-05
2025-12-04 20:00:00,-8.57e-06
2025-12-04 21:00:00,-8.57e-06
2025-12-04 22:00:00,-8.57e-06
2025-12-04 23:00:00,-8.57e-06
2025-12-05 00:00:00,-8.57e-06
2025-12-05 01:00:00,-8.57e-06
2025-12-05 02:00:00,-8.57e-06
2025-12-05 03:00:00,-8.57e-06
2025-12-05 04:00:00,1.741e-05
2025-12-05 05:00:00,1.741e-05
2025-12-05 06:00:00,1.741e-05
2025-12-05 07:00:00,1.741e-05
2025-12-05 08:00:00,1.741e-05
2025-12-05 09:00:00,1.741e-05
2025-12-05 10:00:00,1.741e-05
2025-12-05 11:00:00,1.741e-05
2025-12-05 12:00:00,4.438e-05
2025-12-05 13:00:00,4.438e-05
2025-12-05 14:00:00,4.438e-05
2025-12-05 15:00:00,4.438e-05
2025-12-05 16:00:00,4.438e-05
2025-12-05 17:00:00,4.438e-05
2025-12-05 18:00:00,4.438e-05
2025-12-05 19:00:00,4.438e-05
2025-12-05 20:00:00,-8.68e-06
2025-12-05 21:00:00,-8.68e-06
2025-12-05 22:00:00,-8.68e-06
2025-12-05 23:00:00,-8.68e-06
2025-12-06 00:00:00,-8.68e-06
2025-12-06 01:00:00,-8.68e-06
2025-12-06 02:00:00,-8.68e-06
2025-12-06 03:00:00,-8.68e-06
2025-12-06 04:00:00,-5.86e-06
2025-12-06 05:00:00,-5.86e-06
2025-12-06 06:00:00,-5.86e-06
2025-12-06 07:00:00,-5.86e-06
2025-12-06 08:00:00,-5.86e-06
2025-12-06 09:00:00,-5.86e-06
2025-12-06 10:00:00,-5.86e-06
2025-12-06 11:00:00,-5.86e-06
2025-12-06 12:00:00,-3.31e-05
2025-12-06 13:00:00,-3.31e-05
2025-12-06 14:00:00,-3.31e-05
2025-12-06 15:00:00,-3.31e-05
2025-12-06 16:00:00,-3.31e-05
2025-12-06 17:00:00,-3.31e-05
2025-12-06 18:00:00,-3.31e-05
2025-12-06 19:00:00,-3.31e-05
2025-12-06 20:00:00,-4.707e-05
2025-12-06 21:00:00,-4.707e-05
2025-12-06 22:00:00,-4.707e-05
2025-12-06 23:00:00,-4.707e-05
2025-12-07 00:00:00,-4.707e-05
2025-12-07 01:00:00,-4.707e-05
2025-12-07 02:00:00,-4.707e-05
2025-12-07 03:00:00,-4.707e-05
2025-12-07 04:00:00,-8.28e-06
2025-12-07 05:00:00,-8.28e-06
2025-12-07 06:00:00,-8.28e-06
2025-12-07 07:00:00,-8.28e-06
2025-12-07 08:00:00,-8.28e-06
2025-12-07 09:00:00,-8.28e-06
2025-12-07 10:00:00,-8.28e-06
2025-12-07 11:00:00,-8.28e-06
2025-12-07 12:00:00,-1.167e-05
2025-12-07 13:00:00,-1.167e-05
2025-12-07 14:00:00,-1.167e-05
2025-12-07 15:00:00,-1.167e-05
2025-12-07 16:00:00,-1.167e-05
2025-12-07 17:00:00,-1.167e-05
2025-12-07 18:00:00,-1.167e-05
2025-12-07 19:00:00,-1.167e-05
2025-12-07 20:00:00,2.284e-05
2025-12-07 21:00:00,2.284e-05
2025-12-07 22:00:00,2.284e-05
2025-12-07 23:00:00,2.284e-05
2025-12-08 00:00:00,2.284e-05
2025-12-08 01:00:00,2.284e-05
2025-12-08 02:00:00,2.284e-05
2025-12-08 03:00:00,2.284e-05
2025-12-08 04:00:00,2.87e-05
2025-12-08 05:00:00,2.87e-05
2025-12-08 06:00:00,2.87e-05
2025-12-08 07:00:00,2.87e-05
2025-12-08 08:00:00,2.87e-05
2025-12-08 09:00:00,2.87e-05
2025-12-08 10:00:00,2.87e-05
2025-12-08 11:00:00,2.87e-05
2025-12-08 12:00:00,8.354e-05
2025-12-08 13:00:00,8.354e-05
2025-12-08 14:00:00,8.354e-05
2025-12-08 15:00:00,8.354e-05
2025-12-08 16:00:00,8.354e-05
2025-12-08 17:00:00,8.354e-05
2025-12-08 18:00:00,8.354e-05
2025-12-08 19:00:00,8.354e-05
2025-12-08 20:00:00,3.817e-05
2025-12-08 21:00:00,3.817e-05
2025-12-08 22:00:00,3.817e-05
2025-12-08 23:00:00,3.817e-05
2025-12-09 00:00:00,3.817e-05
2025-12-09 01:00:00,3.817e-05
2025-12-09 02:00:00,3.817e-05
2025-12-09 03:00:00,3.817e-05
2025-12-09 04:00:00,-1.767e-05
2025-12-09 05:00:00,-1.767e-05
2025-12-09 06:00:00,-1.767e-05
2025-12-09 07:00:00,-1.767e-05
2025-12-09 08:00:00,-1.767e-05
2025-12-09 09:00:00,-1.767e-05
2025-12-09 10:00:00,-1.767e-05
2025-12-09 11:00:00,-1.767e-05
2025-12-09 12:00:00,1.299e-05
2025-12-09 13:00:00,1.299e-05
2025-12-09 14:00:00,1.299e-05
2025-12-09 15:00:00,1.299e-05
2025-12-09 16:00:00,1.299e-05
2025-12-09 17:00:00,1.299e-05
2025-12-09 18:00:00,1.299e-05
2025-12-09 19:00:00,1.299e-05
2025-12-09 20:00:00,1.324e-05
2025-12-09 21:00:00,1.324e-05
2025-12-09 22:00:00,1.324e-05
2025-12-09 23:00:00,1.324e-05
2025-12-10 00:00:00,1.324e-05
2025-12-10 01:00:00,1.324e-05
2025-12-10 02:00:00,1.324e-05
2025-12-10 03:00:00,1.324e-05
2025-12-10 04:00:00,3.203e-05
2025-12-10 05:00:00,3.203e-05
2025-12-10 06:00:00,3.203e-05
2025-12-10 07:00:00,3.203e-05
2025-12-10 08:00:00,3.203e-05
2025-12-10 09:00:00,3.203e-05
2025-12-10 10:00:00,3.203e-05
2025-12-10 11:00:00,3.203e-05
2025-12-10 12:00:00,1.545e-05
2025-12-10 13:00:00,1.545e-05
2025-12-10 14:00:00,1.545e-05
2025-12-10 15:00:00,1.545e-05
2025-12-10 16:00:00,1.545e-05
2025-12-10 17:00:00,1.545e-05
2025-12-10 18:00:00,1.545e-05
2025-12-10 19:00:00,1.545e-05
2025-12-10 20:00:00,1.461e-05
2025-12-10 21:00:00,1.461e-05
2025-12-10 22:00:00,1.461e-05
2025-12-10 23:00:00,1.461e-05
2025-12-11 00:00:00,1.461e-05
2025-12-11 01:00:00,1.461e-05
2025-12-11 02:00:00,1.461e-05
2025-12-11 03:00:00,1.461e-05
2025-12-11 04:00:00,3.674e-05
2025-12-11 05:00:00,3.674e-05
2025-12-11 06:00:00,3.674e-05
2025-12-11 07:00:00,3.674e-05
2025-12-11 08:00:00,3.674e-05
2025-12-11 09:00:00,3.674e-05
2025-12-11 10:00:00,3.674e-05
2025-12-11 11:00:00,3.674e-05
2025-12-11 12:00:00,-2.557e-05
2025-12-11 13:00:00,-2.557e-05
2025-12-11 14:00:00,-2.557e-05
2025-12-11 15:00:00,-2.557e-05
2025-12-11 16:00:00,-2.557e-05
2025-12-11 17:00:00,-2.557e-05
2025-12-11 18:00:00,-2.557e-05
2025-12-11 19:00:00,-2.557e-05
2025-12-11 20:00:00,3.62e-05
2025-12-11 21:00:00,3.62e-05
2025-12-11 22:00:00,3.62e-05
2025-12-11 23:00:00,3.62e-05
2025-12-12 00:00:00,3.62e-05
2025-12-12 01:00:00,3.62e-05
2025-12-12 02:00:00,3.62e-05
2025-12-12 03:00:00,3.62e-05
2025-12-12 04:00:00,8.389e-05
2025-12-12 05:00:00,8.389e-05
2025-12-12 06:00:00,8.389e-05
2025-12-12 07:00:00,8.389e-05
2025-12-12 08:00:00,8.389e-05
2025-12-12 09:00:00,8.389e-05
2025-12-12 10:00:00,8.389e-05
2025-12-12 11:00:00,8.389e-05
2025-12-12 12:00:00,9.806e-05
2025-12-12 13:00:00,9.806e-05
2025-12-12 14:00:00,9.806e-05
2025-12-12 15:00:00,9.806e-05
2025-12-12 16:00:00,9.806e-05
2025-12-12 17:00:00,9.806e-05
2025-12-12 18:00:00,9.806e-05
2025-12-12 19:00:00,9.806e-05
2025-12-12 20:00:00,2.758e-05
2025-12-12 21:00:00,2.758e-05
2025-12-12 22:00:00,2.758e-05
2025-12-12 23:00:00,2.758e-05
2025-12-13 00:00:00,2.758e-05
2025-12-13 01:00:00,2.758e-05
2025-12-13 02:00:00,2.758e-05
2025-12-13 03:00:00,2.758e-05
2025-12-13 04:00:00,-3.41e-06
2025-12-13 05:00:00,-3.41e-06
2025-12-13 06:00:00,-3.41e-06
2025-12-13 07:00:00,-3.41e-06
2025-12-13 08:00:00,-3.41e-06
2025-12-13 09:00:00,-3.41e-06
2025-12-13 10:00:00,-3.41e-06
2025-12-13 11:00:00,-3.41e-06
2025-12-13 12:00:00,-2.63e-06
2025-12-13 13:00:00,-2.63e-06
2025-12-13 14:00:00,-2.63e-06
2025-12-13 15:00:00,-2.63e-06
2025-12-13 16:00:00,-2.63e-06
2025-12-13 17:00:00,-2.63e-06
2025-12-13 18:00:00,-2.63e-06
2025-12-13 19:00:00,-2.63e-06
2025-12-13 20:00:00,3.709e-05
2025-12-13 21:00:00,3.709e-05
2025-12-13 22:00:00,3.709e-05
2025-12-13 23:00:00,3.709e-05
2025-12-14 00:00:00,3.709e-05
2025-12-14 01:00:00,3.709e-05
2025-12-14 02:00:00,3.709e-05
2025-12-14 03:00:00,3.709e-05
2025-12-14 04:00:00,3.698e-05
2025-12-14 05:00:00,3.698e-05
2025-12-14 06:00:00,3.698e-05
2025-12-14 07:00:00,3.698e-05
2025-12-14 08:00:00,3.698e-05
2025-12-14 09:00:00,3.698e-05
2025-12-14 10:00:00,3.698e-05
2025-12-14 11:00:00,3.698e-05
2025-12-14 12:00:00,1.145e-05
2025-12-14 13:00:00,1.145e-05
2025-12-14 14:00:00,1.145e-05
2025-12-14 15:00:00,1.145e-05
2025-12-14 16:00:00,1.145e-05
2025-12-14 17:00:00,1.145e-05
2025-12-14 18:00:00,1.145e-05
2025-12-14 19:00:00,1.145e-05
2025-12-14 20:00:00,-7.81e-06
2025-12-14 21:00:00,-7.81e-06
2025-12-14 22:00:00,-7.81e-06
2025-12-14 23:00:00,-7.81e-06
2025-12-15 00:00:00,-7.81e-06
2025-12-15 01:00:00,-7.81e-06
2025-12-15 02:00:00,-7.81e-06
2025-12-15 03:00:00,-7.81e-06
2025-12-15 04:00:00,4.88e-06
2025-12-15 05:00:00,4.88e-06
2025-12-15 06:00:00,4.88e-06
2025-12-15 07:00:00,4.88e-06
2025-12-15 08:00:00,4.88e-06
2025-12-15 09:00:00,4.88e-06
2025-12-15 10:00:00,4.88e-06
2025-12-15 11:00:00,4.88e-06
2025-12-15 12:00:00,2.867e-05
2025-12-15 13:00:00,2.867e-05
2025-12-15 14:00:00,2.867e-05
2025-12-15 15:00:00,2.867e-05
2025-12-15 16:00:00,2.867e-05
2025-12-15 17:00:00,2.867e-05
2025-12-15 18:00:00,2.867e-05
2025-12-15 19:00:00,2.867e-05
2025-12-15 20:00:00,3.887e-05
2025-12-15 21:00:00,3.887e-05
2025-12-15 22:00:00,3.887e-05
2025-12-15 23:00:00,3.887e-05
2025-12-16 00:00:00,3.887e-05
2025-12-16 01:00:00,3.887e-05
2025-12-16 02:00:00,3.887e-05
2025-12-16 03:00:00,3.887e-05
2025-12-16 04:00:00,7.57e-06
2025-12-16 05:00:00,7.57e-06
2025-12-16 06:00:00,7.57e-06
2025-12-16 07:00:00,7.57e-06
2025-12-16 08:00:00,7.57e-06
2025-12-16 09:00:00,7.57e-06
2025-12-16 10:00:00,7.57e-06
2025-12-16 11:00:00,7.57e-06
2025-12-16 12:00:00,-1.351e-05
2025-12-16 13:00:00,-1.351e-05
2025-12-16 14:00:00,-1.351e-05
2025-12-16 15:00:00,-1.351e-05
2025-12-16 16:00:00,-1.351e-05
2025-12-16 17:00:00,-1.351e-05
2025-12-16 18:00:00,-1.351e-05
2025-12-16 19:00:00,-1.351e-05
2025-12-16 20:00:00,5.556e-05
2025-12-16 21:00:00,5.556e-05
2025-12-16 22:00:00,5.556e-05
2025-12-16 23:00:00,5.556e-05
2025-12-17 00:00:00,5.556e-05
2025-12-17 01:00:00,5.556e-05
2025-12-17 02:00:00,5.556e-05
2025-12-17 03:00:00,5.556e-05
2025-12-17 04:00:00,4.598e-05
2025-12-17 05:00:00,4.598e-05
2025-12-17 06:00:00,4.598e-05
2025-12-17 07:00:00,4.598e-05
2025-12-17 08:00:00,4.598e-05
2025-12-17 09:00:00,4.598e-05
2025-12-17 10:00:00,4.598e-05
2025-12-17 11:00:00,4.598e-05
2025-12-17 12:00:00,1.137e-05
2025-12-17 13:00:00,1.137e-05
2025-12-17 14:00:00,1.137e-05
2025-12-17 15:00:00,1.137e-05
2025-12-17 16:00:00,1.137e-05
2025-12-17 17:00:00,1.137e-05
2025-12-17 18:00:00,1.137e-05
2025-12-17 19:00:00,1.137e-05
2025-12-17 20:00:00,8.443e-05
2025-12-17 21:00:00,8.443e-05
2025-12-17 22:00:00,8.443e-05
2025-12-17 23:00:00,8.443e-05
2025-12-18 00:00:00,8.443e-05
2025-12-18 01:00:00,8.443e-05
2025-12-18 02:00:00,8.443e-05
2025-12-18 03:00:00,8.443e-05
2025-12-18 04:00:00,1.63e-06
2025-12-18 05:00:00,1.63e-06
2025-12-18 06:00:00,1.63e-06
2025-12-18 07:00:00,1.63e-06
2025-12-18 08:00:00,1.63e-06
2025-12-18 09:00:00,1.63e-06
2025-12-18 10:00:00,1.63e-06
2025-12-18 11:00:00,1.63e-06
2025-12-18 12:00:00,7.539e-05
2025-12-18 13:00:00,7.539e-05
2025-12-18 14:00:00,7.539e-05
2025-12-18 15:00:00,7.539e-05
2025-12-18 16:00:00,7.539e-05
2025-12-18 17:00:00,7.539e-05
2025-12-18 18:00:00,7.539e-05
2025-12-18 19:00:00,7.539e-05
2025-12-18 20:00:00,0.0001
2025-12-18 21:00:00,0.0001
2025-12-18 22:00:00,0.0001
2025-12-18 23:00:00,0.0001
2025-12-19 00:00:00,0.0001
2025-12-19 01:00:00,0.0001
2025-12-19 02:00:00,0.0001
2025-12-19 03:00:00,0.0001
2025-12-19 04:00:00,-6.76e-06
2025-12-19 05:00:00,-6.76e-06
2025-12-19 06:00:00,-6.76e-06
2025-12-19 07:00:00,-6.76e-06
2025-12-19 08:00:00,-6.76e-06
2025-12-19 09:00:00,-6.76e-06
2025-12-19 10:00:00,-6.76e-06
2025-12-19 11:00:00,-6.76e-06
2025-12-19 12:00:00,1.709e-05
2025-12-19 13:00:00,1.709e-05
2025-12-19 14:00:00,1.709e-05
2025-12-19 15:00:00,1.709e-05
2025-12-19 16:00:00,1.709e-05
2025-12-19 17:00:00,1.709e-05
2025-12-19 18:00:00,1.709e-05
2025-12-19 19:00:00,1.709e-05
2025-12-19 20:00:00,7.296e-05
2025-12-19 21:00:00,7.296e-05
2025-12-19 22:00:00,7.296e-05
2025-12-19 23:00:00,7.296e-05
2025-12-20 00:00:00,7.296e-05
2025-12-20 01:00:00,7.296e-05
2025-12-20 02:00:00,7.296e-05
2025-12-20 03:00:00,7.296e-05
2025-12-20 04:00:00,3.18e-05
2025-12-20 05:00:00,3.18e-05
2025-12-20 06:00:00,3.18e-05
2025-12-20 07:00:00,3.18e-05
2025-12-20 08:00:00,3.18e-05
2025-12-20 09:00:00,3.18e-05
2025-12-20 10:00:00,3.18e-05
2025-12-20 11:00:00,3.18e-05
2025-12-20 12:00:00,-7.1e-06
2025-12-20 13:00:00,-7.1e-06
2025-12-20 14:00:00,-7.1e-06
2025-12-20 15:00:00,-7.1e-06
2025-12-20 16:00:00,-7.1e-06
2025-12-20 17:00:00,-7.1e-06
2025-12-20 18:00:00,-7.1e-06
2025-12-20 19:00:00,-7.1e-06
2025-12-20 20:00:00,-3.557e-05
2025-12-20 21:00:00,-3.557e-05
2025-12-20 22:00:00,-3.557e-05
2025-12-20 23:00:00,-3.557e-05
2025-12-21 00:00:00,-3.557e-05
2025-12-21 01:00:00,-3.557e-05
2025-12-21 02:00:00,-3.557e-05
2025-12-21 03:00:00,-3.557e-05
2025-12-21 04:00:00,1.724e-05
2025-12-21 05:00:00,1.724e-05
2025-12-21 06:00:00,1.724e-05
2025-12-21 07:00:00,1.724e-05
2025-12-21 08:00:00,1.724e-05
2025-12-21 09:00:00,1.724e-05
2025-12-21 10:00:00,1.724e-05
2025-12-21 11:00:00,1.724e-05
2025-12-21 12:00:00,-5.37e-06
2025-12-21 13:00:00,-5.37e-06
2025-12-21 14:00:00,-5.37e-06
2025-12-21 15:00:00,-5.37e-06
2025-12-21 16:00:00,-5.37e-06
2025-12-21 17:00:00,-5.37e-06
2025-12-21 18:00:00,-5.37e-06
2025-12-21 19:00:00,-5.37e-06
2025-12-21 20:00:00,-1.499e-05
2025-12-21 21:00:00,-1.499e-05
2025-12-21 22:00:00,-1.499e-05
2025-12-21 23:00:00,-1.499e-05
2025-12-22 00:00:00,-1.499e-05
2025-12-22 01:00:00,-1.499e-05
2025-12-22 02:00:00,-1.499e-05
2025-12-22 03:00:00,-1.499e-05
2025-12-22 04:00:00,5.372e-05
2025-12-22 05:00:00,5.372e-05
2025-12-22 06:00:00,5.372e-05
2025-12-22 07:00:00,5.372e-05
2025-12-22 08:00:00,5.372e-05
2025-12-22 09:00:00,5.372e-05
2025-12-22 10:00:00,5.372e-05
2025-12-22 11:00:00,5.372e-05
2025-12-22 12:00:00,5.485e-05
2025-12-22 13:00:00,5.485e-05
2025-12-22 14:00:00,5.485e-05
2025-12-22 15:00:00,5.485e-05
2025-12-22 16:00:00,5.485e-05
2025-12-22 17:00:00,5.485e-05
2025-12-22 18:00:00,5.485e-05
2025-12-22 19:00:00,5.485e-05
2025-12-22 20:00:00,6.76e-05
2025-12-22 21:00:00,6.76e-05
2025-12-22 22:00:00,6.76e-05
2025-12-22 23:00:00,6.76e-05
2025-12-23 00:00:00,6.76e-05
2025-12-23 01:00:00,6.76e-05
2025-12-23 02:00:00,6.76e-05
2025-12-23 03:00:00,6.76e-05
2025-12-23 04:00:00,-2.911e-05
2025-12-23 05:00:00,-2.911e-05
2025-12-23 06:00:00,-2.911e-05
2025-12-23 07:00:00,-2.911e-05
2025-12-23 08:00:00,-2.911e-05
2025-12-23 09:00:00,-2.911e-05
2025-12-23 10:00:00,-2.911e-05
2025-12-23 11:00:00,-2.911e-05
2025-12-23 12:00:00,-1.673e-05
2025-12-23 13:00:00,-1.673e-05
2025-12-23 14:00:00,-1.673e-05
2025-12-23 15:00:00,-1.673e-05
2025-12-23 16:00:00,-1.673e-05
2025-12-23 17:00:00,-1.673e-05
2025-12-23 18:00:00,-1.673e-05
2025-12-23 19:00:00,-1.673e-05
2025-12-23 20:00:00,1.491e-05
2025-12-23 21:00:00,1.491e-05
2025-12-23 22:00:00,1.491e-05
2025-12-23 23:00:00,1.491e-05
2025-12-24 00:00:00,1.491e-05
2025-12-24 01:00:00,1.491e-05
2025-12-24 02:00:00,1.491e-05
2025-12-24 03:00:00,1.491e-05
2025-12-24 04:00:00,2.786e-05
2025-12-24 05:00:00,2.786e-05
2025-12-24 06:00:00,2.786e-05
2025-12-24 07:00:00,2.786e-05
2025-12-24 08:00:00,2.786e-05
2025-12-24 09:00:00,2.786e-05
2025-12-24 10:00:00,2.786e-05
2025-12-24 11:00:00,2.786e-05
2025-12-24 12:00:00,-2.072e-05
2025-12-24 13:00:00,-2.072e-05
2025-12-24 14:00:00,-2.072e-05
2025-12-24 15:00:00,-2.072e-05
2025-12-24 16:00:00,-2.072e-05
2025-12-24 17:00:00,-2.072e-05
2025-12-24 18:00:00,-2.072e-05
2025-12-24 19:00:00,-2.072e-05
2025-12-24 20:00:00,4.572e-05
2025-12-24 21:00:00,4.572e-05
2025-12-24 22:00:00,4.572e-05
2025-12-24 23:00:00,4.572e-05
2025-12-25 00:00:00,4.572e-05
2025-12-25 01:00:00,4.572e-05
2025-12-25 02:00:00,4.572e-05
2025-12-25 03:00:00,4.572e-05
2025-12-25 04:00:00,9.492e-05
2025-12-25 05:00:00,9.492e-05
2025-12-25 06:00:00,9.492e-05
2025-12-25 07:00:00,9.492e-05
2025-12-25 08:00:00,9.492e-05
2025-12-25 09:00:00,9.492e-05
2025-12-25 10:00:00,9.492e-05
2025-12-25 11:00:00,9.492e-05
2025-12-25 12:00:00,7.46e-05
2025-12-25 13:00:00,7.46e-05
2025-12-25 14:00:00,7.46e-05
2025-12-25 15:00:00,7.46e-05
2025-12-25 16:00:00,7.46e-05
2025-12-25 17:00:00,7.46e-05
2025-12-25 18:00:00,7.46e-05
2025-12-25 19:00:00,7.46e-05
2025-12-25 20:00:00,5.249e-05
2025-12-25 21:00:00,5.249e-05
2025-12-25 22:00:00,5.249e-05
2025-12-25 23:00:00,5.249e-05
2025-12-26 00:00:00,5.249e-05
2025-12-26 01:00:00,5.249e-05
2025-12-26 02:00:00,5.249e-05
2025-12-26 03:00:00,5.249e-05
2025-12-26 04:00:00,3.744e-05
2025-12-26 05:00:00,3.744e-05
2025-12-26 06:00:00,3.744e-05
2025-12-26 07:00:00,3.744e-05
2025-12-26 08:00:00,3.744e-05
2025-12-26 09:00:00,3.744e-05
2025-12-26 10:00:00,3.744e-05
2025-12-26 11:00:00,3.744e-05
2025-12-26 12:00:00,0.0001
2025-12-26 13:00:00,0.0001
2025-12-26 14:00:00,0.0001
2025-12-26 15:00:00,0.0001
2025-12-26 16:00:00,0.0001
2025-12-26 17:00:00,0.0001
2025-12-26 18:00:00,0.0001
2025-12-26 19:00:00,0.0001
2025-12-26 20:00:00,0.0001
2025-12-26 21:00:00,0.0001
2025-12-26 22:00:00,0.0001
2025-12-26 23:00:00,0.0001
2025-12-27 00:00:00,0.0001
2025-12-27 01:00:00,0.0001
2025-12-27 02:00:00,0.0001
2025-12-27 03:00:00,0.0001
2025-12-27 04:00:00,3.048e-05
2025-12-27 05:00:00,3.048e-05
2025-12-27 06:00:00,3.048e-05
2025-12-27 07:00:00,3.048e-05
2025-12-27 08:00:00,3.048e-05
2025-12-27 09:00:00,3.048e-05
2025-12-27 10:00:00,3.048e-05
2025-12-27 11:00:00,3.048e-05
2025-12-27 12:00:00,2.438e-05
2025-12-27 13:00:00,2.438e-05
2025-12-27 14:00:00,2.438e-05
2025-12-27 15:00:00,2.438e-05
2025-12-27 16:00:00,2.438e-05
2025-12-27 17:00:00,2.438e-05
2025-12-27 18:00:00,2.438e-05
2025-12-27 19:00:00,2.438e-05
2025-12-27 20:00:00,6.103e-05
2025-12-27 21:00:00,6.103e-05
2025-12-27 22:00:00,6.103e-05
2025-12-27 23:00:00,6.103e-05
2025-12-28 00:00:00,6.103e-05
2025-12-28 01:00:00,6.103e-05
2025-12-28 02:00:00,6.103e-05
2025-12-28 03:00:00,6.103e-05
2025-12-28 04:00:00,5.786e-05
2025-12-28 05:00:00,5.786e-05
2025-12-28 06:00:00,5.786e-05
2025-12-28 07:00:00,5.786e-05
2025-12-28 08:00:00,5.786e-05
2025-12-28 09:00:00,5.786e-05
2025-12-28 10:00:00,5.786e-05
2025-12-28 11:00:00,5.786e-05
2025-12-28 12:00:00,0.0001
2025-12-28 13:00:00,0.0001
2025-12-28 14:00:00,0.0001
2025-12-28 15:00:00,0.0001
2025-12-28 16:00:00,0.0001
2025-12-28 17:00:00,0.0001
2025-12-28 18:00:00,0.0001
2025-12-28 19:00:00,0.0001
2025-12-28 20:00:00,9.813e-05
2025-12-28 21:00:00,9.813e-05
2025-12-28 22:00:00,9.813e-05
2025-12-28 23:00:00,9.813e-05
2025-12-29 00:00:00,9.813e-05
2025-12-29 01:00:00,9.813e-05
2025-12-29 02:00:00,9.813e-05
2025-12-29 03:00:00,9.813e-05
2025-12-29 04:00:00,3.373e-05
2025-12-29 05:00:00,3.373e-05
2025-12-29 06:00:00,3.373e-05
2025-12-29 07:00:00,3.373e-05
2025-12-29 08:00:00,3.373e-05
2025-12-29 09:00:00,3.373e-05
2025-12-29 10:00:00,3.373e-05
2025-12-29 11:00:00,3.373e-05
2025-12-29 12:00:00,0.0001
2025-12-29 13:00:00,0.0001
2025-12-29 14:00:00,0.0001
2025-12-29 15:00:00,0.0001
2025-12-29 16:00:00,0.0001
2025-12-29 17:00:00,0.0001
2025-12-29 18:00:00,0.0001
2025-12-29 19:00:00,0.0001
2025-12-29 20:00:00,-2.482e-05
2025-12-29 21:00:00,-2.482e-05
2025-12-29 22:00:00,-2.482e-05
2025-12-29 23:00:00,-2.482e-05
2025-12-30 00:00:00,-2.482e-05
2025-12-30 01:00:00,-2.482e-05
2025-12-30 02:00:00,-2.482e-05
2025-12-30 03:00:00,-2.482e-05
2025-12-30 04:00:00,5.475e-05
2025-12-30 05:00:00,5.475e-05
2025-12-30 06:00:00,5.475e-05
2025-12-30 07:00:00,5.475e-05
2025-12-30 08:00:00,5.475e-05
2025-12-30 09:00:00,5.475e-05
2025-12-30 10:00:00,5.475e-05
2025-12-30 11:00:00,5.475e-05
2025-12-30 12:00:00,-3.667e-05
2025-12-30 13:00:00,-3.667e-05
2025-12-30 14:00:00,-3.667e-05
2025-12-30 15:00:00,-3.667e-05
2025-12-30 16:00:00,-3.667e-05
2025-12-30 17:00:00,-3.667e-05
2025-12-30 18:00:00,-3.667e-05
2025-12-30 19:00:00,-3.667e-05
2025-12-30 20:00:00,6.054e-05
2025-12-30 21:00:00,6.054e-05
2025-12-30 22:00:00,6.054e-05
2025-12-30 23:00:00,6.054e-05
2025-12-31 00:00:00,6.054e-05
2025-12-31 01:00:00,6.054e-05
2025-12-31 02:00:00,6.054e-05
2025-12-31 03:00:00,6.054e-05
2025-12-31 04:00:00,3.257e-05
2025-12-31 05:00:00,3.257e-05
2025-12-31 06:00:00,3.257e-05
2025-12-31 07:00:00,3.257e-05
2025-12-31 08:00:00,3.257e-05
2025-12-31 09:00:00,3.257e-05
2025-12-31 10:00:00,3.257e-05
2025-12-31 11:00:00,3.257e-05
2025-12-31 12:00:00,9.464e-05
2025-12-31 13:00:00,9.464e-05
2025-12-31 14:00:00,9.464e-05
2025-12-31 15:00:00,9.464e-05
2025-12-31 16:00:00,9.464e-05
2025-12-31 17:00:00,9.464e-05
2025-12-31 18:00:00,9.464e-05
2025-12-31 19:00:00,9.464e-05
2025-12-31 20:00:00,0.0001
2025-12-31 21:00:00,0.0001
2025-12-31 22:00:00,0.0001
2025-12-31 23:00:00,0.0001
2026-01-01 00:00:00,0.0001
2026-01-01 01:00:00,0.0001
2026-01-01 02:00:00,0.0001
2026-01-01 03:00:00,0.0001
2026-01-01 04:00:00,3.574e-05
2026-01-01 05:00:00,3.574e-05
2026-01-01 06:00:00,3.574e-05
2026-01-01 07:00:00,3.574e-05
2026-01-01 08:00:00,3.574e-05
2026-01-01 09:00:00,3.574e-05
2026-01-01 10:00:00,3.574e-05
2026-01-01 11:00:00,3.574e-05
2026-01-01 12:00:00,8.507e-05
2026-01-01 13:00:00,8.507e-05
2026-01-01 14:00:00,8.507e-05
2026-01-01 15:00:00,8.507e-05
2026-01-01 16:00:00,8.507e-05
2026-01-01 17:00:00,8.507e-05
2026-01-01 18:00:00,8.507e-05
2026-01-01 19:00:00,8.507e-05
2026-01-01 20:00:00,9.47e-06
2026-01-01 21:00:00,9.47e-06
2026-01-01 22:00:00,9.47e-06
2026-01-01 23:00:00,9.47e-06
2026-01-02 00:00:00,9.47e-06
2026-01-02 01:00:00,9.47e-06
2026-01-02 02:00:00,9.47e-06
2026-01-02 03:00:00,9.47e-06
2026-01-02 04:00:00,0.0001
2026-01-02 05:00:00,0.0001
2026-01-02 06:00:00,0.0001
2026-01-02 07:00:00,0.0001
2026-01-02 08:00:00,0.0001
2026-01-02 09:00:00,0.0001
2026-01-02 10:00:00,0.0001
2026-01-02 11:00:00,0.0001
2026-01-02 12:00:00,0.0001
2026-01-02 13:00:00,0.0001
2026-01-02 14:00:00,0.0001
2026-01-02 15:00:00,0.0001
2026-01-02 16:00:00,0.0001
2026-01-02 17:00:00,0.0001
2026-01-02 18:00:00,0.0001
2026-01-02 19:00:00,0.0001
2026-01-02 20:00:00,5.313e-05
2026-01-02 21:00:00,5.313e-05
2026-01-02 22:00:00,5.313e-05
2026-01-02 23:00:00,5.313e-05
2026-01-03 00:00:00,5.313e-05
2026-01-03 01:00:00,5.313e-05
2026-01-03 02:00:00,5.313e-05
2026-01-03 03:00:00,5.313e-05
2026-01-03 04:00:00,-2.524e-05
2026-01-03 05:00:00,-2.524e-05
2026-01-03 06:00:00,-2.524e-05
2026-01-03 07:00:00,-2.524e-05
2026-01-03 08:00:00,-2.524e-05
2026-01-03 09:00:00,-2.524e-05
2026-01-03 10:00:00,-2.524e-05
2026-01-03 11:00:00,-2.524e-05
2026-01-03 12:00:00,2.096e-05
2026-01-03 13:00:00,2.096e-05
2026-01-03 14:00:00,2.096e-05
2026-01-03 15:00:00,2.096e-05
2026-01-03 16:00:00,2.096e-05
2026-01-03 17:00:00,2.096e-05
2026-01-03 18:00:00,2.096e-05
2026-01-03 19:00:00,2.096e-05
2026-01-03 20:00:00,5.118e-05
2026-01-03 21:00:00,5.118e-05
2026-01-03 22:00:00,5.118e-05
2026-01-03 23:00:00,5.118e-05
2026-01-04 00:00:00,5.118e-05
2026-01-04 01:00:00,5.118e-05
2026-01-04 02:00:00,5.118e-05
2026-01-04 03:00:00,5.118e-05
2026-01-04 04:00:00,0.0001
2026-01-04 05:00:00,0.0001
2026-01-04 06:00:00,0.0001
2026-01-04 07:00:00,0.0001
2026-01-04 08:00:00,0.0001
2026-01-04 09:00:00,0.0001
2026-01-04 10:00:00,0.0001
2026-01-04 11:00:00,0.0001
2026-01-04 12:00:00,6.052e-05
2026-01-04 13:00:00,6.052e-05
2026-01-04 14:00:00,6.052e-05
2026-01-04 15:00:00,6.052e-05
2026-01-04 16:00:00,6.052e-05
2026-01-04 17:00:00,6.052e-05
2026-01-04 18:00:00,6.052e-05
2026-01-04 19:00:00,6.052e-05
2026-01-04 20:00:00,-7.9e-07
2026-01-04 21:00:00,-7.9e-07
2026-01-04 22:00:00,-7.9e-07
2026-01-04 23:00:00,-7.9e-07
2026-01-05 00:00:00,-7.9e-07
2026-01-05 01:00:00,-7.9e-07
2026-01-05 02:00:00,-7.9e-07
2026-01-05 03:00:00,-7.9e-07
2026-01-05 04:00:00,-1.535e-05
2026-01-05 05:00:00,-1.535e-05
2026-01-05 06:00:00,-1.535e-05
2026-01-05 07:00:00,-1.535e-05
2026-01-05 08:00:00,-1.535e-05
2026-01-05 09:00:00,-1.535e-05
2026-01-05 10:00:00,-1.535e-05
2026-01-05 11:00:00,-1.535e-05
2026-01-05 12:00:00,5.121e-05
2026-01-05 13:00:00,5.121e-05
2026-01-05 14:00:00,5.121e-05
2026-01-05 15:00:00,5.121e-05
2026-01-05 16:00:00,5.121e-05
2026-01-05 17:00:00,5.121e-05
2026-01-05 18:00:00,5.121e-05
2026-01-05 19:00:00,5.121e-05
2026-01-05 20:00:00,4.996e-05
2026-01-05 21:00:00,4.996e-05
2026-01-05 22:00:00,4.996e-05
2026-01-05 23:00:00,4.996e-05
2026-01-06 00:00:00,4.996e-05
2026-01-06 01:00:00,4.996e-05
2026-01-06 02:00:00,4.996e-05
2026-01-06 03:00:00,4.996e-05
2026-01-06 04:00:00,-4.661e-05
2026-01-06 05:00:00,-4.661e-05
2026-01-06 06:00:00,-4.661e-05
2026-01-06 07:00:00,-4.661e-05
2026-01-06 08:00:00,-4.661e-05
2026-01-06 09:00:00,-4.661e-05
2026-01-06 10:00:00,-4.661e-05
2026-01-06 11:00:00,-4.661e-05
2026-01-06 12:00:00,-2.22e-05
2026-01-06 13:00:00,-2.22e-05
2026-01-06 14:00:00,-2.22e-05
2026-01-06 15:00:00,-2.22e-05
2026-01-06 16:00:00,-2.22e-05
2026-01-06 17:00:00,-2.22e-05
2026-01-06 18:00:00,-2.22e-05
2026-01-06 19:00:00,-2.22e-05
2026-01-06 20:00:00,4.68e-05
2026-01-06 21:00:00,4.68e-05
2026-01-06 22:00:00,4.68e-05
2026-01-06 23:00:00,4.68e-05
2026-01-07 00:00:00,4.68e-05
2026-01-07 01:00:00,4.68e-05
2026-01-07 02:00:00,4.68e-05
2026-01-07 03:00:00,4.68e-05
2026-01-07 04:00:00,9.017e-05
2026-01-07 05:00:00,9.017e-05
2026-01-07 06:00:00,9.017e-05
2026-01-07 07:00:00,9.017e-05
2026-01-07 08:00:00,9.017e-05
2026-01-07 09:00:00,9.017e-05
2026-01-07 10:00:00,9.017e-05
2026-01-07 11:00:00,9.017e-05
2026-01-07 12:00:00,9.575e-05
2026-01-07 13:00:00,9.575e-05
2026-01-07 14:00:00,9.575e-05
2026-01-07 15:00:00,9.575e-05
2026-01-07 16:00:00,9.575e-05
2026-01-07 17:00:00,9.575e-05
2026-01-07 18:00:00,9.575e-05
2026-01-07 19:00:00,9.575e-05
2026-01-07 20:00:00,2.304e-05
2026-01-07 21:00:00,2.304e-05
2026-01-07 22:00:00,2.304e-05
2026-01-07 23:00:00,2.304e-05
2026-01-08 00:00:00,2.304e-05
2026-01-08 01:00:00,2.304e-05
2026-01-08 02:00:00,2.304e-05
2026-01-08 03:00:00,2.304e-05
2026-01-08 04:00:00,8.564e-05
2026-01-08 05:00:00,8.564e-05
2026-01-08 06:00:00,8.564e-05
2026-01-08 07:00:00,8.564e-05
2026-01-08 08:00:00,8.564e-05
2026-01-08 09:00:00,8.564e-05
2026-01-08 10:00:00,8.564e-05
2026-01-08 11:00:00,8.564e-05
2026-01-08 12:00:00,-1.38e-05
2026-01-08 13:00:00,-1.38e-05
2026-01-08 14:00:00,-1.38e-05
2026-01-08 15:00:00,-1.38e-05
2026-01-08 16:00:00,-1.38e-05
2026-01-08 17:00:00,-1.38e-05
2026-01-08 18:00:00,-1.38e-05
2026-01-08 19:00:00,-1.38e-05
2026-01-08 20:00:00,5.29e-05
2026-01-08 21:00:00,5.29e-05
2026-01-08 22:00:00,5.29e-05
2026-01-08 23:00:00,5.29e-05
2026-01-09 00:00:00,5.29e-05
2026-01-09 01:00:00,5.29e-05
2026-01-09 02:00:00,5.29e-05
2026-01-09 03:00:00,5.29e-05
2026-01-09 04:00:00,2.24e-06
2026-01-09 05:00:00,2.24e-06
2026-01-09 06:00:00,2.24e-06
2026-01-09 07:00:00,2.24e-06
2026-01-09 08:00:00,2.24e-06
2026-01-09 09:00:00,2.24e-06
2026-01-09 10:00:00,2.24e-06
2026-01-09 11:00:00,2.24e-06
2026-01-09 12:00:00,5.446e-05
2026-01-09 13:00:00,5.446e-05
2026-01-09 14:00:00,5.446e-05
2026-01-09 15:00:00,5.446e-05
2026-01-09 16:00:00,5.446e-05
2026-01-09 17:00:00,5.446e-05
2026-01-09 18:00:00,5.446e-05
2026-01-09 19:00:00,5.446e-05
2026-01-09 20:00:00,1.388e-05
2026-01-09 21:00:00,1.388e-05
2026-01-09 22:00:00,1.388e-05
2026-01-09 23:00:00,1.388e-05
2026-01-10 00:00:00,1.388e-05
2026-01-10 01:00:00,1.388e-05
2026-01-10 02:00:00,1.388e-05
2026-01-10 03:00:00,1.388e-05
2026-01-10 04:00:00,5.876e-05
2026-01-10 05:00:00,5.876e-05
2026-01-10 06:00:00,5.876e-05
2026-01-10 07:00:00,5.876e-05
2026-01-10 08:00:00,5.876e-05
2026-01-10 09:00:00,5.876e-05
2026-01-10 10:00:00,5.876e-05
2026-01-10 11:00:00,5.876e-05
2026-01-10 12:00:00,0.0001
2026-01-10 13:00:00,0.0001
2026-01-10 14:00:00,0.0001
2026-01-10 15:00:00,0.0001
2026-01-10 16:00:00,0.0001
2026-01-10 17:00:00,0.0001
2026-01-10 18:00:00,0.0001
2026-01-10 19:00:00,0.0001
2026-01-10 20:00:00,8.103e-05
2026-01-10 21:00:00,8.103e-05
2026-01-10 22:00:00,8.103e-05
2026-01-10 23:00:00,8.103e-05
2026-01-11 00:00:00,8.103e-05
2026-01-11 01:00:00,8.103e-05
2026-01-11 02:00:00,8.103e-05
2026-01-11 03:00:00,8.103e-05
2026-01-11 04:00:00,4.147e-05
2026-01-11 05:00:00,4.147e-05
2026-01-11 06:00:00,4.147e-05
2026-01-11 07:00:00,4.147e-05
2026-01-11 08:00:00,4.147e-05
2026-01-11 09:00:00,4.147e-05
2026-01-11 10:00:00,4.147e-05
2026-01-11 11:00:00,4.147e-05
2026-01-11 12:00:00,9.574e-05
2026-01-11 13:00:00,9.574e-05
2026-01-11 14:00:00,9.574e-05
2026-01-11 15:00:00,9.574e-05
2026-01-11 16:00:00,9.574e-05
2026-01-11 17:00:00,9.574e-05
2026-01-11 18:00:00,9.574e-05
2026-01-11 19:00:00,9.574e-05
2026-01-11 20:00:00,4.794e-05
2026-01-11 21:00:00,4.794e-05
2026-01-11 22:00:00,4.794e-05
2026-01-11 23:00:00,4.794e-05
2026-01-12 00:00:00,4.794e-05
2026-01-12 01:00:00,4.794e-05
2026-01-12 02:00:00,4.794e-05
2026-01-12 03:00:00,4.794e-05
2026-01-12 04:00:00,3.946e-05
2026-01-12 05:00:00,3.946e-05
2026-01-12 06:00:00,3.946e-05
2026-01-12 07:00:00,3.946e-05
2026-01-12 08:00:00,3.946e-05
2026-01-12 09:00:00,3.946e-05
2026-01-12 10:00:00,3.946e-05
2026-01-12 11:00:00,3.946e-05
2026-01-12 12:00:00,2.655e-05
2026-01-12 13:00:00,2.655e-05
2026-01-12 14:00:00,2.655e-05
2026-01-12 15:00:00,2.655e-05
2026-01-12 16:00:00,2.655e-05
2026-01-12 17:00:00,2.655e-05
2026-01-12 18:00:00,2.655e-05
2026-01-12 19:00:00,2.655e-05
2026-01-12 20:00:00,5.58e-06
2026-01-12 21:00:00,5.58e-06
2026-01-12 22:00:00,5.58e-06
2026-01-12 23:00:00,5.58e-06
2026-01-13 00:00:00,5.58e-06
2026-01-13 01:00:00,5.58e-06
2026-01-13 02:00:00,5.58e-06
2026-01-13 03:00:00,5.58e-06
2026-01-13 04:00:00,2.203e-05
2026-01-13 05:00:00,2.203e-05
2026-01-13 06:00:00,2.203e-05
2026-01-13 07:00:00,2.203e-05
2026-01-13 08:00:00,2.203e-05
2026-01-13 09:00:00,2.203e-05
2026-01-13 10:00:00,2.203e-05
2026-01-13 11:00:00,2.203e-05
2026-01-13 12:00:00,0.0001
2026-01-13 13:00:00,0.0001
2026-01-13 14:00:00,0.0001
2026-01-13 15:00:00,0.0001
2026-01-13 16:00:00,0.0001
2026-01-13 17:00:00,0.0001
2026-01-13 18:00:00,0.0001
2026-01-13 19:00:00,0.0001
2026-01-13 20:00:00,8.533e-05
2026-01-13 21:00:00,8.533e-05
2026-01-13 22:00:00,8.533e-05
2026-01-13 23:00:00,8.533e-05
2026-01-14 00:00:00,8.533e-05
2026-01-14 01:00:00,8.533e-05
2026-01-14 02:00:00,8.533e-05
2026-01-14 03:00:00,8.533e-05
2026-01-14 04:00:00,7.769e-05
2026-01-14 05:00:00,7.769e-05
2026-01-14 06:00:00,7.769e-05
2026-01-14 07:00:00,7.769e-05
2026-01-14 08:00:00,7.769e-05
2026-01-14 09:00:00,7.769e-05
2026-01-14 10:00:00,7.769e-05
2026-01-14 11:00:00,7.769e-05
2026-01-14 12:00:00,0.0001
2026-01-14 13:00:00,0.0001
2026-01-14 14:00:00,0.0001
2026-01-14 15:00:00,0.0001
2026-01-14 16:00:00,0.0001
2026-01-14 17:00:00,0.0001
2026-01-14 18:00:00,0.0001
2026-01-14 19:00:00,0.0001
2026-01-14 20:00:00,0.0001
2026-01-14 21:00:00,0.0001
2026-01-14 22:00:00,0.0001
2026-01-14 23:00:00,0.0001
2026-01-15 00:00:00,0.0001
2026-01-15 01:00:00,0.0001
2026-01-15 02:00:00,0.0001
2026-01-15 03:00:00,0.0001
2026-01-15 04:00:00,-7.68e-06
2026-01-15 05:00:00,-7.68e-06
2026-01-15 06:00:00,-7.68e-06
2026-01-15 07:00:00,-7.68e-06
2026-01-15 08:00:00,-7.68e-06
2026-01-15 09:00:00,-7.68e-06
2026-01-15 10:00:00,-7.68e-06
2026-01-15 11:00:00,-7.68e-06
2026-01-15 12:00:00,1.93e-06
2026-01-15 13:00:00,1.93e-06
2026-01-15 14:00:00,1.93e-06
2026-01-15 15:00:00,1.93e-06
2026-01-15 16:00:00,1.93e-06
2026-01-15 17:00:00,1.93e-06
2026-01-15 18:00:00,1.93e-06
2026-01-15 19:00:00,1.93e-06
2026-01-15 20:00:00,-4.41e-06
2026-01-15 21:00:00,-4.41e-06
2026-01-15 22:00:00,-4.41e-06
2026-01-15 23:00:00,-4.41e-06
2026-01-16 00:00:00,-4.41e-06
2026-01-16 01:00:00,-4.41e-06
2026-01-16 02:00:00,-4.41e-06
2026-01-16 03:00:00,-4.41e-06
2026-01-16 04:00:00,-3.671e-05
2026-01-16 05:00:00,-3.671e-05
2026-01-16 06:00:00,-3.671e-05
2026-01-16 07:00:00,-3.671e-05
2026-01-16 08:00:00,-3.671e-05
2026-01-16 09:00:00,-3.671e-05
2026-01-16 10:00:00,-3.671e-05
2026-01-16 11:00:00,-3.671e-05
2026-01-16 12:00:00,5.038e-05
2026-01-16 13:00:00,5.038e-05
2026-01-16 14:00:00,5.038e-05
2026-01-16 15:00:00,5.038e-05
2026-01-16 16:00:00,5.038e-05
2026-01-16 17:00:00,5.038e-05
2026-01-16 18:00:00,5.038e-05
2026-01-16 19:00:00,5.038e-05
2026-01-16 20:00:00,3.96e-06
2026-01-16 21:00:00,3.96e-06
2026-01-16 22:00:00,3.96e-06
2026-01-16 23:00:00,3.96e-06
2026-01-17 00:00:00,3.96e-06
2026-01-17 01:00:00,3.96e-06
2026-01-17 02:00:00,3.96e-06
2026-01-17 03:00:00,3.96e-06
2026-01-17 04:00:00,6.897e-05
2026-01-17 05:00:00,6.897e-05
2026-01-17 06:00:00,6.897e-05
2026-01-17 07:00:00,6.897e-05
2026-01-17 08:00:00,6.897e-05
2026-01-17 09:00:00,6.897e-05
2026-01-17 10:00:00,6.897e-05
2026-01-17 11:00:00,6.897e-05
2026-01-17 12:00:00,1.796e-05
2026-01-17 13:00:00,1.796e-05
2026-01-17 14:00:00,1.796e-05
2026-01-17 15:00:00,1.796e-05
2026-01-17 16:00:00,1.796e-05
2026-01-17 17:00:00,1.796e-05
2026-01-17 18:00:00,1.796e-05
2026-01-17 19:00:00,1.796e-05
2026-01-17 20:00:00,4.64e-06
2026-01-17 21:00:00,4.64e-06
2026-01-17 22:00:00,4.64e-06
2026-01-17 23:00:00,4.64e-06
2026-01-18 00:00:00,4.64e-06
2026-01-18 01:00:00,4.64e-06
2026-01-18 02:00:00,4.64e-06
2026-01-18 03:00:00,4.64e-06
2026-01-18 04:00:00,4.95e-06
2026-01-18 05:00:00,4.95e-06
2026-01-18 06:00:00,4.95e-06
2026-01-18 07:00:00,4.95e-06
2026-01-18 08:00:00,4.95e-06
2026-01-18 09:00:00,4.95e-06
2026-01-18 10:00:00,4.95e-06
2026-01-18 11:00:00,4.95e-06
2026-01-18 12:00:00,4.877e-05
2026-01-18 13:00:00,4.877e-05
2026-01-18 14:00:00,4.877e-05
2026-01-18 15:00:00,4.877e-05
2026-01-18 16:00:00,4.877e-05
2026-01-18 17:00:00,4.877e-05
2026-01-18 18:00:00,4.877e-05
2026-01-18 19:00:00,4.877e-05
2026-01-18 20:00:00,1.662e-05
2026-01-18 21:00:00,1.662e-05
2026-01-18 22:00:00,1.662e-05
2026-01-18 23:00:00,1.662e-05
2026-01-19 00:00:00,1.662e-05
2026-01-19 01:00:00,1.662e-05
2026-01-19 02:00:00,1.662e-05
2026-01-19 03:00:00,1.662e-05
2026-01-19 04:00:00,-1.073e-05
2026-01-19 05:00:00,-1.073e-05
2026-01-19 06:00:00,-1.073e-05
2026-01-19 07:00:00,-1.073e-05
2026-01-19 08:00:00,-1.073e-05
2026-01-19 09:00:00,-1.073e-05
2026-01-19 10:00:00,-1.073e-05
2026-01-19 11:00:00,-1.073e-05
2026-01-19 12:00:00,-2.772e-05
2026-01-19 13:00:00,-2.772e-05
2026-01-19 14:00:00,-2.772e-05
2026-01-19 15:00:00,-2.772e-05
2026-01-19 16:00:00,-2.772e-05
2026-01-19 17:00:00,-2.772e-05
2026-01-19 18:00:00,-2.772e-05
2026-01-19 19:00:00,-2.772e-05
2026-01-19 20:00:00,2.1e-05
2026-01-19 21:00:00,2.1e-05
2026-01-19 22:00:00,2.1e-05
2026-01-19 23:00:00,2.1e-05
2026-01-20 00:00:00,2.1e-05
2026-01-20 01:00:00,2.1e-05
2026-01-20 02:00:00,2.1e-05
2026-01-20 03:00:00,2.1e-05
2026-01-20 04:00:00,3.081e-05
2026-01-20 05:00:00,3.081e-05
2026-01-20 06:00:00,3.081e-05
2026-01-20 07:00:00,3.081e-05
2026-01-20 08:00:00,3.081e-05
2026-01-20 09:00:00,3.081e-05
2026-01-20 10:00:00,3.081e-05
2026-01-20 11:00:00,3.081e-05
2026-01-20 12:00:00,-1.587e-05
2026-01-20 13:00:00,-1.587e-05
2026-01-20 14:00:00,-1.587e-05
2026-01-20 15:00:00,-1.587e-05
2026-01-20 16:00:00,-1.587e-05
2026-01-20 17:00:00,-1.587e-05
2026-01-20 18:00:00,-1.587e-05
2026-01-20 19:00:00,-1.587e-05
2026-01-20 20:00:00,-1.241e-05
2026-01-20 21:00:00,-1.241e-05
2026-01-20 22:00:00,-1.241e-05
2026-01-20 23:00:00,-1.241e-05
2026-01-21 00:00:00,-1.241e-05
2026-01-21 01:00:00,-1.241e-05
2026-01-21 02:00:00,-1.241e-05
2026-01-21 03:00:00,-1.241e-05
2026-01-21 04:00:00,3.191e-05
2026-01-21 05:00:00,3.191e-05
2026-01-21 06:00:00,3.191e-05
2026-01-21 07:00:00,3.191e-05
2026-01-21 08:00:00,3.191e-05
2026-01-21 09:00:00,3.191e-05
2026-01-21 10:00:00,3.191e-05
2026-01-21 11:00:00,3.191e-05
2026-01-21 12:00:00,3.3e-06
2026-01-21 13:00:00,3.3e-06
2026-01-21 14:00:00,3.3e-06
2026-01-21 15:00:00,3.3e-06
2026-01-21 16:00:00,3.3e-06
2026-01-21 17:00:00,3.3e-06
2026-01-21 18:00:00,3.3e-06
2026-01-21 19:00:00,3.3e-06
2026-01-21 20:00:00,4.007e-05
2026-01-21 21:00:00,4.007e-05
2026-01-21 22:00:00,4.007e-05
2026-01-21 23:00:00,4.007e-05
2026-01-22 00:00:00,4.007e-05
2026-01-22 01:00:00,4.007e-05
2026-01-22 02:00:00,4.007e-05
2026-01-22 03:00:00,4.007e-05
2026-01-22 04:00:00,5.715e-05
2026-01-22 05:00:00,5.715e-05
2026-01-22 06:00:00,5.715e-05
2026-01-22 07:00:00,5.715e-05
2026-01-22 08:00:00,5.715e-05
2026-01-22 09:00:00,5.715e-05
2026-01-22 10:00:00,5.715e-05
2026-01-22 11:00:00,5.715e-05
2026-01-22 12:00:00,3.047e-05
2026-01-22 13:00:00,3.047e-05
2026-01-22 14:00:00,3.047e-05
2026-01-22 15:00:00,3.047e-05
2026-01-22 16:00:00,3.047e-05
2026-01-22 17:00:00,3.047e-05
2026-01-22 18:00:00,3.047e-05
2026-01-22 19:00:00,3.047e-05
2026-01-22 20:00:00,4.6e-07
2026-01-22 21:00:00,4.6e-07
2026-01-22 22:00:00,4.6e-07
2026-01-22 23:00:00,4.6e-07
2026-01-23 00:00:00,4.6e-07
2026-01-23 01:00:00,4.6e-07
2026-01-23 02:00:00,4.6e-07
2026-01-23 03:00:00,4.6e-07
2026-01-23 04:00:00,4.883e-05
2026-01-23 05:00:00,4.883e-05
2026-01-23 06:00:00,4.883e-05
2026-01-23 07:00:00,4.883e-05
2026-01-23 08:00:00,4.883e-05
2026-01-23 09:00:00,4.883e-05
2026-01-23 10:00:00,4.883e-05
2026-01-23 11:00:00,4.883e-05
2026-01-23 12:00:00,2.626e-05
2026-01-23 13:00:00,2.626e-05
2026-01-23 14:00:00,2.626e-05
2026-01-23 15:00:00,2.626e-05
2026-01-23 16:00:00,2.626e-05
2026-01-23 17:00:00,2.626e-05
2026-01-23 18:00:00,2.626e-05
2026-01-23 19:00:00,2.626e-05
2026-01-23 20:00:00,-3.242e-05
2026-01-23 21:00:00,-3.242e-05
2026-01-23 22:00:00,-3.242e-05
2026-01-23 23:00:00,-3.242e-05
2026-01-24 00:00:00,-3.242e-05
2026-01-24 01:00:00,-3.242e-05
2026-01-24 02:00:00,-3.242e-05
2026-01-24 03:00:00,-3.242e-05
2026-01-24 04:00:00,-9.22e-06
2026-01-24 05:00:00,-9.22e-06
2026-01-24 06:00:00,-9.22e-06
2026-01-24 07:00:00,-9.22e-06
2026-01-24 08:00:00,-9.22e-06
2026-01-24 09:00:00,-9.22e-06
2026-01-24 10:00:00,-9.22e-06
2026-01-24 11:00:00,-9.22e-06
2026-01-24 12:00:00,-2.571e-05
2026-01-24 13:00:00,-2.571e-05
2026-01-24 14:00:00,-2.571e-05
2026-01-24 15:00:00,-2.571e-05
2026-01-24 16:00:00,-2.571e-05
2026-01-24 17:00:00,-2.571e-05
2026-01-24 18:00:00,-2.571e-05
2026-01-24 19:00:00,-2.571e-05
2026-01-24 20:00:00,-2.308e-05
2026-01-24 21:00:00,-2.308e-05
2026-01-24 22:00:00,-2.308e-05
2026-01-24 23:00:00,-2.308e-05
2026-01-25 00:00:00,-2.308e-05
2026-01-25 01:00:00,-2.308e-05
2026-01-25 02:00:00,-2.308e-05
2026-01-25 03:00:00,-2.308e-05
2026-01-25 04:00:00,-2.888e-05
2026-01-25 05:00:00,-2.888e-05
2026-01-25 06:00:00,-2.888e-05
2026-01-25 07:00:00,-2.888e-05
2026-01-25 08:00:00,-2.888e-05
2026-01-25 09:00:00,-2.888e-05
2026-01-25 10:00:00,-2.888e-05
2026-01-25 11:00:00,-2.888e-05
2026-01-25 12:00:00,4.576e-05
2026-01-25 13:00:00,4.576e-05
2026-01-25 14:00:00,4.576e-05
2026-01-25 15:00:00,4.576e-05
2026-01-25 16:00:00,4.576e-05
2026-01-25 17:00:00,4.576e-05
2026-01-25 18:00:00,4.576e-05
2026-01-25 19:00:00,4.576e-05
2026-01-25 20:00:00,3.977e-05
2026-01-25 21:00:00,3.977e-05
2026-01-25 22:00:00,3.977e-05
2026-01-25 23:00:00,3.977e-05
2026-01-26 00:00:00,3.977e-05
2026-01-26 01:00:00,3.977e-05
2026-01-26 02:00:00,3.977e-05
2026-01-26 03:00:00,3.977e-05
2026-01-26 04:00:00,-2.42e-06
2026-01-26 05:00:00,-2.42e-06
2026-01-26 06:00:00,-2.42e-06
2026-01-26 07:00:00,-2.42e-06
2026-01-26 08:00:00,-2.42e-06
2026-01-26 09:00:00,-2.42e-06
2026-01-26 10:00:00,-2.42e-06
2026-01-26 11:00:00,-2.42e-06
2026-01-26 12:00:00,4.497e-05
2026-01-26 13:00:00,4.497e-05
2026-01-26 14:00:00,4.497e-05
2026-01-26 15:00:00,4.497e-05
2026-01-26 16:00:00,4.497e-05
2026-01-26 17:00:00,4.497e-05
2026-01-26 18:00:00,4.497e-05
2026-01-26 19:00:00,4.497e-05
2026-01-26 20:00:00,3.7e-05
2026-01-26 21:00:00,3.7e-05
2026-01-26 22:00:00,3.7e-05
2026-01-26 23:00:00,3.7e-05
2026-01-27 00:00:00,3.7e-05
2026-01-27 01:00:00,3.7e-05
2026-01-27 02:00:00,3.7e-05
2026-01-27 03:00:00,3.7e-05
2026-01-27 04:00:00,3.771e-05
2026-01-27 05:00:00,3.771e-05
2026-01-27 06:00:00,3.771e-05
2026-01-27 07:00:00,3.771e-05
2026-01-27 08:00:00,3.771e-05
2026-01-27 09:00:00,3.771e-05
2026-01-27 10:00:00,3.771e-05
2026-01-27 11:00:00,3.771e-05
2026-01-27 12:00:00,1.233e-05
2026-01-27 13:00:00,1.233e-05
2026-01-27 14:00:00,1.233e-05
2026-01-27 15:00:00,1.233e-05
2026-01-27 16:00:00,1.233e-05
2026-01-27 17:00:00,1.233e-05
2026-01-27 18:00:00,1.233e-05
2026-01-27 19:00:00,1.233e-05
2026-01-27 20:00:00,-3.249e-05
2026-01-27 21:00:00,-3.249e-05
2026-01-27 22:00:00,-3.249e-05
2026-01-27 23:00:00,-3.249e-05
2026-01-28 00:00:00,-3.249e-05
2026-01-28 01:00:00,-3.249e-05
2026-01-28 02:00:00,-3.249e-05
2026-01-28 03:00:00,-3.249e-05
2026-01-28 04:00:00,5.878e-05
2026-01-28 05:00:00,5.878e-05
2026-01-28 06:00:00,5.878e-05
2026-01-28 07:00:00,5.878e-05
2026-01-28 08:00:00,5.878e-05
2026-01-28 09:00:00,5.878e-05
2026-01-28 10:00:00,5.878e-05
2026-01-28 11:00:00,5.878e-05
2026-01-28 12:00:00,7.136e-05
2026-01-28 13:00:00,7.136e-05
2026-01-28 14:00:00,7.136e-05
2026-01-28 15:00:00,7.136e-05
2026-01-28 16:00:00,7.136e-05
2026-01-28 17:00:00,7.136e-05
2026-01-28 18:00:00,7.136e-05
2026-01-28 19:00:00,7.136e-05
2026-01-28 20:00:00,4.604e-05
2026-01-28 21:00:00,4.604e-05
2026-01-28 22:00:00,4.604e-05
2026-01-28 23:00:00,4.604e-05
2026-01-29 00:00:00,4.604e-05
2026-01-29 01:00:00,4.604e-05
2026-01-29 02:00:00,4.604e-05
2026-01-29 03:00:00,4.604e-05
2026-01-29 04:00:00,2.277e-05
2026-01-29 05:00:00,2.277e-05
2026-01-29 06:00:00,2.277e-05
2026-01-29 07:00:00,2.277e-05
2026-01-29 08:00:00,2.277e-05
2026-01-29 09:00:00,2.277e-05
2026-01-29 10:00:00,2.277e-05
2026-01-29 11:00:00,2.277e-05
2026-01-29 12:00:00,1.655e-05
2026-01-29 13:00:00,1.655e-05
2026-01-29 14:00:00,1.655e-05
2026-01-29 15:00:00,1.655e-05
2026-01-29 16:00:00,1.655e-05
2026-01-29 17:00:00,1.655e-05
2026-01-29 18:00:00,1.655e-05
2026-01-29 19:00:00,1.655e-05
2026-01-29 20:00:00,-6.85e-06
2026-01-29 21:00:00,-6.85e-06
2026-01-29 22:00:00,-6.85e-06
2026-01-29 23:00:00,-6.85e-06
2026-01-30 00:00:00,-6.85e-06
2026-01-30 01:00:00,-6.85e-06
2026-01-30 02:00:00,-6.85e-06
2026-01-30 03:00:00,-6.85e-06
2026-01-30 04:00:00,-1.576e-05
2026-01-30 05:00:00,-1.576e-05
2026-01-30 06:00:00,-1.576e-05
2026-01-30 07:00:00,-1.576e-05
2026-01-30 08:00:00,-1.576e-05
2026-01-30 09:00:00,-1.576e-05
2026-01-30 10:00:00,-1.576e-05
2026-01-30 11:00:00,-1.576e-05
2026-01-30 12:00:00,-6.865e-05
2026-01-30 13:00:00,-6.865e-05
2026-01-30 14:00:00,-6.865e-05
2026-01-30 15:00:00,-6.865e-05
2026-01-30 16:00:00,-6.865e-05
2026-01-30 17:00:00,-6.865e-05
2026-01-30 18:00:00,-6.865e-05
2026-01-30 19:00:00,-6.865e-05
2026-01-30 20:00:00,-4.013e-05
2026-01-30 21:00:00,-4.013e-05
2026-01-30 22:00:00,-4.013e-05
2026-01-30 23:00:00,-4.013e-05
2026-01-31 00:00:00,-4.013e-05
2026-01-31 01:00:00,-4.013e-05
2026-01-31 02:00:00,-4.013e-05
2026-01-31 03:00:00,-4.013e-05
2026-01-31 04:00:00,9.175e-05
2026-01-31 05:00:00,9.175e-05
2026-01-31 06:00:00,9.175e-05
2026-01-31 07:00:00,9.175e-05
2026-01-31 08:00:00,9.175e-05
2026-01-31 09:00:00,9.175e-05
2026-01-31 10:00:00,9.175e-05
2026-01-31 11:00:00,9.175e-05
2026-01-31 12:00:00,4.577e-05
2026-01-31 13:00:00,4.577e-05
2026-01-31 14:00:00,4.577e-05
2026-01-31 15:00:00,4.577e-05
2026-01-31 16:00:00,4.577e-05
2026-01-31 17:00:00,4.577e-05
2026-01-31 18:00:00,4.577e-05
2026-01-31 19:00:00,4.577e-05
2026-01-31 20:00:00,2.269e-05
2026-01-31 21:00:00,2.269e-05
2026-01-31 22:00:00,2.269e-05
2026-01-31 23:00:00,2.269e-05
2026-02-01 00:00:00,2.269e-05
2026-02-01 01:00:00,2.269e-05
2026-02-01 02:00:00,2.269e-05
2026-02-01 03:00:00,2.269e-05
2026-02-01 04:00:00,8.18e-06
2026-02-01 05:00:00,8.18e-06
2026-02-01 06:00:00,8.18e-06
2026-02-01 07:00:00,8.18e-06
2026-02-01 08:00:00,8.18e-06
2026-02-01 09:00:00,8.18e-06
2026-02-01 10:00:00,8.18e-06
2026-02-01 11:00:00,8.18e-06
2026-02-01 12:00:00,-1.777e-05
2026-02-01 13:00:00,-1.777e-05
2026-02-01 14:00:00,-1.777e-05
2026-02-01 15:00:00,-1.777e-05
2026-02-01 16:00:00,-1.777e-05
2026-02-01 17:00:00,-1.777e-05
2026-02-01 18:00:00,-1.777e-05
2026-02-01 19:00:00,-1.777e-05
2026-02-01 20:00:00,1.922e-05
2026-02-01 21:00:00,1.922e-05
2026-02-01 22:00:00,1.922e-05
2026-02-01 23:00:00,1.922e-05
2026-02-02 00:00:00,1.922e-05
2026-02-02 01:00:00,1.922e-05
2026-02-02 02:00:00,1.922e-05
2026-02-02 03:00:00,1.922e-05
2026-02-02 04:00:00,5.086e-05
2026-02-02 05:00:00,5.086e-05
2026-02-02 06:00:00,5.086e-05
2026-02-02 07:00:00,5.086e-05
2026-02-02 08:00:00,5.086e-05
2026-02-02 09:00:00,5.086e-05
2026-02-02 10:00:00,5.086e-05
2026-02-02 11:00:00,5.086e-05
2026-02-02 12:00:00,3.33e-06
2026-02-02 13:00:00,3.33e-06
2026-02-02 14:00:00,3.33e-06
2026-02-02 15:00:00,3.33e-06
2026-02-02 16:00:00,3.33e-06
2026-02-02 17:00:00,3.33e-06
2026-02-02 18:00:00,3.33e-06
2026-02-02 19:00:00,3.33e-06
2026-02-02 20:00:00,-2.239e-05
2026-02-02 21:00:00,-2.239e-05
2026-02-02 22:00:00,-2.239e-05
2026-02-02 23:00:00,-2.239e-05
2026-02-03 00:00:00,-2.239e-05
2026-02-03 01:00:00,-2.239e-05
2026-02-03 02:00:00,-2.239e-05
2026-02-03 03:00:00,-2.239e-05
2026-02-03 04:00:00,-2.664e-05
2026-02-03 05:00:00,-2.664e-05
2026-02-03 06:00:00,-2.664e-05
2026-02-03 07:00:00,-2.664e-05
2026-02-03 08:00:00,-2.664e-05
2026-02-03 09:00:00,-2.664e-05
2026-02-03 10:00:00,-2.664e-05
2026-02-03 11:00:00,-2.664e-05
2026-02-03 12:00:00,2.969e-05
2026-02-03 13:00:00,2.969e-05
2026-02-03 14:00:00,2.969e-05
2026-02-03 15:00:00,2.969e-05
2026-02-03 16:00:00,2.969e-05
2026-02-03 17:00:00,2.969e-05
2026-02-03 18:00:00,2.969e-05
2026-02-03 19:00:00,2.969e-05
2026-02-03 20:00:00,-4.127e-05
2026-02-03 21:00:00,-4.127e-05
2026-02-03 22:00:00,-4.127e-05
2026-02-03 23:00:00,-4.127e-05
2026-02-04 00:00:00,-4.127e-05
2026-02-04 01:00:00,-4.127e-05
2026-02-04 02:00:00,-4.127e-05
2026-02-04 03:00:00,-4.127e-05
2026-02-04 04:00:00,2.78e-06
2026-02-04 05:00:00,2.78e-06
2026-02-04 06:00:00,2.78e-06
2026-02-04 07:00:00,2.78e-06
2026-02-04 08:00:00,2.78e-06
2026-02-04 09:00:00,2.78e-06
2026-02-04 10:00:00,2.78e-06
2026-02-04 11:00:00,2.78e-06
2026-02-04 12:00:00,9.059e-05
2026-02-04 13:00:00,9.059e-05
2026-02-04 14:00:00,9.059e-05
2026-02-04 15:00:00,9.059e-05
2026-02-04 16:00:00,9.059e-05
2026-02-04 17:00:00,9.059e-05
2026-02-04 18:00:00,9.059e-05
2026-02-04 19:00:00,9.059e-05
2026-02-04 20:00:00,4.301e-05
2026-02-04 21:00:00,4.301e-05
2026-02-04 22:00:00,4.301e-05
2026-02-04 23:00:00,4.301e-05
2026-02-05 00:00:00,4.301e-05
2026-02-05 01:00:00,4.301e-05
2026-02-05 02:00:00,4.301e-05
2026-02-05 03:00:00,4.301e-05
2026-02-05 04:00:00,4.71e-05
2026-02-05 05:00:00,4.71e-05
2026-02-05 06:00:00,4.71e-05
2026-02-05 07:00:00,4.71e-05
2026-02-05 08:00:00,4.71e-05
2026-02-05 09:00:00,4.71e-05
2026-02-05 10:00:00,4.71e-05
2026-02-05 11:00:00,4.71e-05
2026-02-05 12:00:00,2.503e-05
2026-02-05 13:00:00,2.503e-05
2026-02-05 14:00:00,2.503e-05
2026-02-05 15:00:00,2.503e-05
2026-02-05 16:00:00,2.503e-05
2026-02-05 17:00:00,2.503e-05
2026-02-05 18:00:00,2.503e-05
2026-02-05 19:00:00,2.503e-05
2026-02-05 20:00:00,2.066e-05
2026-02-05 21:00:00,2.066e-05
2026-02-05 22:00:00,2.066e-05
2026-02-05 23:00:00,2.066e-05
2026-02-06 00:00:00,2.066e-05
2026-02-06 01:00:00,2.066e-05
2026-02-06 02:00:00,2.066e-05
2026-02-06 03:00:00,2.066e-05
2026-02-06 04:00:00,8.72e-06
2026-02-06 05:00:00,8.72e-06
2026-02-06 06:00:00,8.72e-06
2026-02-06 07:00:00,8.72e-06
2026-02-06 08:00:00,8.72e-06
2026-02-06 09:00:00,8.72e-06
2026-02-06 10:00:00,8.72e-06
2026-02-06 11:00:00,8.72e-06
2026-02-06 12:00:00,-7.84e-06
2026-02-06 13:00:00,-7.84e-06
2026-02-06 14:00:00,-7.84e-06
2026-02-06 15:00:00,-7.84e-06
2026-02-06 16:00:00,-7.84e-06
2026-02-06 17:00:00,-7.84e-06
2026-02-06 18:00:00,-7.84e-06
2026-02-06 19:00:00,-7.84e-06
2026-02-06 20:00:00,-9.333e-05
2026-02-06 21:00:00,-9.333e-05
2026-02-06 22:00:00,-9.333e-05
2026-02-06 23:00:00,-9.333e-05
2026-02-07 00:00:00,-9.333e-05
2026-02-07 01:00:00,-9.333e-05
2026-02-07 02:00:00,-9.333e-05
2026-02-07 03:00:00,-9.333e-05
2026-02-07 04:00:00,-6.377e-05
2026-02-07 05:00:00,-6.377e-05
2026-02-07 06:00:00,-6.377e-05
2026-02-07 07:00:00,-6.377e-05
2026-02-07 08:00:00,-6.377e-05
2026-02-07 09:00:00,-6.377e-05
2026-02-07 10:00:00,-6.377e-05
2026-02-07 11:00:00,-6.377e-05
2026-02-07 12:00:00,1.339e-05
2026-02-07 13:00:00,1.339e-05
2026-02-07 14:00:00,1.339e-05
2026-02-07 15:00:00,1.339e-05
2026-02-07 16:00:00,1.339e-05
2026-02-07 17:00:00,1.339e-05
2026-02-07 18:00:00,1.339e-05
2026-02-07 19:00:00,1.339e-05
2026-02-07 20:00:00,2.463e-05
2026-02-07 21:00:00,2.463e-05
2026-02-07 22:00:00,2.463e-05
2026-02-07 23:00:00,2.463e-05
2026-02-08 00:00:00,2.463e-05
2026-02-08 01:00:00,2.463e-05
2026-02-08 02:00:00,2.463e-05
2026-02-08 03:00:00,2.463e-05
2026-02-08 04:00:00,6.51e-06
2026-02-08 05:00:00,6.51e-06
2026-02-08 06:00:00,6.51e-06
2026-02-08 07:00:00,6.51e-06
2026-02-08 08:00:00,6.51e-06
2026-02-08 09:00:00,6.51e-06
2026-02-08 10:00:00,6.51e-06
2026-02-08 11:00:00,6.51e-06
2026-02-08 12:00:00,-4.565e-05
2026-02-08 13:00:00,-4.565e-05
2026-02-08 14:00:00,-4.565e-05
2026-02-08 15:00:00,-4.565e-05
2026-02-08 16:00:00,-4.565e-05
2026-02-08 17:00:00,-4.565e-05
2026-02-08 18:00:00,-4.565e-05
2026-02-08 19:00:00,-4.565e-05
2026-02-08 20:00:00,-9.66e-06
2026-02-08 21:00:00,-9.66e-06
2026-02-08 22:00:00,-9.66e-06
2026-02-08 23:00:00,-9.66e-06
2026-02-09 00:00:00,-9.66e-06
2026-02-09 01:00:00,-9.66e-06
2026-02-09 02:00:00,-9.66e-06
2026-02-09 03:00:00,-9.66e-06
2026-02-09 04:00:00,1.522e-05
2026-02-09 05:00:00,1.522e-05
2026-02-09 06:00:00,1.522e-05
2026-02-09 07:00:00,1.522e-05
2026-02-09 08:00:00,1.522e-05
2026-02-09 09:00:00,1.522e-05
2026-02-09 10:00:00,1.522e-05
2026-02-09 11:00:00,1.522e-05
2026-02-09 12:00:00,-1.797e-05
2026-02-09 13:00:00,-1.797e-05
2026-02-09 14:00:00,-1.797e-05
2026-02-09 15:00:00,-1.797e-05
2026-02-09 16:00:00,-1.797e-05
2026-02-09 17:00:00,-1.797e-05
2026-02-09 18:00:00,-1.797e-05
2026-02-09 19:00:00,-1.797e-05
2026-02-09 20:00:00,-3.862e-05
2026-02-09 21:00:00,-3.862e-05
2026-02-09 22:00:00,-3.862e-05
2026-02-09 23:00:00,-3.862e-05
2026-02-10 00:00:00,-3.862e-05
2026-02-10 01:00:00,-3.862e-05
2026-02-10 02:00:00,-3.862e-05
2026-02-10 03:00:00,-3.862e-05
2026-02-10 04:00:00,6.1e-05
2026-02-10 05:00:00,6.1e-05
2026-02-10 06:00:00,6.1e-05
2026-02-10 07:00:00,6.1e-05
2026-02-10 08:00:00,6.1e-05
2026-02-10 09:00:00,6.1e-05
2026-02-10 10:00:00,6.1e-05
2026-02-10 11:00:00,6.1e-05
2026-02-10 12:00:00,-4.32e-05
2026-02-10 13:00:00,-4.32e-05
2026-02-10 14:00:00,-4.32e-05
2026-02-10 15:00:00,-4.32e-05
2026-02-10 16:00:00,-4.32e-05
2026-02-10 17:00:00,-4.32e-05
2026-02-10 18:00:00,-4.32e-05
2026-02-10 19:00:00,-4.32e-05
2026-02-10 20:00:00,-5.877e-05
2026-02-10 21:00:00,-5.877e-05
2026-02-10 22:00:00,-5.877e-05
2026-02-10 23:00:00,-5.877e-05
2026-02-11 00:00:00,-5.877e-05
2026-02-11 01:00:00,-5.877e-05
2026-02-11 02:00:00,-5.877e-05
2026-02-11 03:00:00,-5.877e-05
2026-02-11 04:00:00,-2.347e-05
2026-02-11 05:00:00,-2.347e-05
2026-02-11 06:00:00,-2.347e-05
2026-02-11 07:00:00,-2.347e-05
2026-02-11 08:00:00,-2.347e-05
2026-02-11 09:00:00,-2.347e-05
2026-02-11 10:00:00,-2.347e-05
2026-02-11 11:00:00,-2.347e-05
2026-02-11 12:00:00,-6.234e-05
2026-02-11 13:00:00,-6.234e-05
2026-02-11 14:00:00,-6.234e-05
2026-02-11 15:00:00,-6.234e-05
2026-02-11 16:00:00,-6.234e-05
2026-02-11 17:00:00,-6.234e-05
2026-02-11 18:00:00,-6.234e-05
2026-02-11 19:00:00,-6.234e-05
2026-02-11 20:00:00,-8.41e-06
2026-02-11 21:00:00,-8.41e-06
2026-02-11 22:00:00,-8.41e-06
2026-02-11 23:00:00,-8.41e-06
2026-02-12 00:00:00,-8.41e-06
2026-02-12 01:00:00,-8.41e-06
2026-02-12 02:00:00,-8.41e-06
2026-02-12 03:00:00,-8.41e-06
2026-02-12 04:00:00,9.04e-06
2026-02-12 05:00:00,9.04e-06
2026-02-12 06:00:00,9.04e-06
2026-02-12 07:00:00,9.04e-06
2026-02-12 08:00:00,9.04e-06
2026-02-12 09:00:00,9.04e-06
2026-02-12 10:00:00,9.04e-06
2026-02-12 11:00:00,9.04e-06
2026-02-12 12:00:00,7.205e-05
2026-02-12 13:00:00,7.205e-05
2026-02-12 14:00:00,7.205e-05
2026-02-12 15:00:00,7.205e-05
2026-02-12 16:00:00,7.205e-05
2026-02-12 17:00:00,7.205e-05
2026-02-12 18:00:00,7.205e-05
2026-02-12 19:00:00,7.205e-05
2026-02-12 20:00:00,0.0001
2026-02-12 21:00:00,0.0001
2026-02-12 22:00:00,0.0001
2026-02-12 23:00:00,0.0001
2026-02-13 00:00:00,0.0001
2026-02-13 01:00:00,0.0001
2026-02-13 02:00:00,0.0001
2026-02-13 03:00:00,0.0001
2026-02-13 04:00:00,1.48e-06
2026-02-13 05:00:00,1.48e-06
2026-02-13 06:00:00,1.48e-06
2026-02-13 07:00:00,1.48e-06
2026-02-13 08:00:00,1.48e-06
2026-02-13 09:00:00,1.48e-06
2026-02-13 10:00:00,1.48e-06
2026-02-13 11:00:00,1.48e-06
2026-02-13 12:00:00,3.691e-05
2026-02-13 13:00:00,3.691e-05
2026-02-13 14:00:00,3.691e-05
2026-02-13 15:00:00,3.691e-05
2026-02-13 16:00:00,3.691e-05
2026-02-13 17:00:00,3.691e-05
2026-02-13 18:00:00,3.691e-05
2026-02-13 19:00:00,3.691e-05
2026-02-13 20:00:00,3.088e-05
2026-02-13 21:00:00,3.088e-05
2026-02-13 22:00:00,3.088e-05
2026-02-13 23:00:00,3.088e-05
2026-02-14 00:00:00,3.088e-05
2026-02-14 01:00:00,3.088e-05
2026-02-14 02:00:00,3.088e-05
2026-02-14 03:00:00,3.088e-05
2026-02-14 04:00:00,-1.529e-05
2026-02-14 05:00:00,-1.529e-05
2026-02-14 06:00:00,-1.529e-05
2026-02-14 07:00:00,-1.529e-05
2026-02-14 08:00:00,-1.529e-05
2026-02-14 09:00:00,-1.529e-05
2026-02-14 10:00:00,-1.529e-05
2026-02-14 11:00:00,-1.529e-05
2026-02-14 12:00:00,-1.51e-05
2026-02-14 13:00:00,-1.51e-05
2026-02-14 14:00:00,-1.51e-05
2026-02-14 15:00:00,-1.51e-05
2026-02-14 16:00:00,-1.51e-05
2026-02-14 17:00:00,-1.51e-05
2026-02-14 18:00:00,-1.51e-05
2026-02-14 19:00:00,-1.51e-05
2026-02-14 20:00:00,8.737e-05
2026-02-14 21:00:00,8.737e-05
2026-02-14 22:00:00,8.737e-05
2026-02-14 23:00:00,8.737e-05
2026-02-15 00:00:00,8.737e-05
2026-02-15 01:00:00,8.737e-05
2026-02-15 02:00:00,8.737e-05
2026-02-15 03:00:00,8.737e-05
2026-02-15 04:00:00,6.207e-05
2026-02-15 05:00:00,6.207e-05
2026-02-15 06:00:00,6.207e-05
2026-02-15 07:00:00,6.207e-05
2026-02-15 08:00:00,6.207e-05
2026-02-15 09:00:00,6.207e-05
2026-02-15 10:00:00,6.207e-05
2026-02-15 11:00:00,6.207e-05
2026-02-15 12:00:00,3.283e-05
2026-02-15 13:00:00,3.283e-05
2026-02-15 14:00:00,3.283e-05
2026-02-15 15:00:00,3.283e-05
2026-02-15 16:00:00,3.283e-05
2026-02-15 17:00:00,3.283e-05
2026-02-15 18:00:00,3.283e-05
2026-02-15 19:00:00,3.283e-05
2026-02-15 20:00:00,2.12e-05
2026-02-15 21:00:00,2.12e-05
2026-02-15 22:00:00,2.12e-05
2026-02-15 23:00:00,2.12e-05
2026-02-16 00:00:00,2.12e-05
2026-02-16 01:00:00,2.12e-05
2026-02-16 02:00:00,2.12e-05
2026-02-16 03:00:00,2.12e-05
2026-02-16 04:00:00,7.436e-05
2026-02-16 05:00:00,7.436e-05
2026-02-16 06:00:00,7.436e-05
2026-02-16 07:00:00,7.436e-05
2026-02-16 08:00:00,7.436e-05
2026-02-16 09:00:00,7.436e-05
2026-02-16 10:00:00,7.436e-05
2026-02-16 11:00:00,7.436e-05
2026-02-16 12:00:00,3.523e-05
2026-02-16 13:00:00,3.523e-05
2026-02-16 14:00:00,3.523e-05
2026-02-16 15:00:00,3.523e-05
2026-02-16 16:00:00,3.523e-05
2026-02-16 17:00:00,3.523e-05
2026-02-16 18:00:00,3.523e-05
2026-02-16 19:00:00,3.523e-05
2026-02-16 20:00:00,-2.246e-05
2026-02-16 21:00:00,-2.246e-05
2026-02-16 22:00:00,-2.246e-05
2026-02-16 23:00:00,-2.246e-05
2026-02-17 00:00:00,-2.246e-05
2026-02-17 01:00:00,-2.246e-05
2026-02-17 02:00:00,-2.246e-05
2026-02-17 03:00:00,-2.246e-05
2026-02-17 04:00:00,3.206e-05
2026-02-17 05:00:00,3.206e-05
2026-02-17 06:00:00,3.206e-05
2026-02-17 07:00:00,3.206e-05
2026-02-17 08:00:00,3.206e-05
2026-02-17 09:00:00,3.206e-05
2026-02-17 10:00:00,3.206e-05
2026-02-17 11:00:00,3.206e-05
2026-02-17 12:00:00,1.909e-05
2026-02-17 13:00:00,1.909e-05
2026-02-17 14:00:00,1.909e-05
2026-02-17 15:00:00,1.909e-05
2026-02-17 16:00:00,1.909e-05
2026-02-17 17:00:00,1.909e-05
2026-02-17 18:00:00,1.909e-05
2026-02-17 19:00:00,1.909e-05
2026-02-17 20:00:00,-1.232e-05
2026-02-17 21:00:00,-1.232e-05
2026-02-17 22:00:00,-1.232e-05
2026-02-17 23:00:00,-1.232e-05
2026-02-18 00:00:00,-1.232e-05
2026-02-18 01:00:00,-1.232e-05
2026-02-18 02:00:00,-1.232e-05
2026-02-18 03:00:00,-1.232e-05
2026-02-18 04:00:00,1.873e-05
2026-02-18 05:00:00,1.873e-05
2026-02-18 06:00:00,1.873e-05
2026-02-18 07:00:00,1.873e-05
2026-02-18 08:00:00,1.873e-05
2026-02-18 09:00:00,1.873e-05
2026-02-18 10:00:00,1.873e-05
2026-02-18 11:00:00,1.873e-05
2026-02-18 12:00:00,-1.7e-06
2026-02-18 13:00:00,-1.7e-06
2026-02-18 14:00:00,-1.7e-06
2026-02-18 15:00:00,-1.7e-06
2026-02-18 16:00:00,-1.7e-06
2026-02-18 17:00:00,-1.7e-06
2026-02-18 18:00:00,-1.7e-06
2026-02-18 19:00:00,-1.7e-06
2026-02-18 20:00:00,4.04e-06
2026-02-18 21:00:00,4.04e-06
2026-02-18 22:00:00,4.04e-06
2026-02-18 23:00:00,4.04e-06
2026-02-19 00:00:00,4.04e-06
2026-02-19 01:00:00,4.04e-06
2026-02-19 02:00:00,4.04e-06
2026-02-19 03:00:00,4.04e-06
2026-02-19 04:00:00,-1.595e-05
2026-02-19 05:00:00,-1.595e-05
2026-02-19 06:00:00,-1.595e-05
2026-02-19 07:00:00,-1.595e-05
2026-02-19 08:00:00,-1.595e-05
2026-02-19 09:00:00,-1.595e-05
2026-02-19 10:00:00,-1.595e-05
2026-02-19 11:00:00,-1.595e-05
2026-02-19 12:00:00,5.2e-05
2026-02-19 13:00:00,5.2e-05
2026-02-19 14:00:00,5.2e-05
2026-02-19 15:00:00,5.2e-05
2026-02-19 16:00:00,5.2e-05
2026-02-19 17:00:00,5.2e-05
2026-02-19 18:00:00,5.2e-05
2026-02-19 19:00:00,5.2e-05
2026-02-19 20:00:00,9.29e-06
2026-02-19 21:00:00,9.29e-06
2026-02-19 22:00:00,9.29e-06
2026-02-19 23:00:00,9.29e-06
2026-02-20 00:00:00,9.29e-06
2026-02-20 01:00:00,9.29e-06
2026-02-20 02:00:00,9.29e-06
2026-02-20 03:00:00,9.29e-06
2026-02-20 04:00:00,0.0001
2026-02-20 05:00:00,0.0001
2026-02-20 06:00:00,0.0001
2026-02-20 07:00:00,0.0001
2026-02-20 08:00:00,0.0001
2026-02-20 09:00:00,0.0001
2026-02-20 10:00:00,0.0001
2026-02-20 11:00:00,0.0001
2026-02-20 12:00:00,0.0001
2026-02-20 13:00:00,0.0001
2026-02-20 14:00:00,0.0001
2026-02-20 15:00:00,0.0001
2026-02-20 16:00:00,0.0001
2026-02-20 17:00:00,0.0001
2026-02-20 18:00:00,0.0001
2026-02-20 19:00:00,0.0001
2026-02-20 20:00:00,7.455e-05
2026-02-20 21:00:00,7.455e-05
2026-02-20 22:00:00,7.455e-05
2026-02-20 23:00:00,7.455e-05
2026-02-21 00:00:00,7.455e-05
2026-02-21 01:00:00,7.455e-05
2026-02-21 02:00:00,7.455e-05
2026-02-21 03:00:00,7.455e-05
2026-02-21 04:00:00,0.0001
2026-02-21 05:00:00,0.0001
2026-02-21 06:00:00,0.0001
2026-02-21 07:00:00,0.0001
2026-02-21 08:00:00,0.0001
2026-02-21 09:00:00,0.0001
2026-02-21 10:00:00,0.0001
2026-02-21 11:00:00,0.0001
2026-02-21 12:00:00,9.803e-05
2026-02-21 13:00:00,9.803e-05
2026-02-21 14:00:00,9.803e-05
2026-02-21 15:00:00,9.803e-05
2026-02-21 16:00:00,9.803e-05
2026-02-21 17:00:00,9.803e-05
2026-02-21 18:00:00,9.803e-05
2026-02-21 19:00:00,9.803e-05
2026-02-21 20:00:00,8.445e-05
2026-02-21 21:00:00,8.445e-05
2026-02-21 22:00:00,8.445e-05
2026-02-21 23:00:00,8.445e-05
2026-02-22 00:00:00,8.445e-05
2026-02-22 01:00:00,8.445e-05
2026-02-22 02:00:00,8.445e-05
2026-02-22 03:00:00,8.445e-05
2026-02-22 04:00:00,1.996e-05
2026-02-22 05:00:00,1.996e-05
2026-02-22 06:00:00,1.996e-05
2026-02-22 07:00:00,1.996e-05
2026-02-22 08:00:00,1.996e-05
2026-02-22 09:00:00,1.996e-05
2026-02-22 10:00:00,1.996e-05
2026-02-22 11:00:00,1.996e-05
2026-02-22 12:00:00,-2.637e-05
2026-02-22 13:00:00,-2.637e-05
2026-02-22 14:00:00,-2.637e-05
2026-02-22 15:00:00,-2.637e-05
2026-02-22 16:00:00,-2.637e-05
2026-02-22 17:00:00,-2.637e-05
2026-02-22 18:00:00,-2.637e-05
2026-02-22 19:00:00,-2.637e-05
2026-02-22 20:00:00,-7.55e-06
2026-02-22 21:00:00,-7.55e-06
2026-02-22 22:00:00,-7.55e-06
2026-02-22 23:00:00,-7.55e-06
2026-02-23 00:00:00,-7.55e-06
2026-02-23 01:00:00,-7.55e-06
2026-02-23 02:00:00,-7.55e-06
2026-02-23 03:00:00,-7.55e-06
2026-02-23 04:00:00,-2.32e-06
2026-02-23 05:00:00,-2.32e-06
2026-02-23 06:00:00,-2.32e-06
2026-02-23 07:00:00,-2.32e-06
2026-02-23 08:00:00,-2.32e-06
2026-02-23 09:00:00,-2.32e-06
2026-02-23 10:00:00,-2.32e-06
2026-02-23 11:00:00,-2.32e-06
2026-02-23 12:00:00,-6.028e-05
2026-02-23 13:00:00,-6.028e-05
2026-02-23 14:00:00,-6.028e-05
2026-02-23 15:00:00,-6.028e-05
2026-02-23 16:00:00,-6.028e-05
2026-02-23 17:00:00,-6.028e-05
2026-02-23 18:00:00,-6.028e-05
2026-02-23 19:00:00,-6.028e-05
2026-02-23 20:00:00,1.294e-05
2026-02-23 21:00:00,1.294e-05
2026-02-23 22:00:00,1.294e-05
2026-02-23 23:00:00,1.294e-05
2026-02-24 00:00:00,1.294e-05
2026-02-24 01:00:00,1.294e-05
2026-02-24 02:00:00,1.294e-05
2026-02-24 03:00:00,1.294e-05
2026-02-24 04:00:00,-4.456e-05
2026-02-24 05:00:00,-4.456e-05
2026-02-24 06:00:00,-4.456e-05
2026-02-24 07:00:00,-4.456e-05
2026-02-24 08:00:00,-4.456e-05
2026-02-24 09:00:00,-4.456e-05
2026-02-24 10:00:00,-4.456e-05
2026-02-24 11:00:00,-4.456e-05
2026-02-24 12:00:00,-8.39e-05
2026-02-24 13:00:00,-8.39e-05
2026-02-24 14:00:00,-8.39e-05
2026-02-24 15:00:00,-8.39e-05
2026-02-24 16:00:00,-8.39e-05
2026-02-24 17:00:00,-8.39e-05
2026-02-24 18:00:00,-8.39e-05
2026-02-24 19:00:00,-8.39e-05
2026-02-24 20:00:00,2.037e-05
2026-02-24 21:00:00,2.037e-05
2026-02-24 22:00:00,2.037e-05
2026-02-24 23:00:00,2.037e-05
2026-02-25 00:00:00,2.037e-05
2026-02-25 01:00:00,2.037e-05
2026-02-25 02:00:00,2.037e-05
2026-02-25 03:00:00,2.037e-05
2026-02-25 04:00:00,1.405e-05
2026-02-25 05:00:00,1.405e-05
2026-02-25 06:00:00,1.405e-05
2026-02-25 07:00:00,1.405e-05
2026-02-25 08:00:00,1.405e-05
2026-02-25 09:00:00,1.405e-05
2026-02-25 10:00:00,1.405e-05
2026-02-25 11:00:00,1.405e-05
2026-02-25 12:00:00,0.0001
2026-02-25 13:00:00,0.0001
2026-02-25 14:00:00,0.0001
2026-02-25 15:00:00,0.0001
2026-02-25 16:00:00,0.0001
2026-02-25 17:00:00,0.0001
2026-02-25 18:00:00,0.0001
2026-02-25 19:00:00,0.0001
2026-02-25 20:00:00,5.544e-05
2026-02-25 21:00:00,5.544e-05
2026-02-25 22:00:00,5.544e-05
2026-02-25 23:00:00,5.544e-05
2026-02-26 00:00:00,5.544e-05
2026-02-26 01:00:00,5.544e-05
2026-02-26 02:00:00,5.544e-05
2026-02-26 03:00:00,5.544e-05
2026-02-26 04:00:00,3.563e-05
2026-02-26 05:00:00,3.563e-05
2026-02-26 06:00:00,3.563e-05
2026-02-26 07:00:00,3.563e-05
2026-02-26 08:00:00,3.563e-05
2026-02-26 09:00:00,3.563e-05
2026-02-26 10:00:00,3.563e-05
2026-02-26 11:00:00,3.563e-05
2026-02-26 12:00:00,0.0001
2026-02-26 13:00:00,0.0001
2026-02-26 14:00:00,0.0001
2026-02-26 15:00:00,0.0001
2026-02-26 16:00:00,0.0001
2026-02-26 17:00:00,0.0001
2026-02-26 18:00:00,0.0001
2026-02-26 19:00:00,0.0001
2026-02-26 20:00:00,4.048e-05
2026-02-26 21:00:00,4.048e-05
2026-02-26 22:00:00,4.048e-05
2026-02-26 23:00:00,4.048e-05
2026-02-27 00:00:00,4.048e-05
2026-02-27 01:00:00,4.048e-05
2026-02-27 02:00:00,4.048e-05
2026-02-27 03:00:00,4.048e-05
2026-02-27 04:00:00,3.949e-05
2026-02-27 05:00:00,3.949e-05
2026-02-27 06:00:00,3.949e-05
2026-02-27 07:00:00,3.949e-05
2026-02-27 08:00:00,3.949e-05
2026-02-27 09:00:00,3.949e-05
2026-02-27 10:00:00,3.949e-05
2026-02-27 11:00:00,3.949e-05
2026-02-27 12:00:00,-6.7e-06
2026-02-27 13:00:00,-6.7e-06
2026-02-27 14:00:00,-6.7e-06
2026-02-27 15:00:00,-6.7e-06
2026-02-27 16:00:00,-6.7e-06
2026-02-27 17:00:00,-6.7e-06
2026-02-27 18:00:00,-6.7e-06
2026-02-27 19:00:00,-6.7e-06
2026-02-27 20:00:00,-1.23e-06
2026-02-27 21:00:00,-1.23e-06
2026-02-27 22:00:00,-1.23e-06
2026-02-27 23:00:00,-1.23e-06
2026-02-28 00:00:00,-1.23e-06
2026-02-28 01:00:00,-1.23e-06
2026-02-28 02:00:00,-1.23e-06
2026-02-28 03:00:00,-1.23e-06
2026-02-28 04:00:00,-1.3e-05
2026-02-28 05:00:00,-1.3e-05
2026-02-28 06:00:00,-1.3e-05
2026-02-28 07:00:00,-1.3e-05
2026-02-28 08:00:00,-1.3e-05
2026-02-28 09:00:00,-1.3e-05
2026-02-28 10:00:00,-1.3e-05
2026-02-28 11:00:00,-1.3e-05
2026-02-28 12:00:00,-4.555e-05
2026-02-28 13:00:00,-4.555e-05
2026-02-28 14:00:00,-4.555e-05
2026-02-28 15:00:00,-4.555e-05
2026-02-28 16:00:00,-4.555e-05
2026-02-28 17:00:00,-4.555e-05
2026-02-28 18:00:00,-4.555e-05
2026-02-28 19:00:00,-4.555e-05
2026-02-28 20:00:00,-2.304e-05
2026-02-28 21:00:00,-2.304e-05
2026-02-28 22:00:00,-2.304e-05
2026-02-28 23:00:00,-2.304e-05
2026-03-01 00:00:00,-2.304e-05
2026-03-01 01:00:00,-2.304e-05
2026-03-01 02:00:00,-2.304e-05
2026-03-01 03:00:00,-2.304e-05
2026-03-01 04:00:00,2.72e-05
2026-03-01 05:00:00,2.72e-05
2026-03-01 06:00:00,2.72e-05
2026-03-01 07:00:00,2.72e-05
2026-03-01 08:00:00,2.72e-05
2026-03-01 09:00:00,2.72e-05
2026-03-01 10:00:00,2.72e-05
2026-03-01 11:00:00,2.72e-05
2026-03-01 12:00:00,9.248e-05
2026-03-01 13:00:00,9.248e-05
2026-03-01 14:00:00,9.248e-05
2026-03-01 15:00:00,9.248e-05
2026-03-01 16:00:00,9.248e-05
2026-03-01 17:00:00,9.248e-05
2026-03-01 18:00:00,9.248e-05
2026-03-01 19:00:00,9.248e-05
2026-03-01 20:00:00,6.513e-05
2026-03-01 21:00:00,6.513e-05
2026-03-01 22:00:00,6.513e-05
2026-03-01 23:00:00,6.513e-05
2026-03-02 00:00:00,6.513e-05
2026-03-02 01:00:00,6.513e-05
2026-03-02 02:00:00,6.513e-05
2026-03-02 03:00:00,6.513e-05
2026-03-02 04:00:00,1.312e-05
2026-03-02 05:00:00,1.312e-05
2026-03-02 06:00:00,1.312e-05
2026-03-02 07:00:00,1.312e-05
2026-03-02 08:00:00,1.312e-05
2026-03-02 09:00:00,1.312e-05
2026-03-02 10:00:00,1.312e-05
2026-03-02 11:00:00,1.312e-05
2026-03-02 12:00:00,3.004e-05
2026-03-02 13:00:00,3.004e-05
2026-03-02 14:00:00,3.004e-05
2026-03-02 15:00:00,3.004e-05
2026-03-02 16:00:00,3.004e-05
2026-03-02 17:00:00,3.004e-05
2026-03-02 18:00:00,3.004e-05
2026-03-02 19:00:00,3.004e-05
2026-03-02 20:00:00,2.662e-05
2026-03-02 21:00:00,2.662e-05
2026-03-02 22:00:00,2.662e-05
2026-03-02 23:00:00,2.662e-05
2026-03-03 00:00:00,2.662e-05
2026-03-03 01:00:00,2.662e-05
2026-03-03 02:00:00,2.662e-05
2026-03-03 03:00:00,2.662e-05
2026-03-03 04:00:00,1.835e-05
2026-03-03 05:00:00,1.835e-05
2026-03-03 06:00:00,1.835e-05
2026-03-03 07:00:00,1.835e-05
2026-03-03 08:00:00,1.835e-05
2026-03-03 09:00:00,1.835e-05
2026-03-03 10:00:00,1.835e-05
2026-03-03 11:00:00,1.835e-05
2026-03-03 12:00:00,1.216e-05
2026-03-03 13:00:00,1.216e-05
2026-03-03 14:00:00,1.216e-05
2026-03-03 15:00:00,1.216e-05
2026-03-03 16:00:00,1.216e-05
2026-03-03 17:00:00,1.216e-05
2026-03-03 18:00:00,1.216e-05
2026-03-03 19:00:00,1.216e-05
2026-03-03 20:00:00,7.04e-06
2026-03-03 21:00:00,7.04e-06
2026-03-03 22:00:00,7.04e-06
2026-03-03 23:00:00,7.04e-06
2026-03-04 00:00:00,7.04e-06
2026-03-04 01:00:00,7.04e-06
2026-03-04 02:00:00,7.04e-06
2026-03-04 03:00:00,7.04e-06
2026-03-04 04:00:00,2.232e-05
2026-03-04 05:00:00,2.232e-05
2026-03-04 06:00:00,2.232e-05
2026-03-04 07:00:00,2.232e-05
2026-03-04 08:00:00,2.232e-05
2026-03-04 09:00:00,2.232e-05
2026-03-04 10:00:00,2.232e-05
2026-03-04 11:00:00,2.232e-05
2026-03-04 12:00:00,-5.33e-06
2026-03-04 13:00:00,-5.33e-06
2026-03-04 14:00:00,-5.33e-06
2026-03-04 15:00:00,-5.33e-06
2026-03-04 16:00:00,-5.33e-06
2026-03-04 17:00:00,-5.33e-06
2026-03-04 18:00:00,-5.33e-06
2026-03-04 19:00:00,-5.33e-06
2026-03-04 20:00:00,3.549e-05
2026-03-04 21:00:00,3.549e-05
2026-03-04 22:00:00,3.549e-05
2026-03-04 23:00:00,3.549e-05
2026-03-05 00:00:00,3.549e-05
2026-03-05 01:00:00,3.549e-05
2026-03-05 02:00:00,3.549e-05
2026-03-05 03:00:00,3.549e-05
2026-03-05 04:00:00,-5.395e-05
2026-03-05 05:00:00,-5.395e-05
2026-03-05 06:00:00,-5.395e-05
2026-03-05 07:00:00,-5.395e-05
2026-03-05 08:00:00,-5.395e-05
2026-03-05 09:00:00,-5.395e-05
2026-03-05 10:00:00,-5.395e-05
2026-03-05 11:00:00,-5.395e-05
2026-03-05 12:00:00,-4.077e-05
2026-03-05 13:00:00,-4.077e-05
2026-03-05 14:00:00,-4.077e-05
2026-03-05 15:00:00,-4.077e-05
2026-03-05 16:00:00,-4.077e-05
2026-03-05 17:00:00,-4.077e-05
2026-03-05 18:00:00,-4.077e-05
2026-03-05 19:00:00,-4.077e-05
2026-03-05 20:00:00,-4.675e-05
2026-03-05 21:00:00,-4.675e-05
2026-03-05 22:00:00,-4.675e-05
2026-03-05 23:00:00,-4.675e-05
2026-03-06 00:00:00,-4.675e-05
2026-03-06 01:00:00,-4.675e-05
2026-03-06 02:00:00,-4.675e-05
2026-03-06 03:00:00,-4.675e-05
2026-03-06 04:00:00,-6.5e-06
2026-03-06 05:00:00,-6.5e-06
2026-03-06 06:00:00,-6.5e-06
2026-03-06 07:00:00,-6.5e-06
2026-03-06 08:00:00,-6.5e-06
2026-03-06 09:00:00,-6.5e-06
2026-03-06 10:00:00,-6.5e-06
2026-03-06 11:00:00,-6.5e-06
2026-03-06 12:00:00,1.7e-06
2026-03-06 13:00:00,1.7e-06
2026-03-06 14:00:00,1.7e-06
2026-03-06 15:00:00,1.7e-06
2026-03-06 16:00:00,1.7e-06
2026-03-06 17:00:00,1.7e-06
2026-03-06 18:00:00,1.7e-06
2026-03-06 19:00:00,1.7e-06
2026-03-06 20:00:00,-3.68e-06
2026-03-06 21:00:00,-3.68e-06
2026-03-06 22:00:00,-3.68e-06
2026-03-06 23:00:00,-3.68e-06
2026-03-07 00:00:00,-3.68e-06
2026-03-07 01:00:00,-3.68e-06
2026-03-07 02:00:00,-3.68e-06
2026-03-07 03:00:00,-3.68e-06
2026-03-07 04:00:00,-5.886e-05
2026-03-07 05:00:00,-5.886e-05
2026-03-07 06:00:00,-5.886e-05
2026-03-07 07:00:00,-5.886e-05
2026-03-07 08:00:00,-5.886e-05
2026-03-07 09:00:00,-5.886e-05
2026-03-07 10:00:00,-5.886e-05
2026-03-07 11:00:00,-5.886e-05
2026-03-07 12:00:00,-2.954e-05
2026-03-07 13:00:00,-2.954e-05
2026-03-07 14:00:00,-2.954e-05
2026-03-07 15:00:00,-2.954e-05
2026-03-07 16:00:00,-2.954e-05
2026-03-07 17:00:00,-2.954e-05
2026-03-07 18:00:00,-2.954e-05
2026-03-07 19:00:00,-2.954e-05
2026-03-07 20:00:00,-1.84e-05
2026-03-07 21:00:00,-1.84e-05
2026-03-07 22:00:00,-1.84e-05
2026-03-07 23:00:00,-1.84e-05
2026-03-08 00:00:00,-1.84e-05
2026-03-08 01:00:00,-1.84e-05
2026-03-08 02:00:00,-1.84e-05
2026-03-08 03:00:00,-1.84e-05
2026-03-08 04:00:00,-3.754e-05
2026-03-08 05:00:00,-3.754e-05
2026-03-08 06:00:00,-3.754e-05
2026-03-08 07:00:00,-3.754e-05
2026-03-08 08:00:00,-3.754e-05
2026-03-08 09:00:00,-3.754e-05
2026-03-08 10:00:00,-3.754e-05
2026-03-08 11:00:00,-3.754e-05
2026-03-08 12:00:00,-4.305e-05
2026-03-08 13:00:00,-4.305e-05
2026-03-08 14:00:00,-4.305e-05
2026-03-08 15:00:00,-4.305e-05
2026-03-08 16:00:00,-4.305e-05
2026-03-08 17:00:00,-4.305e-05
2026-03-08 18:00:00,-4.305e-05
2026-03-08 19:00:00,-4.305e-05
2026-03-08 20:00:00,-3.147e-05
2026-03-08 21:00:00,-3.147e-05
2026-03-08 22:00:00,-3.147e-05
2026-03-08 23:00:00,-3.147e-05
2026-03-09 00:00:00,-3.147e-05
2026-03-09 01:00:00,-3.147e-05
2026-03-09 02:00:00,-3.147e-05
2026-03-09 03:00:00,-3.147e-05
2026-03-09 04:00:00,-3.904e-05
2026-03-09 05:00:00,-3.904e-05
2026-03-09 06:00:00,-3.904e-05
2026-03-09 07:00:00,-3.904e-05
2026-03-09 08:00:00,-3.904e-05
2026-03-09 09:00:00,-3.904e-05
2026-03-09 10:00:00,-3.904e-05
2026-03-09 11:00:00,-3.904e-05
2026-03-09 12:00:00,-2.969e-05
2026-03-09 13:00:00,-2.969e-05
2026-03-09 14:00:00,-2.969e-05
2026-03-09 15:00:00,-2.969e-05
2026-03-09 16:00:00,-2.969e-05
2026-03-09 17:00:00,-2.969e-05
2026-03-09 18:00:00,-2.969e-05
2026-03-09 19:00:00,-2.969e-05
2026-03-09 20:00:00,-4.027e-05
2026-03-09 21:00:00,-4.027e-05
2026-03-09 22:00:00,-4.027e-05
2026-03-09 23:00:00,-4.027e-05
2026-03-10 00:00:00,-4.027e-05
2026-03-10 01:00:00,-4.027e-05
2026-03-10 02:00:00,-4.027e-05
2026-03-10 03:00:00,-4.027e-05
2026-03-10 04:00:00,-6.036e-05
2026-03-10 05:00:00,-6.036e-05
2026-03-10 06:00:00,-6.036e-05
2026-03-10 07:00:00,-6.036e-05
2026-03-10 08:00:00,-6.036e-05
2026-03-10 09:00:00,-6.036e-05
2026-03-10 10:00:00,-6.036e-05
2026-03-10 11:00:00,-6.036e-05
2026-03-10 12:00:00,5.053e-05
2026-03-10 13:00:00,5.053e-05
2026-03-10 14:00:00,5.053e-05
2026-03-10 15:00:00,5.053e-05
2026-03-10 16:00:00,5.053e-05
2026-03-10 17:00:00,5.053e-05
2026-03-10 18:00:00,5.053e-05
2026-03-10 19:00:00,5.053e-05
2026-03-10 20:00:00,3.653e-05
2026-03-10 21:00:00,3.653e-05
2026-03-10 22:00:00,3.653e-05
2026-03-10 23:00:00,3.653e-05
2026-03-11 00:00:00,3.653e-05
2026-03-11 01:00:00,3.653e-05
2026-03-11 02:00:00,3.653e-05
2026-03-11 03:00:00,3.653e-05
2026-03-11 04:00:00,-0.00010651
2026-03-11 05:00:00,-0.00010651
2026-03-11 06:00:00,-0.00010651
2026-03-11 07:00:00,-0.00010651
2026-03-11 08:00:00,-0.00010651
2026-03-11 09:00:00,-0.00010651
2026-03-11 10:00:00,-0.00010651
2026-03-11 11:00:00,-0.00010651
2026-03-11 12:00:00,-4.524e-05
2026-03-11 13:00:00,-4.524e-05
2026-03-11 14:00:00,-4.524e-05
2026-03-11 15:00:00,-4.524e-05
2026-03-11 16:00:00,-4.524e-05
2026-03-11 17:00:00,-4.524e-05
2026-03-11 18:00:00,-4.524e-05
2026-03-11 19:00:00,-4.524e-05
2026-03-11 20:00:00,-3.643e-05
2026-03-11 21:00:00,-3.643e-05
2026-03-11 22:00:00,-3.643e-05
2026-03-11 23:00:00,-3.643e-05
2026-03-12 00:00:00,-3.643e-05
2026-03-12 01:00:00,-3.643e-05
2026-03-12 02:00:00,-3.643e-05
2026-03-12 03:00:00,-3.643e-05
2026-03-12 04:00:00,-6.084e-05
2026-03-12 05:00:00,-6.084e-05
2026-03-12 06:00:00,-6.084e-05
2026-03-12 07:00:00,-6.084e-05
2026-03-12 08:00:00,-6.084e-05
2026-03-12 09:00:00,-6.084e-05
2026-03-12 10:00:00,-6.084e-05
2026-03-12 11:00:00,-6.084e-05
2026-03-12 12:00:00,-5.94e-05
2026-03-12 13:00:00,-5.94e-05
2026-03-12 14:00:00,-5.94e-05
2026-03-12 15:00:00,-5.94e-05
2026-03-12 16:00:00,-5.94e-05
2026-03-12 17:00:00,-5.94e-05
2026-03-12 18:00:00,-5.94e-05
2026-03-12 19:00:00,-5.94e-05
2026-03-12 20:00:00,-3.673e-05
2026-03-12 21:00:00,-3.673e-05
2026-03-12 22:00:00,-3.673e-05
2026-03-12 23:00:00,-3.673e-05
2026-03-13 00:00:00,-3.673e-05
2026-03-13 01:00:00,-3.673e-05
2026-03-13 02:00:00,-3.673e-05
2026-03-13 03:00:00,-3.673e-05
2026-03-13 04:00:00,-4.285e-05
2026-03-13 05:00:00,-4.285e-05
2026-03-13 06:00:00,-4.285e-05
2026-03-13 07:00:00,-4.285e-05
2026-03-13 08:00:00,-4.285e-05
2026-03-13 09:00:00,-4.285e-05
2026-03-13 10:00:00,-4.285e-05
2026-03-13 11:00:00,-4.285e-05
2026-03-13 12:00:00,5.018e-05
2026-03-13 13:00:00,5.018e-05
2026-03-13 14:00:00,5.018e-05
2026-03-13 15:00:00,5.018e-05
2026-03-13 16:00:00,5.018e-05
2026-03-13 17:00:00,5.018e-05
2026-03-13 18:00:00,5.018e-05
2026-03-13 19:00:00,5.018e-05
2026-03-13 20:00:00,8.1e-07
2026-03-13 21:00:00,8.1e-07
2026-03-13 22:00:00,8.1e-07
2026-03-13 23:00:00,8.1e-07
2026-03-14 00:00:00,8.1e-07
2026-03-14 01:00:00,8.1e-07
2026-03-14 02:00:00,8.1e-07
2026-03-14 03:00:00,8.1e-07
2026-03-14 04:00:00,-6.159e-05
2026-03-14 05:00:00,-6.159e-05
2026-03-14 06:00:00,-6.159e-05
2026-03-14 07:00:00,-6.159e-05
2026-03-14 08:00:00,-6.159e-05
2026-03-14 09:00:00,-6.159e-05
2026-03-14 10:00:00,-6.159e-05
2026-03-14 11:00:00,-6.159e-05
2026-03-14 12:00:00,-3.443e-05
2026-03-14 13:00:00,-3.443e-05
2026-03-14 14:00:00,-3.443e-05
2026-03-14 15:00:00,-3.443e-05
2026-03-14 16:00:00,-3.443e-05
2026-03-14 17:00:00,-3.443e-05
2026-03-14 18:00:00,-3.443e-05
2026-03-14 19:00:00,-3.443e-05
2026-03-14 20:00:00,-8.727e-05
2026-03-14 21:00:00,-8.727e-05
2026-03-14 22:00:00,-8.727e-05
2026-03-14 23:00:00,-8.727e-05
2026-03-15 00:00:00,-8.727e-05
2026-03-15 01:00:00,-8.727e-05
2026-03-15 02:00:00,-8.727e-05
2026-03-15 03:00:00,-8.727e-05
2026-03-15 04:00:00,-5.834e-05
2026-03-15 05:00:00,-5.834e-05
2026-03-15 06:00:00,-5.834e-05
2026-03-15 07:00:00,-5.834e-05
2026-03-15 08:00:00,-5.834e-05
2026-03-15 09:00:00,-5.834e-05
2026-03-15 10:00:00,-5.834e-05
2026-03-15 11:00:00,-5.834e-05
2026-03-15 12:00:00,4.94e-06
2026-03-15 13:00:00,4.94e-06
2026-03-15 14:00:00,4.94e-06
2026-03-15 15:00:00,4.94e-06
2026-03-15 16:00:00,4.94e-06
2026-03-15 17:00:00,4.94e-06
2026-03-15 18:00:00,4.94e-06
2026-03-15 19:00:00,4.94e-06
2026-03-15 20:00:00,3.891e-05
2026-03-15 21:00:00,3.891e-05
2026-03-15 22:00:00,3.891e-05
2026-03-15 23:00:00,3.891e-05
2026-03-16 00:00:00,3.891e-05
2026-03-16 01:00:00,3.891e-05
2026-03-16 02:00:00,3.891e-05
2026-03-16 03:00:00,3.891e-05
2026-03-16 04:00:00,-1.303e-05
2026-03-16 05:00:00,-1.303e-05
2026-03-16 06:00:00,-1.303e-05
2026-03-16 07:00:00,-1.303e-05
2026-03-16 08:00:00,-1.303e-05
2026-03-16 09:00:00,-1.303e-05
2026-03-16 10:00:00,-1.303e-05
2026-03-16 11:00:00,-1.303e-05
2026-03-16 12:00:00,6.555e-05
2026-03-16 13:00:00,6.555e-05
2026-03-16 14:00:00,6.555e-05
2026-03-16 15:00:00,6.555e-05
2026-03-16 16:00:00,6.555e-05
2026-03-16 17:00:00,6.555e-05
2026-03-16 18:00:00,6.555e-05
2026-03-16 19:00:00,6.555e-05
2026-03-16 20:00:00,-9.1e-07
2026-03-16 21:00:00,-9.1e-07
2026-03-16 22:00:00,-9.1e-07
2026-03-16 23:00:00,-9.1e-07
2026-03-17 00:00:00,-9.1e-07
2026-03-17 01:00:00,-9.1e-07
2026-03-17 02:00:00,-9.1e-07
2026-03-17 03:00:00,-9.1e-07
2026-03-17 04:00:00,9.33e-05
2026-03-17 05:00:00,9.33e-05
2026-03-17 06:00:00,9.33e-05
2026-03-17 07:00:00,9.33e-05
2026-03-17 08:00:00,9.33e-05
2026-03-17 09:00:00,9.33e-05
2026-03-17 10:00:00,9.33e-05
2026-03-17 11:00:00,9.33e-05
2026-03-17 12:00:00,4.348e-05
2026-03-17 13:00:00,4.348e-05
2026-03-17 14:00:00,4.348e-05
2026-03-17 15:00:00,4.348e-05
2026-03-17 16:00:00,4.348e-05
2026-03-17 17:00:00,4.348e-05
2026-03-17 18:00:00,4.348e-05
2026-03-17 19:00:00,4.348e-05
2026-03-17 20:00:00,-3.818e-05
2026-03-17 21:00:00,-3.818e-05
2026-03-17 22:00:00,-3.818e-05
2026-03-17 23:00:00,-3.818e-05
2026-03-18 00:00:00,-3.818e-05
2026-03-18 01:00:00,-3.818e-05
2026-03-18 02:00:00,-3.818e-05
2026-03-18 03:00:00,-3.818e-05
2026-03-18 04:00:00,4.29e-06
2026-03-18 05:00:00,4.29e-06
2026-03-18 06:00:00,4.29e-06
2026-03-18 07:00:00,4.29e-06
2026-03-18 08:00:00,4.29e-06
2026-03-18 09:00:00,4.29e-06
2026-03-18 10:00:00,4.29e-06
2026-03-18 11:00:00,4.29e-06
2026-03-18 12:00:00,1.092e-05
2026-03-18 13:00:00,1.092e-05
2026-03-18 14:00:00,1.092e-05
2026-03-18 15:00:00,1.092e-05
2026-03-18 16:00:00,1.092e-05
2026-03-18 17:00:00,1.092e-05
2026-03-18 18:00:00,1.092e-05
2026-03-18 19:00:00,1.092e-05
2026-03-18 20:00:00,-3.817e-05
2026-03-18 21:00:00,-3.817e-05
2026-03-18 22:00:00,-3.817e-05
2026-03-18 23:00:00,-3.817e-05
2026-03-19 00:00:00,-3.817e-05
2026-03-19 01:00:00,-3.817e-05
2026-03-19 02:00:00,-3.817e-05
2026-03-19 03:00:00,-3.817e-05
2026-03-19 04:00:00,1.783e-05
2026-03-19 05:00:00,1.783e-05
2026-03-19 06:00:00,1.783e-05
2026-03-19 07:00:00,1.783e-05
2026-03-19 08:00:00,1.783e-05
2026-03-19 09:00:00,1.783e-05
2026-03-19 10:00:00,1.783e-05
2026-03-19 11:00:00,1.783e-05
2026-03-19 12:00:00,1.935e-05
2026-03-19 13:00:00,1.935e-05
2026-03-19 14:00:00,1.935e-05
2026-03-19 15:00:00,1.935e-05
2026-03-19 16:00:00,1.935e-05
2026-03-19 17:00:00,1.935e-05
2026-03-19 18:00:00,1.935e-05
2026-03-19 19:00:00,1.935e-05
2026-03-19 20:00:00,2.36e-06
2026-03-19 21:00:00,2.36e-06
2026-03-19 22:00:00,2.36e-06
2026-03-19 23:00:00,2.36e-06
2026-03-20 00:00:00,2.36e-06
2026-03-20 01:00:00,2.36e-06
2026-03-20 02:00:00,2.36e-06
2026-03-20 03:00:00,2.36e-06
2026-03-20 04:00:00,5.293e-05
2026-03-20 05:00:00,5.293e-05
2026-03-20 06:00:00,5.293e-05
2026-03-20 07:00:00,5.293e-05
2026-03-20 08:00:00,5.293e-05
2026-03-20 09:00:00,5.293e-05
2026-03-20 10:00:00,5.293e-05
2026-03-20 11:00:00,5.293e-05
2026-03-20 12:00:00,4.069e-05
2026-03-20 13:00:00,4.069e-05
2026-03-20 14:00:00,4.069e-05
2026-03-20 15:00:00,4.069e-05
2026-03-20 16:00:00,4.069e-05
2026-03-20 17:00:00,4.069e-05
2026-03-20 18:00:00,4.069e-05
2026-03-20 19:00:00,4.069e-05
2026-03-20 20:00:00,1.439e-05
2026-03-20 21:00:00,1.439e-05
2026-03-20 22:00:00,1.439e-05
2026-03-20 23:00:00,1.439e-05
2026-03-21 00:00:00,1.439e-05
2026-03-21 01:00:00,1.439e-05
2026-03-21 02:00:00,1.439e-05
2026-03-21 03:00:00,1.439e-05
2026-03-21 04:00:00,5.021e-05
2026-03-21 05:00:00,5.021e-05
2026-03-21 06:00:00,5.021e-05
2026-03-21 07:00:00,5.021e-05
2026-03-21 08:00:00,5.021e-05
2026-03-21 09:00:00,5.021e-05
2026-03-21 10:00:00,5.021e-05
2026-03-21 11:00:00,5.021e-05
2026-03-21 12:00:00,3.867e-05
2026-03-21 13:00:00,3.867e-05
2026-03-21 14:00:00,3.867e-05
2026-03-21 15:00:00,3.867e-05
2026-03-21 16:00:00,3.867e-05
2026-03-21 17:00:00,3.867e-05
2026-03-21 18:00:00,3.867e-05
2026-03-21 19:00:00,3.867e-05
2026-03-21 20:00:00,-2.305e-05
2026-03-21 21:00:00,-2.305e-05
2026-03-21 22:00:00,-2.305e-05
2026-03-21 23:00:00,-2.305e-05
2026-03-22 00:00:00,-2.305e-05
2026-03-22 01:00:00,-2.305e-05
2026-03-22 02:00:00,-2.305e-05
2026-03-22 03:00:00,-2.305e-05
2026-03-22 04:00:00,-9.613e-05
2026-03-22 05:00:00,-9.613e-05
2026-03-22 06:00:00,-9.613e-05
2026-03-22 07:00:00,-9.613e-05
2026-03-22 08:00:00,-9.613e-05
2026-03-22 09:00:00,-9.613e-05
2026-03-22 10:00:00,-9.613e-05
2026-03-22 11:00:00,-9.613e-05
2026-03-22 12:00:00,-6.035e-05
2026-03-22 13:00:00,-6.035e-05
2026-03-22 14:00:00,-6.035e-05
2026-03-22 15:00:00,-6.035e-05
2026-03-22 16:00:00,-6.035e-05
2026-03-22 17:00:00,-6.035e-05
2026-03-22 18:00:00,-6.035e-05
2026-03-22 19:00:00,-6.035e-05
2026-03-22 20:00:00,-1.448e-05
2026-03-22 21:00:00,-1.448e-05
2026-03-22 22:00:00,-1.448e-05
2026-03-22 23:00:00,-1.448e-05
2026-03-23 00:00:00,-1.448e-05
2026-03-23 01:00:00,-1.448e-05
2026-03-23 02:00:00,-1.448e-05
2026-03-23 03:00:00,-1.448e-05
2026-03-23 04:00:00,-3.128e-05
2026-03-23 05:00:00,-3.128e-05
2026-03-23 06:00:00,-3.128e-05
2026-03-23 07:00:00,-3.128e-05
2026-03-23 08:00:00,-3.128e-05
2026-03-23 09:00:00,-3.128e-05
2026-03-23 10:00:00,-3.128e-05
2026-03-23 11:00:00,-3.128e-05
2026-03-23 12:00:00,9.98e-06
2026-03-23 13:00:00,9.98e-06
2026-03-23 14:00:00,9.98e-06
2026-03-23 15:00:00,9.98e-06
2026-03-23 16:00:00,9.98e-06
2026-03-23 17:00:00,9.98e-06
2026-03-23 18:00:00,9.98e-06
2026-03-23 19:00:00,9.98e-06
2026-03-23 20:00:00,5.61e-05
2026-03-23 21:00:00,5.61e-05
2026-03-23 22:00:00,5.61e-05
2026-03-23 23:00:00,5.61e-05
2026-03-24 00:00:00,5.61e-05
2026-03-24 01:00:00,5.61e-05
2026-03-24 02:00:00,5.61e-05
2026-03-24 03:00:00,5.61e-05
2026-03-24 04:00:00,3.782e-05
2026-03-24 05:00:00,3.782e-05
2026-03-24 06:00:00,3.782e-05
2026-03-24 07:00:00,3.782e-05
2026-03-24 08:00:00,3.782e-05
2026-03-24 09:00:00,3.782e-05
2026-03-24 10:00:00,3.782e-05
2026-03-24 11:00:00,3.782e-05
2026-03-24 12:00:00,1.995e-05
2026-03-24 13:00:00,1.995e-05
2026-03-24 14:00:00,1.995e-05
2026-03-24 15:00:00,1.995e-05
2026-03-24 16:00:00,1.995e-05
2026-03-24 17:00:00,1.995e-05
2026-03-24 18:00:00,1.995e-05
2026-03-24 19:00:00,1.995e-05
2026-03-24 20:00:00,5.202e-05
2026-03-24 21:00:00,5.202e-05
2026-03-24 22:00:00,5.202e-05
2026-03-24 23:00:00,5.202e-05
2026-03-25 00:00:00,5.202e-05
2026-03-25 01:00:00,5.202e-05
2026-03-25 02:00:00,5.202e-05
2026-03-25 03:00:00,5.202e-05
2026-03-25 04:00:00,5.529e-05
2026-03-25 05:00:00,5.529e-05
2026-03-25 06:00:00,5.529e-05
2026-03-25 07:00:00,5.529e-05
2026-03-25 08:00:00,5.529e-05
2026-03-25 09:00:00,5.529e-05
2026-03-25 10:00:00,5.529e-05
2026-03-25 11:00:00,5.529e-05
2026-03-25 12:00:00,0.0001
2026-03-25 13:00:00,0.0001
2026-03-25 14:00:00,0.0001
2026-03-25 15:00:00,0.0001
2026-03-25 16:00:00,0.0001
2026-03-25 17:00:00,0.0001
2026-03-25 18:00:00,0.0001
2026-03-25 19:00:00,0.0001
2026-03-25 20:00:00,-5.1e-07
2026-03-25 21:00:00,-5.1e-07
2026-03-25 22:00:00,-5.1e-07
2026-03-25 23:00:00,-5.1e-07
2026-03-26 00:00:00,-5.1e-07
2026-03-26 01:00:00,-5.1e-07
2026-03-26 02:00:00,-5.1e-07
2026-03-26 03:00:00,-5.1e-07
2026-03-26 04:00:00,8.72e-06
2026-03-26 05:00:00,8.72e-06
2026-03-26 06:00:00,8.72e-06
2026-03-26 07:00:00,8.72e-06
2026-03-26 08:00:00,8.72e-06
2026-03-26 09:00:00,8.72e-06
2026-03-26 10:00:00,8.72e-06
2026-03-26 11:00:00,8.72e-06
2026-03-26 12:00:00,-6.81e-06
2026-03-26 13:00:00,-6.81e-06
2026-03-26 14:00:00,-6.81e-06
2026-03-26 15:00:00,-6.81e-06
2026-03-26 16:00:00,-6.81e-06
2026-03-26 17:00:00,-6.81e-06
2026-03-26 18:00:00,-6.81e-06
2026-03-26 19:00:00,-6.81e-06
2026-03-26 20:00:00,7.21e-06
2026-03-26 21:00:00,7.21e-06
2026-03-26 22:00:00,7.21e-06
2026-03-26 23:00:00,7.21e-06
2026-03-27 00:00:00,7.21e-06
2026-03-27 01:00:00,7.21e-06
2026-03-27 02:00:00,7.21e-06
2026-03-27 03:00:00,7.21e-06
2026-03-27 04:00:00,6.279e-05
2026-03-27 05:00:00,6.279e-05
2026-03-27 06:00:00,6.279e-05
2026-03-27 07:00:00,6.279e-05
2026-03-27 08:00:00,6.279e-05
2026-03-27 09:00:00,6.279e-05
2026-03-27 10:00:00,6.279e-05
2026-03-27 11:00:00,6.279e-05
2026-03-27 12:00:00,1.085e-05
2026-03-27 13:00:00,1.085e-05
2026-03-27 14:00:00,1.085e-05
2026-03-27 15:00:00,1.085e-05
2026-03-27 16:00:00,1.085e-05
2026-03-27 17:00:00,1.085e-05
2026-03-27 18:00:00,1.085e-05
2026-03-27 19:00:00,1.085e-05
2026-03-27 20:00:00,-4.22e-05
2026-03-27 21:00:00,-4.22e-05
2026-03-27 22:00:00,-4.22e-05
2026-03-27 23:00:00,-4.22e-05
2026-03-28 00:00:00,-4.22e-05
2026-03-28 01:00:00,-4.22e-05
2026-03-28 02:00:00,-4.22e-05
2026-03-28 03:00:00,-4.22e-05
2026-03-28 04:00:00,6.645e-05
2026-03-28 05:00:00,6.645e-05
2026-03-28 06:00:00,6.645e-05
2026-03-28 07:00:00,6.645e-05
2026-03-28 08:00:00,6.645e-05
2026-03-28 09:00:00,6.645e-05
2026-03-28 10:00:00,6.645e-05
2026-03-28 11:00:00,6.645e-05
2026-03-28 12:00:00,-1.938e-05
2026-03-28 13:00:00,-1.938e-05
2026-03-28 14:00:00,-1.938e-05
2026-03-28 15:00:00,-1.938e-05
2026-03-28 16:00:00,-1.938e-05
2026-03-28 17:00:00,-1.938e-05
2026-03-28 18:00:00,-1.938e-05
2026-03-28 19:00:00,-1.938e-05
2026-03-28 20:00:00,-3.452e-05
2026-03-28 21:00:00,-3.452e-05
2026-03-28 22:00:00,-3.452e-05
2026-03-28 23:00:00,-3.452e-05
2026-03-29 00:00:00,-3.452e-05
2026-03-29 01:00:00,-3.452e-05
2026-03-29 02:00:00,-3.452e-05
2026-03-29 03:00:00,-3.452e-05
2026-03-29 04:00:00,-1.612e-05
2026-03-29 05:00:00,-1.612e-05
2026-03-29 06:00:00,-1.612e-05
2026-03-29 07:00:00,-1.612e-05
2026-03-29 08:00:00,-1.612e-05
2026-03-29 09:00:00,-1.612e-05
2026-03-29 10:00:00,-1.612e-05
2026-03-29 11:00:00,-1.612e-05
2026-03-29 12:00:00,-2.567e-05
2026-03-29 13:00:00,-2.567e-05
2026-03-29 14:00:00,-2.567e-05
2026-03-29 15:00:00,-2.567e-05
2026-03-29 16:00:00,-2.567e-05
2026-03-29 17:00:00,-2.567e-05
2026-03-29 18:00:00,-2.567e-05
2026-03-29 19:00:00,-2.567e-05
2026-03-29 20:00:00,1.795e-05
2026-03-29 21:00:00,1.795e-05
2026-03-29 22:00:00,1.795e-05
2026-03-29 23:00:00,1.795e-05
2026-03-30 00:00:00,1.795e-05
2026-03-30 01:00:00,1.795e-05
2026-03-30 02:00:00,1.795e-05
2026-03-30 03:00:00,1.795e-05
2026-03-30 04:00:00,1.496e-05
2026-03-30 05:00:00,1.496e-05
2026-03-30 06:00:00,1.496e-05
2026-03-30 07:00:00,1.496e-05
2026-03-30 08:00:00,1.496e-05
2026-03-30 09:00:00,1.496e-05
2026-03-30 10:00:00,1.496e-05
2026-03-30 11:00:00,1.496e-05
2026-03-30 12:00:00,-8.47e-06
2026-03-30 13:00:00,-8.47e-06
2026-03-30 14:00:00,-8.47e-06
2026-03-30 15:00:00,-8.47e-06
2026-03-30 16:00:00,-8.47e-06
2026-03-30 17:00:00,-8.47e-06
2026-03-30 18:00:00,-8.47e-06
2026-03-30 19:00:00,-8.47e-06
2026-03-30 20:00:00,-6.93e-06
2026-03-30 21:00:00,-6.93e-06
2026-03-30 22:00:00,-6.93e-06
2026-03-30 23:00:00,-6.93e-06
2026-03-31 00:00:00,-6.93e-06
2026-03-31 01:00:00,-6.93e-06
2026-03-31 02:00:00,-6.93e-06
2026-03-31 03:00:00,-6.93e-06
2026-03-31 04:00:00,-4.15e-05
2026-03-31 05:00:00,-4.15e-05
2026-03-31 06:00:00,-4.15e-05
2026-03-31 07:00:00,-4.15e-05
2026-03-31 08:00:00,-4.15e-05
2026-03-31 09:00:00,-4.15e-05
2026-03-31 10:00:00,-4.15e-05
2026-03-31 11:00:00,-4.15e-05
2026-03-31 12:00:00,3.004e-05
2026-03-31 13:00:00,3.004e-05
2026-03-31 14:00:00,3.004e-05
2026-03-31 15:00:00,3.004e-05
2026-03-31 16:00:00,3.004e-05
2026-03-31 17:00:00,3.004e-05
2026-03-31 18:00:00,3.004e-05
2026-03-31 19:00:00,3.004e-05
2026-03-31 20:00:00,2.679e-05
2026-03-31 21:00:00,2.679e-05
2026-03-31 22:00:00,2.679e-05
2026-03-31 23:00:00,2.679e-05
2026-04-01 00:00:00,2.679e-05
2026-04-01 01:00:00,2.679e-05
2026-04-01 02:00:00,2.679e-05
2026-04-01 03:00:00,2.679e-05
2026-04-01 04:00:00,1.245e-05
2026-04-01 05:00:00,1.245e-05
2026-04-01 06:00:00,1.245e-05
2026-04-01 07:00:00,1.245e-05
2026-04-01 08:00:00,1.245e-05
2026-04-01 09:00:00,1.245e-05
2026-04-01 10:00:00,1.245e-05
2026-04-01 11:00:00,1.245e-05
2026-04-01 12:00:00,8.087e-05
2026-04-01 13:00:00,8.087e-05
2026-04-01 14:00:00,8.087e-05
2026-04-01 15:00:00,8.087e-05
2026-04-01 16:00:00,8.087e-05
2026-04-01 17:00:00,8.087e-05
2026-04-01 18:00:00,8.087e-05
2026-04-01 19:00:00,8.087e-05
2026-04-01 20:00:00,2.341e-05
2026-04-01 21:00:00,2.341e-05
2026-04-01 22:00:00,2.341e-05
2026-04-01 23:00:00,2.341e-05
2026-04-02 00:00:00,2.341e-05
2026-04-02 01:00:00,2.341e-05
2026-04-02 02:00:00,2.341e-05
2026-04-02 03:00:00,2.341e-05
2026-04-02 04:00:00,-5.38e-06
2026-04-02 05:00:00,-5.38e-06
2026-04-02 06:00:00,-5.38e-06
2026-04-02 07:00:00,-5.38e-06
2026-04-02 08:00:00,-5.38e-06
2026-04-02 09:00:00,-5.38e-06
2026-04-02 10:00:00,-5.38e-06
2026-04-02 11:00:00,-5.38e-06
2026-04-02 12:00:00,-5.339e-05
2026-04-02 13:00:00,-5.339e-05
2026-04-02 14:00:00,-5.339e-05
2026-04-02 15:00:00,-5.339e-05
2026-04-02 16:00:00,-5.339e-05
2026-04-02 17:00:00,-5.339e-05
2026-04-02 18:00:00,-5.339e-05
2026-04-02 19:00:00,-5.339e-05
2026-04-02 20:00:00,-5.711e-05
2026-04-02 21:00:00,-5.711e-05
2026-04-02 22:00:00,-5.711e-05
2026-04-02 23:00:00,-5.711e-05
2026-04-03 00:00:00,-5.711e-05
2026-04-03 01:00:00,-5.711e-05
2026-04-03 02:00:00,-5.711e-05
2026-04-03 03:00:00,-5.711e-05
2026-04-03 04:00:00,2.082e-05
2026-04-03 05:00:00,2.082e-05
2026-04-03 06:00:00,2.082e-05
2026-04-03 07:00:00,2.082e-05
2026-04-03 08:00:00,2.082e-05
2026-04-03 09:00:00,2.082e-05
2026-04-03 10:00:00,2.082e-05
2026-04-03 11:00:00,2.082e-05
2026-04-03 12:00:00,-2.173e-05
2026-04-03 13:00:00,-2.173e-05
2026-04-03 14:00:00,-2.173e-05
2026-04-03 15:00:00,-2.173e-05
2026-04-03 16:00:00,-2.173e-05
2026-04-03 17:00:00,-2.173e-05
2026-04-03 18:00:00,-2.173e-05
2026-04-03 19:00:00,-2.173e-05
2026-04-03 20:00:00,1.606e-05
2026-04-03 21:00:00,1.606e-05
2026-04-03 22:00:00,1.606e-05
2026-04-03 23:00:00,1.606e-05
2026-04-04 00:00:00,1.606e-05
2026-04-04 01:00:00,1.606e-05
2026-04-04 02:00:00,1.606e-05
2026-04-04 03:00:00,1.606e-05
2026-04-04 04:00:00,4.64e-05
2026-04-04 05:00:00,4.64e-05
2026-04-04 06:00:00,4.64e-05
2026-04-04 07:00:00,4.64e-05
2026-04-04 08:00:00,4.64e-05
2026-04-04 09:00:00,4.64e-05
2026-04-04 10:00:00,4.64e-05
2026-04-04 11:00:00,4.64e-05
2026-04-04 12:00:00,3.085e-05
2026-04-04 13:00:00,3.085e-05
2026-04-04 14:00:00,3.085e-05
2026-04-04 15:00:00,3.085e-05
2026-04-04 16:00:00,3.085e-05
2026-04-04 17:00:00,3.085e-05
2026-04-04 18:00:00,3.085e-05
2026-04-04 19:00:00,3.085e-05
2026-04-04 20:00:00,1.429e-05
2026-04-04 21:00:00,1.429e-05
2026-04-04 22:00:00,1.429e-05
2026-04-04 23:00:00,1.429e-05
2026-04-05 00:00:00,1.429e-05
2026-04-05 01:00:00,1.429e-05
2026-04-05 02:00:00,1.429e-05
2026-04-05 03:00:00,1.429e-05
2026-04-05 04:00:00,2.88e-06
2026-04-05 05:00:00,2.88e-06
2026-04-05 06:00:00,2.88e-06
2026-04-05 07:00:00,2.88e-06
2026-04-05 08:00:00,2.88e-06
2026-04-05 09:00:00,2.88e-06
2026-04-05 10:00:00,2.88e-06
2026-04-05 11:00:00,2.88e-06
2026-04-05 12:00:00,-3.078e-05
2026-04-05 13:00:00,-3.078e-05
2026-04-05 14:00:00,-3.078e-05
2026-04-05 15:00:00,-3.078e-05
2026-04-05 16:00:00,-3.078e-05
2026-04-05 17:00:00,-3.078e-05
2026-04-05 18:00:00,-3.078e-05
2026-04-05 19:00:00,-3.078e-05
2026-04-05 20:00:00,1.708e-05
2026-04-05 21:00:00,1.708e-05
2026-04-05 22:00:00,1.708e-05
2026-04-05 23:00:00,1.708e-05
2026-04-06 00:00:00,1.708e-05
2026-04-06 01:00:00,1.708e-05
2026-04-06 02:00:00,1.708e-05
2026-04-06 03:00:00,1.708e-05
2026-04-06 04:00:00,4.917e-05
2026-04-06 05:00:00,4.917e-05
2026-04-06 06:00:00,4.917e-05
2026-04-06 07:00:00,4.917e-05
2026-04-06 08:00:00,4.917e-05
2026-04-06 09:00:00,4.917e-05
2026-04-06 10:00:00,4.917e-05
2026-04-06 11:00:00,4.917e-05
2026-04-06 12:00:00,6.702e-05
2026-04-06 13:00:00,6.702e-05
2026-04-06 14:00:00,6.702e-05
2026-04-06 15:00:00,6.702e-05
2026-04-06 16:00:00,6.702e-05
2026-04-06 17:00:00,6.702e-05
2026-04-06 18:00:00,6.702e-05
2026-04-06 19:00:00,6.702e-05
2026-04-06 20:00:00,-1.085e-05
2026-04-06 21:00:00,-1.085e-05
2026-04-06 22:00:00,-1.085e-05
2026-04-06 23:00:00,-1.085e-05
2026-04-07 00:00:00,-1.085e-05
2026-04-07 01:00:00,-1.085e-05
2026-04-07 02:00:00,-1.085e-05
2026-04-07 03:00:00,-1.085e-05
2026-04-07 04:00:00,-6.556e-05
2026-04-07 05:00:00,-6.556e-05
2026-04-07 06:00:00,-6.556e-05
2026-04-07 07:00:00,-6.556e-05
2026-04-07 08:00:00,-6.556e-05
2026-04-07 09:00:00,-6.556e-05
2026-04-07 10:00:00,-6.556e-05
2026-04-07 11:00:00,-6.556e-05
2026-04-07 12:00:00,-2.482e-05
2026-04-07 13:00:00,-2.482e-05
2026-04-07 14:00:00,-2.482e-05
2026-04-07 15:00:00,-2.482e-05
2026-04-07 16:00:00,-2.482e-05
2026-04-07 17:00:00,-2.482e-05
2026-04-07 18:00:00,-2.482e-05
2026-04-07 19:00:00,-2.482e-05
2026-04-07 20:00:00,3.37e-06
2026-04-07 21:00:00,3.37e-06
2026-04-07 22:00:00,3.37e-06
2026-04-07 23:00:00,3.37e-06
2026-04-08 00:00:00,3.37e-06
2026-04-08 01:00:00,3.37e-06
2026-04-08 02:00:00,3.37e-06
2026-04-08 03:00:00,3.37e-06
2026-04-08 04:00:00,8.173e-05
2026-04-08 05:00:00,8.173e-05
2026-04-08 06:00:00,8.173e-05
2026-04-08 07:00:00,8.173e-05
2026-04-08 08:00:00,8.173e-05
2026-04-08 09:00:00,8.173e-05
2026-04-08 10:00:00,8.173e-05
2026-04-08 11:00:00,8.173e-05
2026-04-08 12:00:00,7.604e-05
2026-04-08 13:00:00,7.604e-05
2026-04-08 14:00:00,7.604e-05
2026-04-08 15:00:00,7.604e-05
2026-04-08 16:00:00,7.604e-05
2026-04-08 17:00:00,7.604e-05
2026-04-08 18:00:00,7.604e-05
2026-04-08 19:00:00,7.604e-05
2026-04-08 20:00:00,3.729e-05
2026-04-08 21:00:00,3.729e-05
2026-04-08 22:00:00,3.729e-05
2026-04-08 23:00:00,3.729e-05
2026-04-09 00:00:00,3.729e-05
2026-04-09 01:00:00,3.729e-05
2026-04-09 02:00:00,3.729e-05
2026-04-09 03:00:00,3.729e-05
2026-04-09 04:00:00,1.289e-05
2026-04-09 05:00:00,1.289e-05
2026-04-09 06:00:00,1.289e-05
2026-04-09 07:00:00,1.289e-05
2026-04-09 08:00:00,1.289e-05
2026-04-09 09:00:00,1.289e-05
2026-04-09 10:00:00,1.289e-05
2026-04-09 11:00:00,1.289e-05
2026-04-09 12:00:00,2.268e-05
2026-04-09 13:00:00,2.268e-05
2026-04-09 14:00:00,2.268e-05
2026-04-09 15:00:00,2.268e-05
2026-04-09 16:00:00,2.268e-05
2026-04-09 17:00:00,2.268e-05
2026-04-09 18:00:00,2.268e-05
2026-04-09 19:00:00,2.268e-05
2026-04-09 20:00:00,6.094e-05
2026-04-09 21:00:00,6.094e-05
2026-04-09 22:00:00,6.094e-05
2026-04-09 23:00:00,6.094e-05
2026-04-10 00:00:00,6.094e-05
2026-04-10 01:00:00,6.094e-05
2026-04-10 02:00:00,6.094e-05
2026-04-10 03:00:00,6.094e-05
2026-04-10 04:00:00,8.631e-05
2026-04-10 05:00:00,8.631e-05
2026-04-10 06:00:00,8.631e-05
2026-04-10 07:00:00,8.631e-05
2026-04-10 08:00:00,8.631e-05
2026-04-10 09:00:00,8.631e-05
2026-04-10 10:00:00,8.631e-05
2026-04-10 11:00:00,8.631e-05
2026-04-10 12:00:00,0.0001
2026-04-10 13:00:00,0.0001
2026-04-10 14:00:00,0.0001
2026-04-10 15:00:00,0.0001
2026-04-10 16:00:00,0.0001
2026-04-10 17:00:00,0.0001
2026-04-10 18:00:00,0.0001
2026-04-10 19:00:00,0.0001
2026-04-10 20:00:00,5.532e-05
2026-04-10 21:00:00,5.532e-05
2026-04-10 22:00:00,5.532e-05
2026-04-10 23:00:00,5.532e-05
2026-04-11 00:00:00,5.532e-05
2026-04-11 01:00:00,5.532e-05
2026-04-11 02:00:00,5.532e-05
2026-04-11 03:00:00,5.532e-05
2026-04-11 04:00:00,-1.994e-05
2026-04-11 05:00:00,-1.994e-05
2026-04-11 06:00:00,-1.994e-05
2026-04-11 07:00:00,-1.994e-05
2026-04-11 08:00:00,-1.994e-05
2026-04-11 09:00:00,-1.994e-05
2026-04-11 10:00:00,-1.994e-05
2026-04-11 11:00:00,-1.994e-05
2026-04-11 12:00:00,-3.168e-05
2026-04-11 13:00:00,-3.168e-05
2026-04-11 14:00:00,-3.168e-05
2026-04-11 15:00:00,-3.168e-05
2026-04-11 16:00:00,-3.168e-05
2026-04-11 17:00:00,-3.168e-05
2026-04-11 18:00:00,-3.168e-05
2026-04-11 19:00:00,-3.168e-05
2026-04-11 20:00:00,3.19e-06
2026-04-11 21:00:00,3.19e-06
2026-04-11 22:00:00,3.19e-06
2026-04-11 23:00:00,3.19e-06
2026-04-12 00:00:00,3.19e-06
2026-04-12 01:00:00,3.19e-06
2026-04-12 02:00:00,3.19e-06
2026-04-12 03:00:00,3.19e-06
2026-04-12 04:00:00,3.126e-05
2026-04-12 05:00:00,3.126e-05
2026-04-12 06:00:00,3.126e-05
2026-04-12 07:00:00,3.126e-05
2026-04-12 08:00:00,3.126e-05
2026-04-12 09:00:00,3.126e-05
2026-04-12 10:00:00,3.126e-05
2026-04-12 11:00:00,3.126e-05
2026-04-12 12:00:00,-1.32e-05
2026-04-12 13:00:00,-1.32e-05
2026-04-12 14:00:00,-1.32e-05
2026-04-12 15:00:00,-1.32e-05
2026-04-12 16:00:00,-1.32e-05
2026-04-12 17:00:00,-1.32e-05
2026-04-12 18:00:00,-1.32e-05
2026-04-12 19:00:00,-1.32e-05
2026-04-12 20:00:00,1.26e-06
2026-04-12 21:00:00,1.26e-06
2026-04-12 22:00:00,1.26e-06
2026-04-12 23:00:00,1.26e-06
2026-04-13 00:00:00,1.26e-06
2026-04-13 01:00:00,1.26e-06
2026-04-13 02:00:00,1.26e-06
2026-04-13 03:00:00,1.26e-06
2026-04-13 04:00:00,-3.174e-05
2026-04-13 05:00:00,-3.174e-05
2026-04-13 06:00:00,-3.174e-05
2026-04-13 07:00:00,-3.174e-05
2026-04-13 08:00:00,-3.174e-05
2026-04-13 09:00:00,-3.174e-05
2026-04-13 10:00:00,-3.174e-05
2026-04-13 11:00:00,-3.174e-05
2026-04-13 12:00:00,2.357e-05
2026-04-13 13:00:00,2.357e-05
2026-04-13 14:00:00,2.357e-05
2026-04-13 15:00:00,2.357e-05
2026-04-13 16:00:00,2.357e-05
2026-04-13 17:00:00,2.357e-05
2026-04-13 18:00:00,2.357e-05
2026-04-13 19:00:00,2.357e-05
2026-04-13 20:00:00,-5.728e-05
2026-04-13 21:00:00,-5.728e-05
2026-04-13 22:00:00,-5.728e-05
2026-04-13 23:00:00,-5.728e-05
2026-04-14 00:00:00,-5.728e-05
2026-04-14 01:00:00,-5.728e-05
2026-04-14 02:00:00,-5.728e-05
2026-04-14 03:00:00,-5.728e-05
2026-04-14 04:00:00,-2.325e-05
2026-04-14 05:00:00,-2.325e-05
2026-04-14 06:00:00,-2.325e-05
2026-04-14 07:00:00,-2.325e-05
2026-04-14 08:00:00,-2.325e-05
2026-04-14 09:00:00,-2.325e-05
2026-04-14 10:00:00,-2.325e-05
2026-04-14 11:00:00,-2.325e-05
2026-04-14 12:00:00,7.874e-05
2026-04-14 13:00:00,7.874e-05
2026-04-14 14:00:00,7.874e-05
2026-04-14 15:00:00,7.874e-05
2026-04-14 16:00:00,7.874e-05
2026-04-14 17:00:00,7.874e-05
2026-04-14 18:00:00,7.874e-05
2026-04-14 19:00:00,7.874e-05
2026-04-14 20:00:00,-5.4e-07
2026-04-14 21:00:00,-5.4e-07
2026-04-14 22:00:00,-5.4e-07
2026-04-14 23:00:00,-5.4e-07
2026-04-15 00:00:00,-5.4e-07
2026-04-15 01:00:00,-5.4e-07
2026-04-15 02:00:00,-5.4e-07
2026-04-15 03:00:00,-5.4e-07
2026-04-15 04:00:00,-0.00016192
2026-04-15 05:00:00,-0.00016192
2026-04-15 06:00:00,-0.00016192
2026-04-15 07:00:00,-0.00016192
2026-04-15 08:00:00,-0.00016192
2026-04-15 09:00:00,-0.00016192
2026-04-15 10:00:00,-0.00016192
2026-04-15 11:00:00,-0.00016192
2026-04-15 12:00:00,-7.656e-05
2026-04-15 13:00:00,-7.656e-05
2026-04-15 14:00:00,-7.656e-05
2026-04-15 15:00:00,-7.656e-05
2026-04-15 16:00:00,-7.656e-05
2026-04-15 17:00:00,-7.656e-05
2026-04-15 18:00:00,-7.656e-05
2026-04-15 19:00:00,-7.656e-05
2026-04-15 20:00:00,-7.156e-05
2026-04-15 21:00:00,-7.156e-05
2026-04-15 22:00:00,-7.156e-05
2026-04-15 23:00:00,-7.156e-05
2026-04-16 00:00:00,-7.156e-05
2026-04-16 01:00:00,-7.156e-05
2026-04-16 02:00:00,-7.156e-05
2026-04-16 03:00:00,-7.156e-05
2026-04-16 04:00:00,-1.653e-05
2026-04-16 05:00:00,-1.653e-05
2026-04-16 06:00:00,-1.653e-05
2026-04-16 07:00:00,-1.653e-05
2026-04-16 08:00:00,-1.653e-05
2026-04-16 09:00:00,-1.653e-05
2026-04-16 10:00:00,-1.653e-05
2026-04-16 11:00:00,-1.653e-05
2026-04-16 12:00:00,-3.46e-05
2026-04-16 13:00:00,-3.46e-05
2026-04-16 14:00:00,-3.46e-05
2026-04-16 15:00:00,-3.46e-05
2026-04-16 16:00:00,-3.46e-05
2026-04-16 17:00:00,-3.46e-05
2026-04-16 18:00:00,-3.46e-05
2026-04-16 19:00:00,-3.46e-05
2026-04-16 20:00:00,-8.038e-05
2026-04-16 21:00:00,-8.038e-05
2026-04-16 22:00:00,-8.038e-05
2026-04-16 23:00:00,-8.038e-05
2026-04-17 00:00:00,-8.038e-05
2026-04-17 01:00:00,-8.038e-05
2026-04-17 02:00:00,-8.038e-05
2026-04-17 03:00:00,-8.038e-05
2026-04-17 04:00:00,1.867e-05
2026-04-17 05:00:00,1.867e-05
2026-04-17 06:00:00,1.867e-05
2026-04-17 07:00:00,1.867e-05
2026-04-17 08:00:00,1.867e-05
2026-04-17 09:00:00,1.867e-05
2026-04-17 10:00:00,1.867e-05
2026-04-17 11:00:00,1.867e-05
2026-04-17 12:00:00,-1.646e-05
2026-04-17 13:00:00,-1.646e-05
2026-04-17 14:00:00,-1.646e-05
2026-04-17 15:00:00,-1.646e-05
2026-04-17 16:00:00,-1.646e-05
2026-04-17 17:00:00,-1.646e-05
2026-04-17 18:00:00,-1.646e-05
2026-04-17 19:00:00,-1.646e-05
2026-04-17 20:00:00,-1.54e-06
2026-04-17 21:00:00,-1.54e-06
2026-04-17 22:00:00,-1.54e-06
2026-04-17 23:00:00,-1.54e-06
2026-04-18 00:00:00,-1.54e-06
2026-04-18 01:00:00,-1.54e-06
2026-04-18 02:00:00,-1.54e-06
2026-04-18 03:00:00,-1.54e-06
2026-04-18 04:00:00,-8.918e-05
2026-04-18 05:00:00,-8.918e-05
2026-04-18 06:00:00,-8.918e-05
2026-04-18 07:00:00,-8.918e-05
2026-04-18 08:00:00,-8.918e-05
2026-04-18 09:00:00,-8.918e-05
2026-04-18 10:00:00,-8.918e-05
2026-04-18 11:00:00,-8.918e-05
2026-04-18 12:00:00,-7.785e-05
2026-04-18 13:00:00,-7.785e-05
2026-04-18 14:00:00,-7.785e-05
2026-04-18 15:00:00,-7.785e-05
2026-04-18 16:00:00,-7.785e-05
2026-04-18 17:00:00,-7.785e-05
2026-04-18 18:00:00,-7.785e-05
2026-04-18 19:00:00,-7.785e-05
2026-04-18 20:00:00,-9.15e-05
2026-04-18 21:00:00,-9.15e-05
2026-04-18 22:00:00,-9.15e-05
2026-04-18 23:00:00,-9.15e-05
2026-04-19 00:00:00,-9.15e-05
2026-04-19 01:00:00,-9.15e-05
2026-04-19 02:00:00,-9.15e-05
2026-04-19 03:00:00,-9.15e-05
2026-04-19 04:00:00,-2.841e-05
2026-04-19 05:00:00,-2.841e-05
2026-04-19 06:00:00,-2.841e-05
2026-04-19 07:00:00,-2.841e-05
2026-04-19 08:00:00,-2.841e-05
2026-04-19 09:00:00,-2.841e-05
2026-04-19 10:00:00,-2.841e-05
2026-04-19 11:00:00,-2.841e-05
2026-04-19 12:00:00,-1.889e-05
2026-04-19 13:00:00,-1.889e-05
2026-04-19 14:00:00,-1.889e-05
2026-04-19 15:00:00,-1.889e-05
2026-04-19 16:00:00,-1.889e-05
2026-04-19 17:00:00,-1.889e-05
2026-04-19 18:00:00,-1.889e-05
2026-04-19 19:00:00,-1.889e-05
2026-04-19 20:00:00,5.26e-06
2026-04-19 21:00:00,5.26e-06
2026-04-19 22:00:00,5.26e-06
2026-04-19 23:00:00,5.26e-06
2026-04-20 00:00:00,5.26e-06
2026-04-20 01:00:00,5.26e-06
2026-04-20 02:00:00,5.26e-06
2026-04-20 03:00:00,5.26e-06
2026-04-20 04:00:00,-1.423e-05
2026-04-20 05:00:00,-1.423e-05
2026-04-20 06:00:00,-1.423e-05
2026-04-20 07:00:00,-1.423e-05
2026-04-20 08:00:00,-1.423e-05
2026-04-20 09:00:00,-1.423e-05
2026-04-20 10:00:00,-1.423e-05
2026-04-20 11:00:00,-1.423e-05
2026-04-20 12:00:00,-1.42e-05
2026-04-20 13:00:00,-1.42e-05
2026-04-20 14:00:00,-1.42e-05
2026-04-20 15:00:00,-1.42e-05
2026-04-20 16:00:00,-1.42e-05
2026-04-20 17:00:00,-1.42e-05
2026-04-20 18:00:00,-1.42e-05
2026-04-20 19:00:00,-1.42e-05
2026-04-20 20:00:00,-6.7e-07
2026-04-20 21:00:00,-6.7e-07
2026-04-20 22:00:00,-6.7e-07
2026-04-20 23:00:00,-6.7e-07
2026-04-21 00:00:00,-6.7e-07
2026-04-21 01:00:00,-6.7e-07
2026-04-21 02:00:00,-6.7e-07
2026-04-21 03:00:00,-6.7e-07
2026-04-21 04:00:00,-8.607e-05
2026-04-21 05:00:00,-8.607e-05
2026-04-21 06:00:00,-8.607e-05
2026-04-21 07:00:00,-8.607e-05
2026-04-21 08:00:00,-8.607e-05
2026-04-21 09:00:00,-8.607e-05
2026-04-21 10:00:00,-8.607e-05
2026-04-21 11:00:00,-8.607e-05
2026-04-21 12:00:00,-6.603e-05
2026-04-21 13:00:00,-6.603e-05
2026-04-21 14:00:00,-6.603e-05
2026-04-21 15:00:00,-6.603e-05
2026-04-21 16:00:00,-6.603e-05
2026-04-21 17:00:00,-6.603e-05
2026-04-21 18:00:00,-6.603e-05
2026-04-21 19:00:00,-6.603e-05
2026-04-21 20:00:00,-3.805e-05
2026-04-21 21:00:00,-3.805e-05
2026-04-21 22:00:00,-3.805e-05
2026-04-21 23:00:00,-3.805e-05
2026-04-22 00:00:00,-3.805e-05
2026-04-22 01:00:00,-3.805e-05
2026-04-22 02:00:00,-3.805e-05
2026-04-22 03:00:00,-3.805e-05
2026-04-22 04:00:00,1.119e-05
2026-04-22 05:00:00,1.119e-05
2026-04-22 06:00:00,1.119e-05
2026-04-22 07:00:00,1.119e-05
2026-04-22 08:00:00,1.119e-05
2026-04-22 09:00:00,1.119e-05
2026-04-22 10:00:00,1.119e-05
2026-04-22 11:00:00,1.119e-05
2026-04-22 12:00:00,2.767e-05
2026-04-22 13:00:00,2.767e-05
2026-04-22 14:00:00,2.767e-05
2026-04-22 15:00:00,2.767e-05
2026-04-22 16:00:00,2.767e-05
2026-04-22 17:00:00,2.767e-05
2026-04-22 18:00:00,2.767e-05
2026-04-22 19:00:00,2.767e-05
2026-04-22 20:00:00,-5.123e-05
2026-04-22 21:00:00,-5.123e-05
2026-04-22 22:00:00,-5.123e-05
2026-04-22 23:00:00,-5.123e-05
2026-04-23 00:00:00,-5.123e-05
2026-04-23 01:00:00,-5.123e-05
2026-04-23 02:00:00,-5.123e-05
2026-04-23 03:00:00,-5.123e-05
2026-04-23 04:00:00,-6.104e-05
2026-04-23 05:00:00,-6.104e-05
2026-04-23 06:00:00,-6.104e-05
2026-04-23 07:00:00,-6.104e-05
2026-04-23 08:00:00,-6.104e-05
2026-04-23 09:00:00,-6.104e-05
2026-04-23 10:00:00,-6.104e-05
2026-04-23 11:00:00,-6.104e-05
2026-04-23 12:00:00,-5.324e-05
2026-04-23 13:00:00,-5.324e-05
2026-04-23 14:00:00,-5.324e-05
2026-04-23 15:00:00,-5.324e-05
2026-04-23 16:00:00,-5.324e-05
2026-04-23 17:00:00,-5.324e-05
2026-04-23 18:00:00,-5.324e-05
2026-04-23 19:00:00,-5.324e-05
2026-04-23 20:00:00,2.2e-07
2026-04-23 21:00:00,2.2e-07
2026-04-23 22:00:00,2.2e-07
2026-04-23 23:00:00,2.2e-07
2026-04-24 00:00:00,2.2e-07
2026-04-24 01:00:00,2.2e-07
2026-04-24 02:00:00,2.2e-07
2026-04-24 03:00:00,2.2e-07
2026-04-24 04:00:00,-3.354e-05
2026-04-24 05:00:00,-3.354e-05
2026-04-24 06:00:00,-3.354e-05
2026-04-24 07:00:00,-3.354e-05
2026-04-24 08:00:00,-3.354e-05
2026-04-24 09:00:00,-3.354e-05
2026-04-24 10:00:00,-3.354e-05
2026-04-24 11:00:00,-3.354e-05
2026-04-24 12:00:00,2.763e-05
2026-04-24 13:00:00,2.763e-05
2026-04-24 14:00:00,2.763e-05
2026-04-24 15:00:00,2.763e-05
2026-04-24 16:00:00,2.763e-05
2026-04-24 17:00:00,2.763e-05
2026-04-24 18:00:00,2.763e-05
2026-04-24 19:00:00,2.763e-05
2026-04-24 20:00:00,-4.07e-05
2026-04-24 21:00:00,-4.07e-05
2026-04-24 22:00:00,-4.07e-05
2026-04-24 23:00:00,-4.07e-05
2026-04-25 00:00:00,-4.07e-05
2026-04-25 01:00:00,-4.07e-05
2026-04-25 02:00:00,-4.07e-05
2026-04-25 03:00:00,-4.07e-05
2026-04-25 04:00:00,-5.45e-06
2026-04-25 05:00:00,-5.45e-06
2026-04-25 06:00:00,-5.45e-06
2026-04-25 07:00:00,-5.45e-06
2026-04-25 08:00:00,-5.45e-06
2026-04-25 09:00:00,-5.45e-06
2026-04-25 10:00:00,-5.45e-06
2026-04-25 11:00:00,-5.45e-06
2026-04-25 12:00:00,-2.79e-06
2026-04-25 13:00:00,-2.79e-06
2026-04-25 14:00:00,-2.79e-06
2026-04-25 15:00:00,-2.79e-06
2026-04-25 16:00:00,-2.79e-06
2026-04-25 17:00:00,-2.79e-06
2026-04-25 18:00:00,-2.79e-06
2026-04-25 19:00:00,-2.79e-06
2026-04-25 20:00:00,-3.09e-05
2026-04-25 21:00:00,-3.09e-05
2026-04-25 22:00:00,-3.09e-05
2026-04-25 23:00:00,-3.09e-05
2026-04-26 00:00:00,-3.09e-05
2026-04-26 01:00:00,-3.09e-05
2026-04-26 02:00:00,-3.09e-05
2026-04-26 03:00:00,-3.09e-05
2026-04-26 04:00:00,1.835e-05
2026-04-26 05:00:00,1.835e-05
2026-04-26 06:00:00,1.835e-05
2026-04-26 07:00:00,1.835e-05
2026-04-26 08:00:00,1.835e-05
2026-04-26 09:00:00,1.835e-05
2026-04-26 10:00:00,1.835e-05
2026-04-26 11:00:00,1.835e-05
2026-04-26 12:00:00,2.842e-05
2026-04-26 13:00:00,2.842e-05
2026-04-26 14:00:00,2.842e-05
2026-04-26 15:00:00,2.842e-05
2026-04-26 16:00:00,2.842e-05
2026-04-26 17:00:00,2.842e-05
2026-04-26 18:00:00,2.842e-05
2026-04-26 19:00:00,2.842e-05
2026-04-26 20:00:00,8.89e-06
2026-04-26 21:00:00,8.89e-06
2026-04-26 22:00:00,8.89e-06
2026-04-26 23:00:00,8.89e-06
2026-04-27 00:00:00,8.89e-06
2026-04-27 01:00:00,8.89e-06
2026-04-27 02:00:00,8.89e-06
2026-04-27 03:00:00,8.89e-06
2026-04-27 04:00:00,4.45e-06
2026-04-27 05:00:00,4.45e-06
2026-04-27 06:00:00,4.45e-06
2026-04-27 07:00:00,4.45e-06
2026-04-27 08:00:00,4.45e-06
2026-04-27 09:00:00,4.45e-06
2026-04-27 10:00:00,4.45e-06
2026-04-27 11:00:00,4.45e-06
2026-04-27 12:00:00,2.977e-05
2026-04-27 13:00:00,2.977e-05
2026-04-27 14:00:00,2.977e-05
2026-04-27 15:00:00,2.977e-05
2026-04-27 16:00:00,2.977e-05
2026-04-27 17:00:00,2.977e-05
2026-04-27 18:00:00,2.977e-05
2026-04-27 19:00:00,2.977e-05
2026-04-27 20:00:00,-1.593e-05
2026-04-27 21:00:00,-1.593e-05
2026-04-27 22:00:00,-1.593e-05
2026-04-27 23:00:00,-1.593e-05
2026-04-28 00:00:00,-1.593e-05
2026-04-28 01:00:00,-1.593e-05
2026-04-28 02:00:00,-1.593e-05
2026-04-28 03:00:00,-1.593e-05
2026-04-28 04:00:00,1.46e-05
2026-04-28 05:00:00,1.46e-05
2026-04-28 06:00:00,1.46e-05
2026-04-28 07:00:00,1.46e-05
2026-04-28 08:00:00,1.46e-05
2026-04-28 09:00:00,1.46e-05
2026-04-28 10:00:00,1.46e-05
2026-04-28 11:00:00,1.46e-05
2026-04-28 12:00:00,-7.225e-05
2026-04-28 13:00:00,-7.225e-05
2026-04-28 14:00:00,-7.225e-05
2026-04-28 15:00:00,-7.225e-05
2026-04-28 16:00:00,-7.225e-05
2026-04-28 17:00:00,-7.225e-05
2026-04-28 18:00:00,-7.225e-05
2026-04-28 19:00:00,-7.225e-05
2026-04-28 20:00:00,-8.35e-06
2026-04-28 21:00:00,-8.35e-06
2026-04-28 22:00:00,-8.35e-06
2026-04-28 23:00:00,-8.35e-06
2026-04-29 00:00:00,-8.35e-06
2026-04-29 01:00:00,-8.35e-06
2026-04-29 02:00:00,-8.35e-06
2026-04-29 03:00:00,-8.35e-06
2026-04-29 04:00:00,-1.99e-06
2026-04-29 05:00:00,-1.99e-06
2026-04-29 06:00:00,-1.99e-06
2026-04-29 07:00:00,-1.99e-06
2026-04-29 08:00:00,-1.99e-06
2026-04-29 09:00:00,-1.99e-06
2026-04-29 10:00:00,-1.99e-06
2026-04-29 11:00:00,-1.99e-06
2026-04-29 12:00:00,-5.559e-05
2026-04-29 13:00:00,-5.559e-05
2026-04-29 14:00:00,-5.559e-05
2026-04-29 15:00:00,-5.559e-05
2026-04-29 16:00:00,-5.559e-05
2026-04-29 17:00:00,-5.559e-05
2026-04-29 18:00:00,-5.559e-05
2026-04-29 19:00:00,-5.559e-05
2026-04-29 20:00:00,-5.871e-05
2026-04-29 21:00:00,-5.871e-05
2026-04-29 22:00:00,-5.871e-05
2026-04-29 23:00:00,-5.871e-05
2026-04-30 00:00:00,-5.871e-05
2026-04-30 01:00:00,-5.871e-05
2026-04-30 02:00:00,-5.871e-05
2026-04-30 03:00:00,-5.871e-05
2026-04-30 04:00:00,-3.31e-06
2026-04-30 05:00:00,-3.31e-06
2026-04-30 06:00:00,-3.31e-06
2026-04-30 07:00:00,-3.31e-06
2026-04-30 08:00:00,-3.31e-06
2026-04-30 09:00:00,-3.31e-06
2026-04-30 10:00:00,-3.31e-06
2026-04-30 11:00:00,-3.31e-06
2026-04-30 12:00:00,-2.85e-05
2026-04-30 13:00:00,-2.85e-05
2026-04-30 14:00:00,-2.85e-05
2026-04-30 15:00:00,-2.85e-05
2026-04-30 16:00:00,-2.85e-05
2026-04-30 17:00:00,-2.85e-05
2026-04-30 18:00:00,-2.85e-05
2026-04-30 19:00:00,-2.85e-05
2026-04-30 20:00:00,-4.675e-05
2026-04-30 21:00:00,-4.675e-05
2026-04-30 22:00:00,-4.675e-05
2026-04-30 23:00:00,-4.675e-05
2026-05-01 00:00:00,-4.675e-05
2026-05-01 01:00:00,-4.675e-05
2026-05-01 02:00:00,-4.675e-05
2026-05-01 03:00:00,-4.675e-05
2026-05-01 04:00:00,-5.18e-05
2026-05-01 05:00:00,-5.18e-05
2026-05-01 06:00:00,-5.18e-05
2026-05-01 07:00:00,-5.18e-05
2026-05-01 08:00:00,-5.18e-05
2026-05-01 09:00:00,-5.18e-05
2026-05-01 10:00:00,-5.18e-05
2026-05-01 11:00:00,-5.18e-05
2026-05-01 12:00:00,-2.354e-05
2026-05-01 13:00:00,-2.354e-05
2026-05-01 14:00:00,-2.354e-05
2026-05-01 15:00:00,-2.354e-05
2026-05-01 16:00:00,-2.354e-05
2026-05-01 17:00:00,-2.354e-05
2026-05-01 18:00:00,-2.354e-05
2026-05-01 19:00:00,-2.354e-05
2026-05-01 20:00:00,-2.639e-05
2026-05-01 21:00:00,-2.639e-05
2026-05-01 22:00:00,-2.639e-05
2026-05-01 23:00:00,-2.639e-05
2026-05-02 00:00:00,-2.639e-05
2026-05-02 01:00:00,-2.639e-05
2026-05-02 02:00:00,-2.639e-05
2026-05-02 03:00:00,-2.639e-05
2026-05-02 04:00:00,-7.815e-05
2026-05-02 05:00:00,-7.815e-05
2026-05-02 06:00:00,-7.815e-05
2026-05-02 07:00:00,-7.815e-05
2026-05-02 08:00:00,-7.815e-05
2026-05-02 09:00:00,-7.815e-05
2026-05-02 10:00:00,-7.815e-05
2026-05-02 11:00:00,-7.815e-05
2026-05-02 12:00:00,-4.432e-05
2026-05-02 13:00:00,-4.432e-05
2026-05-02 14:00:00,-4.432e-05
2026-05-02 15:00:00,-4.432e-05
2026-05-02 16:00:00,-4.432e-05
2026-05-02 17:00:00,-4.432e-05
2026-05-02 18:00:00,-4.432e-05
2026-05-02 19:00:00,-4.432e-05
2026-05-02 20:00:00,-3.682e-05
2026-05-02 21:00:00,-3.682e-05
2026-05-02 22:00:00,-3.682e-05
2026-05-02 23:00:00,-3.682e-05
2026-05-03 00:00:00,-3.682e-05
2026-05-03 01:00:00,-3.682e-05
2026-05-03 02:00:00,-3.682e-05
2026-05-03 03:00:00,-3.682e-05
2026-05-03 04:00:00,2.292e-05
2026-05-03 05:00:00,2.292e-05
2026-05-03 06:00:00,2.292e-05
2026-05-03 07:00:00,2.292e-05
2026-05-03 08:00:00,2.292e-05
2026-05-03 09:00:00,2.292e-05
2026-05-03 10:00:00,2.292e-05
2026-05-03 11:00:00,2.292e-05
2026-05-03 12:00:00,-3.062e-05
2026-05-03 13:00:00,-3.062e-05
2026-05-03 14:00:00,-3.062e-05
2026-05-03 15:00:00,-3.062e-05
2026-05-03 16:00:00,-3.062e-05
2026-05-03 17:00:00,-3.062e-05
2026-05-03 18:00:00,-3.062e-05
2026-05-03 19:00:00,-3.062e-05
2026-05-03 20:00:00,6.191e-05
2026-05-03 21:00:00,6.191e-05
2026-05-03 22:00:00,6.191e-05
2026-05-03 23:00:00,6.191e-05
2026-05-04 00:00:00,6.191e-05
2026-05-04 01:00:00,6.191e-05
2026-05-04 02:00:00,6.191e-05
2026-05-04 03:00:00,6.191e-05
2026-05-04 04:00:00,6.88e-05
2026-05-04 05:00:00,6.88e-05
2026-05-04 06:00:00,6.88e-05
2026-05-04 07:00:00,6.88e-05
2026-05-04 08:00:00,6.88e-05
2026-05-04 09:00:00,6.88e-05
2026-05-04 10:00:00,6.88e-05
2026-05-04 11:00:00,6.88e-05
2026-05-04 12:00:00,3.395e-05
2026-05-04 13:00:00,3.395e-05
2026-05-04 14:00:00,3.395e-05
2026-05-04 15:00:00,3.395e-05
2026-05-04 16:00:00,3.395e-05
2026-05-04 17:00:00,3.395e-05
2026-05-04 18:00:00,3.395e-05
2026-05-04 19:00:00,3.395e-05
2026-05-04 20:00:00,-3.68e-05
2026-05-04 21:00:00,-3.68e-05
2026-05-04 22:00:00,-3.68e-05
2026-05-04 23:00:00,-3.68e-05
2026-05-05 00:00:00,-3.68e-05
2026-05-05 01:00:00,-3.68e-05
2026-05-05 02:00:00,-3.68e-05
2026-05-05 03:00:00,-3.68e-05
2026-05-05 04:00:00,-6.316e-05
2026-05-05 05:00:00,-6.316e-05
2026-05-05 06:00:00,-6.316e-05
2026-05-05 07:00:00,-6.316e-05
2026-05-05 08:00:00,-6.316e-05
2026-05-05 09:00:00,-6.316e-05
2026-05-05 10:00:00,-6.316e-05
2026-05-05 11:00:00,-6.316e-05
2026-05-05 12:00:00,1.73e-06
2026-05-05 13:00:00,1.73e-06
2026-05-05 14:00:00,1.73e-06
2026-05-05 15:00:00,1.73e-06
2026-05-05 16:00:00,1.73e-06
2026-05-05 17:00:00,1.73e-06
2026-05-05 18:00:00,1.73e-06
2026-05-05 19:00:00,1.73e-06
2026-05-05 20:00:00,-2.771e-05
2026-05-05 21:00:00,-2.771e-05
2026-05-05 22:00:00,-2.771e-05
2026-05-05 23:00:00,-2.771e-05
2026-05-06 00:00:00,-2.771e-05
2026-05-06 01:00:00,-2.771e-05
2026-05-06 02:00:00,-2.771e-05
2026-05-06 03:00:00,-2.771e-05
2026-05-06 04:00:00,-9.189e-05
2026-05-06 05:00:00,-9.189e-05
2026-05-06 06:00:00,-9.189e-05
2026-05-06 07:00:00,-9.189e-05
2026-05-06 08:00:00,-9.189e-05
2026-05-06 09:00:00,-9.189e-05
2026-05-06 10:00:00,-9.189e-05
2026-05-06 11:00:00,-9.189e-05
2026-05-06 12:00:00,-3.041e-05
2026-05-06 13:00:00,-3.041e-05
2026-05-06 14:00:00,-3.041e-05
2026-05-06 15:00:00,-3.041e-05
2026-05-06 16:00:00,-3.041e-05
2026-05-06 17:00:00,-3.041e-05
2026-05-06 18:00:00,-3.041e-05
2026-05-06 19:00:00,-3.041e-05
2026-05-06 20:00:00,2.016e-05
2026-05-06 21:00:00,2.016e-05
2026-05-06 22:00:00,2.016e-05
2026-05-06 23:00:00,2.016e-05
2026-05-07 00:00:00,2.016e-05
2026-05-07 01:00:00,2.016e-05
2026-05-07 02:00:00,2.016e-05
2026-05-07 03:00:00,2.016e-05
2026-05-07 04:00:00,-2.988e-05
2026-05-07 05:00:00,-2.988e-05
2026-05-07 06:00:00,-2.988e-05
2026-05-07 07:00:00,-2.988e-05
2026-05-07 08:00:00,-2.988e-05
2026-05-07 09:00:00,-2.988e-05
2026-05-07 10:00:00,-2.988e-05
2026-05-07 11:00:00,-2.988e-05
2026-05-07 12:00:00,9.17e-06
2026-05-07 13:00:00,9.17e-06
2026-05-07 14:00:00,9.17e-06
2026-05-07 15:00:00,9.17e-06
2026-05-07 16:00:00,9.17e-06
2026-05-07 17:00:00,9.17e-06
2026-05-07 18:00:00,9.17e-06
2026-05-07 19:00:00,9.17e-06
2026-05-07 20:00:00,4.301e-05
2026-05-07 21:00:00,4.301e-05
2026-05-07 22:00:00,4.301e-05
2026-05-07 23:00:00,4.301e-05
2026-05-08 00:00:00,4.301e-05
2026-05-08 01:00:00,4.301e-05
2026-05-08 02:00:00,4.301e-05
2026-05-08 03:00:00,4.301e-05
2026-05-08 04:00:00,4.014e-05
2026-05-08 05:00:00,4.014e-05
2026-05-08 06:00:00,4.014e-05
2026-05-08 07:00:00,4.014e-05
2026-05-08 08:00:00,4.014e-05
2026-05-08 09:00:00,4.014e-05
2026-05-08 10:00:00,4.014e-05
2026-05-08 11:00:00,4.014e-05
2026-05-08 12:00:00,3.823e-05
2026-05-08 13:00:00,3.823e-05
2026-05-08 14:00:00,3.823e-05
2026-05-08 15:00:00,3.823e-05
2026-05-08 16:00:00,3.823e-05
2026-05-08 17:00:00,3.823e-05
2026-05-08 18:00:00,3.823e-05
2026-05-08 19:00:00,3.823e-05
2026-05-08 20:00:00,2.934e-05
2026-05-08 21:00:00,2.934e-05
2026-05-08 22:00:00,2.934e-05
2026-05-08 23:00:00,2.934e-05
2026-05-09 00:00:00,2.934e-05
2026-05-09 01:00:00,2.934e-05
2026-05-09 02:00:00,2.934e-05
2026-05-09 03:00:00,2.934e-05
2026-05-09 04:00:00,2.557e-05
2026-05-09 05:00:00,2.557e-05
2026-05-09 06:00:00,2.557e-05
2026-05-09 07:00:00,2.557e-05
2026-05-09 08:00:00,2.557e-05
2026-05-09 09:00:00,2.557e-05
2026-05-09 10:00:00,2.557e-05
2026-05-09 11:00:00,2.557e-05
2026-05-09 12:00:00,-1.618e-05
2026-05-09 13:00:00,-1.618e-05
2026-05-09 14:00:00,-1.618e-05
2026-05-09 15:00:00,-1.618e-05
2026-05-09 16:00:00,-1.618e-05
2026-05-09 17:00:00,-1.618e-05
2026-05-09 18:00:00,-1.618e-05
2026-05-09 19:00:00,-1.618e-05
2026-05-09 20:00:00,2.584e-05
2026-05-09 21:00:00,2.584e-05
2026-05-09 22:00:00,2.584e-05
2026-05-09 23:00:00,2.584e-05
2026-05-10 00:00:00,2.584e-05
2026-05-10 01:00:00,2.584e-05
2026-05-10 02:00:00,2.584e-05
2026-05-10 03:00:00,2.584e-05
2026-05-10 04:00:00,-3.074e-05
2026-05-10 05:00:00,-3.074e-05
2026-05-10 06:00:00,-3.074e-05
2026-05-10 07:00:00,-3.074e-05
2026-05-10 08:00:00,-3.074e-05
2026-05-10 09:00:00,-3.074e-05
2026-05-10 10:00:00,-3.074e-05
2026-05-10 11:00:00,-3.074e-05
2026-05-10 12:00:00,5.8e-06
2026-05-10 13:00:00,5.8e-06
2026-05-10 14:00:00,5.8e-06
2026-05-10 15:00:00,5.8e-06
2026-05-10 16:00:00,5.8e-06
2026-05-10 17:00:00,5.8e-06
2026-05-10 18:00:00,5.8e-06
2026-05-10 19:00:00,5.8e-06
2026-05-10 20:00:00,3.436e-05
2026-05-10 21:00:00,3.436e-05
2026-05-10 22:00:00,3.436e-05
2026-05-10 23:00:00,3.436e-05
2026-05-11 00:00:00,3.436e-05
2026-05-11 01:00:00,3.436e-05
2026-05-11 02:00:00,3.436e-05
2026-05-11 03:00:00,3.436e-05
2026-05-11 04:00:00,2.867e-05
2026-05-11 05:00:00,2.867e-05
2026-05-11 06:00:00,2.867e-05
2026-05-11 07:00:00,2.867e-05
2026-05-11 08:00:00,2.867e-05
2026-05-11 09:00:00,2.867e-05
2026-05-11 10:00:00,2.867e-05
2026-05-11 11:00:00,2.867e-05
2026-05-11 12:00:00,5.033e-05
2026-05-11 13:00:00,5.033e-05
2026-05-11 14:00:00,5.033e-05
2026-05-11 15:00:00,5.033e-05
2026-05-11 16:00:00,5.033e-05
2026-05-11 17:00:00,5.033e-05
2026-05-11 18:00:00,5.033e-05
2026-05-11 19:00:00,5.033e-05
2026-05-11 20:00:00,1.899e-05
2026-05-11 21:00:00,1.899e-05
2026-05-11 22:00:00,1.899e-05
2026-05-11 23:00:00,1.899e-05
2026-05-12 00:00:00,1.899e-05
2026-05-12 01:00:00,1.899e-05
2026-05-12 02:00:00,1.899e-05
2026-05-12 03:00:00,1.899e-05
2026-05-12 04:00:00,1.583e-05
2026-05-12 05:00:00,1.583e-05
2026-05-12 06:00:00,1.583e-05
2026-05-12 07:00:00,1.583e-05
2026-05-12 08:00:00,1.583e-05
2026-05-12 09:00:00,1.583e-05
2026-05-12 10:00:00,1.583e-05
2026-05-12 11:00:00,1.583e-05
2026-05-12 12:00:00,-2.496e-05
2026-05-12 13:00:00,-2.496e-05
2026-05-12 14:00:00,-2.496e-05
2026-05-12 15:00:00,-2.496e-05
2026-05-12 16:00:00,-2.496e-05
2026-05-12 17:00:00,-2.496e-05
2026-05-12 18:00:00,-2.496e-05
2026-05-12 19:00:00,-2.496e-05
2026-05-12 20:00:00,1.992e-05
2026-05-12 21:00:00,1.992e-05
2026-05-12 22:00:00,1.992e-05
2026-05-12 23:00:00,1.992e-05
2026-05-13 00:00:00,1.992e-05
2026-05-13 01:00:00,1.992e-05
2026-05-13 02:00:00,1.992e-05
2026-05-13 03:00:00,1.992e-05
2026-05-13 04:00:00,-7.54e-06
2026-05-13 05:00:00,-7.54e-06
2026-05-13 06:00:00,-7.54e-06
2026-05-13 07:00:00,-7.54e-06
2026-05-13 08:00:00,-7.54e-06
2026-05-13 09:00:00,-7.54e-06
2026-05-13 10:00:00,-7.54e-06
2026-05-13 11:00:00,-7.54e-06
2026-05-13 12:00:00,5.038e-05
2026-05-13 13:00:00,5.038e-05
2026-05-13 14:00:00,5.038e-05
2026-05-13 15:00:00,5.038e-05
2026-05-13 16:00:00,5.038e-05
2026-05-13 17:00:00,5.038e-05
2026-05-13 18:00:00,5.038e-05
2026-05-13 19:00:00,5.038e-05
2026-05-13 20:00:00,-1.024e-05
2026-05-13 21:00:00,-1.024e-05
2026-05-13 22:00:00,-1.024e-05
2026-05-13 23:00:00,-1.024e-05
2026-05-14 00:00:00,-1.024e-05
2026-05-14 01:00:00,-1.024e-05
2026-05-14 02:00:00,-1.024e-05
2026-05-14 03:00:00,-1.024e-05
2026-05-14 04:00:00,5.522e-05
2026-05-14 05:00:00,5.522e-05
2026-05-14 06:00:00,5.522e-05
2026-05-14 07:00:00,5.522e-05
2026-05-14 08:00:00,5.522e-05
2026-05-14 09:00:00,5.522e-05
2026-05-14 10:00:00,5.522e-05
2026-05-14 11:00:00,5.522e-05
2026-05-14 12:00:00,2.389e-05
2026-05-14 13:00:00,2.389e-05
2026-05-14 14:00:00,2.389e-05
2026-05-14 15:00:00,2.389e-05
2026-05-14 16:00:00,2.389e-05
2026-05-14 17:00:00,2.389e-05
2026-05-14 18:00:00,2.389e-05
2026-05-14 19:00:00,2.389e-05
2026-05-14 20:00:00,-7e-08
2026-05-14 21:00:00,-7e-08
2026-05-14 22:00:00,-7e-08
2026-05-14 23:00:00,-7e-08
2026-05-15 00:00:00,-7e-08
2026-05-15 01:00:00,-7e-08
2026-05-15 02:00:00,-7e-08
2026-05-15 03:00:00,-7e-08
2026-05-15 04:00:00,-5.569e-05
2026-05-15 05:00:00,-5.569e-05
2026-05-15 06:00:00,-5.569e-05
2026-05-15 07:00:00,-5.569e-05
2026-05-15 08:00:00,-5.569e-05
2026-05-15 09:00:00,-5.569e-05
2026-05-15 10:00:00,-5.569e-05
2026-05-15 11:00:00,-5.569e-05
2026-05-15 12:00:00,-1.847e-05
2026-05-15 13:00:00,-1.847e-05
2026-05-15 14:00:00,-1.847e-05
2026-05-15 15:00:00,-1.847e-05
2026-05-15 16:00:00,-1.847e-05
2026-05-15 17:00:00,-1.847e-05
2026-05-15 18:00:00,-1.847e-05
2026-05-15 19:00:00,-1.847e-05
2026-05-15 20:00:00,-1.843e-05
2026-05-15 21:00:00,-1.843e-05
2026-05-15 22:00:00,-1.843e-05
2026-05-15 23:00:00,-1.843e-05
2026-05-16 00:00:00,-1.843e-05
2026-05-16 01:00:00,-1.843e-05
2026-05-16 02:00:00,-1.843e-05
2026-05-16 03:00:00,-1.843e-05
2026-05-16 04:00:00,-4.507e-05
2026-05-16 05:00:00,-4.507e-05
2026-05-16 06:00:00,-4.507e-05
2026-05-16 07:00:00,-4.507e-05
2026-05-16 08:00:00,-4.507e-05
2026-05-16 09:00:00,-4.507e-05
2026-05-16 10:00:00,-4.507e-05
2026-05-16 11:00:00,-4.507e-05
2026-05-16 12:00:00,-1.859e-05
2026-05-16 13:00:00,-1.859e-05
2026-05-16 14:00:00,-1.859e-05
2026-05-16 15:00:00,-1.859e-05
2026-05-16 16:00:00,-1.859e-05
2026-05-16 17:00:00,-1.859e-05
2026-05-16 18:00:00,-1.859e-05
2026-05-16 19:00:00,-1.859e-05
2026-05-16 20:00:00,2.209e-05
2026-05-16 21:00:00,2.209e-05
2026-05-16 22:00:00,2.209e-05
2026-05-16 23:00:00,2.209e-05
2026-05-17 00:00:00,2.209e-05
2026-05-17 01:00:00,2.209e-05
2026-05-17 02:00:00,2.209e-05
2026-05-17 03:00:00,2.209e-05
2026-05-17 04:00:00,4.075e-05
2026-05-17 05:00:00,4.075e-05
2026-05-17 06:00:00,4.075e-05
2026-05-17 07:00:00,4.075e-05
2026-05-17 08:00:00,4.075e-05
2026-05-17 09:00:00,4.075e-05
2026-05-17 10:00:00,4.075e-05
2026-05-17 11:00:00,4.075e-05
2026-05-17 12:00:00,1.199e-05
2026-05-17 13:00:00,1.199e-05
2026-05-17 14:00:00,1.199e-05
2026-05-17 15:00:00,1.199e-05
2026-05-17 16:00:00,1.199e-05
2026-05-17 17:00:00,1.199e-05
2026-05-17 18:00:00,1.199e-05
2026-05-17 19:00:00,1.199e-05
2026-05-17 20:00:00,2.6e-07
2026-05-17 21:00:00,2.6e-07
2026-05-17 22:00:00,2.6e-07
2026-05-17 23:00:00,2.6e-07
2026-05-18 00:00:00,2.6e-07
2026-05-18 01:00:00,2.6e-07
2026-05-18 02:00:00,2.6e-07
2026-05-18 03:00:00,2.6e-07
2026-05-18 04:00:00,-1.269e-05
2026-05-18 05:00:00,-1.269e-05
2026-05-18 06:00:00,-1.269e-05
2026-05-18 07:00:00,-1.269e-05
2026-05-18 08:00:00,-1.269e-05
2026-05-18 09:00:00,-1.269e-05
2026-05-18 10:00:00,-1.269e-05
2026-05-18 11:00:00,-1.269e-05
2026-05-18 12:00:00,6.193e-05
2026-05-18 13:00:00,6.193e-05
2026-05-18 14:00:00,6.193e-05
2026-05-18 15:00:00,6.193e-05
2026-05-18 16:00:00,6.193e-05
2026-05-18 17:00:00,6.193e-05
2026-05-18 18:00:00,6.193e-05
2026-05-18 19:00:00,6.193e-05
2026-05-18 20:00:00,5.491e-05
2026-05-18 21:00:00,5.491e-05
2026-05-18 22:00:00,5.491e-05
2026-05-18 23:00:00,5.491e-05
2026-05-19 00:00:00,5.491e-05
2026-05-19 01:00:00,5.491e-05
2026-05-19 02:00:00,5.491e-05
2026-05-19 03:00:00,5.491e-05
2026-05-19 04:00:00,3.957e-05
2026-05-19 05:00:00,3.957e-05
2026-05-19 06:00:00,3.957e-05
2026-05-19 07:00:00,3.957e-05
2026-05-19 08:00:00,3.957e-05
2026-05-19 09:00:00,3.957e-05
2026-05-19 10:00:00,3.957e-05
2026-05-19 11:00:00,3.957e-05
2026-05-19 12:00:00,4.736e-05
2026-05-19 13:00:00,4.736e-05
2026-05-19 14:00:00,4.736e-05
2026-05-19 15:00:00,4.736e-05
2026-05-19 16:00:00,4.736e-05
2026-05-19 17:00:00,4.736e-05
2026-05-19 18:00:00,4.736e-05
2026-05-19 19:00:00,4.736e-05
2026-05-19 20:00:00,7.452e-05
2026-05-19 21:00:00,7.452e-05
2026-05-19 22:00:00,7.452e-05
2026-05-19 23:00:00,7.452e-05
2026-05-20 00:00:00,7.452e-05
2026-05-20 01:00:00,7.452e-05
2026-05-20 02:00:00,7.452e-05
2026-05-20 03:00:00,7.452e-05
2026-05-20 04:00:00,0.0001
2026-05-20 05:00:00,0.0001
2026-05-20 06:00:00,0.0001
2026-05-20 07:00:00,0.0001
2026-05-20 08:00:00,0.0001
2026-05-20 09:00:00,0.0001
2026-05-20 10:00:00,0.0001
2026-05-20 11:00:00,0.0001
2026-05-20 12:00:00,9.058e-05
2026-05-20 13:00:00,9.058e-05
2026-05-20 14:00:00,9.058e-05
2026-05-20 15:00:00,9.058e-05
2026-05-20 16:00:00,9.058e-05
2026-05-20 17:00:00,9.058e-05
2026-05-20 18:00:00,9.058e-05
2026-05-20 19:00:00,9.058e-05
2026-05-20 20:00:00,8.696e-05
2026-05-20 21:00:00,8.696e-05
2026-05-20 22:00:00,8.696e-05
2026-05-20 23:00:00,8.696e-05
2026-05-21 00:00:00,8.696e-05
2026-05-21 01:00:00,8.696e-05
2026-05-21 02:00:00,8.696e-05
2026-05-21 03:00:00,8.696e-05
2026-05-21 04:00:00,2.703e-05
2026-05-21 05:00:00,2.703e-05
2026-05-21 06:00:00,2.703e-05
2026-05-21 07:00:00,2.703e-05
2026-05-21 08:00:00,2.703e-05
2026-05-21 09:00:00,2.703e-05
2026-05-21 10:00:00,2.703e-05
2026-05-21 11:00:00,2.703e-05
2026-05-21 12:00:00,4.975e-05
2026-05-21 13:00:00,4.975e-05
2026-05-21 14:00:00,4.975e-05
2026-05-21 15:00:00,4.975e-05
2026-05-21 16:00:00,4.975e-05
2026-05-21 17:00:00,4.975e-05
2026-05-21 18:00:00,4.975e-05
2026-05-21 19:00:00,4.975e-05
2026-05-21 20:00:00,4.854e-05
2026-05-21 21:00:00,4.854e-05
2026-05-21 22:00:00,4.854e-05
2026-05-21 23:00:00,4.854e-05
2026-05-22 00:00:00,4.854e-05
2026-05-22 01:00:00,4.854e-05
2026-05-22 02:00:00,4.854e-05
2026-05-22 03:00:00,4.854e-05
2026-05-22 04:00:00,6.411e-05
2026-05-22 05:00:00,6.411e-05
2026-05-22 06:00:00,6.411e-05
2026-05-22 07:00:00,6.411e-05
2026-05-22 08:00:00,6.411e-05
2026-05-22 09:00:00,6.411e-05
2026-05-22 10:00:00,6.411e-05
2026-05-22 11:00:00,6.411e-05
2026-05-22 12:00:00,1.334e-05
2026-05-22 13:00:00,1.334e-05
2026-05-22 14:00:00,1.334e-05
2026-05-22 15:00:00,1.334e-05
2026-05-22 16:00:00,1.334e-05
2026-05-22 17:00:00,1.334e-05
2026-05-22 18:00:00,1.334e-05
2026-05-22 19:00:00,1.334e-05
2026-05-22 20:00:00,7.855e-05
2026-05-22 21:00:00,7.855e-05
2026-05-22 22:00:00,7.855e-05
2026-05-22 23:00:00,7.855e-05
2026-05-23 00:00:00,7.855e-05
2026-05-23 01:00:00,7.855e-05
2026-05-23 02:00:00,7.855e-05
2026-05-23 03:00:00,7.855e-05
2026-05-23 04:00:00,4.144e-05
2026-05-23 05:00:00,4.144e-05
2026-05-23 06:00:00,4.144e-05
2026-05-23 07:00:00,4.144e-05
2026-05-23 08:00:00,4.144e-05
2026-05-23 09:00:00,4.144e-05
2026-05-23 10:00:00,4.144e-05
2026-05-23 11:00:00,4.144e-05
2026-05-23 12:00:00,-5.39e-06
2026-05-23 13:00:00,-5.39e-06
2026-05-23 14:00:00,-5.39e-06
2026-05-23 15:00:00,-5.39e-06
2026-05-23 16:00:00,-5.39e-06
2026-05-23 17:00:00,-5.39e-06
2026-05-23 18:00:00,-5.39e-06
2026-05-23 19:00:00,-5.39e-06
2026-05-23 20:00:00,7.53e-06
2026-05-23 21:00:00,7.53e-06
2026-05-23 22:00:00,7.53e-06
2026-05-23 23:00:00,7.53e-06
2026-05-24 00:00:00,7.53e-06
2026-05-24 01:00:00,7.53e-06
2026-05-24 02:00:00,7.53e-06
2026-05-24 03:00:00,7.53e-06
2026-05-24 04:00:00,4.057e-05
2026-05-24 05:00:00,4.057e-05
2026-05-24 06:00:00,4.057e-05
2026-05-24 07:00:00,4.057e-05
2026-05-24 08:00:00,4.057e-05
2026-05-24 09:00:00,4.057e-05
2026-05-24 10:00:00,4.057e-05
2026-05-24 11:00:00,4.057e-05
2026-05-24 12:00:00,8.428e-05
2026-05-24 13:00:00,8.428e-05
2026-05-24 14:00:00,8.428e-05
2026-05-24 15:00:00,8.428e-05
2026-05-24 16:00:00,8.428e-05
2026-05-24 17:00:00,8.428e-05
2026-05-24 18:00:00,8.428e-05
2026-05-24 19:00:00,8.428e-05
2026-05-24 20:00:00,1.515e-05
2026-05-24 21:00:00,1.515e-05
2026-05-24 22:00:00,1.515e-05
2026-05-24 23:00:00,1.515e-05
2026-05-25 00:00:00,1.515e-05
2026-05-25 01:00:00,1.515e-05
2026-05-25 02:00:00,1.515e-05
2026-05-25 03:00:00,1.515e-05
2026-05-25 04:00:00,1.907e-05
2026-05-25 05:00:00,1.907e-05
2026-05-25 06:00:00,1.907e-05
2026-05-25 07:00:00,1.907e-05
2026-05-25 08:00:00,1.907e-05
2026-05-25 09:00:00,1.907e-05
2026-05-25 10:00:00,1.907e-05
2026-05-25 11:00:00,1.907e-05
2026-05-25 12:00:00,8.207e-05
2026-05-25 13:00:00,8.207e-05
2026-05-25 14:00:00,8.207e-05
2026-05-25 15:00:00,8.207e-05
2026-05-25 16:00:00,8.207e-05
2026-05-25 17:00:00,8.207e-05
2026-05-25 18:00:00,8.207e-05
2026-05-25 19:00:00,8.207e-05
2026-05-25 20:00:00,7.338e-05
2026-05-25 21:00:00,7.338e-05
2026-05-25 22:00:00,7.338e-05
2026-05-25 23:00:00,7.338e-05
2026-05-26 00:00:00,7.338e-05
2026-05-26 01:00:00,7.338e-05
2026-05-26 02:00:00,7.338e-05
2026-05-26 03:00:00,7.338e-05
2026-05-26 04:00:00,4.014e-05
2026-05-26 05:00:00,4.014e-05
2026-05-26 06:00:00,4.014e-05
2026-05-26 07:00:00,4.014e-05
2026-05-26 08:00:00,4.014e-05
2026-05-26 09:00:00,4.014e-05
2026-05-26 10:00:00,4.014e-05
2026-05-26 11:00:00,4.014e-05
2026-05-26 12:00:00,-8.67e-06
2026-05-26 13:00:00,-8.67e-06
2026-05-26 14:00:00,-8.67e-06
2026-05-26 15:00:00,-8.67e-06
2026-05-26 16:00:00,-8.67e-06
2026-05-26 17:00:00,-8.67e-06
2026-05-26 18:00:00,-8.67e-06
2026-05-26 19:00:00,-8.67e-06
2026-05-26 20:00:00,5.99e-06
2026-05-26 21:00:00,5.99e-06
2026-05-26 22:00:00,5.99e-06
2026-05-26 23:00:00,5.99e-06
2026-05-27 00:00:00,5.99e-06
2026-05-27 01:00:00,5.99e-06
2026-05-27 02:00:00,5.99e-06
2026-05-27 03:00:00,5.99e-06
2026-05-27 04:00:00,1.507e-05
2026-05-27 05:00:00,1.507e-05
2026-05-27 06:00:00,1.507e-05
2026-05-27 07:00:00,1.507e-05
2026-05-27 08:00:00,1.507e-05
2026-05-27 09:00:00,1.507e-05
2026-05-27 10:00:00,1.507e-05
2026-05-27 11:00:00,1.507e-05
2026-05-27 12:00:00,-9.095e-05
2026-05-27 13:00:00,-9.095e-05
2026-05-27 14:00:00,-9.095e-05
2026-05-27 15:00:00,-9.095e-05
2026-05-27 16:00:00,-9.095e-05
2026-05-27 17:00:00,-9.095e-05
2026-05-27 18:00:00,-9.095e-05
2026-05-27 19:00:00,-9.095e-05
2026-05-27 20:00:00,-5.58e-06
2026-05-27 21:00:00,-5.58e-06
2026-05-27 22:00:00,-5.58e-06
2026-05-27 23:00:00,-5.58e-06
2026-05-28 00:00:00,-5.58e-06
2026-05-28 01:00:00,-5.58e-06
2026-05-28 02:00:00,-5.58e-06
2026-05-28 03:00:00,-5.58e-06
2026-05-28 04:00:00,3.609e-05
2026-05-28 05:00:00,3.609e-05
2026-05-28 06:00:00,3.609e-05
2026-05-28 07:00:00,3.609e-05
2026-05-28 08:00:00,3.609e-05
2026-05-28 09:00:00,3.609e-05
2026-05-28 10:00:00,3.609e-05
2026-05-28 11:00:00,3.609e-05
2026-05-28 12:00:00,1.112e-05
2026-05-28 13:00:00,1.112e-05
2026-05-28 14:00:00,1.112e-05
2026-05-28 15:00:00,1.112e-05
2026-05-28 16:00:00,1.112e-05
2026-05-28 17:00:00,1.112e-05
2026-05-28 18:00:00,1.112e-05
2026-05-28 19:00:00,1.112e-05
2026-05-28 20:00:00,8.955e-05
2026-05-28 21:00:00,8.955e-05
2026-05-28 22:00:00,8.955e-05
2026-05-28 23:00:00,8.955e-05
2026-05-29 00:00:00,8.955e-05
2026-05-29 01:00:00,8.955e-05
2026-05-29 02:00:00,8.955e-05
2026-05-29 03:00:00,8.955e-05
2026-05-29 04:00:00,0.0001
2026-05-29 05:00:00,0.0001
2026-05-29 06:00:00,0.0001
2026-05-29 07:00:00,0.0001
2026-05-29 08:00:00,0.0001
2026-05-29 09:00:00,0.0001
2026-05-29 10:00:00,0.0001
2026-05-29 11:00:00,0.0001
2026-05-29 12:00:00,4.155e-05
2026-05-29 13:00:00,4.155e-05
2026-05-29 14:00:00,4.155e-05
2026-05-29 15:00:00,4.155e-05
2026-05-29 16:00:00,4.155e-05
2026-05-29 17:00:00,4.155e-05
2026-05-29 18:00:00,4.155e-05
2026-05-29 19:00:00,4.155e-05
2026-05-29 20:00:00,2.605e-05
2026-05-29 21:00:00,2.605e-05
2026-05-29 22:00:00,2.605e-05
2026-05-29 23:00:00,2.605e-05
2026-05-30 00:00:00,2.605e-05
2026-05-30 01:00:00,2.605e-05
2026-05-30 02:00:00,2.605e-05
2026-05-30 03:00:00,2.605e-05
2026-05-30 04:00:00,6.986e-05
2026-05-30 05:00:00,6.986e-05
2026-05-30 06:00:00,6.986e-05
2026-05-30 07:00:00,6.986e-05
2026-05-30 08:00:00,6.986e-05
2026-05-30 09:00:00,6.986e-05
2026-05-30 10:00:00,6.986e-05
2026-05-30 11:00:00,6.986e-05
2026-05-30 12:00:00,2.284e-05
2026-05-30 13:00:00,2.284e-05
2026-05-30 14:00:00,2.284e-05
2026-05-30 15:00:00,2.284e-05
2026-05-30 16:00:00,2.284e-05
2026-05-30 17:00:00,2.284e-05
2026-05-30 18:00:00,2.284e-05
2026-05-30 19:00:00,2.284e-05
2026-05-30 20:00:00,3.917e-05
2026-05-30 21:00:00,3.917e-05
2026-05-30 22:00:00,3.917e-05
2026-05-30 23:00:00,3.917e-05
2026-05-31 00:00:00,3.917e-05
2026-05-31 01:00:00,3.917e-05
2026-05-31 02:00:00,3.917e-05
2026-05-31 03:00:00,3.917e-05
2026-05-31 04:00:00,7.356e-05
2026-05-31 05:00:00,7.356e-05
2026-05-31 06:00:00,7.356e-05
2026-05-31 07:00:00,7.356e-05
2026-05-31 08:00:00,7.356e-05
2026-05-31 09:00:00,7.356e-05
2026-05-31 10:00:00,7.356e-05
2026-05-31 11:00:00,7.356e-05
2026-05-31 12:00:00,5.136e-05
2026-05-31 13:00:00,5.136e-05
2026-05-31 14:00:00,5.136e-05
2026-05-31 15:00:00,5.136e-05
2026-05-31 16:00:00,5.136e-05
2026-05-31 17:00:00,5.136e-05
2026-05-31 18:00:00,5.136e-05
2026-05-31 19:00:00,5.136e-05
2026-05-31 20:00:00,6.798e-05
2026-05-31 21:00:00,6.798e-05
2026-05-31 22:00:00,6.798e-05
2026-05-31 23:00:00,6.798e-05
2026-06-01 00:00:00,6.798e-05
2026-06-01 01:00:00,6.798e-05
2026-06-01 02:00:00,6.798e-05
2026-06-01 03:00:00,6.798e-05
2026-06-01 04:00:00,4.369e-05
2026-06-01 05:00:00,4.369e-05
2026-06-01 06:00:00,4.369e-05
2026-06-01 07:00:00,4.369e-05
2026-06-01 08:00:00,4.369e-05
2026-06-01 09:00:00,4.369e-05
2026-06-01 10:00:00,4.369e-05
2026-06-01 11:00:00,4.369e-05
2026-06-01 12:00:00,-3.38e-06
2026-06-01 13:00:00,-3.38e-06
2026-06-01 14:00:00,-3.38e-06
2026-06-01 15:00:00,-3.38e-06
2026-06-01 16:00:00,-3.38e-06
2026-06-01 17:00:00,-3.38e-06
2026-06-01 18:00:00,-3.38e-06
2026-06-01 19:00:00,-3.38e-06
2026-06-01 20:00:00,7.23e-05
2026-06-01 21:00:00,7.23e-05
2026-06-01 22:00:00,7.23e-05
2026-06-01 23:00:00,7.23e-05
2026-06-02 00:00:00,7.23e-05
2026-06-02 01:00:00,7.23e-05
2026-06-02 02:00:00,7.23e-05
2026-06-02 03:00:00,7.23e-05
2026-06-02 04:00:00,0.0001
2026-06-02 05:00:00,0.0001
2026-06-02 06:00:00,0.0001
2026-06-02 07:00:00,0.0001
2026-06-02 08:00:00,0.0001
2026-06-02 09:00:00,0.0001
2026-06-02 10:00:00,0.0001
2026-06-02 11:00:00,0.0001
2026-06-02 12:00:00,0.0001
2026-06-02 13:00:00,0.0001
2026-06-02 14:00:00,0.0001
2026-06-02 15:00:00,0.0001
2026-06-02 16:00:00,0.0001
2026-06-02 17:00:00,0.0001
2026-06-02 18:00:00,0.0001
2026-06-02 19:00:00,0.0001
2026-06-02 20:00:00,9.202e-05
2026-06-02 21:00:00,9.202e-05
2026-06-02 22:00:00,9.202e-05
2026-06-02 23:00:00,9.202e-05
2026-06-03 00:00:00,9.202e-05
2026-06-03 01:00:00,9.202e-05
2026-06-03 02:00:00,9.202e-05
2026-06-03 03:00:00,9.202e-05
2026-06-03 04:00:00,6.68e-06
2026-06-03 05:00:00,6.68e-06
2026-06-03 06:00:00,6.68e-06
2026-06-03 07:00:00,6.68e-06
2026-06-03 08:00:00,6.68e-06
2026-06-03 09:00:00,6.68e-06
2026-06-03 10:00:00,6.68e-06
2026-06-03 11:00:00,6.68e-06
2026-06-03 12:00:00,4.329e-05
2026-06-03 13:00:00,4.329e-05
2026-06-03 14:00:00,4.329e-05
2026-06-03 15:00:00,4.329e-05
