datetime,open,high,low,close,volume,turnover
2024-06-13 09:00:00,67555.3,67942.8,67152.6,67707.0,16806.975,1135289827.2033
2024-06-13 15:00:00,67707.0,68500.0,66225.9,66885.7,56276.105,3786840264.9848
2024-06-13 21:00:00,66885.7,66953.4,66477.9,66742.5,11047.556,737474746.0876
2024-06-14 03:00:00,66742.5,67191.7,66450.5,67029.8,10921.633,729646231.3934
2024-06-14 09:00:00,67029.8,67232.0,66727.3,67000.4,12199.764,817092505.7446
2024-06-14 15:00:00,67000.4,67341.0,65030.0,65378.6,55104.704,3643447037.6575
2024-06-14 21:00:00,65378.6,66600.0,65056.7,66021.2,23469.177,1543283860.7209
2024-06-15 03:00:00,66021.2,66370.0,65958.6,66202.0,7058.481,467148276.1145
2024-06-15 09:00:00,66202.0,66381.3,66045.3,66289.9,6449.799,426845934.3632
2024-06-15 15:00:00,66289.9,66446.1,66092.2,66213.8,6247.598,413955945.8367
2024-06-15 21:00:00,66213.8,66250.0,65808.1,66184.0,6014.334,397328796.3225
2024-06-16 03:00:00,66184.0,66228.7,66007.5,66227.4,3076.136,203421046.4153
2024-06-16 09:00:00,66227.4,66745.7,66145.2,66450.2,8665.592,575787771.6376
2024-06-16 15:00:00,66450.2,66780.2,66438.7,66552.2,8539.613,568690765.7292
2024-06-16 21:00:00,66552.2,66949.6,66421.1,66638.2,8813.696,587618693.3924
2024-06-17 03:00:00,66638.2,66887.4,66110.0,66332.4,13528.163,898268906.1247
2024-06-17 09:00:00,66332.4,66372.8,65526.8,65778.6,21935.901,1446338843.5804
2024-06-17 15:00:00,65778.6,66579.6,65058.0,66579.2,39303.401,2581297361.6286
2024-06-17 21:00:00,66579.2,67289.9,66105.2,66454.8,31809.195,2121316912.0514
2024-06-18 03:00:00,66454.8,66552.8,64500.0,65575.4,47976.346,3132626833.0923
2024-06-18 09:00:00,65575.4,65780.0,65080.0,65339.6,16285.837,1066049325.1066
2024-06-18 15:00:00,65339.6,65404.0,64200.0,64581.1,54113.57,3505698154.8817
2024-06-18 21:00:00,64581.1,65307.5,64026.6,65146.5,28976.637,1873932186.9639
2024-06-19 03:00:00,65146.5,65700.0,64780.0,65387.1,24500.136,1599403503.3918
2024-06-19 09:00:00,65387.1,65642.1,64953.5,65179.2,17812.791,1162523816.748
2024-06-19 15:00:00,65179.2,65280.1,64710.0,65057.6,14775.639,960344691.8028
2024-06-19 21:00:00,65057.6,65138.5,64650.0,64940.2,9665.718,627187496.1548
2024-06-20 03:00:00,64940.2,65594.0,64811.1,65495.4,12645.155,824325095.7293
2024-06-20 09:00:00,65495.4,66458.0,65356.3,66156.3,25383.081,1673443615.9216
2024-06-20 15:00:00,66156.3,66288.2,64514.2,64955.0,47511.153,3096640453.4133
2024-06-20 21:00:00,64955.0,65198.8,64820.0,64853.9,11847.626,770420012.1181
2024-06-21 03:00:00,64853.9,65070.7,64259.4,64640.1,17913.642,1158107596.5389
2024-06-21 09:00:00,64640.1,64720.1,63422.1,63731.1,37842.161,2421339931.4026
2024-06-21 15:00:00,63731.1,64339.8,63333.0,63641.8,38909.481,2480417680.479
2024-06-21 21:00:00,63641.8,64440.0,63620.8,64108.3,14315.227,917473015.4325
2024-06-22 03:00:00,64108.3,64384.0,63904.1,64384.0,5979.666,383797509.8923
2024-06-22 09:00:00,64384.0,64498.9,64171.2,64238.3,7612.964,489742192.6949
2024-06-22 15:00:00,64238.3,64371.5,64220.4,64227.9,3204.239,205954824.9236
2024-06-22 21:00:00,64227.9,64301.5,64190.0,64223.1,1901.106,122141769.3126
2024-06-23 03:00:00,64223.1,64484.1,64223.1,64341.6,4490.368,289081865.599
2024-06-23 09:00:00,64341.6,64418.5,64224.6,64310.0,3191.241,205284969.7317
2024-06-23 15:00:00,64310.0,64406.3,63878.3,64090.1,7724.308,495334513.0061
2024-06-23 21:00:00,64090.1,64160.0,63123.1,63179.9,15383.97,978319914.6038
2024-06-24 03:00:00,63179.9,63329.9,62230.5,62273.6,33922.728,2131336292.4565
2024-06-24 09:00:00,62273.6,62951.7,60348.5,61234.6,67134.762,4137582159.8487
2024-06-24 15:00:00,61234.6,61673.3,59800.2,60229.9,61892.902,3754752402.7371
2024-06-24 21:00:00,60229.9,60465.7,58320.0,60257.1,58338.258,3475701764.4023
2024-06-25 03:00:00,60257.1,61555.0,60217.9,60999.0,25387.836,1546603924.6118
2024-06-25 09:00:00,60999.0,61588.8,60581.0,61162.7,31491.704,1923099976.3768
2024-06-25 15:00:00,61162.7,62102.8,60933.0,61353.1,44110.689,2714586013.7116
2024-06-25 21:00:00,61353.1,62401.3,61110.7,61764.4,26700.079,1651832738.9899
2024-06-26 03:00:00,61764.4,62467.9,61530.0,61530.1,18139.811,1122863169.5885
2024-06-26 09:00:00,61530.1,61774.5,61120.0,61403.8,17008.454,1044530556.7834
2024-06-26 15:00:00,61403.8,61940.0,60801.3,61202.1,33520.377,2056810840.1379
2024-06-26 21:00:00,61202.1,61207.9,60666.0,60838.5,19395.165,1180909840.2254
2024-06-27 03:00:00,60838.5,61275.0,60725.9,60776.1,12354.528,753367536.5672
2024-06-27 09:00:00,60776.1,61441.9,60564.8,61166.6,17200.425,1048780986.8765
2024-06-27 15:00:00,61166.6,62380.0,61122.7,61807.1,38797.142,2395313803.1902
2024-06-27 21:00:00,61807.1,61908.8,61323.2,61659.5,10722.622,660332672.186
2024-06-28 03:00:00,61659.5,62218.0,61443.0,61572.2,16760.641,1035647484.0358
2024-06-28 09:00:00,61572.2,61780.0,61155.1,61666.3,12919.34,793752634.2705
2024-06-28 15:00:00,61666.3,61859.6,60568.1,60790.0,38315.432,2344052372.2859
2024-06-28 21:00:00,60790.0,60846.8,60011.5,60406.1,17667.362,1066315075.6411
2024-06-29 03:00:00,60406.1,60959.8,60378.1,60716.6,11713.081,711047228.1778
2024-06-29 09:00:00,60716.6,61198.9,60695.2,61070.0,10228.433,623895219.0028
2024-06-29 15:00:00,61070.0,61156.0,60880.1,61004.3,5987.612,365355329.336
2024-06-29 21:00:00,61004.3,61074.0,60762.3,60939.9,4537.08,276544977.968
2024-06-30 03:00:00,60939.9,61040.8,60673.0,60753.7,6231.682,379052524.0765
2024-06-30 09:00:00,60753.7,61776.5,60724.1,61513.6,20979.947,1289335239.5355
2024-06-30 15:00:00,61513.6,61835.0,61280.5,61671.3,13628.273,839414956.3783
2024-06-30 21:00:00,61671.3,63041.3,61639.1,62749.5,29007.984,1809335710.6737
2024-07-01 03:00:00,62749.5,63790.0,62556.3,63390.5,26760.851,1695001952.1895
2024-07-01 09:00:00,63390.5,63470.0,62560.3,62637.7,15732.783,990968641.626
2024-07-01 15:00:00,62637.7,63672.6,62464.4,63671.3,28679.787,1805832274.137
2024-07-01 21:00:00,63671.3,63845.0,62771.3,62860.1,17754.685,1123320191.887
2024-07-02 03:00:00,62860.1,63259.0,62738.1,62994.2,6851.481,431554850.644
2024-07-02 09:00:00,62994.2,63020.1,62401.3,62803.0,16050.727,1005813164.1019
2024-07-02 15:00:00,62803.0,63139.2,61779.6,62135.7,33324.054,2076108311.5779
2024-07-02 21:00:00,62135.7,62354.8,61854.7,62092.6,13226.576,821082282.867
2024-07-03 03:00:00,62092.6,62250.0,60555.1,61087.7,30739.187,1883098847.2081
2024-07-03 09:00:00,61087.7,61169.8,59500.2,60352.4,41984.735,2535520472.8397
2024-07-03 15:00:00,60352.4,60732.1,59722.0,60337.6,35170.214,2119310722.4956
2024-07-03 21:00:00,60337.6,60423.5,59350.2,60184.8,25035.909,1500664413.3361
2024-07-04 03:00:00,60184.8,60464.6,57770.2,58864.4,46729.916,2758946963.1863
2024-07-04 09:00:00,58864.4,59067.8,56930.0,57744.3,59859.076,3463886671.7855
2024-07-04 15:00:00,57744.3,58376.8,56687.5,58223.6,59031.39,3391078195.447
2024-07-04 21:00:00,58223.6,58820.7,56815.0,57034.6,31436.245,1821727907.4707
2024-07-05 03:00:00,57034.6,57523.4,53314.3,54792.6,110860.38,6154048244.0928
2024-07-05 09:00:00,54792.6,55653.7,53859.7,55458.4,50172.563,2738492495.5366
2024-07-05 15:00:00,55458.4,57035.1,54810.0,56431.1,58422.073,3267949828.7264
2024-07-05 21:00:00,56431.1,56843.6,55782.6,56602.8,20900.541,1179488468.0345
2024-07-06 03:00:00,56602.8,56977.8,56002.0,56341.6,17926.137,1010878009.7165
2024-07-06 09:00:00,56341.6,56875.5,56322.9,56711.6,9479.012,536532794.2985
2024-07-06 15:00:00,56711.6,58079.9,56480.7,57932.0,30394.78,1743461012.9866
2024-07-06 21:00:00,57932.0,58489.6,57691.1,58204.1,17355.766,1007985097.5482
2024-07-07 03:00:00,58204.1,58420.0,57415.0,57628.4,20549.278,1189973709.074
2024-07-07 09:00:00,57628.4,57897.0,57057.0,57428.0,21275.051,1222971057.2435
2024-07-07 15:00:00,57428.0,57595.2,56520.6,57210.0,27553.03,1568770962.8184
2024-07-07 21:00:00,57210.0,57376.5,55710.0,55840.0,29155.148,1648836686.4741
2024-07-08 03:00:00,55840.0,56002.2,54228.3,55460.0,52286.881,2879915013.2562
2024-07-08 09:00:00,55460.0,58195.4,55171.2,57135.3,61503.67,3504727127.0687
2024-07-08 15:00:00,57135.3,57635.9,54856.0,56255.7,72407.23,4070350960.9293
2024-07-08 21:00:00,56255.7,56954.4,56110.0,56696.5,20692.795,1168787134.7031
2024-07-09 03:00:00,56696.5,57436.0,56257.0,57267.1,25824.626,1469671587.241
2024-07-09 09:00:00,57267.1,57888.8,56974.9,57409.2,26646.124,1530790775.3981
2024-07-09 15:00:00,57409.2,58153.3,56862.0,57503.9,47509.692,2728413965.6694
2024-07-09 21:00:00,57503.9,58315.7,57417.6,58029.9,19441.815,1125813519.5037
2024-07-10 03:00:00,58029.9,59471.4,57309.1,58940.1,34898.313,2042769770.6772
2024-07-10 09:00:00,58940.1,59289.6,58275.0,58477.1,25367.675,1489259904.7099
2024-07-10 15:00:00,58477.1,58552.9,57416.1,57610.6,38159.205,2207547392.3818
2024-07-10 21:00:00,57610.6,57859.8,57127.0,57713.8,15773.539,906752313.8349
2024-07-11 03:00:00,57713.8,58382.7,57016.1,57961.9,23267.962,1343197925.0538
2024-07-11 09:00:00,57961.9,58880.1,57844.6,58735.8,20757.586,1210814717.9324
2024-07-11 15:00:00,58735.8,59661.5,57162.0,57777.9,71088.332,4147196323.0199
2024-07-11 21:00:00,57777.9,57974.1,57103.9,57312.1,15894.37,913242937.7361
2024-07-12 03:00:00,57312.1,57557.0,56513.3,57000.0,25442.252,1449490754.7505
2024-07-12 09:00:00,57000.0,57390.0,56733.0,57180.0,20561.13,1173544852.7022
2024-07-12 15:00:00,57180.0,58400.0,57063.0,58141.3,34885.277,2015502075.4164
2024-07-12 21:00:00,58141.3,58514.2,57118.0,57860.9,26875.493,1552883288.2876
2024-07-13 03:00:00,57860.9,58136.8,57711.2,58045.2,7321.59,423701902.2677
2024-07-13 09:00:00,58045.2,58852.2,57885.0,58515.2,16366.185,955439588.8845
2024-07-13 15:00:00,58515.2,58950.0,58408.0,58682.2,15590.035,914806306.1864
2024-07-13 21:00:00,58682.2,59869.9,58228.5,59181.8,25270.435,1492611459.8327
2024-07-14 03:00:00,59181.8,60274.0,59170.3,60235.3,27201.524,1624473322.0636
2024-07-14 09:00:00,60235.3,60380.0,59770.0,60070.0,17051.08,1024447457.4729
2024-07-14 15:00:00,60070.0,60217.2,59426.0,59980.0,19784.532,1184012447.3505
2024-07-14 21:00:00,59980.0,61387.9,59850.0,60755.8,32385.227,1965706954.5973
2024-07-15 03:00:00,60755.8,62955.4,60601.9,62769.9,44872.119,2785505581.3573
2024-07-15 09:00:00,62769.9,63333.0,62275.0,62438.2,28660.548,1799088397.2016
2024-07-15 15:00:00,62438.2,63721.1,62427.3,63027.3,42161.864,2659445227.6424
2024-07-15 21:00:00,63027.3,64900.0,62921.3,64696.1,45298.335,2896496558.1768
2024-07-16 03:00:00,64696.1,65019.7,63444.1,63633.7,31589.233,2032269487.9455
2024-07-16 09:00:00,63633.7,63865.0,62350.3,63729.6,50441.446,3185516840.3177
2024-07-16 15:00:00,63729.6,65213.7,63029.3,64517.6,60328.152,3868888358.0582
2024-07-16 21:00:00,64517.6,65365.0,64111.1,65027.0,29650.94,1921478652.6753
2024-07-17 03:00:00,65027.0,66119.2,64910.0,65601.0,26130.365,1715350892.2739
2024-07-17 09:00:00,65601.0,65768.6,64528.3,64694.3,31813.668,2071808020.7718
2024-07-17 15:00:00,64694.3,65384.9,63800.0,64249.9,46917.392,3031505247.0203
2024-07-17 21:00:00,64249.9,64729.4,64001.3,64048.6,16247.647,1045797383.5166
2024-07-18 03:00:00,64048.6,65132.9,63858.7,64727.0,20725.689,1337703396.9429
2024-07-18 09:00:00,64727.0,65033.4,64401.2,64719.6,14951.127,967662516.2901
2024-07-18 15:00:00,64719.6,65086.9,63265.4,63534.7,43368.477,2777054387.1031
2024-07-18 21:00:00,63534.7,64097.5,63200.0,63966.8,16745.299,1065745394.7711
2024-07-19 03:00:00,63966.8,64371.0,63281.0,64152.7,17303.761,1105457922.4551
2024-07-19 09:00:00,64152.7,64476.4,63361.9,64101.9,27346.432,1746627084.223
2024-07-19 15:00:00,64101.9,66844.7,64012.6,66742.5,67720.696,4442340255.691
2024-07-19 21:00:00,66742.5,67368.4,66410.0,66631.9,29535.653,1977352339.6426
2024-07-20 03:00:00,66631.9,66797.4,66202.0,66504.1,10825.246,719887418.9059
2024-07-20 09:00:00,66504.1,66743.7,66421.0,66445.0,8061.3,536481591.6037
2024-07-20 15:00:00,66445.0,67599.9,66251.0,67372.8,22022.623,1474669835.9057
2024-07-20 21:00:00,67372.8,67564.0,66754.0,67103.2,16306.89,1095252911.9619
2024-07-21 03:00:00,67103.2,67398.0,66859.8,67014.8,7920.001,531660629.1973
2024-07-21 09:00:00,67014.8,67058.4,66556.0,66851.1,11433.708,763660471.8095
2024-07-21 15:00:00,66851.1,67721.5,66400.0,66608.0,29465.75,1977395384.9216
2024-07-21 21:00:00,66608.0,68371.7,65738.0,68150.0,53388.784,3590482373.3841
2024-07-22 03:00:00,68150.0,68467.9,67491.8,67604.7,17376.71,1180935205.8585
2024-07-22 09:00:00,67604.7,67719.3,66925.0,67498.5,17370.66,1169131161.6697
2024-07-22 15:00:00,67498.5,67940.0,66543.0,67441.5,33658.436,2260620061.8432
2024-07-22 21:00:00,67441.5,68249.8,67132.1,67493.6,25638.721,1735805291.8919
2024-07-23 03:00:00,67493.6,67719.8,66299.0,66404.3,22632.975,1516827081.0673
2024-07-23 09:00:00,66404.3,67141.7,66230.0,66640.8,22480.601,1499206250.9965
2024-07-23 15:00:00,66640.8,67347.2,65639.1,65901.6,61056.989,4055117874.7107
2024-07-23 21:00:00,65901.6,66090.2,65371.6,65922.1,23991.001,1578150110.1018
2024-07-24 03:00:00,65922.1,66163.3,65449.4,65793.7,14387.507,946920542.6964
2024-07-24 09:00:00,65793.7,66611.8,65750.0,66361.0,15658.095,1037571683.6001
2024-07-24 15:00:00,66361.0,67105.2,65933.4,66571.5,36716.72,2441974280.288
2024-07-24 21:00:00,66571.5,66647.2,64903.0,65364.6,32528.647,2135959811.6759
2024-07-25 03:00:00,65364.6,65618.0,63750.0,64243.3,42159.428,2715104366.3086
2024-07-25 09:00:00,64243.3,64463.7,63800.0,64075.8,21336.952,1368323927.5472
2024-07-25 15:00:00,64075.8,65150.0,63378.5,65009.8,51988.426,3343364980.9218
2024-07-25 21:00:00,65009.8,66205.8,64330.0,65767.6,33101.007,2161010105.3711
2024-07-26 03:00:00,65767.6,67467.0,65695.0,66896.1,32567.225,2174214398.0749
2024-07-26 09:00:00,66896.1,67500.0,66855.0,67295.0,16271.845,1092994320.4114
2024-07-26 15:00:00,67295.0,68012.8,66857.6,67343.5,39924.775,2693450679.7236
2024-07-26 21:00:00,67343.5,68212.6,67303.7,67881.2,22115.037,1498900900.7745
2024-07-27 03:00:00,67881.2,68058.9,67616.0,67865.8,8853.228,600512722.4607
2024-07-27 09:00:00,67865.8,68288.1,67854.5,68203.6,12028.796,819062288.0734
2024-07-27 15:00:00,68203.6,69400.0,68180.0,68518.3,40676.073,2798847741.6423
2024-07-27 21:00:00,68518.3,69222.0,66608.3,67902.0,103415.404,7025736515.3215
2024-07-28 03:00:00,67902.0,68315.5,67026.9,67410.2,22001.8,1488685175.274
2024-07-28 09:00:00,67410.2,67990.0,67191.7,67825.1,12069.44,815336104.4189
2024-07-28 15:00:00,67825.1,68118.0,67588.0,67981.4,12528.337,849948701.1425
2024-07-28 21:00:00,67981.4,68337.9,67804.0,68240.9,10610.319,722639320.3305
2024-07-29 03:00:00,68240.9,69900.0,68158.1,69659.0,34428.763,2381335830.9605
2024-07-29 09:00:00,69659.0,69896.8,69371.0,69576.1,17474.992,1216641595.4231
2024-07-29 15:00:00,69576.1,70136.9,66360.9,66990.0,93017.375,6341624346.2756
2024-07-29 21:00:00,66990.0,67532.2,66562.1,66757.7,25747.627,1730005366.3587
2024-07-30 03:00:00,66757.7,66850.8,65801.4,66440.1,33140.864,2198693472.6174
2024-07-30 09:00:00,66440.1,66958.9,66362.2,66533.9,15463.033,1031099796.6029
2024-07-30 15:00:00,66533.9,66924.6,65522.0,65843.1,41822.049,2767397064.2082
2024-07-30 21:00:00,65843.1,66339.4,65265.0,66170.0,26266.56,1730109597.5508
2024-07-31 03:00:00,66170.0,66416.9,65477.0,66148.5,17333.459,1143316653.0048
2024-07-31 09:00:00,66148.5,66533.0,65901.3,66070.1,17066.104,1130521945.1211
2024-07-31 15:00:00,66070.1,66832.0,65940.0,66677.2,28143.688,1869682982.6416
2024-07-31 21:00:00,66677.2,66730.1,64502.4,64615.9,51598.406,3371454683.8482
2024-08-01 03:00:00,64615.9,64822.5,63513.5,64277.7,36686.421,2351446903.3222
2024-08-01 09:00:00,64277.7,64666.0,64080.0,64637.9,17197.337,1107704308.1881
2024-08-01 15:00:00,64637.9,64938.0,62217.7,63175.3,70672.17,4475818326.8078
2024-08-01 21:00:00,63175.3,65634.3,62755.0,65341.1,51742.589,3328625402.0032
2024-08-02 03:00:00,65341.1,65576.4,63650.0,64150.0,30294.862,1953820364.4093
2024-08-02 09:00:00,64150.0,64980.0,63756.6,64639.4,23695.114,1526127969.0272
2024-08-02 15:00:00,64639.4,65490.0,62410.0,63064.5,87446.929,5586974702.634
2024-08-02 21:00:00,63064.5,63200.0,61171.5,61459.0,54433.431,3387036300.9865
2024-08-03 03:00:00,61459.0,61943.3,60465.0,61665.5,35556.286,2177647866.7805
2024-08-03 09:00:00,61665.5,61977.1,61418.8,61880.0,11445.782,706133589.7188
2024-08-03 15:00:00,61880.0,62154.0,60303.9,60539.8,45511.911,2781307455.318
2024-08-03 21:00:00,60539.8,60843.3,59822.0,60682.0,38865.676,2345278939.1322
2024-08-04 03:00:00,60682.0,61088.0,60270.5,60761.2,12613.782,765853905.4602
2024-08-04 09:00:00,60761.2,60974.0,60076.0,60870.0,14209.476,860665139.7119
2024-08-04 15:00:00,60870.0,61056.8,57150.0,57836.0,81987.043,4834806315.255
2024-08-04 21:00:00,57836.0,59559.4,57705.6,58131.6,51198.208,3006488471.3163
2024-08-05 03:00:00,58131.6,58278.3,52157.6,52682.5,174995.954,9545685056.7543
2024-08-05 09:00:00,52682.5,53212.3,48914.1,51302.1,155390.187,8002340507.5737
2024-08-05 15:00:00,51302.1,55555.0,49521.1,54679.3,172850.479,9086080827.0582
2024-08-05 21:00:00,54679.3,55188.0,52521.1,53988.2,59851.109,3225596622.7447
2024-08-06 03:00:00,53988.2,56288.0,53917.3,55909.8,43161.795,2398712344.5702
2024-08-06 09:00:00,55909.8,56160.1,54581.1,55186.1,44299.214,2448656488.6194
2024-08-06 15:00:00,55186.1,56936.2,54324.7,56471.3,81198.629,4536690287.4415
2024-08-06 21:00:00,56471.3,57056.1,55682.0,55989.8,39837.197,2247837261.6362
2024-08-07 03:00:00,55989.8,57285.6,55518.4,56769.1,41510.009,2351462948.4295
2024-08-07 09:00:00,56769.1,57762.5,56510.0,56941.4,33047.301,1889674264.804
2024-08-07 15:00:00,56941.4,57467.8,55401.0,55545.7,57488.151,3239308849.377
2024-08-07 21:00:00,55545.7,55608.7,54517.7,55109.5,42167.966,2319935024.6218
2024-08-08 03:00:00,55109.5,57674.8,54705.0,56934.4,48220.551,2731717456.1205
2024-08-08 09:00:00,56934.4,57665.0,56764.2,57295.1,23901.825,1368991427.8629
2024-08-08 15:00:00,57295.1,59885.0,56622.0,59433.9,95775.511,5592595902.593
2024-08-08 21:00:00,59433.9,62743.1,59181.0,61670.2,55418.616,3380549736.4867
2024-08-09 03:00:00,61670.2,61733.0,60544.2,60955.2,27259.343,1667505946.4906
2024-08-09 09:00:00,60955.2,61230.8,60129.2,60632.1,26033.961,1580827441.3599
2024-08-09 15:00:00,60632.1,61111.1,59488.0,60170.8,55913.12,3368779270.273
2024-08-09 21:00:00,60170.8,60974.1,59811.3,60814.9,30029.009,1815634758.6982
2024-08-10 03:00:00,60814.9,61459.9,60223.0,60341.3,17565.981,1066540296.1871
2024-08-10 09:00:00,60341.3,61089.5,60312.3,60898.2,11941.71,725553318.6237
2024-08-10 15:00:00,60898.2,60921.6,60365.0,60746.0,10759.077,651948075.1699
2024-08-10 21:00:00,60746.0,61237.1,60703.2,60893.7,10340.955,630510462.5554
2024-08-11 03:00:00,60893.7,61370.4,60843.9,61088.1,9499.15,580104429.2726
2024-08-11 09:00:00,61088.1,61880.0,60388.0,60637.1,24124.525,1473233214.0694
2024-08-11 15:00:00,60637.1,60744.4,59908.3,60240.5,21486.163,1295159864.6871
2024-08-11 21:00:00,60240.5,60320.9,58264.0,58703.4,44904.076,2648873307.8071
2024-08-12 03:00:00,58703.4,59073.6,58024.1,58550.1,23283.786,1361846196.8284
2024-08-12 09:00:00,58550.1,59938.0,57555.0,59812.4,52396.1,3075071556.7674
2024-08-12 15:00:00,59812.4,60691.5,57736.0,59269.0,88903.872,5284536177.1461
2024-08-12 21:00:00,59269.0,59749.3,58396.2,59316.1,33063.104,1952253802.9505
2024-08-13 03:00:00,59316.1,59902.3,58815.6,59195.2,21206.835,1259002866.1488
2024-08-13 09:00:00,59195.2,59465.5,58380.0,58797.4,21798.69,1284597238.9811
2024-08-13 15:00:00,58797.4,61576.7,58663.8,61132.5,67633.209,4062033139.2975
2024-08-13 21:00:00,61132.5,61180.0,60208.2,60558.8,26071.399,1583040647.1243
2024-08-14 03:00:00,60558.8,61282.0,60400.0,60797.3,13524.286,822507267.7729
2024-08-14 09:00:00,60797.3,61454.8,60587.2,61255.6,17714.965,1080046759.564
2024-08-14 15:00:00,61255.6,61950.3,58519.9,59131.2,95941.802,5741036939.0875
2024-08-14 21:00:00,59131.2,59446.0,58399.1,58647.7,19789.574,1165645363.6846
2024-08-15 03:00:00,58647.7,59057.3,57905.3,58296.0,22686.153,1325321302.7052
2024-08-15 09:00:00,58296.0,58881.6,57690.0,58726.5,26474.717,1542288909.5011
2024-08-15 15:00:00,58726.5,59833.7,58446.5,58844.1,56859.586,3369231927.5455
2024-08-15 21:00:00,58844.1,58847.2,56052.1,57515.9,79034.727,4530996644.6337
2024-08-16 03:00:00,57515.9,58544.6,57071.7,58163.6,25245.871,1459926539.5282
2024-08-16 09:00:00,58163.6,58669.5,58026.0,58375.2,20925.21,1222196434.7389
2024-08-16 15:00:00,58375.2,59347.2,57472.7,59197.2,60627.047,3532298559.1152
2024-08-16 21:00:00,59197.2,59800.1,58671.2,58850.0,29556.583,1753218313.4222
2024-08-17 03:00:00,58850.0,59370.3,58765.0,59140.4,10776.961,637023107.0887
2024-08-17 09:00:00,59140.4,59458.0,59017.7,59106.3,9225.715,546045354.0099
2024-08-17 15:00:00,59106.3,59698.8,59068.0,59403.5,12851.389,763475641.7155
2024-08-17 21:00:00,59403.5,59520.0,59101.2,59475.1,6169.043,366029687.2671
2024-08-18 03:00:00,59475.1,60288.5,59222.0,59455.8,22212.058,1326207968.1218
2024-08-18 09:00:00,59455.8,60174.9,59402.7,59987.8,13975.401,835907740.2134
2024-08-18 15:00:00,59987.8,60249.8,59324.7,59514.8,15033.892,899151016.3761
2024-08-18 21:00:00,59514.8,59844.0,58400.0,58406.4,20524.905,1213454330.0989
2024-08-19 03:00:00,58406.4,58740.0,58140.7,58456.2,22198.163,1297713206.181
2024-08-19 09:00:00,58456.2,58724.0,57753.1,58358.1,25708.649,1496651853.6481
2024-08-19 15:00:00,58358.1,59272.0,58020.0,59004.0,38652.943,2265466480.5425
2024-08-19 21:00:00,59004.0,59600.0,58703.3,59403.9,20642.826,1220556608.1902
2024-08-20 03:00:00,59403.9,61455.8,59326.1,61087.9,47645.309,2884846352.3857
2024-08-20 09:00:00,61087.9,61114.0,60357.5,60488.3,17767.247,1079417095.0744
2024-08-20 15:00:00,60488.3,60930.0,58400.0,59005.0,67921.318,4042247111.9358
2024-08-20 21:00:00,59005.0,59743.0,58804.5,58978.0,27763.151,1645976575.7598
2024-08-21 03:00:00,58978.0,59484.8,58728.4,59350.0,10317.962,610324669.9112
2024-08-21 09:00:00,59350.0,59989.7,59050.4,59324.0,23279.508,1384258377.8739
2024-08-21 15:00:00,59324.0,60201.1,58805.0,59906.1,52697.894,3139080611.9287
2024-08-21 21:00:00,59906.1,61835.0,59820.0,61120.6,58765.9,3587563112.5944
2024-08-22 03:00:00,61120.6,61198.3,59623.9,60700.1,26770.862,1618691020.4842
2024-08-22 09:00:00,60700.1,61386.2,60660.6,61300.6,18391.424,1121921630.252
2024-08-22 15:00:00,61300.6,61373.4,60066.5,60133.6,42692.022,2586725495.5039
2024-08-22 21:00:00,60133.6,60703.4,60100.0,60355.3,15414.139,930986853.1363
2024-08-23 03:00:00,60355.3,61069.7,60316.1,60837.6,13963.637,848278623.2667
2024-08-23 09:00:00,60837.6,61333.0,60661.1,60712.1,18789.027,1146610385.3706
2024-08-23 15:00:00,60712.1,63007.5,60712.1,62975.0,81333.776,5015033957.1104
2024-08-23 21:00:00,62975.0,65041.9,62625.0,64005.0,66810.648,4261778199.4029
2024-08-24 03:00:00,64005.0,64161.8,63596.8,63972.1,11212.01,716161900.3707
2024-08-24 09:00:00,63972.1,64485.0,63818.1,63888.1,15076.208,967286141.7723
2024-08-24 15:00:00,63888.1,64389.0,63818.0,64029.8,14198.03,910229857.4896
2024-08-24 21:00:00,64029.8,64422.5,63520.0,64130.3,15523.042,993099773.5139
2024-08-25 03:00:00,64130.3,64800.0,63957.3,64119.2,13086.798,840642154.1789
2024-08-25 09:00:00,64119.2,64148.8,63750.0,63871.7,10271.285,656172648.7547
2024-08-25 15:00:00,63871.7,64274.2,63793.2,64114.5,9652.119,618384451.9637
2024-08-25 21:00:00,64114.5,64992.6,64037.7,64180.9,18666.867,1203148832.2008
2024-08-26 03:00:00,64180.9,64447.6,63729.4,63923.1,13229.882,847009879.031
2024-08-26 09:00:00,63923.1,64029.9,63177.0,63821.2,23381.814,1489493229.0988
2024-08-26 15:00:00,63821.2,63935.0,63034.8,63361.6,39374.102,2499364932.8736
2024-08-26 21:00:00,63361.6,63700.0,62777.0,62812.0,21261.599,1344032078.6432
2024-08-27 03:00:00,62812.0,63203.2,62620.0,63124.9,16551.547,1041609362.7964
2024-08-27 09:00:00,63124.9,63133.4,62200.0,62393.8,25896.913,1620505096.4176
2024-08-27 15:00:00,62393.8,62472.3,61410.0,61917.0,51959.953,3217051688.4289
2024-08-27 21:00:00,61917.0,62200.0,57869.5,59366.7,88427.042,5304191366.3664
2024-08-28 03:00:00,59366.7,59637.6,58868.8,59257.1,22128.02,1311143926.0515
2024-08-28 09:00:00,59257.1,60244.9,58445.9,59906.2,40591.195,2411169116.6243
2024-08-28 15:00:00,59906.2,60133.6,57800.0,58606.8,70911.534,4179923436.2855
2024-08-28 21:00:00,58606.8,59799.0,58538.7,59013.1,35796.769,2117722925.2612
2024-08-29 03:00:00,59013.1,59440.0,58833.3,59409.9,11989.202,708743892.544
2024-08-29 09:00:00,59409.9,60450.0,59333.0,60033.0,23681.24,1416120918.9476
2024-08-29 15:00:00,60033.0,61148.7,59953.6,60508.3,46062.494,2789087698.8867
2024-08-29 21:00:00,60508.3,60537.3,58618.2,59315.8,44788.671,2659488654.6535
2024-08-30 03:00:00,59315.8,59446.7,58643.0,58756.7,16533.155,976066446.1311
2024-08-30 09:00:00,58756.7,59649.9,58680.9,59364.9,21656.897,1285347464.3721
2024-08-30 15:00:00,59364.9,59922.0,57665.7,58606.1,71645.774,4206643906.856
2024-08-30 21:00:00,58606.1,59390.8,58591.3,59100.9,23317.175,1376180441.7419
2024-08-31 03:00:00,59100.9,59437.7,59030.6,59190.1,6598.587,390886253.3819
2024-08-31 09:00:00,59190.1,59245.6,58801.7,59094.5,9831.33,580370407.2199
2024-08-31 15:00:00,59094.5,59230.0,58705.9,58989.6,11075.06,653438923.9677
2024-08-31 21:00:00,58989.6,59144.0,58758.3,58944.4,6155.217,362927875.5452
2024-09-01 03:00:00,58944.4,59053.1,57719.8,57959.0,22519.477,1313291717.0458
2024-09-01 09:00:00,57959.0,58510.1,57800.0,58204.0,19670.861,1143823952.6642
2024-09-01 15:00:00,58204.0,58354.2,56913.4,58095.1,37028.726,2143363683.6132
2024-09-01 21:00:00,58095.1,58790.8,57161.9,57266.1,32315.242,1870947038.1338
2024-09-02 03:00:00,57266.1,57970.2,57072.2,57750.8,27085.96,1558080432.4177
2024-09-02 09:00:00,57750.8,58646.9,57322.1,58394.4,27313.454,1587015827.9972
2024-09-02 15:00:00,58394.4,58800.0,58062.9,58491.7,24344.644,1422906558.896
2024-09-02 21:00:00,58491.7,59423.1,58290.6,59116.7,22062.119,1301111240.7775
2024-09-03 03:00:00,59116.7,59805.0,58963.7,59158.3,17948.283,1064750487.1416
2024-09-03 09:00:00,59158.3,59169.5,58680.1,59042.8,15913.693,937879452.2778
2024-09-03 15:00:00,59042.8,59331.9,57540.0,57668.0,52104.101,3029961995.6507
2024-09-03 21:00:00,57668.0,58224.0,57356.7,57450.2,21071.729,1219519630.0392
2024-09-04 03:00:00,57450.2,57923.7,55501.0,56218.1,55169.656,3119863925.1936
2024-09-04 09:00:00,56218.1,56879.7,56200.0,56540.0,18653.18,1054747467.4151
2024-09-04 15:00:00,56540.0,58499.8,56130.0,57839.9,67482.85,3875058808.2117
2024-09-04 21:00:00,57839.9,58378.0,57594.2,57937.8,18824.279,1090694835.4433
2024-09-05 03:00:00,57937.8,58300.0,56886.0,57169.0,23974.657,1376487984.5301
2024-09-05 09:00:00,57169.0,57218.7,56491.0,56665.9,26785.527,1522791642.2283
2024-09-05 15:00:00,56665.9,57319.3,55761.7,56581.6,72642.449,4104550982.5156
2024-09-05 21:00:00,56581.6,56684.2,55509.8,56150.5,26142.823,1466743687.1392
2024-09-06 03:00:00,56150.5,56844.7,55948.0,56464.7,18731.92,1057866650.4671
2024-09-06 09:00:00,56464.7,56494.2,55205.0,55977.3,40697.416,2271151212.3299
2024-09-06 15:00:00,55977.3,56997.6,53611.1,53910.0,134900.98,7426984871.7938
2024-09-06 21:00:00,53910.0,53982.1,52500.2,53934.0,63390.224,3381780199.5175
2024-09-07 03:00:00,53934.0,54347.7,53733.0,54154.0,12889.218,695949753.574
2024-09-07 09:00:00,54154.0,54478.7,54012.6,54308.1,13804.404,749155004.5464
2024-09-07 15:00:00,54308.1,54827.5,53970.3,54110.4,20623.33,1123605378.3858
2024-09-07 21:00:00,54110.4,54438.6,53782.5,54139.5,16309.789,882360332.2207
2024-09-08 03:00:00,54139.5,54565.5,53942.1,54320.2,12014.054,652485868.738
2024-09-08 09:00:00,54320.2,54699.8,54233.7,54534.3,11049.637,602026487.6331
2024-09-08 15:00:00,54534.3,54549.5,53607.5,54482.4,28311.359,1531745122.4341
2024-09-08 21:00:00,54482.4,55300.0,54159.9,54850.0,29308.719,1602999603.953
2024-09-09 03:00:00,54850.0,55375.8,54560.3,54645.3,22915.159,1259825562.2476
2024-09-09 09:00:00,54645.3,55532.5,54619.9,55239.9,21191.452,1169096855.7289
2024-09-09 15:00:00,55239.9,56749.6,54760.0,56486.7,66824.271,3719504982.2666
2024-09-09 21:00:00,56486.7,58150.2,56232.0,57014.5,41051.724,2346152330.5689
2024-09-10 03:00:00,57014.5,57044.4,56350.0,56915.1,20576.972,1167277816.201
2024-09-10 09:00:00,56915.1,57346.0,56740.7,57196.0,20156.808,1150578317.9268
2024-09-10 15:00:00,57196.0,57497.1,56485.1,57150.7,47272.154,2690615078.3072
2024-09-10 21:00:00,57150.7,58039.7,57150.7,57620.3,30457.547,1756074153.9949
2024-09-11 03:00:00,57620.3,57732.3,56037.8,56220.0,41673.749,2366128570.4224
2024-09-11 09:00:00,56220.0,56866.1,56150.3,56778.6,25198.928,1424811777.67
2024-09-11 15:00:00,56778.6,57884.0,55530.1,57675.2,96668.685,5470094512.8242
2024-09-11 21:00:00,57675.2,57977.4,57182.5,57310.4,22983.721,1322622475.6573
2024-09-12 03:00:00,57310.4,58466.0,57298.5,57948.4,28938.544,1677983460.3582
2024-09-12 09:00:00,57948.4,58326.3,57801.2,58035.0,15335.596,890292553.9747
2024-09-12 15:00:00,58035.0,58580.9,57306.6,58380.1,60537.778,3501284316.6263
2024-09-12 21:00:00,58380.1,58446.0,57645.6,58104.8,25637.41,1490605971.8018
2024-09-13 03:00:00,58104.8,58232.1,57794.0,57910.7,10181.332,590288119.7203
2024-09-13 09:00:00,57910.7,58335.7,57700.7,57842.0,16583.201,962280080.8957
2024-09-13 15:00:00,57842.0,59950.0,57579.0,59545.0,68273.967,4012975878.2853
2024-09-13 21:00:00,59545.0,60624.2,59428.9,60466.3,35413.228,2127895260.4197
2024-09-14 03:00:00,60466.3,60584.2,59873.4,59894.0,11870.027,715739197.4492
2024-09-14 09:00:00,59894.0,60152.7,59560.0,59670.1,13219.983,791728247.2986
2024-09-14 15:00:00,59670.1,59991.8,59596.3,59862.3,10769.475,644168994.9577
2024-09-14 21:00:00,59862.3,60135.9,59357.7,59968.0,15281.439,913646606.6882
2024-09-15 03:00:00,59968.0,60250.3,59959.6,60119.4,6020.125,362003540.8672
2024-09-15 09:00:00,60119.4,60177.6,59832.0,59975.3,6768.241,406223905.6846
2024-09-15 15:00:00,59975.3,60392.8,59677.6,59788.1,18740.226,1125458548.7135
2024-09-15 21:00:00,59788.1,60165.2,58652.1,59101.2,31234.095,1855947597.9842
2024-09-16 03:00:00,59101.2,59182.0,58065.0,58637.1,32754.909,1916416842.2415
2024-09-16 09:00:00,58637.1,59159.0,58474.9,58633.6,20747.08,1219644760.2282
2024-09-16 15:00:00,58633.6,58760.0,57450.0,58153.2,50341.349,2919282979.4954
2024-09-16 21:00:00,58153.2,58399.0,57569.5,58185.0,20094.932,1164088747.9232
2024-09-17 03:00:00,58185.0,58772.3,57568.0,58617.6,20140.09,1169980844.729
2024-09-17 09:00:00,58617.6,59280.0,58420.6,59059.0,21858.087,1287240563.2161
2024-09-17 15:00:00,59059.0,61330.0,58838.5,60933.9,85833.282,5176920297.5555
2024-09-17 21:00:00,60933.9,61059.1,59531.2,60275.1,35669.074,2147845116.3243
2024-09-18 03:00:00,60275.1,60747.0,59835.0,60212.0,17309.319,1043702690.0754
2024-09-18 09:00:00,60212.0,60532.2,59353.1,59825.9,22239.645,1332576291.739
2024-09-18 15:00:00,59825.9,60249.2,59126.2,59988.0,40081.139,2391028840.5389
2024-09-18 21:00:00,59988.0,61776.9,59447.4,61743.7,92005.449,5569799070.6162
2024-09-19 03:00:00,61743.7,62578.2,61523.6,61969.9,36323.868,2253706756.9323
2024-09-19 09:00:00,61969.9,62723.9,61782.2,62608.0,24286.738,1511539440.0869
2024-09-19 15:00:00,62608.0,63856.0,62536.0,63683.9,63721.153,4025656430.7791
2024-09-19 21:00:00,63683.9,63749.9,62620.0,62922.8,25547.516,1613687154.9587
2024-09-20 03:00:00,62922.8,64131.7,62562.5,63769.9,30944.777,1963587447.8916
2024-09-20 09:00:00,63769.9,63909.0,63076.1,63426.6,23956.085,1520725491.0797
2024-09-20 15:00:00,63426.6,63537.7,62550.0,62674.4,45242.618,2849522493.1765
2024-09-20 21:00:00,62674.4,63289.3,62310.0,63173.8,18780.978,1180575387.0323
2024-09-21 03:00:00,63173.8,63280.0,62712.8,62877.7,9881.631,621957284.2633
2024-09-21 09:00:00,62877.7,63117.8,62852.2,63055.6,7012.636,441876905.7536
2024-09-21 15:00:00,63055.6,63391.2,62984.3,63261.1,9930.077,627310407.5818
2024-09-21 21:00:00,63261.1,63544.0,63014.5,63311.5,7678.54,485467871.4446
2024-09-22 03:00:00,63311.5,63421.1,62801.0,62900.0,10042.879,633297463.3714
2024-09-22 09:00:00,62900.0,63013.0,62525.0,62747.1,14127.635,886653893.8453
2024-09-22 15:00:00,62747.1,63124.7,62434.1,63034.4,14675.031,920499817.2232
2024-09-22 21:00:00,63034.4,64000.0,62350.0,63549.9,33754.003,2135839260.411
2024-09-23 03:00:00,63549.9,64774.2,62537.1,63721.4,46774.955,2986311279.2724
2024-09-23 09:00:00,63721.4,63741.0,63230.0,63396.4,19758.115,1254524350.2449
2024-09-23 15:00:00,63396.4,63849.7,63035.6,63284.6,43200.681,2737223509.4689
2024-09-23 21:00:00,63284.6,63542.5,63060.0,63305.9,14879.179,942171010.7459
2024-09-24 03:00:00,63305.9,63383.5,62634.0,63200.1,21146.629,1332030007.6519
2024-09-24 09:00:00,63200.1,63935.0,63200.0,63448.1,23356.463,1484544150.8687
2024-09-24 15:00:00,63448.1,63987.3,62666.0,63743.1,42686.226,2702106038.3818
2024-09-24 21:00:00,63743.1,64749.9,63511.8,64248.6,34927.894,2241888804.9516
2024-09-25 03:00:00,64248.6,64876.5,63957.8,64150.1,19661.514,1265371588.5641
2024-09-25 09:00:00,64150.1,64150.1,63377.4,63813.2,22755.089,1450277301.9619
2024-09-25 15:00:00,63813.2,63992.4,62957.6,63150.2,30909.58,1963753363.2385
2024-09-25 21:00:00,63150.2,63550.0,62900.0,63130.1,17652.118,1116430696.9561
2024-09-26 03:00:00,63130.1,63709.7,62650.0,63569.1,19973.64,1262469639.8539
2024-09-26 09:00:00,63569.1,64497.2,63552.8,64375.0,25980.148,1663694667.5928
2024-09-26 15:00:00,64375.0,65850.0,64131.0,65097.0,76019.583,4936043419.8711
2024-09-26 21:00:00,65097.0,65282.0,64588.0,65145.8,27750.942,1802476625.5173
2024-09-27 03:00:00,65145.8,65450.0,64789.0,65331.9,17352.232,1130699556.0313
2024-09-27 09:00:00,65331.9,65980.0,65179.7,65417.5,30803.081,2019379730.763
2024-09-27 15:00:00,65417.5,66520.0,65284.0,65882.8,57120.587,3769587240.0877
2024-09-27 21:00:00,65882.8,65945.9,65483.6,65746.5,13350.764,877583878.9117
2024-09-28 03:00:00,65746.5,66319.9,65688.3,65930.1,9778.806,645349462.8815
2024-09-28 09:00:00,65930.1,65935.5,65423.7,65766.9,11854.491,778411977.7214
2024-09-28 15:00:00,65766.9,65785.0,65394.5,65609.3,9098.574,596703188.3254
2024-09-28 21:00:00,65609.3,65968.4,65310.0,65823.0,8012.649,526170264.6787
2024-09-29 03:00:00,65823.0,65970.0,65488.5,65571.4,6640.882,436640605.5243
2024-09-29 09:00:00,65571.4,65733.0,65370.5,65682.0,8238.017,539897757.6204
2024-09-29 15:00:00,65682.0,65910.0,65556.4,65803.5,10525.757,691911887.963
2024-09-29 21:00:00,65803.5,66174.5,65496.4,65571.7,11776.38,774815828.3046
2024-09-30 03:00:00,65571.7,65604.8,64170.0,64501.7,37791.681,2445766459.764
2024-09-30 09:00:00,64501.7,64689.0,63225.1,63793.8,47570.465,3039272098.5943
2024-09-30 15:00:00,63793.8,64174.9,63350.0,63667.1,35307.528,2251492683.103
2024-09-30 21:00:00,63667.1,63872.9,62800.0,63276.8,35935.237,2276183864.2125
2024-10-01 03:00:00,63276.8,63878.7,62929.9,63728.0,24192.399,1534397861.8309
2024-10-01 09:00:00,63728.0,64096.6,63684.0,63704.7,17799.441,1137547068.4083
2024-10-01 15:00:00,63704.7,63780.0,61021.4,62143.1,142128.902,8854513937.7191
2024-10-01 21:00:00,62143.1,62439.0,60118.9,60790.0,68125.451,4168889515.9546
2024-10-02 03:00:00,60790.0,61859.8,60710.0,61463.7,23604.925,1449674427.8438
2024-10-02 09:00:00,61463.7,61921.7,60840.0,61137.1,31025.929,1905488227.2983
2024-10-02 15:00:00,61137.1,62416.3,60502.8,61606.3,63068.318,3871803513.9549
2024-10-02 21:00:00,61606.3,61667.3,59952.9,60617.5,56885.484,3445987817.5171
2024-10-03 03:00:00,60617.5,61460.0,60506.7,61154.3,22747.567,1389537349.1157
2024-10-03 09:00:00,61154.3,61398.0,60092.0,60740.6,37315.473,2263378437.5737
2024-10-03 15:00:00,60740.6,60875.9,59840.2,60614.3,78150.294,4717117333.3198
2024-10-03 21:00:00,60614.3,61095.0,60503.3,60725.9,19101.358,1161129192.8936
2024-10-04 03:00:00,60725.9,61249.9,60414.0,61199.9,19117.795,1165000170.5347
2024-10-04 09:00:00,61199.9,61649.7,61026.7,61428.8,21051.647,1291878772.7013
2024-10-04 15:00:00,61428.8,62325.4,60753.9,61953.4,70440.108,4337410895.3624
2024-10-04 21:00:00,61953.4,62469.0,61877.7,62063.9,20200.422,1257333810.9263
2024-10-05 03:00:00,62063.9,62175.9,61650.0,62109.6,10083.068,624626155.4157
2024-10-05 09:00:00,62109.6,62300.0,62037.3,62153.5,6906.451,429349124.729
2024-10-05 15:00:00,62153.5,62365.9,61881.0,61988.6,9287.737,576951892.5628
2024-10-05 21:00:00,61988.6,62086.7,61677.5,62035.0,9667.565,598019026.4312
2024-10-06 03:00:00,62035.0,62125.7,61791.3,61918.6,5841.691,361834226.6608
2024-10-06 09:00:00,61918.6,62144.3,61865.9,62074.1,5269.438,326749532.9223
2024-10-06 15:00:00,62074.1,62900.0,62034.1,62550.0,22991.782,1437547272.0913
2024-10-06 21:00:00,62550.0,62973.3,62253.8,62792.9,15534.17,972938382.9869
2024-10-07 03:00:00,62792.9,63949.0,62624.3,63352.5,31379.457,1992212864.3706
2024-10-07 09:00:00,63352.5,63695.6,62633.0,63115.4,27646.564,1745827947.8991
2024-10-07 15:00:00,63115.4,64464.0,62788.0,63808.6,53171.669,3388033697.7171
2024-10-07 21:00:00,63808.6,63808.6,62055.0,62191.2,43162.453,2714561404.8332
2024-10-08 03:00:00,62191.2,62790.6,62108.5,62478.6,19768.273,1235285872.3452
2024-10-08 09:00:00,62478.6,62649.6,61944.2,62600.0,19050.113,1187393207.9873
2024-10-08 15:00:00,62600.0,63189.7,61803.4,62361.6,56818.765,3549372348.59
2024-10-08 21:00:00,62361.6,62543.6,61836.0,62120.7,19225.749,1195468162.1354
2024-10-09 03:00:00,62120.7,62525.0,61952.7,62506.9,12351.629,769326931.5578
2024-10-09 09:00:00,62506.9,62522.6,62020.6,62173.8,9725.24,604823351.8819
2024-10-09 15:00:00,62173.8,62390.0,61620.0,61725.4,47654.005,2950631260.8347
2024-10-09 21:00:00,61725.4,61796.2,60266.0,60607.7,45957.509,2800575221.1197
2024-10-10 03:00:00,60607.7,61023.0,60339.0,60904.2,16128.273,979185459.2563
2024-10-10 09:00:00,60904.2,61286.4,60591.0,61232.2,20825.173,1270129160.968
2024-10-10 15:00:00,61232.2,61288.0,59517.0,59584.6,63319.3,3835345048.522
2024-10-10 21:00:00,59584.6,60297.3,58900.0,60295.6,41166.326,2448864189.9459
2024-10-11 03:00:00,60295.6,60754.0,60064.4,60571.2,15234.565,921257175.683
2024-10-11 09:00:00,60571.2,61263.3,60571.2,61146.8,22051.385,1344100110.695
2024-10-11 15:00:00,61146.8,62950.0,61094.7,62899.9,68714.863,4257990847.6644
2024-10-11 21:00:00,62899.9,63436.0,62306.4,62499.6,36870.798,2316667750.4865
2024-10-12 03:00:00,62499.6,63078.1,62457.9,62747.1,17106.945,1072525139.3757
2024-10-12 09:00:00,62747.1,63245.2,62620.0,62918.9,11651.036,732985936.8512
2024-10-12 15:00:00,62918.9,63467.4,62785.9,63065.6,20732.582,1308786845.695
2024-10-12 21:00:00,63065.6,63355.6,62881.7,63177.5,7882.51,497458836.4949
2024-10-13 03:00:00,63177.5,63269.5,62607.0,62828.6,15022.276,944158040.7218
2024-10-13 09:00:00,62828.6,62967.0,62488.0,62536.4,10967.925,687874372.6842
2024-10-13 15:00:00,62536.4,62864.0,62012.1,62486.6,30523.449,1905172567.0172
2024-10-13 21:00:00,62486.6,63100.0,62281.4,62838.7,15661.559,982231333.575
2024-10-14 03:00:00,62838.7,64539.6,62422.5,63909.5,43018.712,2741062689.8716
2024-10-14 09:00:00,63909.5,65151.8,63770.1,64903.5,43355.554,2800115379.8396
2024-10-14 15:00:00,64903.5,66283.8,64611.5,65625.1,64252.973,4211763331.7835
2024-10-14 21:00:00,65625.1,67300.0,65557.8,66080.1,33455.978,2211566172.7461
2024-10-15 03:00:00,66080.1,66337.0,65210.2,65361.1,21755.552,1428810585.1408
2024-10-15 09:00:00,65361.1,65854.3,65254.0,65380.0,22238.117,1458632323.6174
2024-10-15 15:00:00,65380.0,67999.0,64762.1,66807.1,146307.002,9706913330.4249
2024-10-15 21:00:00,66807.1,67396.0,66100.6,67057.4,38691.747,2582949174.8744
2024-10-16 03:00:00,67057.4,67570.1,66727.0,67200.0,20565.441,1381437368.2894
2024-10-16 09:00:00,67200.0,68525.0,66750.0,67883.9,50296.682,3402930277.2587
2024-10-16 15:00:00,67883.9,68327.0,67085.3,67927.1,56970.773,3857943662.0982
2024-10-16 21:00:00,67927.1,68051.1,67461.7,67595.1,17644.811,1195137027.938
2024-10-17 03:00:00,67595.1,67921.0,67227.8,67315.4,15663.188,1057896787.4981
2024-10-17 09:00:00,67315.4,67515.0,66787.5,66861.3,23495.193,1577311371.8159
2024-10-17 15:00:00,66861.3,67666.6,66650.1,67262.3,46282.418,3106542020.116
2024-10-17 21:00:00,67262.3,67457.9,66675.7,67390.4,23324.555,1562327810.9239
2024-10-18 03:00:00,67390.4,68300.0,67157.0,67981.8,28177.885,1910275650.0299
2024-10-18 09:00:00,67981.8,68400.0,67644.5,67678.6,22250.186,1512830948.7959
2024-10-18 15:00:00,67678.6,68950.0,67621.6,68693.9,58735.878,4018197829.9543
2024-10-18 21:00:00,68693.9,69049.7,68100.0,68402.4,20886.857,1432670845.1298
2024-10-19 03:00:00,68402.4,68685.0,68271.8,68372.1,8229.248,563154990.1046
2024-10-19 09:00:00,68372.1,68472.8,68051.9,68064.6,9607.689,655930547.4128
2024-10-19 15:00:00,68064.6,68339.3,67980.0,68113.7,9571.082,652368481.6901
2024-10-19 21:00:00,68113.7,68407.0,68074.8,68369.5,5333.391,364091474.8524
2024-10-20 03:00:00,68369.5,68442.1,68074.9,68198.0,5726.76,390651325.9532
2024-10-20 09:00:00,68198.0,68502.2,68150.5,68396.9,6204.91,424265556.2805
2024-10-20 15:00:00,68396.9,68786.9,68177.5,68550.1,12725.975,871962866.5166
2024-10-20 21:00:00,68550.1,69428.0,68447.6,69034.0,23783.429,1640357959.0604
2024-10-21 03:00:00,69034.0,69555.0,68600.0,68994.3,20525.454,1418602933.5014
2024-10-21 09:00:00,68994.3,69174.5,68122.1,68249.5,21597.72,1479590162.6258
2024-10-21 15:00:00,68249.5,68342.4,66853.3,67538.8,62836.797,4237513288.2858
2024-10-21 21:00:00,67538.8,67943.9,67055.0,67368.1,20487.003,1384282256.4035
2024-10-22 03:00:00,67368.1,67700.0,66560.9,67580.0,25420.383,1708152356.4078
2024-10-22 09:00:00,67580.0,67796.2,66732.6,67293.8,27072.233,1818849006.343
2024-10-22 15:00:00,67293.8,67678.2,66613.1,67319.9,46077.63,3095061601.7119
2024-10-22 21:00:00,67319.9,67847.0,67232.0,67409.5,14950.952,1009399490.1313
2024-10-23 03:00:00,67409.5,67477.7,66850.5,67069.2,15849.21,1064131866.5749
2024-10-23 09:00:00,67069.2,67294.0,66162.8,66398.0,31875.034,2123081652.0308
2024-10-23 15:00:00,66398.0,66905.9,65623.8,65717.3,57145.372,3783005579.6252
2024-10-23 21:00:00,65717.3,66815.4,65240.2,66659.1,41329.05,2730180439.6314
2024-10-24 03:00:00,66659.1,67637.1,66509.3,67362.1,23416.046,1575005013.6625
2024-10-24 09:00:00,67362.1,67479.9,66721.5,67287.4,22532.031,1511576207.8557
2024-10-24 15:00:00,67287.4,68000.0,67256.9,67633.9,42433.273,2871209954.9055
2024-10-24 21:00:00,67633.9,68847.2,67603.0,68171.2,39445.68,2691617260.3309
2024-10-25 03:00:00,68171.2,68258.0,67560.1,67728.8,16969.115,1152061082.0779
2024-10-25 09:00:00,67728.8,68174.1,67215.1,68084.6,26561.067,1796768681.6991
2024-10-25 15:00:00,68084.6,68755.0,66702.0,66800.1,59587.256,4042137394.7843
2024-10-25 21:00:00,66800.1,67574.4,65524.5,66666.8,80853.674,5388382100.3234
2024-10-26 03:00:00,66666.8,67197.1,66408.4,67105.0,18018.036,1203084979.8261
2024-10-26 09:00:00,67105.0,67240.0,66933.2,67104.6,7953.713,533552419.809
2024-10-26 15:00:00,67104.6,67151.3,66701.5,67034.2,11504.339,769621859.9511
2024-10-26 21:00:00,67034.2,67442.7,66993.0,67069.1,7060.599,474309138.9411
2024-10-27 03:00:00,67069.1,67307.3,66905.2,67160.8,6139.837,411912124.2583
2024-10-27 09:00:00,67160.8,67246.9,67012.1,67099.1,5312.777,356615996.7112
2024-10-27 15:00:00,67099.1,67999.3,67099.0,67737.5,18854.731,1275379472.1141
2024-10-27 21:00:00,67737.5,68311.6,67500.6,68001.1,16799.325,1141793351.9636
2024-10-28 03:00:00,68001.1,68103.2,67571.4,67875.5,12298.014,833873863.4644
2024-10-28 09:00:00,67875.5,68826.1,67769.4,68757.0,30790.756,2108311442.682
2024-10-28 15:00:00,68757.0,69280.0,68365.2,68949.8,54269.495,3737626014.0375
2024-10-28 21:00:00,68949.8,70449.9,68807.9,69947.6,50581.895,3525011130.8481
2024-10-29 03:00:00,69947.6,71645.0,69735.4,71033.9,41653.023,2954406334.201
2024-10-29 09:00:00,71033.9,71594.0,70827.8,71463.5,21673.29,1544027107.1764
2024-10-29 15:00:00,71463.5,73056.4,70923.4,72724.0,85849.237,6186413623.4517
2024-10-29 21:00:00,72724.0,73681.8,71887.1,72757.5,56183.443,4091198810.4121
2024-10-30 03:00:00,72757.5,72813.6,72028.6,72545.0,17254.557,1248963158.4949
2024-10-30 09:00:00,72545.0,72649.0,71930.0,72000.0,18513.76,1339475604.5288
2024-10-30 15:00:00,72000.0,72491.0,71455.1,71920.1,39709.009,2857827303.7829
2024-10-30 21:00:00,71920.1,73044.2,71644.1,72386.3,37346.607,2701535181.1115
2024-10-31 03:00:00,72386.3,72638.3,72056.5,72312.2,12843.58,929119587.0717
2024-10-31 09:00:00,72312.2,72736.4,72150.0,72223.1,17710.654,1282035665.1434
2024-10-31 15:00:00,72223.1,72280.6,70377.9,70828.4,70706.989,5028214908.0692
2024-10-31 21:00:00,70828.4,70830.0,69719.3,70332.3,36465.643,2563885468.181
2024-11-01 03:00:00,70332.3,70506.8,68855.0,69634.4,34073.181,2369940063.1206
2024-11-01 09:00:00,69634.4,70265.1,69086.3,70034.6,23106.726,1610433795.0075
2024-11-01 15:00:00,70034.6,71650.0,69018.0,69581.6,89004.208,6262295815.6897
2024-11-01 21:00:00,69581.6,69648.0,68800.0,69495.5,30547.812,2114599475.4227
2024-11-02 03:00:00,69495.5,69919.0,69435.5,69715.4,8221.273,572557937.209
2024-11-02 09:00:00,69715.4,69844.0,69387.5,69597.5,8682.842,604491115.3254
2024-11-02 15:00:00,69597.5,69687.0,68981.6,69392.4,18750.361,1300267534.3501
2024-11-02 21:00:00,69392.4,69568.7,69136.3,69363.6,7893.231,547480832.0134
2024-11-03 03:00:00,69363.6,69382.9,67820.0,68431.8,34717.701,2376678203.5114
2024-11-03 09:00:00,68431.8,68766.0,68181.4,68344.8,13466.443,921570143.7643
2024-11-03 15:00:00,68344.8,68565.5,67456.1,68345.7,44580.028,3032262459.1423
2024-11-03 21:00:00,68345.7,69339.7,67644.0,68743.6,32379.236,2222714726.9434
2024-11-04 03:00:00,68743.6,69497.0,68200.0,68810.1,20770.86,1431415308.2828
2024-11-04 09:00:00,68810.1,69168.0,68438.3,68779.4,17882.338,1229649722.5553
2024-11-04 15:00:00,68779.4,69246.3,67213.2,67825.7,56254.305,3834684073.9097
2024-11-04 21:00:00,67825.7,68107.3,66808.0,67838.7,46550.319,3141132541.9848
2024-11-05 03:00:00,67838.7,68799.8,67449.5,68737.7,18435.847,1255486982.5266
2024-11-05 09:00:00,68737.7,69112.0,68567.0,68810.2,17004.13,1170247240.0396
2024-11-05 15:00:00,68810.2,70540.0,68665.4,69918.0,63248.087,4409969482.605
2024-11-05 21:00:00,69918.0,70244.2,68678.0,69345.7,44537.763,3091786567.4619
2024-11-06 03:00:00,69345.7,75389.0,69256.7,74807.7,154773.475,11309806457.3061
2024-11-06 09:00:00,74807.7,75499.8,72729.6,74315.7,84078.56,6225463340.4224
2024-11-06 15:00:00,74315.7,74816.4,73500.0,74477.8,65528.239,4862580867.8892
2024-11-06 21:00:00,74477.8,76433.6,74425.4,75599.9,52153.9,3942761094.2583
2024-11-07 03:00:00,75599.9,76119.0,74654.5,74813.8,30064.344,2263013806.8561
2024-11-07 09:00:00,74813.8,75228.9,74476.3,74787.0,19822.116,1484533411.2908
2024-11-07 15:00:00,74787.0,76543.5,74522.1,76295.9,41308.291,3120453064.8091
2024-11-07 21:00:00,76295.9,76890.0,75500.0,75874.8,45312.868,3456134675.594
2024-11-08 03:00:00,75874.8,76397.3,75610.0,76034.2,15714.337,1194332045.7171
2024-11-08 09:00:00,76034.2,76374.0,75703.0,75974.4,14651.094,1113894474.5591
2024-11-08 15:00:00,75974.4,76659.8,75649.0,76408.1,41715.434,3176234027.2965
2024-11-08 21:00:00,76408.1,77220.3,76258.0,76514.2,31454.146,2413788396.6254
2024-11-09 03:00:00,76514.2,76685.7,76150.0,76571.0,9584.934,732507602.6666
2024-11-09 09:00:00,76571.0,76831.0,76362.3,76508.1,10268.516,786073745.8899
2024-11-09 15:00:00,76508.1,76558.6,75703.7,76250.1,15002.132,1142689072.1193
2024-11-09 21:00:00,76250.1,76950.0,76121.8,76701.7,15681.165,1199917271.7646
2024-11-10 03:00:00,76701.7,79899.7,76508.2,79160.1,61380.922,4810663516.3563
2024-11-10 09:00:00,79160.1,80196.0,78673.4,79933.5,33158.692,2633477507.7336
2024-11-10 15:00:00,79933.5,80863.2,79200.8,80420.4,39350.915,3142852278.9827
2024-11-10 21:00:00,80420.4,81700.0,78529.9,80428.5,70026.638,5615855310.0038
2024-11-11 03:00:00,80428.5,81943.8,80267.8,80781.6,32618.688,2647437283.625
2024-11-11 09:00:00,80781.6,82440.9,80631.8,82184.7,32550.059,2657842258.9917
2024-11-11 15:00:00,82184.7,84949.9,81463.7,84637.0,107417.903,8943409072.9189
2024-11-11 21:00:00,84637.0,89828.0,84239.9,88765.4,129292.901,11276227275.0561
2024-11-12 03:00:00,88765.4,89594.2,86565.6,88482.4,69784.023,6158456949.4591
2024-11-12 09:00:00,88482.4,90077.0,85458.2,87255.9,97825.091,8603672392.4571
2024-11-12 15:00:00,87255.9,87991.2,85150.0,87019.0,90640.671,7849775764.024
2024-11-12 21:00:00,87019.0,90000.0,86927.2,87968.0,56485.421,5010867288.8339
2024-11-13 03:00:00,87968.0,88616.3,86235.5,86566.0,39413.318,3446317285.0648
2024-11-13 09:00:00,86566.0,88174.0,86113.6,87710.2,32476.115,2832975172.6396
2024-11-13 15:00:00,87710.2,93400.0,87550.0,92314.7,120599.943,10977972493.7732
2024-11-13 21:00:00,92314.7,93234.8,87968.8,90411.2,88772.853,8012904384.6386
2024-11-14 03:00:00,90411.2,90646.0,89301.6,90020.0,24564.029,2210800881.5445
2024-11-14 09:00:00,90020.0,91755.8,89162.0,91549.9,38730.677,3514797875.2649
2024-11-14 15:00:00,91549.9,91889.7,87514.1,89253.0,82073.016,7334644793.8844
2024-11-14 21:00:00,89253.0,89708.5,86661.0,87367.3,49821.163,4384915017.2188
2024-11-15 03:00:00,87367.3,88550.1,87083.7,87749.4,24921.238,2190118801.7303
2024-11-15 09:00:00,87749.4,89806.0,87400.1,89775.3,25434.199,2255792544.7364
2024-11-15 15:00:00,89775.3,90787.8,87768.1,89503.1,69244.166,6186034558.1761
2024-11-15 21:00:00,89503.1,91948.0,89222.1,91125.2,38244.99,3473209510.0553
2024-11-16 03:00:00,91125.2,91856.3,90935.5,91413.9,13653.965,1247367805.8709
2024-11-16 09:00:00,91413.9,91683.6,91070.0,91246.5,10523.519,961322095.4543
2024-11-16 15:00:00,91246.5,91390.0,90125.0,90994.8,22390.613,2032884083.895
2024-11-16 21:00:00,90994.8,91491.9,90268.6,90625.4,14163.044,1287692414.5328
2024-11-17 03:00:00,90625.4,90968.7,89418.6,90541.4,22902.088,2066813062.2483
2024-11-17 09:00:00,90541.4,91601.8,90431.9,90771.5,16768.612,1525493801.174
2024-11-17 15:00:00,90771.5,91275.2,90000.0,90674.2,17342.986,1570769601.1232
2024-11-17 21:00:00,90674.2,90725.2,88735.7,89900.0,26257.281,2354446062.5325
2024-11-18 03:00:00,89900.0,91091.4,89667.2,90704.6,14318.739,1295273814.7931
2024-11-18 09:00:00,90704.6,92444.0,90092.0,90339.9,38866.184,3555010822.1062
2024-11-18 15:00:00,90339.9,92757.6,89424.0,91661.5,76461.889,6962605309.2658
2024-11-18 21:00:00,91661.5,92044.1,89721.0,90535.0,42855.168,3900526778.9078
2024-11-19 03:00:00,90535.0,91989.9,90435.9,91965.6,15672.137,1430029306.5903
2024-11-19 09:00:00,91965.6,92117.1,91242.0,91719.0,18301.077,1679029278.1812
2024-11-19 15:00:00,91719.0,93373.1,91020.0,92925.2,63599.636,5861307794.3811
2024-11-19 21:00:00,92925.2,93980.0,91228.0,92341.4,61662.467,5726854011.5201
2024-11-20 03:00:00,92341.4,92592.0,91511.0,92575.5,16336.704,1503568157.4733
2024-11-20 09:00:00,92575.5,93733.6,92366.3,93527.6,24134.653,2248290108.0062
2024-11-20 15:00:00,93527.6,94898.9,93333.0,93921.0,62361.667,5874439006.9423
2024-11-20 21:00:00,93921.0,94650.0,93100.0,94315.3,28343.436,2662946123.562
2024-11-21 03:00:00,94315.3,97969.1,94032.0,97376.4,67059.188,6444794413.9928
2024-11-21 09:00:00,97376.4,98450.0,96779.3,98034.8,34203.248,3337809657.0431
2024-11-21 15:00:00,98034.8,98330.1,95666.1,98146.5,59975.901,5825465959.1326
2024-11-21 21:00:00,98146.5,99111.0,97533.3,98382.9,44127.96,4336995085.048
2024-11-22 03:00:00,98382.9,99428.6,97824.5,98850.5,24163.95,2383643399.2431
2024-11-22 09:00:00,98850.5,99572.0,98305.4,98955.0,24161.439,2390047456.082
2024-11-22 15:00:00,98955.0,99388.7,97210.0,98854.2,56483.474,5551776706.6435
2024-11-22 21:00:00,98854.2,99690.0,98536.3,98947.0,28532.272,2828794668.8217
2024-11-23 03:00:00,98947.0,98970.9,98325.0,98813.7,11484.796,1132376676.0477
2024-11-23 09:00:00,98813.7,98874.6,98390.0,98479.3,7054.509,695347278.1706
2024-11-23 15:00:00,98479.3,98935.0,97380.0,97980.1,24393.366,2394236236.0758
2024-11-23 21:00:00,97980.1,98128.9,97185.9,97740.2,15070.001,1472112511.1983
2024-11-24 03:00:00,97740.2,98653.3,97697.3,98360.5,10166.296,998726927.2995
2024-11-24 09:00:00,98360.5,98500.0,97293.6,97340.1,12246.821,1198879197.8028
2024-11-24 15:00:00,97340.1,97710.0,95800.3,95965.3,44948.881,4346126923.3715
2024-11-24 21:00:00,95965.3,98473.7,95895.7,98027.7,22814.103,2219991125.072
2024-11-25 03:00:00,98027.7,98328.6,96938.6,98150.9,19102.523,1866971786.0755
2024-11-25 09:00:00,98150.9,98979.9,97811.9,98264.1,19814.955,1950343768.9955
2024-11-25 15:00:00,98264.1,98406.8,94650.0,95312.9,75273.061,7244676047.1486
2024-11-25 21:00:00,95312.9,96002.0,92620.0,93004.1,63477.357,5981650950.6547
2024-11-26 03:00:00,93004.1,94975.0,92731.2,94710.9,22234.729,2094542727.4586
2024-11-26 09:00:00,94710.9,95063.1,91500.2,92400.1,51709.807,4806324962.1451
2024-11-26 15:00:00,92400.1,94749.9,91783.9,93622.5,51570.312,4804392261.6672
2024-11-26 21:00:00,93622.5,93707.7,90835.5,92025.6,48200.091,4431709528.2665
2024-11-27 03:00:00,92025.6,93284.0,91857.6,92831.5,22796.42,2111658145.7316
2024-11-27 09:00:00,92831.5,93967.9,92831.5,93431.3,15848.806,1481548276.1786
2024-11-27 15:00:00,93431.3,96432.1,92889.0,96321.5,51876.161,4925814880.8247
2024-11-27 21:00:00,96321.5,97276.0,95810.9,95908.7,27930.294,2694230109.3209
2024-11-28 03:00:00,95908.7,96648.0,94840.6,95500.1,25083.398,2402004081.1143
2024-11-28 09:00:00,95500.1,95875.0,94707.0,95524.0,22426.48,2137145197.9805
2024-11-28 15:00:00,95524.0,96300.0,94854.9,94955.9,22563.842,2153485968.2517
2024-11-28 21:00:00,94955.9,96097.6,94770.4,95702.8,12394.688,1182060273.8176
2024-11-29 03:00:00,95702.8,96951.9,95420.3,96224.0,15975.44,1538853612.9478
2024-11-29 09:00:00,96224.0,97478.6,95669.8,97327.3,19894.767,1919572252.0349
2024-11-29 15:00:00,97327.3,98735.3,96833.2,97029.2,44611.706,4362417969.4695
2024-11-29 21:00:00,97029.2,97712.8,96910.5,97526.7,12064.737,1173856012.0277
2024-11-30 03:00:00,97526.7,97539.8,96429.6,97162.8,13691.241,1325574851.2472
2024-11-30 09:00:00,97162.8,97324.1,96151.0,96334.8,14286.993,1381512330.067
2024-11-30 15:00:00,96334.8,97036.5,96310.0,96845.4,8072.043,780405084.5217
2024-11-30 21:00:00,96845.4,97129.9,96381.9,96484.0,6069.849,587454755.5201
2024-12-01 03:00:00,96484.0,96749.5,95750.0,96405.4,18491.757,1780796788.261
2024-12-01 09:00:00,96405.4,97290.0,96378.1,97177.1,11487.209,1113579503.8999
2024-12-01 15:00:00,97177.1,97473.0,96733.0,97387.5,11967.401,1163316075.2734
2024-12-01 21:00:00,97387.5,97929.4,96823.7,97265.4,15171.157,1477579887.9269
2024-12-02 03:00:00,97265.4,98270.7,96105.0,96421.5,25992.62,2524812791.1926
2024-12-02 09:00:00,96421.5,96527.8,94858.0,95177.1,31609.189,3019461617.6707
2024-12-02 15:00:00,95177.1,97450.0,94455.0,94661.9,56136.602,5398653187.0336
2024-12-02 21:00:00,94661.9,96397.7,94540.5,95886.6,21629.958,2067531787.6435
2024-12-03 03:00:00,95886.6,96389.0,95452.6,96214.5,10454.596,1003158624.6345
2024-12-03 09:00:00,96214.5,96343.6,94655.4,95055.0,18021.292,1718109904.8172
2024-12-03 15:00:00,95055.0,96333.0,93605.4,95914.7,61257.128,5822389355.349
2024-12-03 21:00:00,95914.7,96221.0,95010.0,95919.6,16612.326,1589758996.8235
2024-12-04 03:00:00,95919.6,96736.8,95277.7,96570.0,14999.408,1440133563.1541
2024-12-04 09:00:00,96570.0,97066.6,96260.0,96283.1,14584.07,1410096524.4976
2024-12-04 15:00:00,96283.1,96663.9,94638.0,95609.4,45117.998,4315895989.3576
2024-12-04 21:00:00,95609.4,99117.6,95504.8,98671.8,56358.109,5516570472.2035
2024-12-05 03:00:00,98671.8,104698.8,97966.7,102636.9,85979.54,8742617438.758
2024-12-05 09:00:00,102636.9,103288.0,101416.6,102698.1,25614.679,2623940207.6237
2024-12-05 15:00:00,102698.1,103697.4,100647.1,101413.4,54302.702,5548887170.3623
2024-12-05 21:00:00,101413.4,101644.9,90530.0,96977.9,116814.738,11370043024.0902
2024-12-06 03:00:00,96977.9,98878.8,96319.6,97922.9,29489.858,2880147101.7377
2024-12-06 09:00:00,97922.9,98750.0,97660.5,98101.4,19654.429,1929318484.4765
2024-12-06 15:00:00,98101.4,101356.9,97517.5,100861.8,49811.991,4942017683.0103
2024-12-06 21:00:00,100861.8,101998.7,99076.4,99789.9,36260.39,3663173285.6425
2024-12-07 03:00:00,99789.9,100496.8,98883.4,99207.4,14182.681,1414482001.6462
2024-12-07 09:00:00,99207.4,99876.3,99111.0,99655.0,10843.892,1079022875.767
2024-12-07 15:00:00,99655.0,99897.9,99063.5,99704.1,11196.792,1114528090.3253
2024-12-07 21:00:00,99704.1,100540.2,99646.1,99913.0,11283.293,1129339001.124
2024-12-08 03:00:00,99913.0,100418.4,99344.3,99601.0,7467.873,746213575.7185
2024-12-08 09:00:00,99601.0,99953.0,98729.1,99784.9,14061.936,1397755227.2758
2024-12-08 15:00:00,99784.9,100596.4,99406.1,100011.3,17796.441,1778683447.3897
2024-12-08 21:00:00,100011.3,101464.8,99524.0,101186.8,14460.229,1450269837.009
2024-12-09 03:00:00,101186.8,101296.1,98245.5,99492.6,28236.452,2810844577.1047
2024-12-09 09:00:00,99492.6,99816.0,98093.1,98137.5,29057.501,2875133942.6197
2024-12-09 15:00:00,98137.5,100500.0,97350.6,97398.7,51718.474,5101834740.4981
2024-12-09 21:00:00,97398.7,98300.0,93888.0,97329.0,66397.565,6411590857.7875
2024-12-10 03:00:00,97329.0,98187.0,95559.7,96968.5,31715.881,3073999829.582
2024-12-10 09:00:00,96968.5,97981.4,96822.9,97759.5,15760.548,1535932144.7565
2024-12-10 15:00:00,97759.5,98299.0,94275.1,94441.4,80522.124,7742782020.5641
2024-12-10 21:00:00,94441.4,97185.7,94190.8,96552.8,25440.593,2440010551.2755
2024-12-11 03:00:00,96552.8,97676.3,95574.3,97467.4,20447.002,1977742834.4208
2024-12-11 09:00:00,97467.4,98467.0,97212.0,98297.9,18657.844,1828220419.6068
2024-12-11 15:00:00,98297.9,101099.0,98066.1,99770.9,52083.357,5195411192.7698
2024-12-11 21:00:00,99770.9,101961.0,99605.2,101128.3,31402.841,3171417887.8941
2024-12-12 03:00:00,101128.3,101867.5,100372.5,100650.1,21890.439,2210491336.32
2024-12-12 09:00:00,100650.1,101149.3,100158.1,100389.6,12094.599,1217216863.1997
2024-12-12 15:00:00,100389.6,102636.2,100387.7,101653.6,46524.968,4720373341.4371
2024-12-12 21:00:00,101653.6,101708.1,99300.0,99982.5,36807.235,3682684786.18
2024-12-13 03:00:00,99982.5,100346.1,99168.0,99865.8,11861.145,1183081441.356
2024-12-13 09:00:00,99865.8,100797.0,99447.4,100357.4,15145.309,1517050952.6894
2024-12-13 15:00:00,100357.4,101791.6,99630.2,101735.5,37617.63,3787299278.8497
2024-12-13 21:00:00,101735.5,101935.7,101038.1,101415.8,16139.959,1637788395.3135
2024-12-14 03:00:00,101415.8,102748.0,101133.6,101744.5,17695.207,1804980569.5297
2024-12-14 09:00:00,101744.5,102029.3,101333.0,101597.5,6942.51,705774849.6691
2024-12-14 15:00:00,101597.5,101770.9,100808.0,100973.7,14729.611,1492096799.9505
2024-12-14 21:00:00,100973.7,101492.5,100577.1,101419.9,11892.869,1201850400.4882
2024-12-15 03:00:00,101419.9,102888.1,101243.4,102147.5,15480.638,1581354422.4866
2024-12-15 09:00:00,102147.5,102684.9,101470.1,102660.1,9962.335,1016908344.8594
2024-12-15 15:00:00,102660.1,103555.0,102480.0,103156.9,20742.004,2135676400.2439
2024-12-15 21:00:00,103156.9,105338.2,102600.0,104515.6,30989.49,3220891821.5952
2024-12-16 03:00:00,104515.6,106727.8,104150.0,105030.0,34488.095,3630365739.2913
2024-12-16 09:00:00,105030.0,105438.9,103653.5,103776.1,17289.292,1809372291.4927
2024-12-16 15:00:00,103776.1,107243.2,103304.3,107092.2,54289.037,5736056023.0379
2024-12-16 21:00:00,107092.2,107850.0,105476.5,106094.2,30502.923,3248665403.9119
2024-12-17 03:00:00,106094.2,107074.6,105668.1,106839.9,13443.043,1430293273.3885
2024-12-17 09:00:00,106839.9,107550.0,106364.4,106816.0,13942.735,1492904347.0905
2024-12-17 15:00:00,106816.0,108421.6,105680.9,107506.4,46963.055,5025359544.1682
2024-12-17 21:00:00,107506.4,107669.9,105300.0,106084.6,26413.224,2808338660.0303
2024-12-18 03:00:00,106084.6,106470.3,103207.6,103523.9,38572.871,4039977827.7481
2024-12-18 09:00:00,103523.9,104978.2,103057.1,104971.5,22627.268,2355476015.0996
2024-12-18 15:00:00,104971.5,105309.2,103369.0,104623.9,35127.644,3665750687.2695
2024-12-18 21:00:00,104623.9,104968.2,99800.0,100148.6,87545.403,8918384266.3258
2024-12-19 03:00:00,100148.6,101362.5,98700.0,101243.8,41486.658,4157638949.8284
2024-12-19 09:00:00,101243.8,102554.7,100947.4,102417.8,16495.896,1678932186.2573
2024-12-19 15:00:00,102417.8,102742.4,97255.0,98781.4,70818.649,7096336488.9354
2024-12-19 21:00:00,98781.4,99000.0,95640.5,97399.4,73285.337,7129812456.854
2024-12-20 03:00:00,97399.4,97800.0,95912.0,96695.0,29854.684,2897115710.9524
2024-12-20 09:00:00,96695.0,98221.5,92533.3,92681.1,69411.378,6597646897.9804
2024-12-20 15:00:00,92681.1,97640.0,92230.0,97159.2,68480.563,6533308383.1873
2024-12-20 21:00:00,97159.2,97775.6,95355.0,97757.3,23343.059,2258779448.4332
2024-12-21 03:00:00,97757.3,98640.4,97122.6,98633.6,9673.713,945036835.3588
2024-12-21 09:00:00,98633.6,99482.8,97746.0,98207.7,22315.948,2199760271.0089
2024-12-21 15:00:00,98207.7,98246.2,96326.7,97545.2,24304.585,2365022256.2699
2024-12-21 21:00:00,97545.2,97999.0,96478.5,97249.7,13358.064,1298337758.9791
2024-12-22 03:00:00,97249.7,97431.6,95839.1,96116.0,11553.975,1116363014.4582
2024-12-22 09:00:00,96116.0,97317.0,96032.0,97047.3,11957.437,1156341986.6733
2024-12-22 15:00:00,97047.3,97265.6,95056.0,95562.0,23627.948,2264503982.8147
2024-12-22 21:00:00,95562.0,96437.1,94200.0,95144.7,29225.067,2784664636.303
2024-12-23 03:00:00,95144.7,96470.0,93635.9,95570.8,31207.634,2964609192.8231
2024-12-23 09:00:00,95570.8,96500.0,94650.0,95891.3,18615.01,1778763759.9923
2024-12-23 15:00:00,95891.3,96391.9,92881.1,93333.7,46207.313,4352375010.0065
2024-12-23 21:00:00,93333.7,95472.6,92465.8,94837.0,29432.068,2757212152.1171
2024-12-24 03:00:00,94837.0,94837.0,93508.6,94557.5,15569.028,1466605391.9655
2024-12-24 09:00:00,94557.5,94599.5,93751.7,94356.3,12386.787,1166258218.7842
2024-12-24 15:00:00,94356.3,98980.0,94031.0,98735.2,46501.129,4521315060.4714
2024-12-24 21:00:00,98735.2,99435.7,97198.6,98628.3,31513.523,3096342339.2881
2024-12-25 03:00:00,98628.3,98852.0,97688.1,98247.2,11822.068,1161043037.7056
2024-12-25 09:00:00,98247.2,99338.9,97750.0,97890.0,19631.875,1932839645.5932
2024-12-25 15:00:00,97890.0,98817.9,97562.6,98544.6,17311.662,1701598689.248
2024-12-25 21:00:00,98544.6,99590.0,98337.1,99405.2,18639.616,1844707408.6287
2024-12-26 03:00:00,99405.2,99950.0,98031.0,98327.0,20484.296,2025852761.0451
2024-12-26 09:00:00,98327.0,98444.4,95137.5,95659.0,38210.327,3681645315.0605
2024-12-26 15:00:00,95659.0,96575.1,95178.6,95760.0,27706.582,2654484208.066
2024-12-26 21:00:00,95760.0,96140.0,95250.0,95743.2,14267.237,1364532200.1872
2024-12-27 03:00:00,95743.2,96557.5,95351.1,96209.1,13066.029,1254667586.9809
2024-12-27 09:00:00,96209.1,97500.0,94594.9,96900.0,36191.97,3479704207.1566
2024-12-27 15:00:00,96900.0,96995.7,93380.1,94229.9,41988.443,3983606154.8774
2024-12-27 21:00:00,94229.9,94794.0,94084.5,94251.0,12528.018,1183252631.6132
2024-12-28 03:00:00,94251.0,94759.8,94070.2,94580.0,6666.163,629612690.9234
2024-12-28 09:00:00,94580.0,94858.3,94239.5,94712.9,6397.676,604815299.0392
2024-12-28 15:00:00,94712.9,95302.8,94266.8,94985.5,15748.678,1492819498.8077
2024-12-28 21:00:00,94985.5,95699.9,94670.5,95255.8,8082.272,768702532.7468
2024-12-29 03:00:00,95255.8,95300.0,94758.0,95074.2,5494.825,522176827.7032
2024-12-29 09:00:00,95074.2,95274.8,94899.3,94975.1,5140.032,488829758.4965
2024-12-29 15:00:00,94975.1,95188.8,93450.1,93877.5,20697.395,1952468071.5998
2024-12-29 21:00:00,93877.5,93900.0,92926.7,93699.0,18908.967,1767294302.0996
2024-12-30 03:00:00,93699.0,94244.9,93163.8,93539.8,15032.638,1407312058.1051
2024-12-30 09:00:00,93539.8,94029.5,93267.7,93876.2,12984.656,1217200881.5507
2024-12-30 15:00:00,93876.2,94232.3,91463.7,93779.9,59944.306,5549370114.6049
2024-12-30 21:00:00,93779.9,95000.0,91831.4,92739.3,40496.468,3785902086.9374
2024-12-31 03:00:00,92739.3,92850.0,91981.4,92552.9,13755.468,1271763258.5351
2024-12-31 09:00:00,92552.9,94700.0,92521.0,94201.5,23853.635,2236615193.8885
2024-12-31 15:00:00,94201.5,96322.1,93138.2,94087.2,46348.731,4404321482.3922
2024-12-31 21:00:00,94087.2,94365.7,93329.7,93530.0,14602.72,1369989651.3876
2025-01-01 03:00:00,93530.0,94457.9,93451.0,93755.9,10138.427,951366248.8535
2025-01-01 09:00:00,93755.9,93774.1,92840.0,93393.3,11281.781,1053314789.015
2025-01-01 15:00:00,93393.3,94481.4,93351.2,94106.0,14665.741,1378362678.615
2025-01-01 21:00:00,94106.0,95158.4,93881.3,94564.6,10744.421,1016891743.8203
2025-01-02 03:00:00,94564.6,95987.5,94339.9,95556.6,17512.638,1667859837.7098
2025-01-02 09:00:00,95556.6,96869.8,95334.7,96717.7,16054.561,1545182315.3018
2025-01-02 15:00:00,96717.7,97685.0,95889.7,96729.2,43477.492,4207386686.2432
2025-01-02 21:00:00,96729.2,97844.8,96354.5,96960.5,18982.243,1844613290.6975
2025-01-03 03:00:00,96960.5,97329.6,96544.4,96729.4,8363.22,810237360.3087
2025-01-03 09:00:00,96729.4,96889.1,96062.1,96715.4,11484.451,1107792674.5503
2025-01-03 15:00:00,96715.4,98400.0,96432.0,97983.6,26331.224,2564444502.7003
2025-01-03 21:00:00,97983.6,98950.0,97955.0,98140.0,14169.965,1394911494.2907
2025-01-04 03:00:00,98140.0,98275.2,97750.0,98081.6,6681.116,654832232.4986
2025-01-04 09:00:00,98081.6,98298.6,97502.1,97848.4,6609.718,647057070.2221
2025-01-04 15:00:00,97848.4,98122.7,97442.8,97973.2,9078.588,887757834.4162
2025-01-04 21:00:00,97973.2,98759.6,97854.6,98177.2,8661.855,851558889.8345
2025-01-05 03:00:00,98177.2,98516.0,98011.0,98311.4,4498.498,441924535.0464
2025-01-05 09:00:00,98311.4,98467.0,97543.0,97607.6,9228.626,902952563.4364
2025-01-05 15:00:00,97607.6,98308.6,97216.0,97700.0,15406.483,1506213872.7866
2025-01-05 21:00:00,97700.0,98828.5,97536.7,98340.5,10311.524,1013618938.4515
2025-01-06 03:00:00,98340.5,99877.7,97861.0,99580.0,22035.971,2181405517.5308
2025-01-06 09:00:00,99580.0,99771.0,98679.2,99238.8,15756.966,1562900235.6088
2025-01-06 15:00:00,99238.8,102471.7,98612.2,101788.0,57674.322,5819322412.1079
2025-01-06 21:00:00,101788.0,102291.7,101515.0,102185.9,11768.429,1199294370.0325
2025-01-07 03:00:00,102185.9,102702.1,101454.1,101686.9,11106.9,1132200790.6628
2025-01-07 09:00:00,101686.9,101975.0,100441.0,100796.4,14552.919,1473655186.3043
2025-01-07 15:00:00,100796.4,100955.5,96500.0,97242.4,84223.111,8306971094.6209
2025-01-07 21:00:00,97242.4,97514.2,96113.4,96908.1,30777.896,2976647225.8912
2025-01-08 03:00:00,96908.1,97224.3,95830.1,96445.9,21429.864,2068902831.4624
2025-01-08 09:00:00,96445.9,96599.4,94458.0,95101.8,34547.093,3297811659.271
2025-01-08 15:00:00,95101.8,96037.9,92378.5,93957.6,69052.922,6525973207.4199
2025-01-08 21:00:00,93957.6,95254.5,93530.5,95022.2,31305.217,2954444217.9833
2025-01-09 03:00:00,95022.2,95356.6,93374.9,94438.7,26525.052,2501239004.1531
2025-01-09 09:00:00,94438.7,94588.6,92705.0,93410.1,22889.502,2137490469.6768
2025-01-09 15:00:00,93410.1,94666.0,91738.0,92635.6,51291.479,4773332999.6749
2025-01-09 21:00:00,92635.6,93246.0,91151.0,92507.7,36003.733,3317224662.2871
2025-01-10 03:00:00,92507.7,94206.9,92406.6,93920.7,16102.692,1502633617.5297
2025-01-10 09:00:00,93920.7,95233.0,93684.3,95019.8,19919.015,1884533785.1834
2025-01-10 15:00:00,95019.8,95873.6,92161.2,95767.1,82826.415,7768907689.6001
2025-01-10 21:00:00,95767.1,95767.1,94355.2,94684.2,21201.643,2013460209.882
2025-01-11 03:00:00,94684.2,94709.7,93800.0,94323.5,9394.069,885473275.1424
2025-01-11 09:00:00,94323.5,94750.0,93981.0,94574.6,7036.351,663789814.7653
2025-01-11 15:00:00,94574.6,94696.5,93888.3,94125.7,8741.225,824832906.7781
2025-01-11 21:00:00,94125.7,94991.9,94035.5,94569.4,7641.039,722314613.2105
2025-01-12 03:00:00,94569.4,94663.9,94255.0,94520.1,3452.147,326162341.1006
2025-01-12 09:00:00,94520.1,94577.3,93660.0,94211.2,8334.385,784057236.4681
2025-01-12 15:00:00,94211.2,95439.9,94120.6,95096.8,14879.101,1411302704.5626
2025-01-12 21:00:00,95096.8,95283.7,93740.0,94510.0,11150.074,1052518725.8537
2025-01-13 03:00:00,94510.0,95954.8,93868.4,94135.7,26445.429,2504758789.0828
2025-01-13 09:00:00,94135.7,94311.5,90769.0,90811.9,44725.46,4134713322.4398
2025-01-13 15:00:00,90811.9,93050.9,89100.0,91944.0,83191.117,7592687155.7491
2025-01-13 21:00:00,91944.0,94700.0,91548.0,94508.2,37932.8,3530394213.9931
2025-01-14 03:00:00,94508.2,95484.3,94330.3,94911.3,16857.216,1599422714.0557
2025-01-14 09:00:00,94911.3,97395.5,94714.4,96526.2,31807.037,3061418361.4827
2025-01-14 15:00:00,96526.2,97247.9,95308.8,96492.5,44616.43,4297871900.5257
2025-01-14 21:00:00,96492.5,97064.0,96100.0,96523.3,13680.403,1321415117.4346
2025-01-15 03:00:00,96523.3,97691.7,96450.0,96989.9,16411.756,1593352371.5479
2025-01-15 09:00:00,96989.9,97567.0,96469.6,96722.3,11958.54,1160294143.7201
2025-01-15 15:00:00,96722.3,99765.0,96500.0,98600.0,51466.292,5076205330.0464
2025-01-15 21:00:00,98600.0,100700.0,98599.9,100465.0,25396.685,2534166438.3747
2025-01-16 03:00:00,100465.0,100866.1,99129.8,99360.7,15796.566,1578188150.9749
2025-01-16 09:00:00,99360.7,99891.8,98599.9,99125.7,16731.436,1658859211.2045
2025-01-16 15:00:00,99125.7,100331.8,97291.0,99798.9,46647.236,4607535751.5552
2025-01-16 21:00:00,99798.9,100620.0,99210.6,99945.8,19363.308,1935365681.425
2025-01-17 03:00:00,99945.8,102150.0,99906.1,101318.6,23099.182,2336097063.1879
2025-01-17 09:00:00,101318.6,102579.3,101283.1,102205.4,15202.047,1549969282.5983
2025-01-17 15:00:00,102205.4,105278.0,102164.4,104106.7,52231.912,5416060442.8339
2025-01-17 21:00:00,104106.7,105815.8,104007.0,104048.8,27596.21,2896718687.6918
2025-01-18 03:00:00,104048.8,104617.0,102630.0,102788.0,19902.64,2062534078.6879
2025-01-18 09:00:00,102788.0,103851.9,102244.0,103538.9,18871.806,1945005760.9507
2025-01-18 15:00:00,103538.9,104963.0,103076.7,103769.2,22115.922,2298991831.3593
2025-01-18 21:00:00,103769.2,104738.6,103734.2,104520.0,12130.273,1263423292.3802
2025-01-19 03:00:00,104520.0,105431.1,103970.9,105099.8,13861.276,1451946272.6138
2025-01-19 09:00:00,105099.8,105618.8,103427.9,104344.9,21669.225,2268564445.9165
2025-01-19 15:00:00,104344.9,105700.0,104281.3,105100.0,19958.567,2093253698.8152
2025-01-19 21:00:00,105100.0,106476.5,99600.0,101310.7,67924.601,6999516264.28
2025-01-20 03:00:00,101310.7,102827.7,99500.1,102333.3,42489.23,4293094754.7065
2025-01-20 09:00:00,102333.3,109951.7,102205.4,108271.9,80573.938,8686255752.3991
2025-01-20 15:00:00,108271.9,108767.6,100519.0,102978.4,142408.564,14924662263.0275
2025-01-20 21:00:00,102978.4,104500.0,101700.0,102258.7,42119.803,4350682432.4301
2025-01-21 03:00:00,102258.7,103250.0,100000.0,101358.1,40715.339,4145917926.7125
2025-01-21 09:00:00,101358.1,103978.9,101073.9,103745.9,22270.06,2284124359.1376
2025-01-21 15:00:00,103745.9,106579.7,102777.1,106169.9,58282.226,6099905524.6467
2025-01-21 21:00:00,106169.9,107265.6,105330.3,106133.3,31399.556,3340637413.2845
2025-01-22 03:00:00,106133.3,106387.4,105251.7,105687.3,12280.769,1299577893.4926
2025-01-22 09:00:00,105687.3,106020.0,104606.8,105112.6,17130.62,1801506256.1827
2025-01-22 15:00:00,105112.6,105568.0,103310.0,104327.7,38016.001,3964792155.6338
2025-01-22 21:00:00,104327.7,104830.0,103572.7,103670.4,15343.278,1598643710.7336
2025-01-23 03:00:00,103670.4,103780.0,101527.8,102490.6,25400.707,2605131437.006
2025-01-23 09:00:00,102490.6,102933.4,101205.1,101921.5,16616.794,1695501357.9611
2025-01-23 15:00:00,101921.5,106875.0,101277.8,105911.3,112726.495,11777928641.4733
2025-01-23 21:00:00,105911.3,106400.0,102147.3,103862.4,88927.503,9291500011.7157
2025-01-24 03:00:00,103862.4,105258.7,102691.8,105178.3,17013.926,1767514669.7297
2025-01-24 09:00:00,105178.3,105733.4,104582.0,105384.1,13191.406,1387428787.6119
2025-01-24 15:00:00,105384.1,106681.7,104622.3,106432.4,28167.193,2977708612.0423
2025-01-24 21:00:00,106432.4,107118.6,104386.7,104800.1,24649.885,2604996567.4707
2025-01-25 03:00:00,104800.1,105227.3,104205.8,104326.4,8019.915,839292450.7294
2025-01-25 09:00:00,104326.4,104640.0,104036.9,104619.1,6314.094,658788897.6065
2025-01-25 15:00:00,104619.1,105072.0,104380.2,104848.9,7871.857,824167900.0721
2025-01-25 21:00:00,104848.9,105276.1,104638.9,104709.4,6330.947,664656105.4666
2025-01-26 03:00:00,104709.4,105591.5,104466.9,105065.8,5675.886,595726545.3397
2025-01-26 09:00:00,105065.8,105200.0,104400.0,104773.6,5962.56,624455279.7511
2025-01-26 15:00:00,104773.6,105053.7,104654.6,104911.0,3947.108,414056235.8075
2025-01-26 21:00:00,104911.0,105243.6,102457.1,102553.7,17845.068,1851163714.7755
2025-01-27 03:00:00,102553.7,103217.8,99670.1,100319.3,36170.937,3663693312.1906
2025-01-27 09:00:00,100319.3,100448.3,97694.2,98700.0,40742.466,4029468721.7937
2025-01-27 15:00:00,98700.0,102270.4,98655.6,99100.8,56781.983,5710767874.8357
2025-01-27 21:00:00,99100.8,102376.8,98793.3,102024.2,26369.673,2655312611.8983
2025-01-28 03:00:00,102024.2,103329.9,101280.0,102966.0,17074.528,1748611156.9351
2025-01-28 09:00:00,102966.0,103280.0,102322.7,102703.8,13482.477,1385627437.3067
2025-01-28 15:00:00,102703.8,103800.0,101767.0,102513.6,37027.713,3800438390.133
2025-01-28 21:00:00,102513.6,103077.6,100205.7,101278.0,24878.91,2525503789.219
2025-01-29 03:00:00,101278.0,102338.2,101265.3,102214.7,9747.629,992654790.2204
2025-01-29 09:00:00,102214.7,102974.0,102150.0,102591.5,12110.518,1242156842.3017
2025-01-29 15:00:00,102591.5,102781.2,101516.2,102367.6,21026.523,2146197690.6208
2025-01-29 21:00:00,102367.6,104777.0,101335.9,103700.0,48414.481,4998340425.3099
2025-01-30 03:00:00,103700.0,105582.2,103235.0,105357.4,19250.237,2012854267.1918
2025-01-30 09:00:00,105357.4,105540.0,104777.0,105281.5,10056.909,1057878771.0249
2025-01-30 15:00:00,105281.5,106421.1,104628.0,105242.9,29307.319,3091611430.088
2025-01-30 21:00:00,105242.9,105789.0,104633.0,104684.6,12631.555,1328707314.7536
2025-01-31 03:00:00,104684.6,104976.2,103875.0,104266.2,12941.811,1350641140.5491
2025-01-31 09:00:00,104266.2,104796.0,103863.0,104675.0,11661.581,1216474627.892
2025-01-31 15:00:00,104675.0,105998.0,104050.1,104523.0,23231.184,2437234785.9377
2025-01-31 21:00:00,104523.0,104774.0,101468.4,102377.6,40425.251,4143054923.263
2025-02-01 03:00:00,102377.6,102735.0,102033.0,102427.7,8476.552,867661745.491
2025-02-01 09:00:00,102427.7,102500.0,101350.1,101966.9,9974.988,1016040080.7166
2025-02-01 15:00:00,101966.9,102233.0,101670.3,102197.3,9635.824,983024658.7093
2025-02-01 21:00:00,102197.3,102215.5,100215.1,100576.5,19790.874,2000530500.1004
2025-02-02 03:00:00,100576.5,101410.0,98958.0,100201.8,21518.152,2151875335.5842
2025-02-02 09:00:00,100201.8,100434.1,98580.0,98824.4,20010.734,1991883569.256
2025-02-02 15:00:00,98824.4,99364.6,96969.1,97201.6,35560.662,3497649757.4567
2025-02-02 21:00:00,97201.6,98645.7,95994.3,97645.7,44121.101,4292411167.3445
2025-02-03 03:00:00,97645.7,97737.5,91166.6,94165.9,118392.431,11149870920.3107
2025-02-03 09:00:00,94165.9,95885.5,93600.0,95052.3,27515.363,2613195510.5222
2025-02-03 15:00:00,95052.3,99468.8,94091.0,99150.3,69190.923,6703430227.3171
2025-02-03 21:00:00,99150.3,102457.8,98895.9,101294.8,40630.472,4103035236.221
2025-02-04 03:00:00,101294.8,101684.7,98170.6,98807.4,24936.391,2488007024.7267
2025-02-04 09:00:00,98807.4,99650.0,97800.0,98923.4,24606.588,2430440947.1505
2025-02-04 15:00:00,98923.4,100381.1,98248.5,99128.9,40832.772,4056871736.485
2025-02-04 21:00:00,99128.9,100765.5,96086.1,97706.0,53993.795,5309915892.9525
2025-02-05 03:00:00,97706.0,98900.0,97094.2,98100.0,18623.339,1824478701.2892
2025-02-05 09:00:00,98100.0,98198.4,97209.6,98186.2,15661.505,1531093242.2383
2025-02-05 15:00:00,98186.2,99170.0,97260.4,97503.5,27786.246,2726725329.7788
2025-02-05 21:00:00,97503.5,97671.8,96100.1,96568.5,20044.03,1942685556.7415
2025-02-06 03:00:00,96568.5,97845.4,96363.1,97789.5,9364.036,909664157.423
2025-02-06 09:00:00,97789.5,99099.0,97657.8,98829.0,16178.257,1592655455.0003
2025-02-06 15:00:00,98829.0,99000.0,96335.6,96670.1,34647.947,3383058880.8399
2025-02-06 21:00:00,96670.1,97050.0,95631.8,96500.0,21380.395,2059976294.3968
2025-02-07 03:00:00,96500.0,97833.3,96365.7,97309.9,12121.036,1178738753.7055
2025-02-07 09:00:00,97309.9,97718.4,96532.6,97706.0,12392.1,1202894552.7835
2025-02-07 15:00:00,97706.0,100120.0,97000.0,97373.1,71383.172,7024280961.0864
2025-02-07 21:00:00,97373.1,98306.3,95556.5,96440.6,25345.239,2445793647.5064
2025-02-08 03:00:00,96440.6,96840.0,96025.0,96159.8,7136.397,688562242.9167
2025-02-08 09:00:00,96159.8,96250.0,95723.8,96080.0,7587.894,728499148.7508
2025-02-08 15:00:00,96080.0,96444.0,95635.8,96309.0,9110.579,874884421.4888
2025-02-08 21:00:00,96309.0,96700.0,96182.9,96406.8,4851.415,468015211.2213
2025-02-09 03:00:00,96406.8,97275.0,96314.4,96978.9,7348.976,711937077.8372
2025-02-09 09:00:00,96978.9,97250.0,96503.1,96513.4,7484.872,724965274.0472
2025-02-09 15:00:00,96513.4,96657.1,95681.0,96128.7,14122.655,1358468125.6935
2025-02-09 21:00:00,96128.7,96740.9,94651.2,96428.6,21514.807,2057658157.9897
2025-02-10 03:00:00,96428.6,97631.8,95202.8,96983.1,24869.238,2400421985.6104
2025-02-10 09:00:00,96983.1,97937.3,96755.0,97629.9,14401.634,1404194788.6073
2025-02-10 15:00:00,97629.9,98343.4,96812.1,97459.7,23684.661,2307386774.3065
2025-02-10 21:00:00,97459.7,97611.0,97085.0,97384.2,6214.624,604938405.3909
2025-02-11 03:00:00,97384.2,98459.0,97379.2,98380.0,12824.369,1255243497.1055
2025-02-11 09:00:00,98380.0,98446.4,97826.2,98092.4,7241.265,710560194.5542
2025-02-11 15:00:00,98092.4,98102.8,95914.4,96115.5,29472.142,2854561895.2702
2025-02-11 21:00:00,96115.5,96450.0,94821.9,95748.6,30919.463,2953202577.695
2025-02-12 03:00:00,95748.6,96234.5,95050.0,95848.9,12196.563,1166310881.8385
2025-02-12 09:00:00,95848.9,96429.9,95650.0,96045.3,9406.058,903600726.2874
2025-02-12 15:00:00,96045.3,97675.0,94001.2,97321.3,71001.401,6788920099.9641
2025-02-12 21:00:00,97321.3,98089.1,96301.0,97828.1,18983.131,1847125690.754
2025-02-13 03:00:00,97828.1,98047.0,96453.3,96622.4,10109.519,983245872.0462
2025-02-13 09:00:00,96622.4,96725.3,95310.1,95890.0,21407.963,2055532073.31
2025-02-13 15:00:00,95890.0,96439.5,95156.1,95645.0,32418.885,3105332807.779
2025-02-13 21:00:00,95645.0,96808.5,95289.6,96570.7,16854.221,1619971423.023
2025-02-14 03:00:00,96570.7,97216.8,96330.7,96650.0,10308.519,997391732.9761
2025-02-14 09:00:00,96650.0,97171.7,96567.1,96843.9,9131.348,884981658.0118
2025-02-14 15:00:00,96843.9,98821.0,96200.0,98506.2,34627.603,3364099955.6355
2025-02-14 21:00:00,98506.2,98720.0,96639.0,97450.1,22814.417,2228654683.6235
2025-02-15 03:00:00,97450.1,97933.0,97175.8,97550.9,7686.54,750058988.1992
2025-02-15 09:00:00,97550.9,97695.2,97258.1,97581.6,4539.447,442445136.7129
2025-02-15 15:00:00,97581.6,97898.8,97268.9,97367.1,6897.232,672902299.2665
2025-02-15 21:00:00,97367.1,97700.0,97322.3,97533.9,7503.306,731475571.2737
2025-02-16 03:00:00,97533.9,97678.7,97299.8,97547.0,4391.786,428202263.3424
2025-02-16 09:00:00,97547.0,97565.0,97012.0,97288.2,4722.795,459206851.7548
2025-02-16 15:00:00,97288.2,97288.3,96636.0,96921.2,8690.055,842233430.4962
2025-02-16 21:00:00,96921.2,97247.2,96000.0,96060.1,14538.259,1404812287.4969
2025-02-17 03:00:00,96060.1,96580.0,95730.3,96193.4,10693.895,1028239779.956
2025-02-17 09:00:00,96193.4,96429.0,95859.9,96019.8,10293.607,989665238.8241
2025-02-17 15:00:00,96019.8,96988.3,95234.2,95431.4,23659.556,2271553831.054
2025-02-17 21:00:00,95431.4,96370.0,95160.0,95735.0,13088.499,1253273483.5013
2025-02-18 03:00:00,95735.0,96274.0,95489.4,95553.9,9525.714,913787162.4166
2025-02-18 09:00:00,95553.9,95835.0,94988.0,95594.4,14315.974,1365814673.6442
2025-02-18 15:00:00,95594.4,96730.9,94024.4,94069.5,34554.904,3294348221.4575
2025-02-18 21:00:00,94069.5,95650.0,93318.1,95618.8,34877.432,3289833649.2162
2025-02-19 03:00:00,95618.8,95923.4,95008.6,95248.0,12066.504,1151409891.1586
2025-02-19 09:00:00,95248.0,96457.7,95193.8,96407.9,14653.261,1406187941.7075
2025-02-19 15:00:00,96407.9,96676.5,95500.0,96359.3,22407.777,2154511877.4837
2025-02-19 21:00:00,96359.3,96897.1,95370.0,96616.4,15197.196,1461342433.9526
2025-02-20 03:00:00,96616.4,97419.9,96386.5,96879.6,12905.726,1251610955.317
2025-02-20 09:00:00,96879.6,97348.3,96750.0,97163.9,6880.953,667736824.6638
2025-02-20 15:00:00,97163.9,98000.0,96758.0,97921.2,29373.261,2860995182.1121
2025-02-20 21:00:00,97921.2,98680.8,97911.1,98246.7,15750.499,1547887690.8156
2025-02-21 03:00:00,98246.7,98457.0,98035.1,98296.7,5713.501,561086960.3766
2025-02-21 09:00:00,98296.7,98907.8,98061.7,98586.3,11810.378,1162631178.5534
2025-02-21 15:00:00,98586.3,99454.2,96800.0,96929.4,59634.077,5859988276.15
2025-02-21 21:00:00,96929.4,97216.7,94832.2,96198.4,35412.225,3396810332.9397
2025-02-22 03:00:00,96198.4,96569.0,95814.8,96564.0,6774.193,652244039.9275
2025-02-22 09:00:00,96564.0,96639.9,96152.7,96594.7,6436.159,620676208.2761
2025-02-22 15:00:00,96594.7,97056.0,96369.2,96621.9,7491.297,724445254.1379
2025-02-22 21:00:00,96621.9,96801.0,96344.2,96554.4,2960.686,285904968.7803
2025-02-23 03:00:00,96554.4,96637.0,96210.0,96216.8,2831.755,273045920.2534
2025-02-23 09:00:00,96216.8,96541.6,96009.4,96120.5,4497.078,432919748.1454
2025-02-23 15:00:00,96120.5,96165.0,95254.0,95666.2,11867.348,1135761699.7104
2025-02-23 21:00:00,95666.2,96340.4,95547.9,96262.6,6247.929,599176635.2951
2025-02-24 03:00:00,96262.6,96536.3,95088.5,95742.3,11989.679,1147640783.6901
2025-02-24 09:00:00,95742.3,96189.3,95354.9,95837.1,9475.698,906986299.0721
2025-02-24 15:00:00,95837.1,96111.6,93816.4,94683.3,31668.13,3003791856.046
2025-02-24 21:00:00,94683.3,94905.6,91258.7,91478.2,35899.973,3344288153.8501
2025-02-25 03:00:00,91478.2,92520.9,90821.1,92058.5,23600.944,2167055456.6788
2025-02-25 09:00:00,92058.5,92129.2,86833.0,89220.0,73716.914,6559612004.5809
2025-02-25 15:00:00,89220.0,89519.7,86055.5,87297.4,62009.764,5428919600.3799
2025-02-25 21:00:00,87297.4,89482.5,86515.7,88665.3,30037.648,2646020975.9809
2025-02-26 03:00:00,88665.3,89389.9,88131.6,88410.5,12118.392,1075394673.1426
2025-02-26 09:00:00,88410.5,89287.0,88073.5,88589.3,14503.813,1287597727.5446
2025-02-26 15:00:00,88589.3,88665.2,85350.0,86002.2,73908.587,6430256769.9108
2025-02-26 21:00:00,86002.2,86450.0,82055.6,84208.6,95369.891,8027383310.3605
2025-02-27 03:00:00,84208.6,85887.0,83988.1,85815.4,20681.38,1755381942.6391
2025-02-27 09:00:00,85815.4,87043.6,85630.4,86650.7,24078.596,2078377306.7976
2025-02-27 15:00:00,86650.7,86757.1,84300.0,84556.3,49822.218,4260222100.2462
2025-02-27 21:00:00,84556.3,84957.3,82670.0,84686.0,32298.287,2708157256.3246
2025-02-28 03:00:00,84686.0,84875.6,79102.1,79953.8,92233.668,7464986429.3678
2025-02-28 09:00:00,79953.8,80808.4,78210.5,80461.9,55543.857,4417576107.0378
2025-02-28 15:00:00,80461.9,84924.0,80038.9,83566.2,62972.017,5206371231.0205
2025-02-28 21:00:00,83566.2,85124.4,83168.4,84307.6,28605.828,2408401396.038
2025-03-01 03:00:00,84307.6,86533.3,83760.9,85558.2,26414.483,2256006454.7838
2025-03-01 09:00:00,85558.2,85631.8,84335.6,84589.2,18634.98,1583964447.8707
2025-03-01 15:00:00,84589.2,85328.8,84280.0,85163.9,11571.208,980288760.7321
2025-03-01 21:00:00,85163.9,86240.5,85020.1,86024.4,9439.029,808477438.013
2025-03-02 03:00:00,86024.4,86459.0,85486.9,85925.6,10797.537,928071589.4498
2025-03-02 09:00:00,85925.6,86602.0,85613.7,86055.0,11167.066,960696567.9343
2025-03-02 15:00:00,86055.0,95058.7,85007.7,94103.9,102871.329,9242863551.286
2025-03-02 21:00:00,94103.9,94851.9,92346.9,94259.7,37846.687,3546359650.8376
2025-03-03 03:00:00,94259.7,94414.2,92411.0,93316.4,19625.486,1827451343.2768
2025-03-03 09:00:00,93316.4,93316.4,91094.6,92718.3,31060.993,2856378082.5198
2025-03-03 15:00:00,92718.3,93697.0,89130.0,90304.6,67199.802,6120246569.6107
2025-03-03 21:00:00,90304.6,90457.2,85023.4,86165.3,83924.126,7291386416.0524
2025-03-04 03:00:00,86165.3,86761.1,82378.7,84239.8,54375.255,4563675398.5345
2025-03-04 09:00:00,84239.8,84369.8,82968.0,83900.0,18408.307,1540755928.6615
2025-03-04 15:00:00,83900.0,85490.0,81413.7,85409.9,82952.487,6913954681.2207
2025-03-04 21:00:00,85409.9,88946.0,85152.0,87260.1,53659.684,4688040172.0878
2025-03-05 03:00:00,87260.1,87886.0,86350.8,87122.7,16722.533,1457611763.7663
2025-03-05 09:00:00,87122.7,90622.8,86975.5,89776.5,23332.536,2078204662.2327
2025-03-05 15:00:00,89776.5,90930.0,87553.2,89664.4,59095.573,5272841302.9557
2025-03-05 21:00:00,89664.4,90975.0,88852.0,90567.8,20448.858,1838270195.6502
2025-03-06 03:00:00,90567.8,92781.6,89961.3,92690.9,24839.681,2272155897.9525
2025-03-06 09:00:00,92690.9,92731.7,90570.4,91298.6,21227.449,1940437510.279
2025-03-06 15:00:00,91298.6,91427.2,87933.8,88592.0,51539.178,4631435306.4623
2025-03-06 21:00:00,88592.0,90756.2,87800.1,89899.6,32060.829,2866962373.0119
2025-03-07 03:00:00,89899.6,91279.5,84594.7,88191.4,73131.088,6390588875.6364
2025-03-07 09:00:00,88191.4,89678.3,87760.5,88946.6,18330.698,1625190073.4128
2025-03-07 15:00:00,88946.6,91119.0,86530.4,87673.6,83724.866,7438354685.7123
2025-03-07 21:00:00,87673.6,89043.7,85453.4,86758.5,57210.116,4983062108.7942
2025-03-08 03:00:00,86758.5,86886.3,85185.9,86237.4,14852.892,1277537950.4531
2025-03-08 09:00:00,86237.4,86620.0,85719.0,85923.9,9052.585,779966284.4335
2025-03-08 15:00:00,85923.9,86602.7,85615.3,85896.7,11172.545,962246619.7535
2025-03-08 21:00:00,85896.7,86491.0,85750.0,86187.2,6673.906,574970930.0107
2025-03-09 03:00:00,86187.2,86485.0,85891.2,85992.4,4624.986,398405997.6362
2025-03-09 09:00:00,85992.4,86142.5,84584.3,84954.3,18446.775,1572898740.4356
2025-03-09 15:00:00,84954.3,84997.7,82151.4,82319.9,43594.727,3634651710.5321
2025-03-09 21:00:00,82319.9,83461.2,79913.4,80692.3,44786.374,3662392332.0063
2025-03-10 03:00:00,80692.3,82739.3,79947.0,82272.7,30413.302,2480585368.9748
2025-03-10 09:00:00,82272.7,84050.0,81085.4,83541.9,42933.979,3542479707.1586
2025-03-10 15:00:00,83541.9,83743.8,78105.0,78399.0,84726.721,6812892310.1001
2025-03-10 21:00:00,78399.0,79860.6,77403.1,78563.2,43562.172,3429831926.2336
2025-03-11 03:00:00,78563.2,80466.0,76545.0,80215.2,41846.491,3283548853.6411
2025-03-11 09:00:00,80215.2,82081.9,80053.7,81685.3,26831.034,2177336717.3987
2025-03-11 15:00:00,81685.3,82257.4,79000.0,81260.8,82237.356,6648198079.709
2025-03-11 21:00:00,81260.8,83622.9,81244.8,82889.2,30193.666,2501494144.8142
2025-03-12 03:00:00,82889.2,83738.0,81574.0,81938.7,20082.342,1656956649.3644
2025-03-12 09:00:00,81938.7,83082.1,81245.1,82989.9,29230.682,2404832494.7279
2025-03-12 15:00:00,82989.9,84489.8,80534.6,81807.9,78450.371,6472932806.6547
2025-03-12 21:00:00,81807.9,83862.1,81681.6,83649.9,18982.097,1574187428.0962
2025-03-13 03:00:00,83649.9,84343.2,83036.5,83125.6,16042.546,1342225123.2226
2025-03-13 09:00:00,83125.6,83530.0,82357.7,82924.3,18500.977,1536240079.9844
2025-03-13 15:00:00,82924.3,83838.0,79888.0,80020.0,54415.235,4443749885.5931
2025-03-13 21:00:00,80020.0,81428.2,79950.0,81072.3,21887.615,1765314607.0082
2025-03-14 03:00:00,81072.3,82218.4,80766.6,82112.3,14609.558,1193265092.9225
2025-03-14 09:00:00,82112.3,83317.4,81743.3,83220.1,16940.765,1399732427.2816
2025-03-14 15:00:00,83220.1,85299.9,82585.4,84332.4,54641.871,4589242101.7658
2025-03-14 21:00:00,84332.4,84920.0,83702.0,83948.3,16619.646,1401171677.5202
2025-03-15 03:00:00,83948.3,84661.8,83936.3,84233.3,8959.535,755658267.5219
2025-03-15 09:00:00,84233.3,84281.4,83591.8,84055.1,10446.316,876533204.6894
2025-03-15 15:00:00,84055.1,84457.2,83972.3,84393.4,7724.976,650819717.0702
2025-03-15 21:00:00,84393.4,84446.3,84061.1,84308.4,4470.186,376777743.0208
2025-03-16 03:00:00,84308.4,84380.0,83718.9,84353.5,7249.629,609598390.6798
2025-03-16 09:00:00,84353.5,84360.0,82309.1,82346.6,19825.694,1650865861.5653
2025-03-16 15:00:00,82346.6,85136.0,82338.0,83871.5,36623.226,3061456626.3437
2025-03-16 21:00:00,83871.5,84060.0,81934.4,82528.5,22247.365,1841682835.0351
2025-03-17 03:00:00,82528.5,83836.2,82470.4,83097.2,13595.146,1131529299.6701
2025-03-17 09:00:00,83097.2,83749.3,82642.9,83473.9,14786.468,1232532133.327
2025-03-17 15:00:00,83473.9,84320.8,82400.7,84170.7,42263.398,3520202675.0264
2025-03-17 21:00:00,84170.7,84728.5,83686.2,83955.1,14660.141,1234221123.109
2025-03-18 03:00:00,83955.1,83975.1,82801.6,82987.8,12528.295,1042823514.1747
2025-03-18 09:00:00,82987.8,83421.3,82200.1,82546.1,20419.348,1691730147.6417
2025-03-18 15:00:00,82546.1,82786.1,81093.6,81424.8,35137.034,2871449192.9296
2025-03-18 21:00:00,81424.8,82782.7,81175.3,82675.7,14065.623,1154270662.2481
2025-03-19 03:00:00,82675.7,83288.3,82475.5,83205.0,13837.785,1147126431.7259
2025-03-19 09:00:00,83205.0,84050.0,82997.7,83836.8,15194.31,1269134357.8842
2025-03-19 15:00:00,83836.8,84850.0,83483.9,84205.3,30103.967,2534719124.0667
2025-03-19 21:00:00,84205.3,86970.0,83505.9,86792.3,52908.842,4514278769.96
2025-03-20 03:00:00,86792.3,87400.0,85366.0,85793.1,21075.434,1817502204.412
2025-03-20 09:00:00,85793.1,86291.7,84746.4,85450.2,19677.882,1682786292.6094
2025-03-20 15:00:00,85450.2,86488.0,83605.8,84051.9,53872.253,4579951616.5294
2025-03-20 21:00:00,84051.9,84550.0,83875.0,84168.9,14406.477,1212847452.9233
2025-03-21 03:00:00,84168.9,84800.0,84118.2,84420.3,11701.488,988810670.6582
2025-03-21 09:00:00,84420.3,84430.2,83684.6,84001.3,15205.632,1277516327.1267
2025-03-21 15:00:00,84001.3,84323.5,83136.3,83981.0,31898.269,2671262893.6833
2025-03-21 21:00:00,83981.0,84567.3,83742.6,84054.6,11514.844,968783146.1148
2025-03-22 03:00:00,84054.6,84388.7,83950.8,84289.1,4750.793,399866597.0748
2025-03-22 09:00:00,84289.1,84500.0,84078.8,84193.9,5038.628,424688955.3036
2025-03-22 15:00:00,84193.9,84259.0,83932.5,84189.8,4906.048,412498401.6403
2025-03-22 21:00:00,84189.8,84279.5,83616.0,83805.9,6208.924,521341655.4886
2025-03-23 03:00:00,83805.9,84257.5,83753.2,84189.6,4225.179,355128025.3425
2025-03-23 09:00:00,84189.6,84990.0,84146.1,84632.8,9439.42,798357838.7339
2025-03-23 15:00:00,84632.8,85400.0,84526.4,84982.4,16472.678,1400526366.9885
2025-03-23 21:00:00,84982.4,86088.0,84755.5,86037.8,12790.183,1091586561.6149
2025-03-24 03:00:00,86037.8,87010.0,85488.4,86869.2,25281.562,2181340456.5219
2025-03-24 09:00:00,86869.2,87888.0,86718.1,87646.6,22965.612,2004459112.3238
2025-03-24 15:00:00,87646.6,88740.0,87109.2,88414.6,42449.871,3733473500.5636
2025-03-24 21:00:00,88414.6,88496.1,86963.8,87459.9,18902.025,1660794394.3982
2025-03-25 03:00:00,87459.9,87646.3,86261.0,86594.0,17766.598,1542559212.4027
2025-03-25 09:00:00,86594.0,87479.5,86302.0,87333.4,16709.286,1452386647.3718
2025-03-25 15:00:00,87333.4,88296.5,86872.8,87885.5,31043.639,2721943955.3663
2025-03-25 21:00:00,87885.5,88500.0,87074.2,87362.4,21621.813,1898710961.4812
2025-03-26 03:00:00,87362.4,87869.3,86980.2,87481.7,12333.392,1078069786.1414
2025-03-26 09:00:00,87481.7,88284.0,87411.0,87919.5,15009.43,1320658791.5551
2025-03-26 15:00:00,87919.5,87980.0,86298.5,86513.3,33811.55,2940738771.8746
2025-03-26 21:00:00,86513.3,87358.8,85800.1,86860.8,26242.412,2274873898.6475
2025-03-27 03:00:00,86860.8,87727.9,86747.6,87284.5,13778.495,1203583556.9881
2025-03-27 09:00:00,87284.5,87570.0,86755.0,86900.1,13709.312,1196031744.6851
2025-03-27 15:00:00,86900.1,87529.1,85695.4,86845.4,42024.263,3641526206.728
2025-03-27 21:00:00,86845.4,87699.9,86812.2,87181.7,13184.76,1150453184.5274
2025-03-28 03:00:00,87181.7,87479.4,85780.0,86010.1,20668.231,1788773274.209
2025-03-28 09:00:00,86010.1,86210.0,84750.0,85200.9,30409.438,2593486028.6433
2025-03-28 15:00:00,85200.9,85598.4,83545.0,83974.2,45526.622,3845000273.533
2025-03-28 21:00:00,83974.2,84488.0,83608.0,84375.0,13201.192,1108619945.3826
2025-03-29 03:00:00,84375.0,84573.8,83659.1,83960.1,8843.978,743901183.0718
2025-03-29 09:00:00,83960.1,83960.1,81958.3,82245.0,26734.844,2218124146.5709
2025-03-29 15:00:00,82245.0,82839.9,81602.9,82292.9,23621.435,1943885694.6664
2025-03-29 21:00:00,82292.9,82799.1,82168.0,82603.9,9880.587,814607631.7018
2025-03-30 03:00:00,82603.9,83450.0,82457.5,82921.3,11966.174,993708091.1835
2025-03-30 09:00:00,82921.3,83496.8,82813.0,83073.1,10763.692,895160388.8517
2025-03-30 15:00:00,83073.1,83225.4,81985.8,82375.4,18027.333,1489289560.6325
2025-03-30 21:00:00,82375.4,82870.0,81510.0,82347.9,15644.559,1286945299.8959
2025-03-31 03:00:00,82347.9,82405.4,81212.3,82130.0,21087.21,1724336187.0792
2025-03-31 09:00:00,82130.0,82267.6,81232.4,82169.3,19379.066,1586248251.5055
2025-03-31 15:00:00,82169.3,83895.7,81600.0,82621.3,50722.297,4207198215.474
2025-03-31 21:00:00,82621.3,83525.0,82213.1,82504.4,19496.22,1612512944.7772
2025-04-01 03:00:00,82504.4,83293.0,82375.6,82975.0,11455.803,949204148.5304
2025-04-01 09:00:00,82975.0,84471.2,82851.0,83895.0,25328.636,2125635999.149
2025-04-01 15:00:00,83895.0,85468.3,82509.7,85077.1,52600.996,4428851737.0686
2025-04-01 21:00:00,85077.1,85555.0,84671.4,85130.5,15197.552,1292729796.7982
2025-04-02 03:00:00,85130.5,85235.0,84060.0,84060.0,14316.065,1212413349.4645
2025-04-02 09:00:00,84060.0,85429.6,83867.2,84520.0,21129.294,1788503619.8065
2025-04-02 15:00:00,84520.0,87297.1,84403.5,86580.5,59544.954,5126965720.1412
2025-04-02 21:00:00,86580.5,88560.1,82281.9,82468.1,87881.067,7514615762.0217
2025-04-03 03:00:00,82468.1,83888.0,82107.1,83305.3,24949.872,2077618511.5085
2025-04-03 09:00:00,83305.3,83774.8,82955.0,83061.8,15768.457,1314279932.152
2025-04-03 15:00:00,83061.8,83116.1,81146.0,81790.0,52790.941,4331494837.8785
2025-04-03 21:00:00,81790.0,83288.3,81501.0,83175.2,19262.461,1585842848.0056
2025-04-04 03:00:00,83175.2,83389.9,82561.0,83163.7,12823.278,1063780827.6675
2025-04-04 09:00:00,83163.7,84736.0,81605.0,82617.9,55357.682,4610932446.0966
2025-04-04 15:00:00,82617.9,84600.0,81800.0,84454.9,84303.179,6999352951.156
2025-04-04 21:00:00,84454.9,84577.3,83457.1,83862.1,24575.278,2064543888.4555
2025-04-05 03:00:00,83862.1,84244.0,83374.6,83654.2,9067.992,760176492.7263
2025-04-05 09:00:00,83654.2,83872.8,83304.3,83428.0,8174.265,682948260.2115
2025-04-05 15:00:00,83428.0,83526.6,82343.0,82840.1,18129.055,1501417958.3415
2025-04-05 21:00:00,82840.1,83659.9,82748.4,83496.7,10124.486,841160706.8702
2025-04-06 03:00:00,83496.7,83774.3,83131.9,83413.9,7681.97,640855931.9509
2025-04-06 09:00:00,83413.9,83442.9,82617.5,82812.5,11474.018,951599600.3385
2025-04-06 15:00:00,82812.5,82940.0,80512.3,80775.8,33094.557,2711867613.8548
2025-04-06 21:00:00,80775.8,80775.8,77083.5,78376.1,84195.724,6645352522.3003
2025-04-07 03:00:00,78376.1,79315.8,76572.4,76917.3,48311.409,3761320510.2865
2025-04-07 09:00:00,76917.3,77550.0,74456.2,76650.0,69901.405,5310899971.0072
2025-04-07 15:00:00,76650.0,81216.8,75739.6,79033.0,142091.361,11140323573.9306
2025-04-07 21:00:00,79033.0,80189.3,77976.0,79144.1,32432.978,2560263399.7764
2025-04-08 03:00:00,79144.1,80833.6,78738.9,79822.6,24118.386,1926919043.5386
2025-04-08 09:00:00,79822.6,80044.0,78777.2,79955.8,22820.869,1809600573.5449
2025-04-08 15:00:00,79955.8,80350.0,76503.6,77308.0,65064.405,5109167272.7194
2025-04-08 21:00:00,77308.0,77961.7,76200.9,76286.9,32998.242,2536793690.2029
2025-04-09 03:00:00,76286.9,76890.3,74565.9,76700.0,55036.546,4171325205.1698
2025-04-09 09:00:00,76700.0,77910.1,75742.3,76200.1,54318.844,4177311716.1715
2025-04-09 15:00:00,76200.1,82283.1,75982.2,82160.8,104778.657,8262017200.4427
2025-04-09 21:00:00,82160.8,83560.0,81669.2,82593.9,55977.129,4621249699.5921
2025-04-10 03:00:00,82593.9,82719.2,81440.8,82131.1,18823.816,1544859458.9584
2025-04-10 09:00:00,82131.1,82312.4,81255.5,81836.0,21282.02,1739273320.5586
2025-04-10 15:00:00,81836.0,82491.1,78422.0,79285.9,79025.06,6339213134.1059
2025-04-10 21:00:00,79285.9,80027.5,79170.9,79557.5,20193.19,1607445555.975
2025-04-11 03:00:00,79557.5,81085.3,78928.2,80784.3,23027.248,1846807190.3992
2025-04-11 09:00:00,80784.3,82950.0,80750.0,82114.7,38354.008,3137602041.0826
2025-04-11 15:00:00,82114.7,84035.1,81315.7,83906.0,53360.446,4403685195.2354
2025-04-11 21:00:00,83906.0,84288.0,83126.3,83382.8,19336.172,1619232761.8428
2025-04-12 03:00:00,83382.8,83544.8,82753.3,83292.4,11462.895,953019822.9478
2025-04-12 09:00:00,83292.4,83998.8,83260.1,83481.1,12296.679,1027564209.6666
2025-04-12 15:00:00,83481.1,85386.4,83433.5,84731.3,31705.884,2681610008.7833
2025-04-12 21:00:00,84731.3,85888.0,84712.0,85238.4,16376.468,1396596059.8774
2025-04-13 03:00:00,85238.4,86099.0,84358.4,84485.9,23034.486,1960196439.4966
2025-04-13 09:00:00,84485.9,84908.4,84147.0,84478.5,12450.668,1052594649.2921
2025-04-13 15:00:00,84478.5,84982.7,83413.0,84710.0,26273.307,2210967075.2755
2025-04-13 21:00:00,84710.0,84913.5,82953.1,83716.8,28140.907,2355543777.7796
2025-04-14 03:00:00,83716.8,85535.8,83637.5,84541.2,29490.168,2498865006.1848
2025-04-14 09:00:00,84541.2,84931.0,84169.7,84890.0,13649.369,1154500542.5715
2025-04-14 15:00:00,84890.0,85771.1,83639.4,84832.3,43320.547,3666378813.3202
2025-04-14 21:00:00,84832.3,85174.0,84376.7,84547.4,12916.593,1095045054.8259
2025-04-15 03:00:00,84547.4,85873.3,84300.9,85508.8,19774.152,1684140626.175
2025-04-15 09:00:00,85508.8,85998.9,85326.0,85549.9,17922.655,1535451075.757
2025-04-15 15:00:00,85549.9,86444.0,84360.0,84415.6,42137.018,3595712673.1849
2025-04-15 21:00:00,84415.6,84557.9,83518.5,83603.7,18742.947,1574263678.3165
2025-04-16 03:00:00,83603.7,83910.5,83055.0,83310.8,16591.938,1385176801.862
2025-04-16 09:00:00,83310.8,84093.0,83075.3,84004.8,17398.507,1455261225.0379
2025-04-16 15:00:00,84004.8,85522.7,83242.7,83250.0,43642.937,3685370219.4498
2025-04-16 21:00:00,83250.0,84636.3,83224.4,83986.0,21480.416,1806271069.8469
2025-04-17 03:00:00,83986.0,84457.7,83762.0,84350.4,9849.799,828228568.6887
2025-04-17 09:00:00,84350.4,85018.5,84134.1,84527.3,13167.645,1113096093.1207
2025-04-17 15:00:00,84527.3,85182.9,83677.4,85075.4,30145.96,2548907000.6214
2025-04-17 21:00:00,85075.4,85455.8,84452.8,84906.5,15428.799,1311289431.3473
2025-04-18 03:00:00,84906.5,85104.7,84468.9,84692.7,6750.648,572057771.6526
2025-04-18 09:00:00,84692.7,84738.9,84375.0,84627.3,6558.56,554632423.7137
2025-04-18 15:00:00,84627.3,84725.3,84250.0,84524.5,8772.171,741031682.6395
2025-04-18 21:00:00,84524.5,84647.0,84290.0,84419.6,3975.734,335925961.6369
2025-04-19 03:00:00,84419.6,85230.0,84324.1,85047.0,7449.069,632052942.1112
2025-04-19 09:00:00,85047.0,85426.1,84865.3,85194.0,8894.757,757825505.7947
2025-04-19 15:00:00,85194.0,85644.6,84659.4,85214.0,13759.353,1172630912.8294
2025-04-19 21:00:00,85214.0,85371.3,84973.7,85048.5,6174.952,525982128.8363
2025-04-20 03:00:00,85048.5,85290.0,85006.6,85050.0,3586.928,305439991.5946
2025-04-20 09:00:00,85050.0,85121.0,83882.7,84080.1,15143.351,1278522136.5809
2025-04-20 15:00:00,84080.1,84627.6,84054.3,84538.6,9900.647,835447288.5654
2025-04-20 21:00:00,84538.6,85281.8,84421.3,85145.5,11655.108,989787669.5088
2025-04-21 03:00:00,85145.5,87737.7,85106.1,87513.0,39955.882,3470988837.0761
2025-04-21 09:00:00,87513.0,87771.9,86615.2,86940.4,17433.105,1522006537.241
2025-04-21 15:00:00,86940.4,88442.9,86350.0,86817.7,54676.341,4782142595.338
2025-04-21 21:00:00,86817.7,87592.6,86606.0,87471.1,17338.8,1510103683.8996
2025-04-22 03:00:00,87471.1,88842.1,87013.6,88348.2,28289.31,2492039635.9825
2025-04-22 09:00:00,88348.2,88681.9,87941.8,88581.0,12777.893,1129365630.1871
2025-04-22 15:00:00,88581.0,91440.1,88440.0,91336.5,65897.377,5945662886.4917
2025-04-22 21:00:00,91336.5,94000.0,90865.5,93400.0,46409.208,4287127128.9536
2025-04-23 03:00:00,93400.0,93873.4,92561.0,93443.0,19786.785,1843532127.4922
2025-04-23 09:00:00,93443.0,94507.0,93268.4,93426.3,22601.213,2120898629.2105
2025-04-23 15:00:00,93426.3,94722.9,91911.8,93857.2,54783.87,5112417909.0724
2025-04-23 21:00:00,93857.2,94189.1,92909.0,93635.2,16801.051,1571894968.6932
2025-04-24 03:00:00,93635.2,93724.8,92321.7,92540.5,16214.201,1507640668.2974
2025-04-24 09:00:00,92540.5,92620.0,91631.5,92577.5,20130.406,1856793370.1249
2025-04-24 15:00:00,92577.5,93554.8,92388.4,92965.9,27040.301,2514180534.9896
2025-04-24 21:00:00,92965.9,93985.8,92952.6,93945.5,15206.364,1421423706.2466
2025-04-25 03:00:00,93945.5,94400.0,92775.6,93161.8,19098.708,1785438414.2197
2025-04-25 09:00:00,93161.8,94619.6,93153.8,94593.2,14584.302,1368212339.9341
2025-04-25 15:00:00,94593.2,95724.5,93888.8,94483.9,50792.177,4820544395.3407
2025-04-25 21:00:00,94483.9,95286.5,94406.0,94596.2,11981.971,1136479678.0272
2025-04-26 03:00:00,94596.2,95150.0,94264.1,94577.9,7950.214,753090429.7696
2025-04-26 09:00:00,94577.9,94746.9,93950.0,94101.0,8859.884,835631532.513
2025-04-26 15:00:00,94101.0,94363.4,93839.8,94276.8,7718.023,726623787.9538
2025-04-26 21:00:00,94276.8,94870.0,94035.0,94578.3,6534.709,617100759.5912
2025-04-27 03:00:00,94578.3,95279.4,93592.8,93870.3,15156.036,1430115793.5429
2025-04-27 09:00:00,93870.3,94279.1,93815.8,93866.0,5837.375,548951460.4023
2025-04-27 15:00:00,93866.0,94130.0,93538.4,94001.9,10053.368,943553298.5537
2025-04-27 21:00:00,94001.9,94516.8,93576.9,93700.0,8960.0,842696825.0744
2025-04-28 03:00:00,93700.0,94320.6,92750.0,94185.4,20830.866,1947211494.9258
2025-04-28 09:00:00,94185.4,95480.2,94185.4,95274.2,22641.914,2147108854.71
2025-04-28 15:00:00,95274.2,95564.8,93381.9,94047.1,39674.187,3742401887.5296
2025-04-28 21:00:00,94047.1,95126.8,93739.5,94969.7,14774.435,1397473228.7972
2025-04-29 03:00:00,94969.7,95440.0,94146.8,94235.0,15672.265,1485434866.7173
2025-04-29 09:00:00,94235.0,95250.0,94210.3,95084.4,13150.848,1247773233.5983
2025-04-29 15:00:00,95084.4,95444.3,94466.8,95203.2,29059.821,2759047231.4416
2025-04-29 21:00:00,95203.2,95400.0,93682.0,94200.0,24299.192,2298550982.7706
2025-04-30 03:00:00,94200.0,95146.5,94076.0,94863.1,15125.845,1432286323.3326
2025-04-30 09:00:00,94863.1,95187.5,94453.2,95131.3,9843.76,933310114.6423
2025-04-30 15:00:00,95131.3,95174.3,92852.4,94055.9,41559.868,3902458628.3329
2025-04-30 21:00:00,94055.9,94750.0,93700.4,94118.0,15183.271,1431681261.3538
2025-05-01 03:00:00,94118.0,95149.7,94070.7,95114.3,11870.255,1124510078.2378
2025-05-01 09:00:00,95114.3,96366.0,94750.0,96138.2,24630.363,2356530362.5336
2025-05-01 15:00:00,96138.2,97383.1,95772.0,96754.0,45286.662,4375298125.3271
2025-05-01 21:00:00,96754.0,96907.9,96132.9,96430.9,15635.21,1508992679.1811
2025-05-02 03:00:00,96430.9,97276.6,96417.1,96651.3,13755.997,1332832928.9533
2025-05-02 09:00:00,96651.3,97050.0,96306.9,96866.5,12912.6,1247978625.8691
2025-05-02 15:00:00,96866.5,97868.0,96574.9,97343.1,34964.176,3399841632.7812
2025-05-02 21:00:00,97343.1,97568.6,96500.1,96833.5,12581.354,1219547295.8059
2025-05-03 03:00:00,96833.5,96865.0,96254.4,96374.0,6372.959,614943716.8036
2025-05-03 09:00:00,96374.0,96374.1,95819.0,95894.6,10765.603,1034574068.1538
2025-05-03 15:00:00,95894.6,96455.0,95783.8,96130.0,10318.289,992077520.9695
2025-05-03 21:00:00,96130.0,96408.7,95700.1,95815.5,6999.021,672511873.9565
2025-05-04 03:00:00,95815.5,96257.0,95535.4,96000.7,10389.309,995772748.3879
2025-05-04 09:00:00,96000.7,96108.8,95233.0,95379.9,8377.73,800440598.7234
2025-05-04 15:00:00,95379.9,95644.2,95152.6,95356.2,10314.454,984105429.1758
2025-05-04 21:00:00,95356.2,95706.0,94100.0,94224.1,16407.37,1556932837.765
2025-05-05 03:00:00,94224.1,94745.0,93460.2,94692.7,23071.603,2172272768.9685
2025-05-05 09:00:00,94692.7,94792.6,93847.7,93997.9,13861.064,1307176918.0178
2025-05-05 15:00:00,93997.9,94586.0,93543.9,94448.7,28183.923,2649665530.8073
2025-05-05 21:00:00,94448.7,95149.0,93801.0,94698.7,17731.449,1677456685.4226
2025-05-06 03:00:00,94698.7,94876.6,93970.0,94291.4,10505.388,991445758.8471
2025-05-06 09:00:00,94291.4,94593.5,93680.0,93777.5,10346.032,973525638.4554
2025-05-06 15:00:00,93777.5,94823.4,93333.5,94491.4,29193.212,2748794523.9734
2025-05-06 21:00:00,94491.4,96880.6,94401.9,96799.0,32832.764,3139948168.4266
2025-05-07 03:00:00,96799.0,97700.0,96157.1,96344.6,26137.181,2533304535.5915
2025-05-07 09:00:00,96344.6,97069.6,96320.0,97000.0,10329.932,1000246195.4337
2025-05-07 15:00:00,97000.0,97444.2,96134.7,96276.7,24812.51,2402960013.5403
2025-05-07 21:00:00,96276.7,97369.6,95724.2,96988.1,31834.526,3072561766.106
2025-05-08 03:00:00,96988.1,99393.1,96832.1,98719.1,37711.594,3712255284.4607
2025-05-08 09:00:00,98719.1,99876.2,98698.0,99376.0,19098.292,1899321958.6428
2025-05-08 15:00:00,99376.0,101687.9,99055.0,100964.0,54534.4,5475421795.2967
2025-05-08 21:00:00,100964.0,104253.8,100904.0,103240.0,41514.866,4251631070.4454
2025-05-09 03:00:00,103240.0,103241.3,102314.2,102933.3,13704.518,1408015034.8796
2025-05-09 09:00:00,102933.3,104330.1,102378.3,102909.9,32421.746,3346534718.1238
2025-05-09 15:00:00,102909.9,103735.1,102264.1,103183.2,31291.096,3221293303.8922
2025-05-09 21:00:00,103183.2,103364.0,102692.2,102931.2,9737.364,1003281976.6388
2025-05-10 03:00:00,102931.2,103327.0,102772.0,103323.1,5862.151,604152625.4983
2025-05-10 09:00:00,103323.1,104079.9,103323.0,103399.2,15327.933,1588916001.8311
2025-05-10 15:00:00,103399.2,103792.8,103053.6,103132.0,10462.712,1081982544.7908
2025-05-10 21:00:00,103132.0,104986.7,102880.0,104782.3,15973.672,1661902782.1929
2025-05-11 03:00:00,104782.3,104936.7,103342.3,103802.0,19393.842,2018440932.4097
2025-05-11 09:00:00,103802.0,104731.0,103250.0,104600.9,13058.489,1357895807.2307
2025-05-11 15:00:00,104600.9,104855.0,103713.3,104006.3,17822.48,1856668039.5234
2025-05-11 21:00:00,104006.3,104812.0,103540.0,104080.0,13194.265,1374217930.7855
2025-05-12 03:00:00,104080.0,105133.7,103666.0,103934.0,16549.592,1725190799.4137
2025-05-12 09:00:00,103934.0,105842.1,103580.0,103712.3,35518.351,3719248121.611
2025-05-12 15:00:00,103712.3,104614.0,102303.5,102507.2,40724.968,4204775769.411
2025-05-12 21:00:00,102507.2,103098.2,100688.0,102746.0,31912.1,3252268627.2168
2025-05-13 03:00:00,102746.0,102746.1,101380.0,102423.4,17611.052,1798889709.9765
2025-05-13 09:00:00,102423.4,103788.0,102277.7,103683.5,14115.453,1455413242.6283
2025-05-13 15:00:00,103683.5,104360.0,102745.0,104204.6,34246.543,3548248771.2598
2025-05-13 21:00:00,104204.6,104949.9,103820.0,104070.6,17544.74,1831787146.8181
2025-05-14 03:00:00,104070.6,104073.6,103400.0,103860.2,10366.454,1075415614.7283
2025-05-14 09:00:00,103860.2,104138.6,102803.4,103908.2,16850.421,1743970183.614
2025-05-14 15:00:00,103908.2,104325.6,102550.0,103209.7,31774.239,3285199863.515
2025-05-14 21:00:00,103209.7,103668.8,102976.0,103445.0,7480.711,773436923.1011
2025-05-15 03:00:00,103445.0,103824.0,102276.0,102320.0,12950.888,1332961106.1101
2025-05-15 09:00:00,102320.0,102638.6,101450.0,102322.9,20341.159,2074512591.1256
2025-05-15 15:00:00,102322.9,104203.9,101333.0,103925.0,41073.567,4217169469.4253
2025-05-15 21:00:00,103925.0,103979.9,102500.0,103710.0,25152.097,2596385470.6878
2025-05-16 03:00:00,103710.0,104433.3,103405.9,103858.8,15219.479,1582078219.5145
2025-05-16 09:00:00,103858.8,104152.8,103042.2,103622.0,13517.341,1400364932.5508
2025-05-16 15:00:00,103622.0,104555.0,103279.3,103807.6,22612.421,2348842011.1769
2025-05-16 21:00:00,103807.6,104046.4,103356.4,103410.2,8034.168,832741842.2948
2025-05-17 03:00:00,103410.2,103669.4,102539.7,103301.3,14485.973,1493980438.771
2025-05-17 09:00:00,103301.3,103593.8,102700.1,102932.4,9218.688,950271930.1647
2025-05-17 15:00:00,102932.4,103250.0,102600.2,103085.0,7148.815,735872527.358
2025-05-17 21:00:00,103085.0,103451.1,102852.8,103081.2,5654.443,583163072.1352
2025-05-18 03:00:00,103081.2,103640.0,103050.0,103606.3,5190.952,536337735.8415
2025-05-18 09:00:00,103606.3,104050.0,103317.2,103758.7,8810.477,914462094.1327
2025-05-18 15:00:00,103758.7,105950.0,103666.7,104784.4,36692.391,3855325844.3197
2025-05-18 21:00:00,104784.4,106650.0,103228.0,106428.1,45043.357,4720891558.4178
2025-05-19 03:00:00,106428.1,107134.3,102422.1,102983.9,42015.2,4386086841.4176
2025-05-19 09:00:00,102983.9,103392.0,102000.0,102910.8,22666.72,2329496297.4473
2025-05-19 15:00:00,102910.8,105500.0,102100.0,105335.8,43315.537,4509213271.8885
2025-05-19 21:00:00,105335.8,105798.4,104573.1,105538.0,23325.552,2454293029.1027
2025-05-20 03:00:00,105538.0,106844.4,105471.6,106078.3,32930.999,3494171233.1106
2025-05-20 09:00:00,106078.3,106186.4,104807.7,105163.1,16916.156,1780161365.8086
2025-05-20 15:00:00,105163.1,106299.8,104125.4,106150.0,30026.805,3153020359.7869
2025-05-20 21:00:00,106150.0,107292.4,105157.1,106808.2,43712.91,4653633540.9064
2025-05-21 03:00:00,106808.2,107774.2,106136.0,107500.7,27982.124,2996082060.2765
2025-05-21 09:00:00,107500.7,108033.3,106001.8,106490.0,31025.912,3313359955.7906
2025-05-21 15:00:00,106490.0,109833.0,106078.5,106558.0,103819.022,11213385304.8925
2025-05-21 21:00:00,106558.0,110800.0,106254.4,109608.7,58944.119,6394728769.1042
2025-05-22 03:00:00,109608.7,111885.0,109150.0,110841.1,44112.693,4878685618.8629
2025-05-22 09:00:00,110841.1,111285.0,110218.4,110923.1,27466.267,3041753772.2377
2025-05-22 15:00:00,110923.1,111968.0,110495.3,111473.6,38762.678,4311747869.7986
2025-05-22 21:00:00,111473.6,111931.8,110683.2,111646.5,18540.421,2063040978.1889
2025-05-23 03:00:00,111646.5,111758.4,110500.4,110811.2,13280.612,1475916354.0793
2025-05-23 09:00:00,110811.2,111340.3,108825.9,109026.5,26497.285,2921124517.1013
2025-05-23 15:00:00,109026.5,109968.0,107263.6,109350.8,79192.028,8618926117.6988
2025-05-23 21:00:00,109350.8,109451.9,106755.0,107275.9,29219.76,3161020368.723
2025-05-24 03:00:00,107275.9,108531.6,106832.3,108195.9,14823.721,1597014971.4326
2025-05-24 09:00:00,108195.9,109454.5,107506.1,109142.9,18644.221,2022705090.713
2025-05-24 15:00:00,109142.9,109222.0,108469.5,108866.0,14441.672,1571669467.587
2025-05-24 21:00:00,108866.0,109090.7,107434.5,107716.0,15332.781,1658389650.8153
2025-05-25 03:00:00,107716.0,108249.7,107118.1,108069.9,15351.696,1654395989.1701
2025-05-25 09:00:00,108069.9,108100.0,106650.2,107200.0,16275.348,1744637696.4597
2025-05-25 15:00:00,107200.0,107708.9,106538.4,107330.0,18929.345,2028276120.0574
2025-05-25 21:00:00,107330.0,109300.0,107106.5,108976.2,22619.53,2449597486.0434
2025-05-26 03:00:00,108976.2,109838.0,108640.7,109605.1,19135.838,2094107839.8791
2025-05-26 09:00:00,109605.1,110209.3,109477.7,109734.6,15360.378,1686528920.4478
2025-05-26 15:00:00,109734.6,110452.2,108841.5,109133.6,28462.862,3121939168.0784
2025-05-26 21:00:00,109133.6,109887.8,108816.5,109382.3,16478.554,1800412853.4499
2025-05-27 03:00:00,109382.3,109656.9,107421.7,108866.1,35985.44,3905383740.453
2025-05-27 09:00:00,108866.1,109879.4,108774.8,109538.4,17668.408,1933323042.7062
2025-05-27 15:00:00,109538.4,110700.0,108606.6,110199.7,49146.074,5398625886.3283
2025-05-27 21:00:00,110199.7,110378.7,108458.6,108864.0,22054.275,2410261367.9492
2025-05-28 03:00:00,108864.0,109217.8,108304.1,108922.4,12392.176,1347639395.767
2025-05-28 09:00:00,108922.4,109070.8,108171.3,108800.1,12882.415,1400104531.562
2025-05-28 15:00:00,108800.1,109000.0,106973.9,107640.9,33256.94,3584649942.5835
2025-05-28 21:00:00,107640.9,108017.2,106718.0,107738.9,16061.86,1725032201.4547
2025-05-29 03:00:00,107738.9,108437.9,106880.0,107644.1,19407.737,2091554578.829
2025-05-29 09:00:00,107644.1,108850.0,107576.5,108741.4,15605.746,1690889994.7312
2025-05-29 15:00:00,108741.4,108773.3,106030.5,106252.0,50046.532,5368455128.8482
2025-05-29 21:00:00,106252.0,106589.5,105250.0,105550.0,24858.155,2633917377.1237
2025-05-30 03:00:00,105550.0,106278.3,104520.1,106032.0,28430.085,2998090332.3225
2025-05-30 09:00:00,106032.0,106085.0,104555.1,105860.0,30971.472,3262639267.6864
2025-05-30 15:00:00,105860.0,105996.6,103666.0,104161.9,39560.527,4150236008.2374
2025-05-30 21:00:00,104161.9,104950.0,103569.0,103976.6,19221.343,2006134601.1367
2025-05-31 03:00:00,103976.6,104288.8,103036.8,103494.3,20402.006,2113729987.1944
2025-05-31 09:00:00,103494.3,103869.0,103246.0,103459.4,6802.961,704547497.4646
2025-05-31 15:00:00,103459.4,104800.0,103441.3,104337.3,15276.079,1593334177.3765
2025-05-31 21:00:00,104337.3,104898.5,104337.3,104566.1,9191.839,962211066.2695
2025-06-01 03:00:00,104566.1,104699.0,103863.4,104498.2,9919.258,1034425155.4217
2025-06-01 09:00:00,104498.2,104498.3,103696.7,104040.0,8373.063,871100056.8282
2025-06-01 15:00:00,104040.0,105266.0,103719.7,105038.1,12461.585,1304606014.9029
2025-06-01 21:00:00,105038.1,105843.6,104302.4,105614.4,13316.379,1400895833.152
2025-06-02 03:00:00,105614.4,105719.0,104502.2,104785.1,11168.988,1173536229.0504
2025-06-02 09:00:00,104785.1,105894.0,103868.0,104004.4,22849.844,2395915544.6874
2025-06-02 15:00:00,104004.4,104631.4,103606.4,104337.3,29260.996,3046298996.0268
2025-06-02 21:00:00,104337.3,105919.7,103985.6,105827.2,16607.748,1744431584.2989
2025-06-03 03:00:00,105827.2,106478.8,105061.8,105386.1,17118.408,1811034197.3031
2025-06-03 09:00:00,105386.1,105400.0,104813.9,105255.7,9809.068,1031341885.832
2025-06-03 15:00:00,105255.7,106773.7,104971.9,105880.7,34479.423,3654583374.628
2025-06-03 21:00:00,105880.7,106368.7,105204.5,105324.7,20104.789,2125811116.9937
2025-06-04 03:00:00,105324.7,105777.4,105052.5,105300.1,11526.451,1215339147.8646
2025-06-04 09:00:00,105300.1,105952.9,105050.0,105056.6,11201.886,1181064453.5868
2025-06-04 15:00:00,105056.6,105492.5,104135.3,104989.1,34741.357,3645332971.7139
2025-06-04 21:00:00,104989.1,105243.7,104355.1,104630.0,11648.584,1220886245.6052
2025-06-05 03:00:00,104630.0,105213.5,104516.0,104602.3,9793.072,1027421111.0284
2025-06-05 09:00:00,104602.3,104876.4,104307.6,104771.7,10601.275,1108684972.1277
2025-06-05 15:00:00,104771.7,105866.7,103100.0,103200.0,57925.344,6047980620.5187
2025-06-05 21:00:00,103200.0,103323.9,100350.0,101455.2,66738.202,6783184173.7691
2025-06-06 03:00:00,101455.2,102900.0,101046.0,102900.0,16261.095,1659087211.0189
2025-06-06 09:00:00,102900.0,103949.6,102825.1,103873.4,19045.639,1969657245.1285
2025-06-06 15:00:00,103873.4,105320.4,103463.9,104882.1,44689.854,4668096329.0732
2025-06-06 21:00:00,104882.1,104931.5,104012.0,104227.5,9858.069,1029097787.2655
2025-06-07 03:00:00,104227.5,104977.7,103811.0,104838.7,12889.498,1347233731.9099
2025-06-07 09:00:00,104838.7,105292.6,104645.4,105093.7,10890.608,1143136964.5558
2025-06-07 15:00:00,105093.7,105766.7,105093.6,105343.2,13990.629,1475484219.6141
2025-06-07 21:00:00,105343.2,105865.9,105343.2,105499.9,8854.049,935855912.8565
2025-06-08 03:00:00,105499.9,105732.0,105340.0,105377.8,3620.42,381862859.6155
2025-06-08 09:00:00,105377.8,105664.4,104924.7,105634.2,8596.183,905257036.9893
2025-06-08 15:00:00,105634.2,106312.2,105452.4,106028.9,14404.873,1525639832.6455
2025-06-08 21:00:00,106028.9,106441.8,105500.0,105670.8,8771.147,929272762.7191
2025-06-09 03:00:00,105670.8,105932.1,105252.6,105330.0,8513.801,898522622.8795
2025-06-09 09:00:00,105330.0,107775.9,105264.1,107723.1,29775.499,3181244022.1403
2025-06-09 15:00:00,107723.1,108401.6,106835.4,108297.0,33242.276,3580081171.1114
2025-06-09 21:00:00,108297.0,110660.8,108239.1,110219.9,32871.841,3598321252.2046
2025-06-10 03:00:00,110219.9,110273.5,109156.2,109263.9,11168.401,1224207970.5625
2025-06-10 09:00:00,109263.9,109812.0,109016.0,109507.1,13228.398,1447422863.7816
2025-06-10 15:00:00,109507.1,109863.0,108279.2,108662.2,28115.539,3063606292.3814
2025-06-10 21:00:00,108662.2,110351.0,108464.3,110227.5,20740.69,2275128208.2879
2025-06-11 03:00:00,110227.5,110234.0,109375.0,109422.7,6868.83,753493842.6063
2025-06-11 09:00:00,109422.7,109684.7,109113.8,109200.9,7074.656,773787231.2516
2025-06-11 15:00:00,109200.9,110375.5,108905.3,108932.0,38029.131,4169819717.6285
2025-06-11 21:00:00,108932.0,109180.1,108006.6,108611.1,22668.638,2461135732.3492
2025-06-12 03:00:00,108611.1,108782.5,107305.1,107697.1,15145.324,1636268843.7694
2025-06-12 09:00:00,107697.1,107950.0,106830.0,106856.0,13913.169,1494044417.0593
2025-06-12 15:00:00,106856.0,108400.0,106554.3,108249.9,33046.741,3547439363.7776
2025-06-12 21:00:00,108249.9,108383.6,105579.8,105600.9,33778.33,3597968818.339
2025-06-13 03:00:00,105600.9,105640.0,102626.9,103968.4,63521.01,6604506649.3552
2025-06-13 09:00:00,103968.4,105425.5,103775.0,104996.4,22152.047,2318794353.9934
2025-06-13 15:00:00,104996.4,105921.8,104057.2,105315.3,34030.141,3576105709.0548
2025-06-13 21:00:00,105315.3,106140.0,104590.9,106023.1,12946.556,1362881580.3923
2025-06-14 03:00:00,106023.1,106168.8,105140.5,105238.0,7932.935,837251511.3974
2025-06-14 09:00:00,105238.0,105274.0,104723.5,105034.0,7497.696,787114711.3784
2025-06-14 15:00:00,105034.0,105070.8,104316.0,104558.3,9110.472,953936779.2087
2025-06-14 21:00:00,104558.3,105454.3,104250.0,105356.7,16852.457,1767354261.3934
2025-06-15 03:00:00,105356.7,106056.9,105215.1,106027.7,6901.556,728889759.764
2025-06-15 09:00:00,106027.7,106080.0,104820.0,104933.2,10458.303,1100689474.7112
2025-06-15 15:00:00,104933.2,105798.1,104906.6,105639.6,10686.142,1126917085.3182
2025-06-15 21:00:00,105639.6,105639.7,104433.0,105547.8,11379.367,1194822082.2462
2025-06-16 03:00:00,105547.8,106754.6,104921.2,106535.8,17185.723,1820006694.3589
2025-06-16 09:00:00,106535.8,107237.5,106462.0,106866.2,14714.849,1572910639.0435
2025-06-16 15:00:00,106866.2,107990.0,106440.0,107705.6,28593.16,3067762291.015
2025-06-16 21:00:00,107705.6,108955.5,106630.0,106749.3,32617.919,3524110298.5324
2025-06-17 03:00:00,106749.3,107724.9,106072.3,107063.6,25747.052,2753665198.0347
2025-06-17 09:00:00,107063.6,107179.2,105436.1,105590.1,20283.026,2153887227.1283
2025-06-17 15:00:00,105590.1,105809.2,103303.4,103750.1,49420.588,5166110884.5137
2025-06-17 21:00:00,103750.1,105286.7,103558.3,104512.7,23927.356,2501509403.3716
2025-06-18 03:00:00,104512.7,105500.0,104320.0,105362.0,9543.277,1002253179.2563
2025-06-18 09:00:00,105362.0,105480.0,104132.1,104788.9,16114.228,1687757541.3045
2025-06-18 15:00:00,104788.9,105290.9,103554.8,104291.6,34408.219,3593837989.38
2025-06-18 21:00:00,104291.6,105100.7,103422.3,104847.3,24916.182,2598421184.3466
2025-06-19 03:00:00,104847.3,105191.9,104394.9,104841.1,9617.059,1008139597.6937
2025-06-19 09:00:00,104841.1,105027.3,104558.0,104712.9,6074.543,636593575.8744
2025-06-19 15:00:00,104712.9,104854.6,103864.0,104484.0,20511.393,2140734418.2188
2025-06-19 21:00:00,104484.0,104870.0,104088.8,104604.2,8466.245,884391616.096
2025-06-20 03:00:00,104604.2,104782.9,104191.9,104549.8,6993.658,730700757.0013
2025-06-20 09:00:00,104549.8,106499.9,104549.8,105923.7,27238.001,2880324486.1744
2025-06-20 15:00:00,105923.7,106103.4,102260.0,103221.7,50459.263,5250322856.7279
2025-06-20 21:00:00,103221.7,103797.0,102913.2,103243.9,15017.336,1550958174.0069
2025-06-21 03:00:00,103243.9,103644.1,103066.0,103356.5,3900.058,403082727.6113
2025-06-21 09:00:00,103356.5,103949.9,103262.0,103819.8,7017.093,727619772.1399
2025-06-21 15:00:00,103819.8,103893.3,103125.0,103136.1,10995.903,1138069550.5485
2025-06-21 21:00:00,103136.1,103379.8,100800.0,102083.9,42028.529,4282280088.374
2025-06-22 03:00:00,102083.9,103347.0,101780.6,102812.2,28255.281,2894940234.3892
2025-06-22 09:00:00,102812.2,102913.6,102034.0,102687.9,12229.879,1253468092.4041
2025-06-22 15:00:00,102687.9,102789.0,98596.0,99432.8,83025.96,8308165726.809
2025-06-22 21:00:00,99432.8,100996.9,98125.0,100904.3,39553.834,3935371248.6583
2025-06-23 03:00:00,100904.3,101800.0,100433.4,101710.8,18321.637,1852470009.0908
2025-06-23 09:00:00,101710.8,102151.4,101055.4,101239.9,18333.942,1862799488.2602
2025-06-23 15:00:00,101239.9,102685.0,99581.0,102436.0,67644.314,6856205414.3542
2025-06-23 21:00:00,102436.0,106024.8,102343.9,105283.5,55598.419,5794847761.5749
2025-06-24 03:00:00,105283.5,105469.0,104650.0,105348.2,14363.024,1508346139.2196
2025-06-24 09:00:00,105348.2,105784.7,104567.0,105129.9,22231.749,2338705380.6043
2025-06-24 15:00:00,105129.9,106269.9,104755.0,105996.3,25141.108,2651615205.9062
2025-06-24 21:00:00,105996.3,106089.3,105182.1,106048.5,11292.543,1193930475.6574
2025-06-25 03:00:00,106048.5,106782.3,105750.0,106157.8,16770.237,1782560223.4807
2025-06-25 09:00:00,106157.8,107169.4,106077.3,107126.1,17265.821,1842885158.6926
2025-06-25 15:00:00,107126.1,108090.0,106672.8,107324.1,35538.861,3817584763.5541
2025-06-25 21:00:00,107324.1,107942.0,107005.4,107264.0,11200.153,1203973753.6252
2025-06-26 03:00:00,107264.0,108239.6,107028.0,107573.7,15023.03,1618090822.7392
2025-06-26 09:00:00,107573.7,108132.4,107051.3,107266.8,12218.597,1314612224.9898
2025-06-26 15:00:00,107266.8,107721.1,106457.7,107141.6,21620.006,2316346361.8222
2025-06-26 21:00:00,107141.6,108000.0,106773.4,106905.3,11978.009,1285317973.0845
2025-06-27 03:00:00,106905.3,107528.4,106351.6,107200.5,11492.896,1230606967.6491
2025-06-27 09:00:00,107200.5,107688.9,106633.2,106933.0,12738.14,1363038293.6511
2025-06-27 15:00:00,106933.0,107738.1,106280.0,106810.3,28040.323,2996242856.9652
2025-06-27 21:00:00,106810.3,107218.0,106388.0,106999.6,9482.76,1012714447.2782
2025-06-28 03:00:00,106999.6,107296.5,106761.0,107246.2,4737.174,507279518.1376
2025-06-28 09:00:00,107246.2,107444.3,107202.1,107320.0,4635.471,497496301.5544
2025-06-28 15:00:00,107320.0,107499.9,107037.1,107420.5,4161.906,446463441.5085
2025-06-28 21:00:00,107420.5,107421.2,107100.0,107241.0,2863.583,307111487.3637
2025-06-29 03:00:00,107241.0,107444.9,107113.8,107256.0,3475.48,372901653.8054
2025-06-29 09:00:00,107256.0,108507.0,107255.9,108420.1,12663.718,1366704276.9412
2025-06-29 15:00:00,108420.1,108484.2,107222.0,107484.0,13528.958,1457988783.3002
2025-06-29 21:00:00,107484.0,108396.7,107171.2,108314.8,13204.631,1423252718.5051
2025-06-30 03:00:00,108314.8,108766.4,108121.5,108236.5,12709.395,1378649693.1704
2025-06-30 09:00:00,108236.5,108260.1,107300.0,107590.9,15574.891,1676536786.6595
2025-06-30 15:00:00,107590.9,107821.6,106677.0,107415.9,26266.478,2818814572.8113
2025-06-30 21:00:00,107415.9,107744.9,106858.8,107081.2,7779.409,834633030.1914
2025-07-01 03:00:00,107081.2,107484.8,106669.5,106883.0,9604.18,1027815852.5857
2025-07-01 09:00:00,106883.0,107126.0,106233.7,106553.8,14393.881,1534753211.6117
2025-07-01 15:00:00,106553.8,107139.9,105550.0,106200.0,29851.624,3170986225.6171
2025-07-01 21:00:00,106200.0,106221.2,105180.3,105634.8,15884.511,1677846611.9209
2025-07-02 03:00:00,105634.8,106625.0,105058.6,106590.8,12917.288,1368076350.5312
2025-07-02 09:00:00,106590.8,107795.0,106583.2,107436.2,20700.76,2221208716.6927
2025-07-02 15:00:00,107436.2,109740.9,107134.7,109104.5,46579.706,5054865420.6146
2025-07-02 21:00:00,109104.5,109646.3,108669.0,108803.0,12909.989,1409985279.331
2025-07-03 03:00:00,108803.0,109317.9,108455.1,109294.2,11166.995,1215734816.9096
2025-07-03 09:00:00,109294.2,110256.4,109088.0,109551.1,16984.408,1863035220.4688
2025-07-03 15:00:00,109551.1,110485.7,108704.4,109500.1,39748.865,4354305606.5533
2025-07-03 21:00:00,109500.1,109978.3,109275.0,109540.0,8393.984,920774237.521
2025-07-04 03:00:00,109540.0,109725.3,108884.0,108962.0,8733.917,953849752.3278
2025-07-04 09:00:00,108962.0,109089.0,108456.0,108826.0,11827.716,1286948507.3855
2025-07-04 15:00:00,108826.0,108914.5,107300.0,107844.7,32012.188,3453913884.3663
2025-07-04 21:00:00,107844.7,108223.9,107220.3,107947.4,11062.151,1191734845.9132
2025-07-05 03:00:00,107947.4,108429.2,107685.9,108094.4,6855.73,740845682.2676
2025-07-05 09:00:00,108094.4,108252.1,107809.9,108055.9,4498.559,485972191.1521
2025-07-05 15:00:00,108055.9,108191.6,107820.8,108035.3,3675.198,396969748.4596
2025-07-05 21:00:00,108035.3,108179.0,107897.9,108144.4,2756.729,297842177.3523
2025-07-06 03:00:00,108144.4,108200.0,107888.0,107943.2,2958.141,319610107.0962
2025-07-06 09:00:00,107943.2,108168.0,107762.6,108028.8,4521.656,488135895.4208
2025-07-06 15:00:00,108028.8,109088.6,108000.0,108875.9,14673.46,1594536635.0325
2025-07-06 21:00:00,108875.9,109685.0,108225.7,109160.5,17319.034,1887058302.7086
2025-07-07 03:00:00,109160.5,109681.4,108612.0,109029.7,10981.129,1198691328.0899
2025-07-07 09:00:00,109029.7,109122.0,108525.0,108593.9,9165.522,997272150.2695
2025-07-07 15:00:00,108593.9,108625.5,107730.6,107892.0,24106.512,2608321176.7601
2025-07-07 21:00:00,107892.0,108271.3,107449.6,108200.0,10732.314,1157884450.1506
2025-07-08 03:00:00,108200.0,108482.3,107369.7,108160.0,13446.583,1451342286.1885
2025-07-08 09:00:00,108160.0,108977.6,108078.7,108718.1,11526.665,1250942575.2818
2025-07-08 15:00:00,108718.1,109188.0,108029.9,108949.2,25975.128,2821493979.0802
2025-07-08 21:00:00,108949.2,109126.2,108567.0,108881.9,7594.43,826904085.2687
2025-07-09 03:00:00,108881.9,109093.0,108263.4,108729.4,8474.389,920795737.4768
2025-07-09 09:00:00,108729.4,109090.0,108527.3,109018.9,6080.956,661634649.7635
2025-07-09 15:00:00,109018.9,109746.0,108447.8,109106.1,26496.144,2892213793.5305
2025-07-09 21:00:00,109106.1,111999.0,109073.1,111209.7,41649.244,4619002174.3883
2025-07-10 03:00:00,111209.7,111524.7,110832.8,111043.6,8758.577,973011662.0014
2025-07-10 09:00:00,111043.6,111421.2,110825.0,110979.5,8515.229,946251881.8648
2025-07-10 15:00:00,110979.5,113789.3,110450.9,113692.8,39814.103,4465450342.5785
2025-07-10 21:00:00,113692.8,117896.7,112960.0,115990.1,53079.15,6119538358.9711
2025-07-11 03:00:00,115990.1,118387.0,115200.0,117832.0,27883.842,3259343739.8707
2025-07-11 09:00:00,117832.0,118849.9,117436.6,117801.6,25033.031,2955105762.9656
2025-07-11 15:00:00,117801.6,118224.9,116600.8,117623.6,27128.082,3186949800.8662
2025-07-11 21:00:00,117623.6,118117.7,117114.1,117508.8,12843.914,1511420905.2039
2025-07-12 03:00:00,117508.8,117843.8,117101.9,117641.0,5624.961,661190338.4367
2025-07-12 09:00:00,117641.0,118195.1,117562.0,117772.2,10165.264,1198318887.7925
2025-07-12 15:00:00,117772.2,117825.8,116868.1,117436.8,14631.456,1716784335.1221
2025-07-12 21:00:00,117436.8,117601.4,116940.0,117369.9,4834.348,567192564.424
2025-07-13 03:00:00,117369.9,117861.4,117173.3,117717.0,5161.363,606772871.6772
2025-07-13 09:00:00,117717.0,118054.5,117653.1,118029.9,5109.606,602231153.5332
2025-07-13 15:00:00,118029.9,119390.4,117929.6,118631.9,25341.646,3007134506.073
2025-07-13 21:00:00,118631.9,119474.9,118168.2,119050.2,11959.452,1421574560.0273
2025-07-14 03:00:00,119050.2,122685.1,118859.2,122446.2,44492.164,5376716355.5142
2025-07-14 09:00:00,122446.2,123250.0,121350.0,121480.1,24949.716,3050291242.4907
2025-07-14 15:00:00,121480.1,122100.0,119232.4,119921.8,38669.076,4664452476.6469
2025-07-14 21:00:00,119921.8,120458.8,119501.6,119841.6,10854.831,1302388989.3141
2025-07-15 03:00:00,119841.6,119946.6,116302.4,117351.9,44286.317,5222574854.962
2025-07-15 09:00:00,117351.9,117351.9,116114.6,117150.4,23558.765,2753306870.7402
2025-07-15 15:00:00,117150.4,118510.5,115750.0,117420.7,55431.223,6491412813.8976
2025-07-15 21:00:00,117420.7,117999.8,116047.2,117745.7,21039.756,2461541427.9889
2025-07-16 03:00:00,117745.7,118250.0,117031.0,117871.6,11550.173,1359187070.9234
2025-07-16 09:00:00,117871.6,119327.4,117750.0,118776.1,14462.834,1717034359.8404
2025-07-16 15:00:00,118776.1,119778.5,118127.9,119064.1,39893.966,4743710873.5386
2025-07-16 21:00:00,119064.1,120114.6,118409.1,118626.3,20371.966,2431259182.3841
2025-07-17 03:00:00,118626.3,119173.2,117662.2,118576.3,15674.444,1853865601.8453
2025-07-17 09:00:00,118576.3,119246.4,117809.9,118001.0,18143.68,2149578513.5388
2025-07-17 15:00:00,118001.0,119424.6,117449.9,119313.0,25636.866,3034093968.9359
2025-07-17 21:00:00,119313.0,121044.0,118423.5,119218.7,35016.67,4199157467.5786
2025-07-18 03:00:00,119218.7,120844.7,119028.2,120640.6,18711.938,2247889828.8562
2025-07-18 09:00:00,120640.6,120896.9,118444.0,119222.7,20359.708,2428231093.2444
2025-07-18 15:00:00,119222.7,119574.4,117311.7,117612.1,34978.447,4135450060.1676
2025-07-18 21:00:00,117612.1,118017.3,116822.1,117930.1,16753.083,1967479153.2647
2025-07-19 03:00:00,117930.1,118398.5,117630.8,118220.5,6562.045,774875605.1404
2025-07-19 09:00:00,118220.5,118523.7,117935.6,118330.4,5997.307,709239353.089
2025-07-19 15:00:00,118330.4,118345.7,117612.0,117807.5,9674.111,1141874819.9184
2025-07-19 21:00:00,117807.5,118176.4,117237.7,117842.1,8145.605,959164003.4178
2025-07-20 03:00:00,117842.1,118186.8,117659.3,117866.5,5191.54,612387585.2197
2025-07-20 09:00:00,117866.5,118328.1,117772.4,117925.4,6265.023,739756840.1111
2025-07-20 15:00:00,117925.4,118931.0,117745.4,118058.1,16611.713,1967429125.7858
2025-07-20 21:00:00,118058.1,118632.5,116455.6,117290.4,18077.999,2123689239.0982
2025-07-21 03:00:00,117290.4,118704.5,116550.0,118451.5,15187.69,1788543678.8917
2025-07-21 09:00:00,118451.5,119750.0,118108.9,118118.7,18170.063,2161709033.2252
2025-07-21 15:00:00,118118.7,119300.0,117380.0,117899.6,28826.96,3410485790.7683
2025-07-21 21:00:00,117899.6,118239.3,116652.0,117393.0,18297.916,2146796961.2758
2025-07-22 03:00:00,117393.0,117988.0,116123.0,117370.1,22859.905,2677155321.1048
2025-07-22 09:00:00,117370.1,119250.0,117291.8,119199.1,20844.745,2465446142.8651
2025-07-22 15:00:00,119199.1,119649.9,117601.2,119260.1,28998.913,3446841647.1333
2025-07-22 21:00:00,119260.1,120321.0,119115.4,120043.6,17225.039,2062654266.9679
2025-07-23 03:00:00,120043.6,120194.7,118582.4,118682.0,12877.84,1534898773.8752
2025-07-23 09:00:00,118682.0,118769.3,117850.0,118558.0,16142.013,1910021892.4558
2025-07-23 15:00:00,118558.0,118748.6,117300.0,118134.6,30370.606,3581027179.6529
2025-07-23 21:00:00,118134.6,118771.5,117357.7,118743.4,14890.549,1759431839.3981
2025-07-24 03:00:00,118743.4,119279.7,117453.2,117582.2,16225.695,1922095165.7325
2025-07-24 09:00:00,117582.2,118821.0,117050.1,118613.5,21790.601,2574517487.8119
2025-07-24 15:00:00,118613.5,119492.9,117815.8,119140.0,21929.416,2604263110.181
2025-07-24 21:00:00,119140.0,119427.2,118150.4,118328.0,9000.358,1069253151.457
2025-07-25 03:00:00,118328.0,118440.3,115090.0,115514.0,45946.679,5341250027.3091
2025-07-25 09:00:00,115514.0,116793.1,114710.0,116544.9,31116.964,3599044103.2592
2025-07-25 15:00:00,116544.9,116675.8,114905.0,116029.1,27695.007,3207586953.3678
2025-07-25 21:00:00,116029.1,117642.8,116029.0,117616.3,16454.115,1924332068.3282
2025-07-26 03:00:00,117616.3,117750.0,117150.0,117435.4,6140.531,721332266.8673
2025-07-26 09:00:00,117435.4,118252.1,117307.9,117755.6,8169.233,961889869.6277
2025-07-26 15:00:00,117755.6,118244.4,117745.0,118024.6,7343.725,866915783.7513
2025-07-26 21:00:00,118024.6,118333.4,117857.5,117898.8,4577.521,540358140.844
2025-07-27 03:00:00,117898.8,118425.6,117807.6,118289.3,5185.008,612657893.6336
2025-07-27 09:00:00,118289.3,118443.7,117850.1,118070.3,5661.626,668783586.7637
2025-07-27 15:00:00,118070.3,119600.0,117876.8,119208.9,15816.305,1879759177.1837
2025-07-27 21:00:00,119208.9,119784.0,118730.8,119429.9,8896.6,1061515565.3578
2025-07-28 03:00:00,119429.9,119844.9,118950.0,119528.5,8359.972,998113980.5522
2025-07-28 09:00:00,119528.5,119610.0,118435.7,118810.6,10480.646,1246046468.1477
2025-07-28 15:00:00,118810.6,119092.0,117623.4,117666.0,23103.82,2732839166.2669
2025-07-28 21:00:00,117666.0,118346.7,117401.5,118068.9,13292.582,1566694634.1947
2025-07-29 03:00:00,118068.9,118849.9,117434.0,118802.4,12299.093,1454037798.8712
2025-07-29 09:00:00,118802.4,119300.0,118117.9,118602.1,10865.417,1290392389.7497
2025-07-29 15:00:00,118602.1,119127.5,116912.6,117766.0,25702.441,3030772148.4772
2025-07-29 21:00:00,117766.0,118012.8,117055.6,117923.3,12715.582,1493941807.0504
2025-07-30 03:00:00,117923.3,118254.4,117371.4,117973.2,7168.101,845000574.7643
2025-07-30 09:00:00,117973.2,118465.8,117266.4,117542.3,11761.407,1388126510.6927
2025-07-30 15:00:00,117542.3,118769.0,117310.9,117756.3,17538.496,2067750812.2628
2025-07-30 21:00:00,117756.3,118029.0,115738.1,117781.6,31856.826,3720808744.492
2025-07-31 03:00:00,117781.6,118580.0,117740.6,118327.8,10288.966,1216931961.1392
2025-07-31 09:00:00,118327.8,118900.0,118257.6,118346.9,8302.035,984424844.084
2025-07-31 15:00:00,118346.9,118860.0,117666.9,117710.0,22034.391,2605181409.47
2025-07-31 21:00:00,117710.0,117957.8,115368.6,115680.1,30743.669,3584798436.3413
2025-08-01 03:00:00,115680.1,115999.9,114240.0,115503.0,26572.267,3061886507.7178
2025-08-01 09:00:00,115503.0,115591.7,114013.0,115239.2,22113.653,2539354616.8303
2025-08-01 15:00:00,115239.2,115950.0,113849.5,114387.0,38732.355,4456947964.33
2025-08-01 21:00:00,114387.0,114463.9,112692.8,113248.9,35462.833,4025933132.0667
2025-08-02 03:00:00,113248.9,114011.4,113150.0,113939.2,8377.385,952622347.7781
2025-08-02 09:00:00,113939.2,113998.0,113359.1,113755.2,8683.533,987109858.291
2025-08-02 15:00:00,113755.2,113756.2,112535.8,112694.2,13555.632,1533017764.4009
2025-08-02 21:00:00,112694.2,113025.4,111950.0,112518.0,22479.603,2528089569.8772
2025-08-03 03:00:00,112518.0,113706.0,111870.0,113578.3,11556.586,1305886071.2996
2025-08-03 09:00:00,113578.3,114217.0,113416.6,113812.6,7773.88,884644292.5549
2025-08-03 15:00:00,113812.6,114182.9,113531.5,114063.7,7586.906,863696433.5238
2025-08-03 21:00:00,114063.7,114792.7,114000.0,114147.1,9283.873,1061416583.9446
2025-08-04 03:00:00,114147.1,114975.3,114064.3,114334.7,8894.447,1018784994.5725
2025-08-04 09:00:00,114334.7,114746.7,114101.2,114445.0,7655.419,875886809.9527
2025-08-04 15:00:00,114445.0,115682.8,114061.7,115126.1,28617.027,3289490636.897
2025-08-04 21:00:00,115126.1,115326.7,114551.4,115006.0,9834.794,1130877738.8445
2025-08-05 03:00:00,115006.0,115084.2,114117.7,114380.3,10183.295,1166379615.3662
2025-08-05 09:00:00,114380.3,115046.8,113628.2,114782.3,14758.104,1688061995.269
2025-08-05 15:00:00,114782.3,114860.0,112577.7,113590.2,31731.71,3598531639.6597
2025-08-05 21:00:00,113590.2,114222.6,113207.5,114079.6,10261.274,1166518060.3191
2025-08-06 03:00:00,114079.6,114398.6,113300.2,114122.7,8892.663,1012003934.038
2025-08-06 09:00:00,114122.7,114389.9,113671.5,114185.6,8817.37,1005619536.6691
2025-08-06 15:00:00,114185.6,115502.6,113522.0,115473.0,25766.12,2953538442.0788
2025-08-06 21:00:00,115473.0,115666.3,114747.5,114943.0,8076.98,930604247.2553
2025-08-07 03:00:00,114943.0,115154.4,114218.0,114525.0,8648.354,990964269.3413
2025-08-07 09:00:00,114525.0,116763.6,114407.8,116446.2,22691.576,2626763883.1036
2025-08-07 15:00:00,116446.2,116747.8,115555.1,116463.0,21536.345,2505031994.3525
2025-08-07 21:00:00,116463.0,117560.0,116090.0,117399.9,16578.785,1941393179.438
2025-08-08 03:00:00,117399.9,117569.1,116435.9,116479.1,9439.425,1103590475.4909
2025-08-08 09:00:00,116479.1,116929.8,116264.2,116859.9,8945.57,1043109956.0549
2025-08-08 15:00:00,116859.9,117239.4,115854.2,116649.7,15867.565,1847878859.4518
2025-08-08 21:00:00,116649.7,116933.6,116240.0,116625.1,9920.86,1156771683.3294
2025-08-09 03:00:00,116625.1,116939.0,116288.2,116691.7,6801.654,792910168.245
2025-08-09 09:00:00,116691.7,117900.0,116473.4,117058.2,16361.309,1918341355.3323
2025-08-09 15:00:00,117058.2,117181.9,116555.0,116611.5,10402.762,1215345536.7088
2025-08-09 21:00:00,116611.5,116957.2,116303.1,116406.2,7350.562,856910224.7984
2025-08-10 03:00:00,116406.2,119433.6,116400.0,118036.2,28422.379,3354340562.0051
2025-08-10 09:00:00,118036.2,118491.0,117431.0,118324.0,13691.398,1615774879.9158
2025-08-10 15:00:00,118324.0,119111.9,118221.0,118500.1,13013.692,1544182251.0478
2025-08-10 21:00:00,118500.1,119288.0,118049.4,119271.8,13344.38,1582300408.7473
2025-08-11 03:00:00,119271.8,122421.0,118964.7,122054.5,40120.499,4856320832.8385
2025-08-11 09:00:00,122054.5,122335.5,120262.0,120540.3,22835.383,2769613712.7199
2025-08-11 15:00:00,120540.3,120768.0,119340.6,119470.7,34109.882,4092309429.0094
2025-08-11 21:00:00,119470.7,119857.2,117855.3,118679.2,25160.075,2992356743.8607
2025-08-12 03:00:00,118679.2,119277.0,118403.0,118797.2,9867.291,1172903873.7321
2025-08-12 09:00:00,118797.2,119100.0,118150.0,118457.9,12214.515,1448381364.4656
2025-08-12 15:00:00,118457.9,120143.0,118205.5,119236.8,40497.687,4826227077.1098
2025-08-12 21:00:00,119236.8,120280.0,119188.8,120090.5,16649.765,1995639639.8666
2025-08-13 03:00:00,120090.5,120165.8,118900.5,119050.1,19141.636,2286286981.0041
2025-08-13 09:00:00,119050.1,120747.0,118924.4,120572.2,15728.599,1887583497.9473
2025-08-13 15:00:00,120572.2,122239.3,120115.8,121791.7,48315.261,5858805454.9741
2025-08-13 21:00:00,121791.7,123742.2,121401.3,123348.0,30766.578,3775799321.8342
2025-08-14 03:00:00,123348.0,124571.2,122116.9,122203.8,24357.038,3007487354.5818
2025-08-14 09:00:00,122203.8,122203.9,120700.0,120974.4,27114.339,3295026678.3225
2025-08-14 15:00:00,120974.4,121173.0,117224.6,117876.8,74584.759,8860970341.7466
2025-08-14 21:00:00,117876.8,118496.4,117117.0,118250.1,17228.301,2031074380.0291
2025-08-15 03:00:00,118250.1,119166.7,117977.9,118942.6,9238.677,1096205796.2976
2025-08-15 09:00:00,118942.6,119208.0,118600.0,118973.8,9292.554,1105153350.5251
2025-08-15 15:00:00,118973.8,119100.0,116719.3,117530.3,34647.174,4077112214.557
2025-08-15 21:00:00,117530.3,117725.8,116780.1,117280.8,12761.95,1495800668.5706
2025-08-16 03:00:00,117280.8,117857.2,117177.5,117555.0,5832.581,685791052.6285
2025-08-16 09:00:00,117555.0,117658.4,117069.7,117340.0,5947.116,698070419.2147
2025-08-16 15:00:00,117340.0,117779.4,117265.3,117639.3,4363.637,513268445.3516
2025-08-16 21:00:00,117639.3,117729.1,117156.9,117327.7,3888.548,456755464.2218
2025-08-17 03:00:00,117327.7,118212.1,117101.0,117956.2,5678.825,668249698.8251
2025-08-17 09:00:00,117956.2,118431.5,117795.6,118258.1,4750.319,561157940.7198
2025-08-17 15:00:00,118258.1,118585.7,117541.9,117860.1,9490.313,1120591358.5916
2025-08-17 21:00:00,117860.1,117957.0,117265.0,117355.6,6675.071,785207492.7328
2025-08-18 03:00:00,117355.6,117509.6,114909.1,115650.0,27781.686,3220624047.8207
2025-08-18 09:00:00,115650.0,115672.0,114577.7,114893.0,14423.261,1659151307.8129
2025-08-18 15:00:00,114893.0,116761.4,114719.6,116365.6,22777.819,2635932296.0018
2025-08-18 21:00:00,116365.6,116945.3,115924.7,116168.0,10526.697,1225571376.1255
2025-08-19 03:00:00,116168.0,116681.9,114292.4,114900.2,19836.296,2288505329.6668
2025-08-19 09:00:00,114900.2,115599.0,114551.5,115462.4,9186.007,1057408225.3791
2025-08-19 15:00:00,115462.4,115838.9,113031.0,113460.9,34673.728,3957798196.4932
2025-08-19 21:00:00,113460.9,113543.6,112673.0,112825.7,14815.151,1675281588.0789
2025-08-20 03:00:00,112825.7,113739.8,112520.0,113687.3,10295.802,1165895878.637
2025-08-20 09:00:00,113687.3,114019.7,113010.1,113641.9,11254.018,1278145495.1406
2025-08-20 15:00:00,113641.9,114416.0,112286.8,114162.9,30062.513,3410639445.7189
2025-08-20 21:00:00,114162.9,114567.0,113194.3,114217.4,14362.421,1636939895.8148
2025-08-21 03:00:00,114217.4,114783.7,113560.1,113954.2,9844.62,1122882779.2848
2025-08-21 09:00:00,113954.2,113957.1,112945.6,113104.6,8918.235,1012173828.5394
2025-08-21 15:00:00,113104.6,113945.7,112112.0,112378.1,22119.889,2497782339.1839
2025-08-21 21:00:00,112378.1,112835.1,111945.2,112462.7,15534.217,1745363025.1272
2025-08-22 03:00:00,112462.7,113499.9,112277.2,113210.1,12219.156,1380960857.5964
2025-08-22 09:00:00,113210.1,113364.4,112137.8,112280.0,10273.448,1159226314.4563
2025-08-22 15:00:00,112280.0,117276.2,111618.8,116941.2,75467.126,8675220019.6433
2025-08-22 21:00:00,116941.2,117374.5,116433.1,116899.8,12889.974,1506543009.8653
2025-08-23 03:00:00,116899.8,116998.0,115432.0,115920.7,12931.934,1500022266.2278
2025-08-23 09:00:00,115920.7,115999.6,115180.0,115270.0,6838.541,790663126.9595
2025-08-23 15:00:00,115270.0,115457.9,114504.7,115099.5,17296.185,1987601686.3657
2025-08-23 21:00:00,115099.5,115413.0,114985.8,115404.8,3908.026,450141436.5803
2025-08-24 03:00:00,115404.8,115656.7,114934.8,115002.4,7129.157,821829989.8944
2025-08-24 09:00:00,115002.4,115120.5,114602.0,114745.2,6259.986,718843345.0113
2025-08-24 15:00:00,114745.2,114887.8,114250.1,114442.3,11768.937,1348213966.0146
2025-08-24 21:00:00,114442.3,114950.0,110551.0,113474.8,52042.109,5869768706.9034
2025-08-25 03:00:00,113474.8,113649.9,112133.4,112300.1,16377.228,1848317295.1241
2025-08-25 09:00:00,112300.1,112445.3,110906.9,111199.9,29861.229,3331161084.8761
2025-08-25 15:00:00,111199.9,112945.4,110552.0,112419.3,28920.638,3235167540.0766
2025-08-25 21:00:00,112419.3,112600.0,109222.6,110069.7,40621.198,4482388705.936
2025-08-26 03:00:00,110069.7,110346.0,108669.0,110164.4,20434.677,2238528818.2859
2025-08-26 09:00:00,110164.4,110499.9,109527.9,109853.0,13919.685,1532022507.8772
2025-08-26 15:00:00,109853.0,110793.1,109334.2,109964.8,25706.689,2827823889.7928
2025-08-26 21:00:00,109964.8,112342.4,109937.3,111723.1,17673.517,1966271367.0382
2025-08-27 03:00:00,111723.1,111801.0,110877.7,111318.6,10426.345,1161143115.908
2025-08-27 09:00:00,111318.6,111340.9,110312.1,111265.0,9956.009,1103725026.4679
2025-08-27 15:00:00,111265.0,112589.9,110951.4,112304.5,20749.64,2319776952.0945
2025-08-27 21:00:00,112304.5,112588.0,110823.9,111184.3,21986.561,2456552806.8176
2025-08-28 03:00:00,111184.3,113123.3,110781.5,112811.4,13227.454,1483420665.4632
2025-08-28 09:00:00,112811.4,113345.4,112672.9,112880.2,10198.84,1152975425.3292
2025-08-28 15:00:00,112880.2,113433.0,112138.9,112350.5,19778.26,2230009843.8171
2025-08-28 21:00:00,112350.5,112670.1,111810.1,112511.4,10752.228,1205998970.7855
2025-08-29 03:00:00,112511.4,112616.4,111075.1,111253.9,12656.674,1412982545.1965
2025-08-29 09:00:00,111253.9,111361.3,109346.7,110039.5,24370.828,2685079064.5804
2025-08-29 15:00:00,110039.5,111490.7,108063.3,108414.8,40543.135,4431651852.8136
2025-08-29 21:00:00,108414.8,108705.0,107432.6,108355.3,17981.981,1943278578.4888
2025-08-30 03:00:00,108355.3,108637.8,107300.0,108314.9,10830.78,1170519205.886
2025-08-30 09:00:00,108314.9,108739.5,108075.0,108652.3,5942.819,644672693.7344
2025-08-30 15:00:00,108652.3,108902.3,108176.0,108762.1,8298.009,901186623.2309
2025-08-30 21:00:00,108762.1,108900.0,108436.9,108780.7,4182.191,454362973.4841
2025-08-31 03:00:00,108780.7,109444.0,108500.3,108708.7,9573.252,1043933631.5303
2025-08-31 09:00:00,108708.7,109065.4,108237.1,108335.0,9055.88,983416676.0566
2025-08-31 15:00:00,108335.0,108950.0,108135.9,108945.0,8892.566,965067109.8219
2025-08-31 21:00:00,108945.0,109199.1,108008.4,108200.0,9195.906,999670882.6432
2025-09-01 03:00:00,108200.0,108447.3,107202.0,107817.6,18548.548,1998154315.8206
2025-09-01 09:00:00,107817.6,109872.8,107547.4,108741.7,26452.267,2882126064.4881
2025-09-01 15:00:00,108741.7,109491.4,108351.0,108879.6,16342.666,1780393011.8612
2025-09-01 21:00:00,108879.6,109423.4,107408.0,109191.8,18730.173,2031402021.873
2025-09-02 03:00:00,109191.8,110595.0,108850.0,110170.1,15314.937,1681710664.7815
2025-09-02 09:00:00,110170.1,110767.0,109518.1,109700.0,13366.816,1473298465.5731
2025-09-02 15:00:00,109700.0,111730.0,108320.7,110861.1,45791.093,5051008478.7119
2025-09-02 21:00:00,110861.1,111534.0,110142.0,111217.7,13662.485,1515424262.7434
2025-09-03 03:00:00,111217.7,111771.6,110608.8,110652.7,9381.146,1042925332.9432
2025-09-03 09:00:00,110652.7,111680.0,110476.8,111400.9,10195.575,1133122413.4263
2025-09-03 15:00:00,111400.9,112557.0,110985.9,112279.4,29635.775,3313396405.8347
2025-09-03 21:00:00,112279.4,112498.0,111546.8,111661.8,7382.28,826607559.1934
2025-09-04 03:00:00,111661.8,112138.3,110500.1,110614.2,16524.688,1837550071.2188
2025-09-04 09:00:00,110614.2,111107.6,110208.8,110760.6,12290.442,1359545545.4101
2025-09-04 15:00:00,110760.6,111081.4,109276.7,109730.1,25753.636,2831359769.582
2025-09-04 21:00:00,109730.1,111753.6,109641.9,110685.5,15212.978,1681663421.414
2025-09-05 03:00:00,110685.5,111680.0,110402.2,111529.7,11294.101,1254297000.3964
2025-09-05 09:00:00,111529.7,112985.7,111463.4,112300.1,21492.78,2415886278.0287
2025-09-05 15:00:00,112300.1,113369.4,110155.0,110559.6,60597.405,6775816401.3322
2025-09-05 21:00:00,110559.6,111660.7,110282.7,110623.1,19692.553,2184915069.191
2025-09-06 03:00:00,110623.1,111258.0,110505.4,110674.8,5148.888,570760971.3407
2025-09-06 09:00:00,110674.8,110903.0,110604.2,110725.5,3261.529,361157692.1199
2025-09-06 15:00:00,110725.5,110932.6,109888.0,110090.6,9830.515,1084363052.4202
2025-09-06 21:00:00,110090.6,110243.1,109947.2,110131.5,4108.44,452373152.3115
2025-09-07 03:00:00,110131.5,110723.9,110119.4,110624.0,5462.946,603532572.5034
2025-09-07 09:00:00,110624.0,111317.7,110416.9,111248.3,9047.952,1003683887.804
2025-09-07 15:00:00,111248.3,111365.0,110835.0,110929.5,5724.949,636092139.7178
2025-09-07 21:00:00,110929.5,111558.0,110812.4,111086.7,6495.644,722299364.6937
2025-09-08 03:00:00,111086.7,111346.4,110555.3,110980.7,12450.093,1380935472.0754
2025-09-08 09:00:00,110980.7,112147.7,110855.5,112020.1,16122.946,1800761348.3126
2025-09-08 15:00:00,112020.1,112871.4,111832.0,112154.5,19906.523,2235944475.2971
2025-09-08 21:00:00,112154.5,112470.1,111832.6,112011.3,7821.412,877073563.4762
2025-09-09 03:00:00,112011.3,112174.5,111059.9,112125.2,18301.222,2041847339.5579
2025-09-09 09:00:00,112125.2,113238.1,112087.7,112388.7,17045.76,1923241363.3935
2025-09-09 15:00:00,112388.7,112900.0,110706.4,110976.6,30288.909,3382489659.3175
2025-09-09 21:00:00,110976.6,111698.0,110862.5,111500.0,10305.813,1147001664.8964
2025-09-10 03:00:00,111500.0,111714.3,110865.0,111536.3,11511.476,1281111965.5285
2025-09-10 09:00:00,111536.3,112812.3,111351.7,112267.2,17021.125,1911046337.9725
2025-09-10 15:00:00,112267.2,114250.0,112262.9,113671.7,38466.69,4367758784.1207
2025-09-10 21:00:00,113671.7,113969.0,113100.0,113890.0,13342.15,1515575886.4314
2025-09-11 03:00:00,113890.0,114394.7,113608.1,114207.2,10296.689,1174365609.8569
2025-09-11 09:00:00,114207.2,114414.6,113710.1,113965.1,11590.512,1321105277.8358
2025-09-11 15:00:00,113965.1,114709.0,113242.0,114539.7,37848.592,4318256775.9428
2025-09-11 21:00:00,114539.7,115446.1,114046.8,115440.1,13784.197,1582578663.9636
2025-09-12 03:00:00,115440.1,116249.9,115001.0,115559.4,22352.062,2582838053.9327
2025-09-12 09:00:00,115559.4,115559.4,114834.4,114885.7,10095.286,1161610123.121
2025-09-12 15:00:00,114885.7,115895.7,114700.8,115756.0,17315.93,1995667662.1225
2025-09-12 21:00:00,115756.0,116600.0,115630.5,115972.0,17572.964,2040984611.5924
2025-09-13 03:00:00,115972.0,116222.0,115451.5,115665.8,8939.602,1035333116.534
2025-09-13 09:00:00,115665.8,116147.1,115600.0,115923.7,6005.85,695918965.7377
2025-09-13 15:00:00,115923.7,116012.1,114978.2,115495.7,13130.268,1516511214.246
2025-09-13 21:00:00,115495.7,115972.2,115348.5,115849.6,6997.795,809962357.1632
2025-09-14 03:00:00,115849.6,116057.7,115380.0,115801.3,8321.342,963109591.787
2025-09-14 09:00:00,115801.3,116117.8,115624.8,115750.0,6634.101,768494669.7254
2025-09-14 15:00:00,115750.0,115820.7,115100.0,115510.5,11132.112,1284472954.3488
2025-09-14 21:00:00,115510.5,116049.9,115060.1,115214.4,8601.675,994069679.6777
2025-09-15 03:00:00,115214.4,116547.2,114741.6,116478.3,15612.935,1804083224.9428
2025-09-15 09:00:00,116478.3,116761.3,114526.9,115006.0,28241.617,3259725943.4873
2025-09-15 15:00:00,115006.0,115087.5,114316.3,115075.9,18727.06,2147563809.5375
2025-09-15 21:00:00,115075.9,115570.2,114843.0,115315.6,9033.32,1040991926.5549
2025-09-16 03:00:00,115315.6,115927.1,114888.0,115906.3,9803.103,1130878875.2918
2025-09-16 09:00:00,115906.3,115982.1,115134.1,115225.1,10306.796,1191136723.3123
2025-09-16 15:00:00,115225.1,116883.6,114688.0,116413.5,27456.067,3175660370.0144
2025-09-16 21:00:00,116413.5,116947.3,116167.5,116748.9,11168.668,1302787336.8473
2025-09-17 03:00:00,116748.9,117159.2,116100.0,117059.2,13302.203,1551292512.6071
2025-09-17 09:00:00,117059.2,117239.5,116200.0,116203.2,12714.929,1484359422.6334
2025-09-17 15:00:00,116203.2,116489.0,115317.2,115429.5,24167.213,2799304925.8496
2025-09-17 21:00:00,115429.5,116950.0,114710.0,116400.2,40672.635,4706298873.4794
2025-09-18 03:00:00,116400.2,117864.0,115980.1,117240.4,21947.738,2570710963.342
2025-09-18 09:00:00,117240.4,117400.0,116859.0,117026.5,8780.826,1028371609.0572
2025-09-18 15:00:00,117026.5,117800.0,116920.0,117555.9,17657.877,2073917744.8289
2025-09-18 21:00:00,117555.9,117884.0,116557.9,117023.5,14633.553,1714872675.0415
2025-09-19 03:00:00,117023.5,117417.6,116635.9,116841.4,9300.192,1088322122.4049
2025-09-19 09:00:00,116841.4,117058.9,116237.7,116332.2,10979.187,1280439307.6205
2025-09-19 15:00:00,116332.2,116493.4,115408.0,115481.1,18723.329,2170079439.5414
2025-09-19 21:00:00,115481.1,115614.6,115035.0,115572.9,8419.681,971132528.717
2025-09-20 03:00:00,115572.9,115692.8,115360.0,115666.6,3948.996,456276137.7301
2025-09-20 09:00:00,115666.6,115942.0,115564.5,115843.7,5403.99,625596970.0106
2025-09-20 15:00:00,115843.7,116093.6,115755.1,115780.5,4438.355,514492183.232
2025-09-20 21:00:00,115780.5,115896.2,115558.2,115628.9,3041.705,351932294.1125
2025-09-21 03:00:00,115628.9,115680.6,115390.0,115627.8,3330.387,384807466.67
2025-09-21 09:00:00,115627.8,115779.6,115260.1,115564.4,4415.534,510245357.8537
2025-09-21 15:00:00,115564.4,115717.8,115117.3,115581.2,7171.977,827658393.6787
2025-09-21 21:00:00,115581.2,115623.8,115140.0,115173.4,4988.439,575353681.7696
2025-09-22 03:00:00,115173.4,115340.2,113472.4,113608.8,23171.195,2651215280.348
2025-09-22 09:00:00,113608.8,113627.1,111500.0,112810.9,43474.047,4894281551.0814
2025-09-22 15:00:00,112810.9,113380.1,112175.5,112325.7,18375.384,2071948166.5847
2025-09-22 21:00:00,112325.7,112936.6,111892.0,112600.7,10949.489,1230728711.0634
2025-09-23 03:00:00,112600.7,112847.5,111410.0,112600.1,14563.064,1633608116.265
2025-09-23 09:00:00,112600.1,113200.0,112547.7,112924.9,12780.661,1443178500.4607
2025-09-23 15:00:00,112924.9,113247.1,111812.7,111893.9,18230.996,2053494314.6343
2025-09-23 21:00:00,111893.9,112179.6,111350.7,111937.5,12481.18,1395488062.4473
2025-09-24 03:00:00,111937.5,112620.0,110904.2,112595.0,20604.6,2305145796.7112
2025-09-24 09:00:00,112595.0,113122.4,112330.3,112977.4,9941.765,1120429342.1797
2025-09-24 15:00:00,112977.4,113900.0,112750.1,113711.3,21571.561,2446275323.4206
2025-09-24 21:00:00,113711.3,113780.0,113154.8,113255.5,6334.455,718498501.9033
2025-09-25 03:00:00,113255.5,113457.3,111510.0,111684.3,23457.205,2635278227.1513
2025-09-25 09:00:00,111684.3,112199.0,111181.3,111289.1,13430.524,1499628751.2495
2025-09-25 15:00:00,111289.1,111683.8,108600.0,108782.7,46900.051,5191025565.5157
2025-09-25 21:00:00,108782.7,109940.3,108560.0,108931.3,22667.072,2476785375.1889
2025-09-26 03:00:00,108931.3,109764.0,108738.7,109188.1,11510.851,1258811272.9358
2025-09-26 09:00:00,109188.1,109651.7,108550.0,109080.7,16451.803,1795295342.397
2025-09-26 15:00:00,109080.7,109966.0,108700.0,109856.1,21140.862,2310907182.021
2025-09-26 21:00:00,109856.1,110255.6,108951.5,109592.1,11968.669,1309993138.4488
2025-09-27 03:00:00,109592.1,109710.9,109261.6,109588.1,6068.169,664338215.3458
2025-09-27 09:00:00,109588.1,109588.1,108988.0,109276.1,5818.537,635681080.1518
2025-09-27 15:00:00,109276.1,109434.0,109113.9,109329.1,4633.446,506365414.7842
2025-09-27 21:00:00,109329.1,109665.5,109291.0,109585.6,2995.755,327926603.9055
2025-09-28 03:00:00,109585.6,109747.0,109271.0,109298.2,4889.825,535116191.2288
2025-09-28 09:00:00,109298.2,109549.0,109180.7,109325.7,6331.551,692502920.2369
2025-09-28 15:00:00,109325.7,110355.0,109133.8,110165.5,11104.894,1219559810.2604
2025-09-28 21:00:00,110165.5,112345.9,110010.2,112133.5,16570.264,1845347814.3025
2025-09-29 03:00:00,112133.5,112282.3,111500.1,111707.8,11500.461,1286251044.6031
2025-09-29 09:00:00,111707.8,112415.9,111487.2,112065.9,10507.666,1176216763.7522
2025-09-29 15:00:00,112065.9,114199.5,111864.0,114022.3,30839.113,3496924774.9295
2025-09-29 21:00:00,114022.3,114377.1,113804.1,114251.4,8716.247,994899307.5703
2025-09-30 03:00:00,114251.4,114825.7,113759.3,113869.8,12357.872,1412555249.4401
2025-09-30 09:00:00,113869.8,114050.0,112603.9,112992.0,18139.316,2054761383.7928
2025-09-30 15:00:00,112992.0,113630.0,112726.8,113197.6,17267.849,1953610232.1203
2025-09-30 21:00:00,113197.6,114751.4,113121.3,114013.8,17237.333,1967109770.9151
2025-10-01 03:00:00,114013.8,114700.0,113913.8,114533.2,13346.955,1526098611.2425
2025-10-01 09:00:00,114533.2,116759.9,114177.3,116730.0,33652.816,3894542923.2545
2025-10-01 15:00:00,116730.0,118150.0,116300.0,116736.9,28024.183,3283791341.357
2025-10-01 21:00:00,116736.9,118644.0,116723.9,118555.4,15700.482,1848742171.9743
2025-10-02 03:00:00,118555.4,119416.0,118202.7,118315.4,21543.342,2558248915.7615
2025-10-02 09:00:00,118315.4,118920.8,118233.4,118703.9,9759.153,1157088207.5793
2025-10-02 15:00:00,118703.9,120288.0,118445.0,119850.0,40107.102,4789348310.3104
2025-10-02 21:00:00,119850.0,120994.2,119838.1,120484.0,21577.294,2599191974.6534
2025-10-03 03:00:00,120484.0,120506.0,119651.8,119864.8,10732.289,1288419325.4808
2025-10-03 09:00:00,119864.8,120468.7,119160.0,120287.0,13743.465,1647841851.8516
2025-10-03 15:00:00,120287.0,123858.6,119805.0,122036.8,63625.785,7767585295.8588
2025-10-03 21:00:00,122036.8,122920.9,121420.5,122180.2,14047.504,1718550225.1955
2025-10-04 03:00:00,122180.2,122767.7,121628.0,122484.2,9901.668,1209335354.8557
2025-10-04 09:00:00,122484.2,122561.2,121884.2,121914.5,7316.148,894278250.4671
2025-10-04 15:00:00,121914.5,122490.4,121551.8,121717.0,10752.356,1311254986.4111
2025-10-04 21:00:00,121717.0,122380.0,121472.9,122359.3,5720.032,697644797.3625
2025-10-05 03:00:00,122359.3,125849.7,122082.6,125094.5,42960.884,5340727503.5583
2025-10-05 09:00:00,125094.5,125188.0,122461.7,123414.4,32956.621,4075958775.1219
2025-10-05 15:00:00,123414.4,123483.0,122104.0,123016.9,17874.053,2197629346.036
2025-10-05 21:00:00,123016.9,123577.6,122418.7,123447.9,9498.393,1168008721.9775
2025-10-06 03:00:00,123447.9,124331.0,122989.1,123539.8,23386.524,2892240247.2586
2025-10-06 09:00:00,123539.8,124535.7,123230.0,124165.7,15123.505,1873841526.5198
2025-10-06 15:00:00,124165.7,125780.0,124117.3,125239.8,29717.608,3712426328.3438
2025-10-06 21:00:00,125239.8,126150.0,124403.3,124606.1,20908.746,2619851286.0994
2025-10-07 03:00:00,124606.1,125029.2,124022.9,124333.0,13391.517,1666043156.8033
2025-10-07 09:00:00,124333.0,124460.6,123200.1,124389.6,17502.831,2167812312.2579
2025-10-07 15:00:00,124389.6,125114.2,120661.4,121110.0,60307.652,7385871528.8762
2025-10-07 21:00:00,121110.0,122270.0,120545.0,121299.4,20347.498,2471493317.5409
2025-10-08 03:00:00,121299.4,122200.0,121010.1,121334.3,13184.224,1603539642.8711
2025-10-08 09:00:00,121334.3,123184.3,121000.0,122842.1,16030.096,1960769427.4362
2025-10-08 15:00:00,122842.1,124140.0,121615.6,124007.5,39079.631,4798475441.6316
2025-10-08 21:00:00,124007.5,124162.5,122689.1,123245.3,12513.883,1543529272.9388
2025-10-09 03:00:00,123245.3,123291.3,121401.6,122051.0,16167.781,1975189935.4249
2025-10-09 09:00:00,122051.0,122787.0,121080.0,122677.0,15667.514,1908597822.1467
2025-10-09 15:00:00,122677.0,123733.9,119574.0,120915.9,57072.385,6935374917.1664
2025-10-09 21:00:00,120915.9,121747.3,120298.6,121603.0,12570.989,1521525316.1925
2025-10-10 03:00:00,121603.0,121849.7,120882.0,121544.3,10742.744,1303407239.1169
2025-10-10 09:00:00,121544.3,121744.9,120822.0,121496.2,9607.792,1165951939.166
2025-10-10 15:00:00,121496.2,122490.0,117515.7,117584.6,64732.652,7739871115.1586
2025-10-10 21:00:00,117584.6,117800.0,101045.9,112732.5,184117.81,20614005326.3512
2025-10-11 03:00:00,112732.5,113279.8,110930.2,112347.4,36066.155,4042802813.495
2025-10-11 09:00:00,112347.4,112738.3,110050.0,112238.0,23404.279,2605389083.824
2025-10-11 15:00:00,112238.0,112496.7,111386.0,111946.3,12295.542,1377049655.7377
2025-10-11 21:00:00,111946.3,111994.9,109453.4,110599.9,16394.945,1814993264.7452
2025-10-12 03:00:00,110599.9,111889.0,109503.2,111649.9,19196.185,2122362037.8969
2025-10-12 09:00:00,111649.9,112122.4,111081.0,111786.1,10695.936,1193994453.3869
2025-10-12 15:00:00,111786.1,114700.0,111121.0,113779.5,45995.433,5201113792.641
2025-10-12 21:00:00,113779.5,115749.0,113492.3,114908.5,22479.093,2580551805.9588
2025-10-13 03:00:00,114908.5,115950.6,114320.9,114572.7,15139.093,1742000748.2415
2025-10-13 09:00:00,114572.7,115539.8,113526.4,114139.1,18051.324,2069257222.2058
2025-10-13 15:00:00,114139.1,115517.9,113707.1,115001.6,34210.763,3918865113.9671
2025-10-13 21:00:00,115001.6,115855.3,114668.5,115116.7,13249.268,1528735875.7788
2025-10-14 03:00:00,115116.7,115370.5,112319.2,112425.3,30411.913,3450283411.1726
2025-10-14 09:00:00,112425.3,112670.1,109947.4,111245.8,38862.297,4327173375.3221
2025-10-14 15:00:00,111245.8,113226.3,109800.0,112743.3,48920.235,5464116008.4343
2025-10-14 21:00:00,112743.3,113550.0,111935.3,112972.1,22213.024,2506773576.4353
2025-10-15 03:00:00,112972.1,113590.0,111683.0,112374.6,15523.618,1746790860.7728
2025-10-15 09:00:00,112374.6,113470.0,111635.3,111839.9,17991.88,2023005280.35
2025-10-15 15:00:00,111839.9,112200.0,110072.8,111131.3,30830.401,3426505442.6525
2025-10-15 21:00:00,111131.3,111525.3,110413.8,110705.3,14090.685,1564279415.2505
2025-10-16 03:00:00,110705.3,111832.0,110281.6,110879.9,11688.45,1298500295.364
2025-10-16 09:00:00,110879.9,111733.1,109533.0,111359.7,24102.765,2671512988.9653
2025-10-16 15:00:00,111359.7,111962.3,107500.3,108226.1,53173.745,5821407663.9981
2025-10-16 21:00:00,108226.1,108710.1,107362.1,108137.8,22095.194,2386279719.1788
2025-10-17 03:00:00,108137.8,109199.3,107875.3,108330.4,12135.804,1318928793.2234
2025-10-17 09:00:00,108330.4,108466.9,103437.4,105628.3,64452.078,6804885122.4216
2025-10-17 15:00:00,105628.3,107584.5,104431.7,106381.8,42674.934,4519886509.71
2025-10-17 21:00:00,106381.8,107400.6,106173.7,106364.6,12248.12,1308065460.6236
2025-10-18 03:00:00,106364.6,107252.0,106259.7,106756.4,10334.625,1103115465.4342
2025-10-18 09:00:00,106756.4,107476.5,106557.5,107162.5,10215.383,1092589427.1913
2025-10-18 15:00:00,107162.5,107273.0,106430.6,106831.8,6862.755,733317238.725
2025-10-18 21:00:00,106831.8,107314.4,106677.2,107122.2,4025.675,430801590.5569
2025-10-19 03:00:00,107122.2,107335.8,106688.2,106837.9,5782.457,618513840.3373
2025-10-19 09:00:00,106837.9,108200.0,106060.3,107749.3,23174.919,2484900359.2895
2025-10-19 15:00:00,107749.3,109434.5,107322.6,109060.9,15560.469,1686645377.8757
2025-10-19 21:00:00,109060.9,109391.4,108347.4,108597.3,9643.664,1050324892.9312
2025-10-20 03:00:00,108597.3,111120.4,107373.7,110996.1,27161.486,2963979184.2401
2025-10-20 09:00:00,110996.1,111644.2,110589.8,110986.2,18485.563,2052908549.8084
2025-10-20 15:00:00,110986.2,111692.3,109785.0,110250.1,28744.706,3184676120.2425
2025-10-20 21:00:00,110250.1,111238.6,110168.3,110490.0,8798.717,974250082.2321
2025-10-21 03:00:00,110490.0,110508.0,107412.1,107494.8,28306.962,3077858432.2278
2025-10-21 09:00:00,107494.8,108780.0,107429.9,108522.0,16932.419,1828356127.4791
2025-10-21 15:00:00,108522.0,114000.0,107779.7,111977.7,69762.693,7753160508.3141
2025-10-21 21:00:00,111977.7,112261.4,107806.8,108240.1,37352.232,4113088308.2835
2025-10-22 03:00:00,108240.1,108646.6,107769.0,108124.3,15895.867,1719589750.0643
2025-10-22 09:00:00,108124.3,108328.7,106588.0,107484.7,24654.523,2653790284.2326
2025-10-22 15:00:00,107484.7,109273.7,107385.8,107736.3,48314.08,5227902844.9167
2025-10-22 21:00:00,107736.3,108377.1,106625.8,107522.8,22098.87,2375230353.3839
2025-10-23 03:00:00,107522.8,108962.0,107456.7,108904.9,12669.925,1372304496.9971
2025-10-23 09:00:00,108904.9,110281.7,108800.8,109208.6,20855.635,2285209325.6042
2025-10-23 15:00:00,109208.6,111271.5,108564.2,111208.3,32354.047,3550089183.4442
2025-10-23 21:00:00,111208.3,111272.4,109230.5,110015.0,17425.374,1917904431.5599
2025-10-24 03:00:00,110015.0,111490.0,109933.4,111213.2,13093.0,1449739496.2676
2025-10-24 09:00:00,111213.2,111512.8,110540.0,111035.2,15262.246,1695078918.6639
2025-10-24 15:00:00,111035.2,112162.2,109603.4,110154.3,37174.734,4112825667.6148
2025-10-24 21:00:00,110154.3,111088.9,110081.8,110964.7,7320.435,810542985.3958
2025-10-25 03:00:00,110964.7,111407.9,110618.8,111344.9,5253.289,583565106.8193
2025-10-25 09:00:00,111344.9,111848.8,111210.2,111542.1,8796.174,981144434.8727
2025-10-25 15:00:00,111542.1,111935.8,111109.0,111332.5,6509.556,725807945.5448
2025-10-25 21:00:00,111332.5,111704.0,111269.2,111587.5,4446.389,495762007.862
2025-10-26 03:00:00,111587.5,111891.8,111187.8,111557.5,5158.581,575269155.8983
2025-10-26 09:00:00,111557.5,113446.0,111480.0,113255.5,14513.291,1632719299.981
2025-10-26 15:00:00,113255.5,114050.0,113225.3,113400.0,15221.34,1729058299.0188
2025-10-26 21:00:00,113400.0,115583.0,112797.0,114498.3,16526.387,1887557020.5967
2025-10-27 03:00:00,114498.3,115619.2,114275.9,115503.5,14037.086,1615466459.559
2025-10-27 09:00:00,115503.5,116373.3,114766.7,115302.1,18524.207,2138928839.1612
2025-10-27 15:00:00,115302.1,115687.6,114426.0,115650.9,16598.902,1909650363.7434
2025-10-27 21:00:00,115650.9,115756.6,113777.3,114061.3,15531.005,1778780085.7138
2025-10-28 03:00:00,114061.3,114501.8,113341.6,113555.6,12355.489,1407454693.0396
2025-10-28 09:00:00,113555.6,114650.6,113555.6,114296.8,9702.64,1108416884.1938
2025-10-28 15:00:00,114296.8,116060.5,114072.2,115267.7,33019.623,3799481919.4613
2025-10-28 21:00:00,115267.7,115337.5,112112.0,112836.0,34966.519,3959310000.2415
2025-10-29 03:00:00,112836.0,113349.3,112030.0,112968.7,12599.532,1419210186.8697
2025-10-29 09:00:00,112968.7,113582.2,112665.3,113086.9,10808.419,1222468519.5628
2025-10-29 15:00:00,113086.9,113598.0,110888.0,111810.9,33456.239,3744136416.9753
2025-10-29 21:00:00,111810.9,111976.8,109056.2,109948.8,51220.024,5665613778.9848
2025-10-30 03:00:00,109948.8,110966.7,107842.2,110201.3,38636.965,4229372453.6945
2025-10-30 09:00:00,110201.3,111571.9,109617.5,109658.1,21595.232,2386216609.4979
2025-10-30 15:00:00,109658.1,109742.5,106675.5,107432.7,44305.415,4780961922.81
2025-10-30 21:00:00,107432.7,108312.0,106225.0,108261.7,23056.398,2470930692.0492
2025-10-31 03:00:00,108261.7,110301.6,108223.0,109866.3,22798.965,2492468592.4997
2025-10-31 09:00:00,109866.3,110537.3,109154.8,110374.8,17024.637,1868270065.3427
2025-10-31 15:00:00,110374.8,111147.0,108494.5,109244.9,29480.098,3236332001.7293
2025-10-31 21:00:00,109244.9,110200.6,108900.1,109546.7,10572.141,1158426371.3924
2025-11-01 03:00:00,109546.7,110537.2,109333.0,110078.1,8268.66,909171539.3552
2025-11-01 09:00:00,110078.1,110232.0,109778.5,110105.2,5083.961,559366959.4151
2025-11-01 15:00:00,110105.2,110495.1,109661.7,110150.4,6219.567,684670643.9401
2025-11-01 21:00:00,110150.4,110465.0,109763.0,110046.0,3887.818,428057953.5057
2025-11-02 03:00:00,110046.0,110750.9,109821.8,110459.0,4723.73,520772635.6735
2025-11-02 09:00:00,110459.0,111180.0,110240.0,111146.2,8012.306,886898789.5208
2025-11-02 15:00:00,111146.2,111200.0,109603.2,110134.9,11353.305,1252363536.5036
2025-11-02 21:00:00,110134.9,110699.8,109433.0,110493.5,5890.795,648292451.929
2025-11-03 03:00:00,110493.5,110721.3,107318.2,107547.5,22497.194,2439864593.8064
2025-11-03 09:00:00,107547.5,107877.7,106700.5,107743.9,19901.273,2136198851.6447
2025-11-03 15:00:00,107743.9,108292.0,105178.2,107426.6,42855.566,4571043735.9618
2025-11-03 21:00:00,107426.6,107562.7,105750.0,106536.4,15093.554,1610360306.3076
2025-11-04 03:00:00,106536.4,107266.7,104128.0,104153.1,21301.727,2258071106.5224
2025-11-04 09:00:00,104153.1,105185.0,103550.1,104531.4,22201.589,2314538188.6786
2025-11-04 15:00:00,104531.4,104813.5,100729.9,101064.2,49418.774,5082579329.3595
2025-11-04 21:00:00,101064.2,101867.0,98888.1,101441.9,50020.959,5024944843.741
2025-11-05 03:00:00,101441.9,102312.3,98894.6,101769.2,29574.888,2986138230.1099
2025-11-05 09:00:00,101769.2,102178.1,101122.8,102024.4,12637.627,1284941658.1224
2025-11-05 15:00:00,102024.4,103995.9,101877.6,103858.5,27707.963,2855383950.8652
2025-11-05 21:00:00,103858.5,104500.0,103237.5,103835.2,13805.472,1434621063.3045
2025-11-06 03:00:00,103835.2,104167.0,102662.8,103101.6,14670.167,1516369153.6255
2025-11-06 09:00:00,103101.6,103550.0,102580.5,103200.0,10696.912,1102599321.4376
2025-11-06 15:00:00,103200.0,103616.4,100234.5,101740.1,40377.523,4117720703.3037
2025-11-06 21:00:00,101740.1,102292.3,100455.0,101296.2,17829.386,1805543262.0224
2025-11-07 03:00:00,101296.2,102494.8,100682.7,102412.1,14722.163,1496746412.9937
2025-11-07 09:00:00,102412.1,102470.5,99754.2,100339.5,19639.301,1980459402.5882
2025-11-07 15:00:00,100339.5,102704.3,99201.8,102357.5,35853.697,3610506043.3898
2025-11-07 21:00:00,102357.5,104047.6,102250.0,103300.5,17179.596,1772261059.0836
2025-11-08 03:00:00,103300.5,103378.7,102219.0,102255.8,10680.572,1098340424.4605
2025-11-08 09:00:00,102255.8,102633.4,101670.0,101803.3,8688.161,887920558.5432
2025-11-08 15:00:00,101803.3,102138.9,101408.7,101932.4,8513.685,866512386.9581
2025-11-08 21:00:00,101932.4,102440.0,101438.9,102268.6,5290.733,539797160.6779
2025-11-09 03:00:00,102268.6,102300.0,101237.3,101883.5,8023.462,816397651.5342
2025-11-09 09:00:00,101883.5,102310.5,101450.0,102208.5,9586.199,976365582.4017
2025-11-09 15:00:00,102208.5,104158.1,102000.0,103600.0,19089.24,1971039741.555
2025-11-09 21:00:00,103600.0,105442.9,103470.0,104665.0,19493.733,2037913246.6585
2025-11-10 03:00:00,104665.0,106634.8,104211.6,106056.0,20053.435,2123936769.4168
2025-11-10 09:00:00,106056.0,106573.9,105775.0,106132.5,10189.018,1081904418.976
2025-11-10 15:00:00,106132.5,106585.7,104602.1,105902.8,24596.734,2592590604.4761
2025-11-10 21:00:00,105902.8,106299.9,105200.4,105969.5,10832.293,1145712183.3826
2025-11-11 03:00:00,105969.5,107481.0,105100.0,105191.1,18470.064,1962950876.8175
2025-11-11 09:00:00,105191.1,105458.7,104686.0,105258.1,12255.109,1287623761.805
2025-11-11 15:00:00,105258.1,105491.6,102804.0,103300.0,29017.078,3015026004.0304
2025-11-11 21:00:00,103300.0,103537.4,102420.5,103009.7,13910.008,1432494785.3389
2025-11-12 03:00:00,103009.7,103428.0,102626.3,103346.5,8006.688,825715209.3117
2025-11-12 09:00:00,103346.5,105189.2,103011.5,104998.5,16962.472,1769677561.961
2025-11-12 15:00:00,104998.5,105316.9,101300.0,101693.8,41144.454,4236531468.1313
2025-11-12 21:00:00,101693.8,101961.8,100741.8,101595.6,15387.389,1560913843.1082
2025-11-13 03:00:00,101595.6,103402.8,100855.0,103091.0,20991.287,2142587842.6051
2025-11-13 09:00:00,103091.0,104031.9,102482.7,102888.6,20216.934,2087329673.4025
2025-11-13 15:00:00,102888.6,103442.0,99555.0,99590.1,41558.821,4220855673.0449
2025-11-13 21:00:00,99590.1,100453.0,97931.0,99629.0,40293.2,3984525857.8704
2025-11-14 03:00:00,99629.0,99901.5,96633.0,97486.7,31678.853,3114148605.4303
2025-11-14 09:00:00,97486.7,97698.8,95656.2,96123.2,29973.011,2901407361.3949
2025-11-14 15:00:00,96123.2,97383.4,94500.0,95797.5,47781.906,4578357476.7024
2025-11-14 21:00:00,95797.5,96283.5,93905.9,94533.3,28365.893,2693666682.9774
2025-11-15 03:00:00,94533.3,96777.0,94511.7,96298.6,15031.857,1439235221.9413
2025-11-15 09:00:00,96298.6,96542.6,95573.7,95660.9,9244.481,887219719.5066
2025-11-15 15:00:00,95660.9,96439.6,95526.6,96200.0,8939.833,858404311.716
2025-11-15 21:00:00,96200.0,96312.4,95038.1,95559.1,8996.108,859204372.3745
2025-11-16 03:00:00,95559.1,96170.1,94760.9,95846.3,8046.947,768464908.4789
2025-11-16 09:00:00,95846.3,96594.9,95456.1,95582.5,9028.277,866628957.005
2025-11-16 15:00:00,95582.5,95860.0,93652.0,94317.8,20389.846,1930975407.035
2025-11-16 21:00:00,94317.8,95533.8,92920.1,94215.9,27925.284,2624547956.8035
2025-11-17 03:00:00,94215.9,95550.0,93723.0,95096.0,16526.188,1569389847.4688
2025-11-17 09:00:00,95096.0,95989.0,94843.1,95530.9,11851.782,1132634126.2066
2025-11-17 15:00:00,95530.9,96046.2,92602.2,92711.3,45521.837,4287699203.267
2025-11-17 21:00:00,92711.3,93221.5,91227.7,92171.4,32844.839,3023715271.7078
2025-11-18 03:00:00,92171.4,92332.8,89243.1,90184.0,42815.167,3880671398.5846
2025-11-18 09:00:00,90184.0,91576.2,89288.1,91483.2,22457.484,2036909563.9924
2025-11-18 15:00:00,91483.2,93800.0,90868.8,93222.0,42759.959,3945969240.2415
2025-11-18 21:00:00,93222.0,93741.5,92401.9,92925.0,17205.813,1601262640.0893
2025-11-19 03:00:00,92925.0,92950.0,89972.2,90406.4,23746.878,2173789562.2906
2025-11-19 09:00:00,90406.4,91975.2,90225.1,91362.8,20547.934,1875642405.1577
2025-11-19 15:00:00,91362.8,92346.4,88836.0,89458.4,43132.931,3905829214.3051
2025-11-19 21:00:00,89458.4,91549.6,88571.6,91509.0,30771.095,2763360495.8254
2025-11-20 03:00:00,91509.0,93150.0,91150.0,92583.7,21304.775,1967823025.3408
2025-11-20 09:00:00,92583.7,92836.3,91387.0,91879.1,15614.211,1435902516.8846
2025-11-20 15:00:00,91879.1,92500.0,86279.1,87197.5,68086.284,6078966366.1062
2025-11-20 21:00:00,87197.5,88211.0,86050.2,86583.0,37751.469,3284478487.7722
2025-11-21 03:00:00,86583.0,87460.0,85308.0,86160.0,28989.449,2499218213.812
2025-11-21 09:00:00,86160.0,86220.1,81300.8,82284.7,78772.548,6571735260.8527
2025-11-21 15:00:00,82284.7,85535.7,80607.9,84848.4,83714.665,6990452483.1053
2025-11-21 21:00:00,84848.4,85373.0,83255.9,85097.1,30598.212,2582189902.2922
2025-11-22 03:00:00,85097.1,85592.2,83778.0,84240.0,12688.967,1073087198.0693
2025-11-22 09:00:00,84240.0,84767.1,83457.5,84061.2,13353.708,1123212027.3654
2025-11-22 15:00:00,84061.2,84888.0,83571.2,84517.3,13567.017,1142986089.4792
2025-11-22 21:00:00,84517.3,85242.0,84182.7,84701.5,6207.719,525612364.0748
2025-11-23 03:00:00,84701.5,86850.0,84633.0,86318.0,17137.818,1472908268.7616
2025-11-23 09:00:00,86318.0,86479.7,85371.5,86297.3,12146.879,1044385565.5559
2025-11-23 15:00:00,86297.3,87450.0,86226.2,86694.8,18012.158,1563359878.0462
2025-11-23 21:00:00,86694.8,88082.9,86666.7,86802.8,21874.429,1911164569.2504
2025-11-24 03:00:00,86802.8,88026.3,85895.7,87422.8,28526.112,2483376949.0853
2025-11-24 09:00:00,87422.8,87470.0,85645.0,86228.9,19877.348,1717384489.7055
2025-11-24 15:00:00,86228.9,88464.2,85211.1,88325.9,43687.887,3781515909.5186
2025-11-24 21:00:00,88325.9,89172.2,88058.7,88240.1,21755.227,1927174797.6336
2025-11-25 03:00:00,88240.1,88496.0,87400.0,88077.1,15097.097,1327642517.5461
2025-11-25 09:00:00,88077.1,88117.4,86634.9,87306.8,15850.97,1383730329.6058
2025-11-25 15:00:00,87306.8,88126.5,86050.0,87586.9,33467.06,2911591344.2786
2025-11-25 21:00:00,87586.9,87856.4,86112.2,87315.5,21583.075,1878977507.3272
2025-11-26 03:00:00,87315.5,88200.0,86840.0,87470.7,14944.777,1307442481.4402
2025-11-26 09:00:00,87470.7,87943.5,86615.0,87047.2,12595.341,1098712347.3217
2025-11-26 15:00:00,87047.2,89957.0,86252.6,89809.2,33050.425,2900325969.0732
2025-11-26 21:00:00,89809.2,90649.9,89468.1,90427.0,19247.414,1733349970.5264
2025-11-27 03:00:00,90427.0,91848.8,90025.0,90928.0,19605.037,1785477232.0193
2025-11-27 09:00:00,90928.0,91902.7,90919.2,91334.7,10793.275,987231920.6961
2025-11-27 15:00:00,91334.7,91595.1,90410.7,91435.0,18467.188,1679617600.011
2025-11-27 21:00:00,91435.0,91800.0,91050.0,91284.2,7962.205,728156615.8777
2025-11-28 03:00:00,91284.2,91683.6,90603.3,91569.8,9370.783,853729131.1943
2025-11-28 09:00:00,91569.8,91977.6,90810.0,91371.6,16134.696,1474124497.5256
2025-11-28 15:00:00,91371.6,93081.0,90151.9,90605.1,39199.807,3596290248.0498
2025-11-28 21:00:00,90605.1,91179.0,90363.7,90845.7,10200.278,927056284.9873
2025-11-29 03:00:00,90845.7,91071.3,90464.6,90715.9,4989.583,452815368.6759
2025-11-29 09:00:00,90715.9,90786.3,90263.0,90630.0,6578.697,595424475.7344
2025-11-29 15:00:00,90630.0,91128.9,90384.5,90387.1,8332.304,756029249.7751
2025-11-29 21:00:00,90387.1,91033.8,90071.3,90766.9,8952.496,811014164.6859
2025-11-30 03:00:00,90766.9,91031.8,90410.0,90738.8,4159.716,377562215.3761
2025-11-30 09:00:00,90738.8,91590.0,90668.3,91002.7,8943.519,815258172.7759
2025-11-30 15:00:00,91002.7,91963.7,90943.8,91433.6,9983.201,913716261.783
2025-11-30 21:00:00,91433.6,91609.1,90285.5,90308.6,10380.683,944484116.167
2025-12-01 03:00:00,90308.6,90374.4,85560.2,85964.2,46173.239,4035945317.247
2025-12-01 09:00:00,85964.2,86888.0,85926.9,86087.8,15342.909,1325679535.2391
2025-12-01 15:00:00,86087.8,86639.6,83755.3,84894.9,56371.44,4804247055.0701
2025-12-01 21:00:00,84894.9,86834.2,84545.4,86244.1,24014.785,2060623072.6213
2025-12-02 03:00:00,86244.1,87325.1,86148.4,86969.3,17087.546,1481606356.4674
2025-12-02 09:00:00,86969.3,87662.4,86252.1,87325.4,16358.265,1421105917.4021
2025-12-02 15:00:00,87325.4,91977.3,87006.4,91399.9,52151.999,4684569126.6064
2025-12-02 21:00:00,91399.9,92298.9,90674.9,91241.7,22934.46,2100573619.7818
2025-12-03 03:00:00,91241.7,93638.2,90945.0,93592.4,25252.154,2337846512.1492
2025-12-03 09:00:00,93592.4,93931.1,92583.5,92960.6,17992.911,1675752975.9408
2025-12-03 15:00:00,92960.6,93685.3,91638.4,92908.1,39965.678,3697111656.3945
2025-12-03 21:00:00,92908.1,94189.4,92340.8,93390.1,19873.4,1853881669.5102
2025-12-04 03:00:00,93390.1,94058.1,92619.8,92931.9,15268.792,1424434217.4095
2025-12-04 09:00:00,92931.9,93595.9,92690.0,92893.5,9868.981,919432044.1958
2025-12-04 15:00:00,92893.5,93240.2,91709.9,92380.8,26261.904,2429485826.2272
2025-12-04 21:00:00,92380.8,92681.2,90800.0,92031.8,23315.346,2143067894.4664
2025-12-05 03:00:00,92031.8,92658.3,91763.1,91900.0,9158.903,844398558.2208
2025-12-05 09:00:00,91900.0,92457.6,90864.3,91304.7,14559.979,1332961058.0031
2025-12-05 15:00:00,91304.7,91470.4,88002.1,89283.1,51636.108,4638647236.7231
2025-12-05 21:00:00,89283.1,89784.1,88782.4,89273.7,17412.011,1554041064.6522
2025-12-06 03:00:00,89273.7,89749.0,88986.4,89546.8,5877.383,525645815.4578
2025-12-06 09:00:00,89546.8,89717.7,89162.7,89583.2,5571.497,498570063.8401
2025-12-06 15:00:00,89583.2,90234.6,89433.0,89660.8,9612.584,863268972.1776
2025-12-06 21:00:00,89660.8,89745.0,88860.0,89185.4,7406.215,661572913.1775
2025-12-07 03:00:00,89185.4,89750.0,89126.9,89461.1,4117.83,368391012.3605
2025-12-07 09:00:00,89461.1,89694.0,89013.2,89099.9,6047.441,539821287.7343
2025-12-07 15:00:00,89099.9,91257.5,87680.0,90909.0,32205.91,2873362894.6878
2025-12-07 21:00:00,90909.0,91726.2,88914.6,90335.4,24120.14,2180323878.87
2025-12-08 03:00:00,90335.4,91666.2,89814.1,91294.8,12374.897,1125367403.8117
2025-12-08 09:00:00,91294.8,92261.9,91204.0,91930.0,10334.875,948797386.0877
2025-12-08 15:00:00,91930.0,92090.0,89567.7,90209.5,33329.977,3020235698.3754
2025-12-08 21:00:00,90209.5,91333.0,89665.4,90598.0,12947.94,1172710005.5824
2025-12-09 03:00:00,90598.0,90807.6,89406.7,89855.4,12994.171,1170576583.5777
2025-12-09 09:00:00,89855.4,90581.5,89727.3,90340.8,9917.363,894829344.1675
2025-12-09 15:00:00,90340.8,94550.0,89941.0,93872.4,46239.848,4280191209.6036
2025-12-09 21:00:00,93872.4,94204.6,92188.4,92636.1,18181.447,1693973201.8197
2025-12-10 03:00:00,92636.1,92745.7,91919.4,92508.6,9040.35,834747670.752
2025-12-10 09:00:00,92508.6,93292.1,91710.3,92084.0,12191.498,1127375620.7595
2025-12-10 15:00:00,92084.0,92556.2,91484.6,92349.9,14682.63,1351357161.2699
2025-12-10 21:00:00,92349.9,94457.8,91614.7,91971.7,41583.649,3856116006.9725
2025-12-11 03:00:00,91971.7,92057.2,89336.5,90262.9,23427.583,2117441658.33
2025-12-11 09:00:00,90262.9,90519.0,89891.0,90197.8,8438.262,760970421.9844
2025-12-11 15:00:00,90197.8,90638.0,89198.9,89931.1,26878.636,2417317392.5125
2025-12-11 21:00:00,89931.1,93544.9,89838.8,92483.7,33268.728,3055471162.8742
2025-12-12 03:00:00,92483.7,92730.0,91393.2,92409.2,12683.898,1168971784.6021
2025-12-12 09:00:00,92409.2,92688.0,92040.5,92374.3,7415.31,684972242.6649
2025-12-12 15:00:00,92374.3,92630.4,89416.7,90045.9,39666.091,3601347013.2113
2025-12-12 21:00:00,90045.9,90631.8,89838.3,90230.9,9325.644,841385752.3824
2025-12-13 03:00:00,90230.9,90428.5,90069.7,90291.9,3561.518,321517519.9915
2025-12-13 09:00:00,90291.9,90589.8,90220.3,90305.5,4370.723,395134237.183
2025-12-13 15:00:00,90305.5,90460.9,89884.0,90014.4,6349.751,572470080.223
2025-12-13 21:00:00,90014.4,90236.2,89712.7,90186.4,4230.343,380921413.4884
2025-12-14 03:00:00,90186.4,90440.7,90002.8,90158.1,3741.908,337586926.2501
2025-12-14 09:00:00,90158.1,90246.5,88638.6,89305.1,13357.758,1195123407.0346
2025-12-14 15:00:00,89305.1,89618.4,88429.3,88761.7,13292.844,1183724015.3014
2025-12-14 21:00:00,88761.7,89027.0,87521.9,88116.0,14166.55,1250679228.2036
2025-12-15 03:00:00,88116.0,89986.0,88017.6,89577.7,15292.74,1363096781.0073
2025-12-15 09:00:00,89577.7,89950.0,89434.4,89619.9,7943.886,712800357.4478
2025-12-15 15:00:00,89619.9,89845.0,85527.4,85709.9,51983.671,4544222054.7326
2025-12-15 21:00:00,85709.9,86527.9,85080.0,86391.7,24257.025,2083293619.7511
2025-12-16 03:00:00,86391.7,86480.0,85222.0,85980.0,13178.031,1131104298.3608
2025-12-16 09:00:00,85980.0,87300.0,85794.0,87220.9,14733.344,1275285129.331
2025-12-16 15:00:00,87220.9,88149.6,86072.6,87090.9,41972.05,3661737063.4584
2025-12-16 21:00:00,87090.9,87987.4,87020.0,87821.3,10317.138,903518339.0104
2025-12-17 03:00:00,87821.3,87930.5,86166.3,86584.7,13447.544,1169992454.8396
2025-12-17 09:00:00,86584.7,87131.2,86172.9,86946.9,13075.216,1133265566.3899
2025-12-17 15:00:00,86946.9,90341.0,86115.0,86374.5,66204.521,5824056251.8861
2025-12-17 21:00:00,86374.5,86800.0,85259.2,86197.3,21943.644,1884552955.7148
2025-12-18 03:00:00,86197.3,86880.9,85810.2,86403.0,12937.739,1118429097.4812
2025-12-18 09:00:00,86403.0,87424.1,86365.5,87255.8,8955.727,779106776.3368
2025-12-18 15:00:00,87255.8,89483.5,85405.8,86441.4,61274.053,5378512138.9017
2025-12-18 21:00:00,86441.4,86856.1,84408.1,85470.1,35344.261,3016915856.8264
2025-12-19 03:00:00,85470.1,87536.5,85063.0,87091.2,21525.069,1861492808.5719
2025-12-19 09:00:00,87091.2,88362.4,86862.0,88168.4,16754.773,1472624894.1177
2025-12-19 15:00:00,88168.4,89381.0,86713.0,86900.0,40628.346,3577709670.3786
2025-12-19 21:00:00,86900.0,88441.2,86773.1,88101.1,14165.468,1242727665.623
2025-12-20 03:00:00,88101.1,88539.9,87917.7,88254.1,4329.177,381699771.3163
2025-12-20 09:00:00,88254.1,88410.0,88058.4,88232.5,4012.645,354011677.7299
2025-12-20 15:00:00,88232.5,88307.3,87739.9,88145.2,5661.593,498709842.1259
2025-12-20 21:00:00,88145.2,88417.3,88093.2,88314.8,3018.93,266389656.3612
2025-12-21 03:00:00,88314.8,88394.0,87812.7,88086.4,4464.269,393122556.8627
2025-12-21 09:00:00,88086.4,89046.3,88003.6,88567.2,8100.048,717334591.823
2025-12-21 15:00:00,88567.2,88888.3,87533.7,88289.0,16748.259,1475051708.748
2025-12-21 21:00:00,88289.0,88783.1,87902.5,88629.0,6566.532,580040226.9715
2025-12-22 03:00:00,88629.0,89606.8,87844.9,88800.2,16091.709,1428202081.5107
2025-12-22 09:00:00,88800.2,90110.9,88697.3,89900.9,15435.485,1382233509.493
2025-12-22 15:00:00,89900.9,90588.8,89023.3,89262.0,27365.13,2456514073.4912
2025-12-22 21:00:00,89262.0,89491.0,87855.1,88578.3,16223.346,1435210750.8463
2025-12-23 03:00:00,88578.3,88896.0,87556.3,87720.0,13575.728,1197431105.6283
2025-12-23 09:00:00,87720.0,87847.2,86987.6,87810.1,11988.692,1048563008.3745
2025-12-23 15:00:00,87810.1,88250.0,86542.2,87129.1,30137.852,2636554765.9986
2025-12-23 21:00:00,87129.1,88345.8,87106.1,87444.0,17122.306,1500871897.5415
2025-12-24 03:00:00,87444.0,87800.0,86731.8,86909.2,9626.514,839442433.4467
2025-12-24 09:00:00,86909.2,87328.8,86672.4,87159.1,8044.134,699586059.8204
2025-12-24 15:00:00,87159.1,87662.5,86363.3,87282.6,19655.734,1711551497.0587
2025-12-24 21:00:00,87282.6,88032.9,87188.6,87636.3,7221.996,632674805.4759
2025-12-25 03:00:00,87636.3,87943.6,87478.7,87708.0,4222.831,370313595.1701
2025-12-25 09:00:00,87708.0,87864.0,87203.4,87484.8,5899.041,516113376.8492
2025-12-25 15:00:00,87484.8,88565.5,87339.1,88097.8,11948.645,1052131935.8123
2025-12-25 21:00:00,88097.8,88280.0,86902.2,87178.1,10830.865,948615765.0616
2025-12-26 03:00:00,87178.1,89404.9,86815.9,88953.2,21963.031,1943267192.7408
2025-12-26 09:00:00,88953.2,89539.0,88310.0,88500.9,11608.399,1031280370.9972
2025-12-26 15:00:00,88500.9,89069.0,86618.6,87290.2,30761.111,2692288397.3301
2025-12-26 21:00:00,87290.2,87749.0,87084.4,87328.8,5883.91,514461627.5063
2025-12-27 03:00:00,87328.8,87491.2,87200.1,87464.4,2234.992,195274358.4738
2025-12-27 09:00:00,87464.4,87670.0,87328.0,87434.0,3712.045,324803475.6319
2025-12-27 15:00:00,87434.0,87558.0,87268.2,87520.0,2496.247,218304424.2724
2025-12-27 21:00:00,87520.0,87958.0,87413.3,87835.6,4069.604,356828518.8064
2025-12-28 03:00:00,87835.6,87935.0,87562.8,87614.9,3521.701,309023285.6142
2025-12-28 09:00:00,87614.9,87982.6,87600.0,87850.0,3583.19,314630493.536
2025-12-28 15:00:00,87850.0,88064.0,87685.9,87714.9,3801.294,333965941.3639
2025-12-28 21:00:00,87714.9,88041.1,87365.8,87909.9,6235.773,546454725.9543
2025-12-29 03:00:00,87909.9,90422.0,87768.5,89946.6,24426.479,2181066754.7566
2025-12-29 09:00:00,89946.6,90095.0,87515.1,87525.5,22083.846,1957862749.6942
2025-12-29 15:00:00,87525.5,88148.8,86753.0,87814.5,25608.71,2238979074.1238
2025-12-29 21:00:00,87814.5,87962.2,87029.3,87184.6,8380.634,732313733.9648
2025-12-30 03:00:00,87184.6,87450.0,86779.2,87206.1,8151.609,710391485.5897
2025-12-30 09:00:00,87206.1,88200.0,87183.7,87867.1,12368.926,1086123172.9902
2025-12-30 15:00:00,87867.1,89373.0,87783.3,88340.0,30276.518,2680964909.0922
2025-12-30 21:00:00,88340.0,88553.2,87823.4,88458.0,9706.881,856230638.6137
2025-12-31 03:00:00,88458.0,88849.3,88126.6,88424.7,7525.096,665791769.3441
2025-12-31 09:00:00,88424.7,89059.8,88350.2,88976.2,6488.238,575440756.487
2025-12-31 15:00:00,88976.2,89194.3,87342.0,87569.2,22676.584,1999483828.0763
2025-12-31 21:00:00,87569.2,87938.5,87177.8,87594.9,8716.607,763810627.3187
2026-01-01 03:00:00,87594.9,88054.0,87515.0,87668.1,5204.813,456831608.1401
2026-01-01 09:00:00,87668.1,87991.4,87555.8,87980.5,3904.662,342681296.6133
2026-01-01 15:00:00,87980.5,88499.0,87754.3,88294.6,7164.597,630921877.7427
2026-01-01 21:00:00,88294.6,88891.9,88035.3,88810.1,7808.461,690892267.6763
2026-01-02 03:00:00,88810.1,89100.0,88325.9,88724.6,10028.991,889877819.6461
2026-01-02 09:00:00,88724.6,89946.0,88690.0,89468.5,14707.176,1314366418.6727
2026-01-02 15:00:00,89468.5,90958.5,88413.6,90325.0,42916.795,3850120059.3532
2026-01-02 21:00:00,90325.0,90529.8,89502.5,89953.8,12358.589,1111688504.6971
2026-01-03 03:00:00,89953.8,90447.8,89868.4,89988.3,4263.742,384263859.7582
2026-01-03 09:00:00,89988.3,90094.9,89255.1,89706.6,9746.533,873751648.3902
2026-01-03 15:00:00,89706.6,90200.0,89613.0,90059.9,5832.927,524916666.3096
2026-01-03 21:00:00,90059.9,90706.4,89988.1,90599.9,5515.693,498589936.7081
2026-01-04 03:00:00,90599.9,91586.4,90599.9,91442.1,11827.646,1078851584.8918
2026-01-04 09:00:00,91442.1,91775.6,91117.8,91258.7,8807.148,804814971.1717
2026-01-04 15:00:00,91258.7,91403.4,90967.7,91299.1,5669.995,517213376.3762
2026-01-04 21:00:00,91299.1,91550.6,90809.0,91490.7,7868.55,717264730.3631
2026-01-05 03:00:00,91490.7,93396.0,91469.0,92324.3,25083.422,2321294668.3292
2026-01-05 09:00:00,92324.3,93129.9,92108.2,93103.6,10287.247,953159017.1966
2026-01-05 15:00:00,93103.6,94450.0,92350.0,94272.2,31172.135,2912769840.1263
2026-01-05 21:00:00,94272.2,94749.9,93754.0,93825.5,17027.237,1603953561.7024
2026-01-06 03:00:00,93825.5,94116.4,93469.0,93546.0,8811.74,825945104.2034
2026-01-06 09:00:00,93546.0,93900.0,93054.6,93814.7,10378.506,970138067.9129
2026-01-06 15:00:00,93814.7,94405.0,91513.1,91562.7,35425.036,3299117822.653
2026-01-06 21:00:00,91562.7,93841.0,91217.2,93714.6,26853.672,2489349449.4846
2026-01-07 03:00:00,93714.6,93714.6,92201.4,92502.2,12960.136,1202346679.0232
2026-01-07 09:00:00,92502.2,92935.4,91533.4,92051.0,14345.798,1321488323.7066
2026-01-07 15:00:00,92051.0,92259.1,90922.5,91204.0,30230.818,2765755808.6227
2026-01-07 21:00:00,91204.0,91450.0,90624.3,91332.0,17109.899,1557531142.7656
2026-01-08 03:00:00,91332.0,91641.4,90555.3,90775.9,10652.927,969771075.8703
2026-01-08 09:00:00,90775.9,90828.2,89586.5,90189.0,23895.571,2154622637.4013
2026-01-08 15:00:00,90189.0,91400.0,89262.0,91322.5,30394.048,2742909600.4222
2026-01-08 21:00:00,91322.5,91471.4,90512.1,91061.9,11165.074,1016590701.8715
2026-01-09 03:00:00,91061.9,91597.3,90795.0,91059.3,7874.509,717729423.715
2026-01-09 09:00:00,91059.3,91119.0,89650.1,90413.9,15782.854,1426511612.9828
2026-01-09 15:00:00,90413.9,92001.6,89785.0,91375.1,32350.191,2942550668.559
2026-01-09 21:00:00,91375.1,91469.0,90076.6,90608.4,13253.587,1199673615.7911
2026-01-10 03:00:00,90608.4,90758.0,90373.7,90569.4,2859.924,259044617.1281
2026-01-10 09:00:00,90569.4,90812.1,90435.7,90691.5,3320.737,301093688.5807
2026-01-10 15:00:00,90691.5,90754.9,90490.2,90511.4,3190.647,289117070.639
2026-01-10 21:00:00,90511.4,90618.5,90332.8,90479.6,2186.546,197838602.6906
2026-01-11 03:00:00,90479.6,90838.5,90404.5,90732.5,2168.432,196586587.238
2026-01-11 09:00:00,90732.5,90780.9,90545.8,90715.6,2178.364,197545497.0769
2026-01-11 15:00:00,90715.6,91254.5,90660.0,90948.9,6990.152,635745851.641
2026-01-11 21:00:00,90948.9,91000.0,90176.4,90962.6,8894.277,805844667.0797
2026-01-12 03:00:00,90962.6,92500.0,90624.7,92064.2,18556.656,1702759949.9601
2026-01-12 09:00:00,92064.2,92170.2,90309.0,90572.2,16002.863,1455783455.5856
2026-01-12 15:00:00,90572.2,92300.0,90068.0,91473.0,31978.844,2919240136.1747
2026-01-12 21:00:00,91473.0,92018.3,90875.6,91248.7,11071.589,1012794605.9094
2026-01-13 03:00:00,91248.7,92225.1,91003.0,91888.3,11519.013,1054485003.5175
2026-01-13 09:00:00,91888.3,92660.0,91770.7,91964.5,12972.254,1195853948.5832
2026-01-13 15:00:00,91964.5,93715.8,91717.5,93198.2,34381.483,3188201558.0045
2026-01-13 21:00:00,93198.2,96654.0,93146.3,95389.5,37785.383,3582531748.6564
2026-01-14 03:00:00,95389.5,95774.6,94920.3,94967.2,12454.253,1187099451.8008
2026-01-14 09:00:00,94967.2,95317.5,94509.0,94760.3,11587.964,1100299404.1404
2026-01-14 15:00:00,94760.3,97750.2,94635.3,96917.5,40226.826,3884414169.983
2026-01-14 21:00:00,96917.5,97963.2,96200.0,96900.0,21656.573,2103608369.7733
2026-01-15 03:00:00,96900.0,96948.3,95714.3,96372.0,13028.354,1254731758.4
2026-01-15 09:00:00,96372.0,97174.5,96105.6,96530.9,10605.858,1025045976.9563
2026-01-15 15:00:00,96530.9,97113.1,95347.7,96563.4,28729.723,2766139948.9413
2026-01-15 21:00:00,96563.4,96578.0,95071.8,95559.9,15208.029,1453476452.9674
2026-01-16 03:00:00,95559.9,95818.2,95072.9,95616.1,8105.453,773616061.4272
2026-01-16 09:00:00,95616.1,95819.0,95201.6,95377.5,6820.004,651608515.8657
2026-01-16 15:00:00,95377.5,95767.4,94241.3,95056.8,23790.853,2257542924.4151
2026-01-16 21:00:00,95056.8,95557.6,94629.7,95504.9,8178.813,778793286.2796
2026-01-17 03:00:00,95504.9,95553.6,95139.4,95267.4,2764.837,263555936.1463
2026-01-17 09:00:00,95267.4,95300.8,94967.9,95269.0,3055.898,290758223.2202
2026-01-17 15:00:00,95269.0,95653.3,95140.8,95323.3,5467.08,521384643.5817
2026-01-17 21:00:00,95323.3,95425.6,94970.1,95103.0,3334.512,317425694.7202
2026-01-18 03:00:00,95103.0,95220.0,94816.4,95140.6,4341.017,412546232.0614
2026-01-18 09:00:00,95140.6,95269.0,94973.9,95137.8,2836.484,269780773.0707
2026-01-18 15:00:00,95137.8,95339.9,94840.9,95212.3,5034.522,478635032.8592
2026-01-18 21:00:00,95212.3,95490.5,93545.0,93624.6,14500.993,1370659048.4389
2026-01-19 03:00:00,93624.6,93624.6,91800.2,92470.4,27824.068,2576461362.5539
2026-01-19 09:00:00,92470.4,93314.0,92340.1,93144.7,9272.641,861519561.0682
2026-01-19 15:00:00,93144.7,93377.0,92648.3,93186.1,9599.77,892819192.4582
2026-01-19 21:00:00,93186.1,93299.9,92111.2,92584.3,9346.869,866630776.5806
2026-01-20 03:00:00,92584.3,92847.1,91235.8,91587.9,17135.216,1576875331.6378
2026-01-20 09:00:00,91587.9,91590.0,90610.1,91177.3,17222.758,1567853389.1336
2026-01-20 15:00:00,91177.3,91339.0,89374.4,89730.3,34735.119,3139941069.1013
2026-01-20 21:00:00,89730.3,89914.7,87773.1,88379.9,24889.398,2213045991.3966
2026-01-21 03:00:00,88379.9,90099.6,88202.2,89917.2,11506.15,1026348404.0498
2026-01-21 09:00:00,89917.2,89917.2,88642.2,88750.9,10176.873,908404234.2004
2026-01-21 15:00:00,88750.9,90542.2,87212.0,87882.4,47829.833,4252918338.3325
2026-01-21 21:00:00,87882.4,90440.3,87536.8,89410.1,29471.218,2638914985.2104
2026-01-22 03:00:00,89410.1,90337.9,89410.0,89983.8,9259.251,832736390.9065
2026-01-22 09:00:00,89983.8,90174.1,89701.9,89895.0,6667.964,599821296.4
2026-01-22 15:00:00,89895.0,90296.8,88462.3,89500.0,28696.655,2560866578.9467
2026-01-22 21:00:00,89500.0,89909.2,89062.4,89511.7,11391.323,1019785045.9511
2026-01-23 03:00:00,89511.7,90062.7,89399.0,89566.1,5564.454,499283466.9951
2026-01-23 09:00:00,89566.1,89761.6,88806.8,89168.3,9219.577,822720967.8326
2026-01-23 15:00:00,89168.3,91180.0,88500.0,90557.5,28834.675,2588403875.0868
2026-01-23 21:00:00,90557.5,90993.0,89162.0,89551.7,13561.616,1219816389.8791
2026-01-24 03:00:00,89551.7,89883.4,89375.0,89744.3,2491.726,223372269.3665
2026-01-24 09:00:00,89744.3,89744.3,89513.8,89545.3,2086.291,186922136.5794
2026-01-24 15:00:00,89545.3,89550.0,89105.7,89350.0,5860.112,523384421.4763
2026-01-24 21:00:00,89350.0,89455.7,89156.3,89177.1,2085.215,186257774.1304
2026-01-25 03:00:00,89177.1,89271.8,88800.1,88958.4,3601.177,320586852.4603
2026-01-25 09:00:00,88958.4,88958.5,88100.0,88522.8,8158.72,722069425.1924
2026-01-25 15:00:00,88522.8,88937.4,87477.0,87835.2,16065.547,1416373116.5616
2026-01-25 21:00:00,87835.2,87943.2,86031.4,86625.6,31005.172,2688440174.6401
2026-01-26 03:00:00,86625.6,87929.7,86446.8,87774.3,13966.22,1219959803.5891
2026-01-26 09:00:00,87774.3,88355.0,87555.0,87816.0,8780.477,771618603.1708
2026-01-26 15:00:00,87816.0,88843.9,86923.3,87658.7,25141.987,2208454708.7171
2026-01-26 21:00:00,87658.7,88631.2,87489.5,88305.1,12438.422,1095466549.5094
2026-01-27 03:00:00,88305.1,88977.7,88150.0,88418.1,7295.57,646159135.0068
2026-01-27 09:00:00,88418.1,88525.3,87688.1,87937.0,7977.502,702639076.0549
2026-01-27 15:00:00,87937.0,88786.4,87234.0,87491.7,23853.095,2098801132.5989
2026-01-27 21:00:00,87491.7,89499.8,87400.0,89202.3,20306.329,1803727808.799
2026-01-28 03:00:00,89202.3,89460.4,88800.0,89050.0,6798.359,605746561.1617
2026-01-28 09:00:00,89050.0,90132.0,88815.6,90039.7,12505.646,1118528932.7136
2026-01-28 15:00:00,90039.7,90597.0,88836.3,90141.7,27413.219,2460432925.8593
2026-01-28 21:00:00,90141.7,90149.0,88813.0,89261.7,21063.639,1883567144.6884
2026-01-29 03:00:00,89261.7,89312.7,87650.0,88146.7,15104.253,1334011844.8391
2026-01-29 09:00:00,88146.7,88458.8,87690.6,87786.0,9921.849,873449783.7637
2026-01-29 15:00:00,87786.0,88142.7,83941.1,84218.2,53546.809,4583316414.8841
2026-01-29 21:00:00,84218.2,84703.2,83311.0,84599.8,24665.233,2071976755.2845
2026-01-30 03:00:00,84599.8,84692.3,81000.0,82859.6,39852.682,3286031566.2941
2026-01-30 09:00:00,82859.6,83263.5,82009.8,83103.7,18449.034,1523942103.0862
2026-01-30 15:00:00,83103.7,83771.2,82316.3,82904.0,27946.127,2319962984.7614
2026-01-30 21:00:00,82904.0,84635.7,81832.0,84222.5,30871.714,2581689480.8391
2026-01-31 03:00:00,84222.5,84254.3,83778.4,83962.6,5453.488,458242999.6561
2026-01-31 09:00:00,83962.6,84006.1,82530.0,82978.6,10447.589,869112374.3049
2026-01-31 15:00:00,82978.6,83113.3,78080.5,78848.1,66406.521,5349544615.9589
2026-01-31 21:00:00,78848.1,79239.7,75689.6,78704.4,58276.563,4533858615.9284
2026-02-01 03:00:00,78704.4,79388.5,78252.0,78572.6,11988.723,944257732.3388
2026-02-01 09:00:00,78572.6,79187.0,77836.9,78715.1,12937.448,1015485400.4998
2026-02-01 15:00:00,78715.1,78734.5,76725.4,77719.0,27151.114,2109192748.891
2026-02-01 21:00:00,77719.0,78409.1,75663.2,76938.5,33826.283,2605275886.0242
2026-02-02 03:00:00,76938.5,78177.9,74567.3,75446.1,42174.742,3208521544.9601
2026-02-02 09:00:00,75446.1,77939.0,74902.0,77727.2,24355.56,1869168352.4689
2026-02-02 15:00:00,77727.2,79388.0,77492.3,78936.9,34505.725,2707756574.731
2026-02-02 21:00:00,78936.9,78951.1,77850.9,78693.9,11420.279,896081941.4381
2026-02-03 03:00:00,78693.9,79177.7,77600.1,78200.6,13048.751,1024052288.2371
2026-02-03 09:00:00,78200.6,79040.0,77870.9,78034.7,12599.404,987580877.4378
2026-02-03 15:00:00,78034.7,78417.2,74832.5,74874.2,44755.047,3444546068.2551
2026-02-03 21:00:00,74874.2,76913.8,72889.7,75723.2,65533.95,4907160441.901
2026-02-04 03:00:00,75723.2,76991.2,75414.0,76257.3,15209.774,1161108369.5098
2026-02-04 09:00:00,76257.3,76759.4,75635.2,75998.9,13627.759,1038573224.3184
2026-02-04 15:00:00,75998.9,76244.9,72090.4,72537.6,58350.133,4323284703.9711
2026-02-04 21:00:00,72537.6,74136.0,71805.2,73130.3,41735.079,3051010904.1397
2026-02-05 03:00:00,73130.3,73312.1,70085.7,70693.8,43175.116,3091020313.8375
2026-02-05 09:00:00,70693.8,71936.3,69865.8,70287.8,34339.778,2434019083.3998
2026-02-05 15:00:00,70287.8,70866.3,66100.3,66151.9,101435.56,6920763638.3894
2026-02-05 21:00:00,66151.9,66614.0,62250.0,62872.7,107055.561,6879825883.9223
2026-02-06 03:00:00,62872.7,66799.9,59888.0,66364.8,93176.274,5879528619.0259
2026-02-06 09:00:00,66364.8,66757.2,64434.1,66588.8,37005.859,2422531977.591
2026-02-06 15:00:00,66588.8,71479.8,66080.0,70710.1,64724.126,4448356310.2502
2026-02-06 21:00:00,70710.1,71719.9,69322.0,70532.3,36193.964,2545614331.5737
2026-02-07 03:00:00,70532.3,71653.2,69676.2,70129.8,20603.776,1452078346.8783
2026-02-07 09:00:00,70129.8,70289.4,67307.3,67946.2,38178.18,2612137718.2249
2026-02-07 15:00:00,67946.2,69972.1,67880.3,69160.1,43363.377,2999424518.4764
2026-02-07 21:00:00,69160.1,69691.0,68742.0,69248.2,9463.058,655970694.0681
2026-02-08 03:00:00,69248.2,69675.1,68839.0,69190.2,6129.773,424392581.5985
2026-02-08 09:00:00,69190.2,71184.0,69046.7,70953.3,20063.177,1408924167.4076
2026-02-08 15:00:00,70953.3,71524.7,70195.5,70756.6,17457.014,1238922563.7614
2026-02-08 21:00:00,70756.6,72254.1,69945.0,70289.8,20062.956,1424677566.2601
2026-02-09 03:00:00,70289.8,71418.4,70018.0,71005.8,13312.018,941170747.9771
2026-02-09 09:00:00,71005.8,71005.8,68384.0,68900.0,24564.329,1707644961.4864
2026-02-09 15:00:00,68900.0,70976.9,68207.2,70582.1,32643.561,2268692771.0941
2026-02-09 21:00:00,70582.1,71119.9,69780.7,70110.8,16122.534,1136427565.1762
2026-02-10 03:00:00,70110.8,70508.8,69149.3,69413.2,14439.445,1007595950.3558
2026-02-10 09:00:00,69413.2,69465.2,68365.0,68486.5,14953.71,1031026386.359
2026-02-10 15:00:00,68486.5,69982.2,67869.0,69894.2,32982.583,2273839168.0458
2026-02-10 21:00:00,69894.2,69911.7,68315.0,68804.3,13194.06,908672867.0483
2026-02-11 03:00:00,68804.3,69265.8,67321.0,67365.9,18805.385,1281877270.0118
2026-02-11 09:00:00,67365.9,67460.0,66306.8,67023.7,23373.487,1562654908.6435
2026-02-11 15:00:00,67023.7,68812.6,65705.0,66483.0,60060.688,4019715041.6299
2026-02-11 21:00:00,66483.0,68329.0,66108.4,67044.5,19354.897,1304031463.5798
2026-02-12 03:00:00,67044.5,68019.9,66626.7,67116.0,14179.834,955702401.6879
2026-02-12 09:00:00,67116.0,68271.4,66858.1,68049.0,13616.503,919143726.11
2026-02-12 15:00:00,68049.0,68396.0,65286.5,65369.2,46577.77,3112544685.8728
2026-02-12 21:00:00,65369.2,66459.2,65065.0,66244.8,23632.422,1551792303.7334
2026-02-13 03:00:00,66244.8,66793.4,65824.7,66145.1,11825.329,784886508.1179
2026-02-13 09:00:00,66145.1,67199.9,65972.5,67136.0,14105.997,939315489.6656
2026-02-13 15:00:00,67136.0,69450.0,66818.3,69005.5,46245.397,3151386601.9838
2026-02-13 21:00:00,69005.5,69381.4,68632.4,68819.2,12252.333,844949265.5656
2026-02-14 03:00:00,68819.2,69118.0,68720.7,68735.9,4353.669,299934207.1482
2026-02-14 09:00:00,68735.9,70550.0,68691.1,70470.4,15073.681,1051136965.0836
2026-02-14 15:00:00,70470.4,70507.0,69190.0,69711.5,18811.755,1310837654.0416
2026-02-14 21:00:00,69711.5,70240.0,69579.7,69790.1,6914.718,483252143.2979
2026-02-15 03:00:00,69790.1,70500.0,69200.0,70232.6,11963.646,835659000.0474
2026-02-15 09:00:00,70232.6,70937.0,70144.8,70265.9,10434.502,735429789.8977
2026-02-15 15:00:00,70265.9,70388.4,68158.4,68610.1,24114.875,1666599275.1037
2026-02-15 21:00:00,68610.1,69055.0,68051.7,68800.0,14035.101,961691890.287
2026-02-16 03:00:00,68800.0,69040.0,68108.8,68351.5,8289.822,568486161.3853
2026-02-16 09:00:00,68351.5,69029.2,68202.0,68777.0,8843.403,607139222.2509
2026-02-16 15:00:00,68777.0,70099.1,67243.6,67904.9,36271.646,2480083682.9975
2026-02-16 21:00:00,67904.9,68968.8,67778.4,68863.8,9925.136,678703499.0665
2026-02-17 03:00:00,68863.8,69228.5,67852.4,68209.0,10823.307,742165698.3748
2026-02-17 09:00:00,68209.0,68487.0,67650.0,67822.8,8640.519,588070482.3286
2026-02-17 15:00:00,67822.8,68340.2,66556.6,67208.0,40896.444,2757432127.624
2026-02-17 21:00:00,67208.0,68217.9,67092.0,67474.9,13007.151,881178277.9675
2026-02-18 03:00:00,67474.9,67914.2,66843.5,67604.7,8452.434,569625864.3737
2026-02-18 09:00:00,67604.7,68440.0,67028.5,67330.2,14504.403,983308429.0291
2026-02-18 15:00:00,67330.2,68326.7,66668.2,67152.6,26919.08,1812718974.4083
2026-02-18 21:00:00,67152.6,67204.4,65814.6,66426.0,19472.326,1292288545.0168
2026-02-19 03:00:00,66426.0,67060.0,66304.0,66849.0,8124.607,542270478.9465
2026-02-19 09:00:00,66849.0,67307.9,66436.0,66462.4,11032.618,738326791.9592
2026-02-19 15:00:00,66462.4,67042.2,65573.5,66341.7,32922.044,2181811778.362
2026-02-19 21:00:00,66341.7,67187.1,66216.3,66982.1,12862.552,860151958.1644
2026-02-20 03:00:00,66982.1,68000.0,66923.1,67762.3,12510.83,843119043.0432
2026-02-20 09:00:00,67762.3,68299.9,67255.0,67299.9,15041.202,1020633838.8415
2026-02-20 15:00:00,67299.9,68079.9,66427.5,67588.6,51564.57,3465863425.7169
2026-02-20 21:00:00,67588.6,68211.0,67431.5,67989.2,13379.262,906894539.9727
2026-02-21 03:00:00,67989.2,68075.7,67511.0,67831.3,4896.46,331990612.232
2026-02-21 09:00:00,67831.3,68293.1,67715.7,68070.0,5918.87,402858653.5016
2026-02-21 15:00:00,68070.0,68687.1,67867.5,68413.4,12352.905,843932590.0967
2026-02-21 21:00:00,68413.4,68646.7,67846.5,67934.5,9136.917,624015488.5788
2026-02-22 03:00:00,67934.5,68186.4,67751.5,67942.2,6335.664,430427933.0821
2026-02-22 09:00:00,67942.2,68224.4,67865.6,68184.9,4592.977,312546064.347
2026-02-22 15:00:00,68184.9,68200.0,67143.5,67350.1,15433.785,1043081520.43
2026-02-22 21:00:00,67350.1,67722.0,67272.4,67610.5,4861.924,328099977.6535
2026-02-23 03:00:00,67610.5,67652.2,64220.0,65032.9,40395.114,2639068990.5846
2026-02-23 09:00:00,65032.9,66574.8,64991.9,66166.4,19249.607,1269114436.5751
2026-02-23 15:00:00,66166.4,66497.9,64111.0,64767.4,35679.496,2335055359.2346
2026-02-23 21:00:00,64767.4,65158.7,63833.0,64615.3,24410.535,1574193594.6727
2026-02-24 03:00:00,64615.3,64979.7,62649.2,63065.6,39959.296,2547245317.2149
2026-02-24 09:00:00,63065.6,63401.6,62836.4,63191.1,14148.931,893674356.9157
2026-02-24 15:00:00,63191.1,64500.0,62422.3,64187.9,37613.063,2388683455.4758
2026-02-24 21:00:00,64187.9,64710.8,63795.8,64032.5,15475.929,993881947.748
2026-02-25 03:00:00,64032.5,66298.1,63869.5,64860.9,36083.586,2362337143.0832
2026-02-25 09:00:00,64860.9,65668.6,64750.1,65399.8,13209.405,861764532.8363
2026-02-25 15:00:00,65399.8,68878.0,65280.3,68628.1,54519.386,3664750448.775
2026-02-25 21:00:00,68628.1,69989.8,67563.6,67958.3,44746.831,3083000768.8401
2026-02-26 03:00:00,67958.3,68841.7,67688.0,68417.1,19252.586,1314341834.4367
2026-02-26 09:00:00,68417.1,68710.0,67751.5,68016.2,13616.292,928388361.1155
2026-02-26 15:00:00,68016.2,68270.4,66451.1,66796.0,38478.799,2589238872.9612
2026-02-26 21:00:00,66796.0,67888.0,66540.1,67447.5,18944.697,1276705994.2787
2026-02-27 03:00:00,67447.5,68185.6,66850.0,67691.3,13950.742,941178966.8553
2026-02-27 09:00:00,67691.3,68126.9,65920.0,66082.6,23473.716,1572698041.0462
2026-02-27 15:00:00,66082.6,66309.0,65079.0,65670.4,31117.617,2047910490.6942
2026-02-27 21:00:00,65670.4,65926.8,64888.0,65833.4,14453.972,946159004.266
2026-02-28 03:00:00,65833.4,65993.4,65436.1,65551.9,7117.84,468039427.4734
2026-02-28 09:00:00,65551.9,65562.3,62972.3,63814.2,48209.41,3082369062.625
2026-02-28 15:00:00,63814.2,65536.4,63796.0,65402.5,31027.775,2007942992.3688
2026-02-28 21:00:00,65402.5,67739.5,65147.0,66939.6,33269.728,2212195647.5727
2026-03-01 03:00:00,66939.6,68183.2,65973.2,67264.6,24560.261,1652363660.1073
2026-03-01 09:00:00,67264.6,67323.0,66177.6,66443.5,14326.3,955857570.3781
2026-03-01 15:00:00,66443.5,67336.7,65680.0,65954.2,25775.602,1715558514.5542
2026-03-01 21:00:00,65954.2,66634.9,65001.0,65746.9,25566.778,1680950372.8504
2026-03-02 03:00:00,65746.9,67078.9,65719.3,66700.6,17466.82,1161760728.3759
2026-03-02 09:00:00,66700.6,66712.7,65510.0,66333.0,18167.623,1201078775.6527
2026-03-02 15:00:00,66333.0,70066.0,65238.5,69168.4,61913.786,4213475667.4915
2026-03-02 21:00:00,69168.4,69500.0,68526.5,68799.9,19024.171,1313110451.8921
2026-03-03 03:00:00,68799.9,69222.0,67814.3,67911.4,14090.702,964757209.2832
2026-03-03 09:00:00,67911.4,68281.0,66304.0,66999.3,27920.201,1876641648.9032
2026-03-03 15:00:00,66999.3,68967.8,66054.3,68280.4,50007.205,3375854888.5927
2026-03-03 21:00:00,68280.4,68892.3,67780.0,68299.5,20621.293,1410038820.2279
2026-03-04 03:00:00,68299.5,68880.0,67348.4,68169.5,19611.896,1333844201.1229
2026-03-04 09:00:00,68169.5,71872.3,67985.2,71080.1,46185.129,3254354766.7311
2026-03-04 15:00:00,71080.1,73715.5,70546.7,73177.5,53297.759,3851995439.167
2026-03-04 21:00:00,73177.5,74021.8,72280.0,72640.4,24461.478,1791195467.5512
2026-03-05 03:00:00,72640.4,73250.0,72204.7,72368.8,17105.059,1242360334.021
2026-03-05 09:00:00,72368.8,73537.9,71709.1,72878.8,25668.002,1862845241.0876
2026-03-05 15:00:00,72878.8,73035.0,70610.0,70667.1,44654.665,3203125195.1956
2026-03-05 21:00:00,70667.1,71536.6,70623.0,70847.6,16580.036,1178499256.0554
2026-03-06 03:00:00,70847.6,71384.5,70100.1,70400.4,17285.919,1222278930.1286
2026-03-06 09:00:00,70400.4,71158.2,70150.1,70183.7,14501.598,1024407783.3051
2026-03-06 15:00:00,70183.7,70299.0,67720.0,67926.6,51244.957,3534321611.7102
2026-03-06 21:00:00,67926.6,68449.3,67729.1,68075.5,14709.12,1001831488.6103
2026-03-07 03:00:00,68075.5,68536.8,67760.5,67983.3,7882.588,537092123.7608
2026-03-07 09:00:00,67983.3,68212.7,67400.7,67972.3,11412.086,774034718.0604
2026-03-07 15:00:00,67972.3,68071.4,67565.2,67751.7,7751.661,526021129.5536
2026-03-07 21:00:00,67751.7,67751.9,66885.4,67227.1,12316.869,828737836.3823
2026-03-08 03:00:00,67227.1,67449.4,66480.0,67111.7,11449.436,766857523.9948
2026-03-08 09:00:00,67111.7,68167.7,67002.9,67479.2,14934.943,1009245645.0518
2026-03-08 15:00:00,67479.2,67629.4,66736.8,67015.5,15635.63,1049161176.8174
2026-03-08 21:00:00,67015.5,67487.7,65580.0,65943.8,25690.723,1705245153.0471
2026-03-09 03:00:00,65943.8,68038.7,65782.7,67877.8,25668.172,1719016041.4444
2026-03-09 09:00:00,67877.8,68431.5,66830.7,67724.0,22091.511,1494190539.2503
2026-03-09 15:00:00,67724.0,69444.4,67713.9,68559.2,34157.425,2348607958.937
2026-03-09 21:00:00,68559.2,69500.0,68200.0,68390.7,18181.159,1251442742.0156
2026-03-10 03:00:00,68390.7,70600.0,68355.0,69942.1,25230.644,1758912950.8635
2026-03-10 09:00:00,69942.1,71300.0,69718.2,70560.3,26144.475,1846738261.0843
2026-03-10 15:00:00,70560.3,71762.8,69227.3,70833.5,49097.644,3464480325.647
2026-03-10 21:00:00,70833.5,70884.0,69405.1,69907.5,23204.073,1624097768.2081
2026-03-11 03:00:00,69907.5,70239.0,69318.6,69464.3,13783.014,962095515.6884
2026-03-11 09:00:00,69464.3,69995.5,69121.4,69136.1,13078.197,909764777.8144
2026-03-11 15:00:00,69136.1,71300.0,68921.8,70746.4,54326.874,3818396182.7993
2026-03-11 21:00:00,70746.4,70900.0,70080.0,70150.8,12372.988,872512628.8312
2026-03-12 03:00:00,70150.8,70319.1,69150.0,69433.4,13723.592,955079067.7739
2026-03-12 09:00:00,69433.4,70772.4,69319.0,70389.3,19015.252,1331111757.0241
2026-03-12 15:00:00,70389.3,70638.9,69300.0,70167.5,35026.592,2454053342.3584
2026-03-12 21:00:00,70167.5,70737.8,69728.8,70482.0,15853.667,1113874616.0778
2026-03-13 03:00:00,70482.0,71996.9,70345.6,71517.2,24224.236,1728914959.2954
2026-03-13 09:00:00,71517.2,72551.8,71145.0,72194.4,22177.927,1595584593.0033
2026-03-13 15:00:00,72194.4,73869.8,70862.0,70987.4,59847.91,4334928289.884
2026-03-13 21:00:00,70987.4,71468.0,70517.2,70884.0,19189.606,1362440729.7811
2026-03-14 03:00:00,70884.0,71263.8,70421.2,70980.8,9536.725,675825490.0019
2026-03-14 09:00:00,70980.8,70980.8,70262.0,70699.4,9534.704,672826334.9167
2026-03-14 15:00:00,70699.4,70900.0,70444.3,70580.0,7341.813,518769304.4862
2026-03-14 21:00:00,70580.0,71226.9,70499.9,71178.0,5063.677,358727859.68
2026-03-15 03:00:00,71178.0,71820.0,70811.9,71452.6,11020.092,786409148.5515
2026-03-15 09:00:00,71452.6,71912.3,71360.1,71806.1,7742.256,554757943.2358
2026-03-15 15:00:00,71806.1,71963.6,71230.6,71782.1,11257.455,804821370.7845
2026-03-15 21:00:00,71782.1,73217.2,71266.3,72777.5,24826.112,1793426382.7741
2026-03-16 03:00:00,72777.5,74488.2,72226.3,74165.8,29714.549,2183309349.9025
2026-03-16 09:00:00,74165.8,74165.9,72805.6,73515.0,17791.606,1306555724.2602
2026-03-16 15:00:00,73515.0,74499.8,72945.1,73907.3,31598.925,2329174587.6499
2026-03-16 21:00:00,73907.3,74900.0,73725.1,74854.7,24069.662,1790130346.4091
2026-03-17 03:00:00,74854.7,76053.9,73742.8,74004.2,33546.66,2513428815.8347
2026-03-17 09:00:00,74004.2,74436.6,73493.0,73996.1,16600.042,1228327978.0854
2026-03-17 15:00:00,73996.1,74876.6,73323.9,74489.4,27178.139,2011415041.3056
2026-03-17 21:00:00,74489.4,74780.9,73820.7,73861.6,13484.86,1003251004.5151
2026-03-18 03:00:00,73861.6,74640.2,73463.5,73917.6,11127.43,824686606.4651
2026-03-18 09:00:00,73917.6,74249.9,72720.0,72902.3,18066.342,1328671785.0434
2026-03-18 15:00:00,72902.3,72938.1,70807.9,71557.7,48013.169,3446594144.6716
2026-03-18 21:00:00,71557.7,71967.6,70452.0,71213.7,22055.683,1569923044.3048
2026-03-19 03:00:00,71213.7,71588.2,70608.4,70796.0,11721.454,832503084.5828
2026-03-19 09:00:00,70796.0,70944.8,69432.9,69921.2,22879.965,1604731574.277
2026-03-19 15:00:00,69921.2,70136.0,68750.0,69822.2,40611.692,2819150716.978
2026-03-19 21:00:00,69822.2,70707.2,69541.7,69881.8,19937.449,1398892831.9902
2026-03-20 03:00:00,69881.8,70933.0,69800.0,70571.0,11958.21,842996607.489
2026-03-20 09:00:00,70571.0,71343.9,70164.1,70443.9,22293.54,1576235434.2885
2026-03-20 15:00:00,70443.9,70648.0,69338.0,69974.7,33084.292,2313008892.4381
2026-03-20 21:00:00,69974.7,70892.8,69474.8,70476.1,16675.028,1170642292.1422
2026-03-21 03:00:00,70476.1,70812.9,70408.2,70671.6,5913.925,417730432.4999
2026-03-21 09:00:00,70671.6,70850.0,70452.5,70610.3,5290.131,373695643.103
2026-03-21 15:00:00,70610.3,71068.0,70154.8,70271.8,11291.748,796942455.0233
2026-03-21 21:00:00,70271.8,70496.0,68500.0,68870.5,12819.721,891733633.5456
2026-03-22 03:00:00,68870.5,69557.3,68166.8,69112.1,17676.518,1218915976.0492
2026-03-22 09:00:00,69112.1,69211.7,68060.0,68181.5,12143.295,833695625.1264
2026-03-22 15:00:00,68181.5,69042.4,68158.2,68637.0,11569.71,794918949.8698
2026-03-22 21:00:00,68637.0,68711.2,67300.1,67828.1,21766.819,1480444876.3822
2026-03-23 03:00:00,67828.1,68885.3,67412.7,68869.7,15832.889,1078964876.3154
2026-03-23 09:00:00,68869.7,71487.0,67470.7,70094.5,55580.089,3877950577.2271
2026-03-23 15:00:00,70094.5,71788.0,69640.5,71049.4,49387.216,3495757510.6686
2026-03-23 21:00:00,71049.4,71224.1,70352.6,70865.0,13238.915,937690835.0419
2026-03-24 03:00:00,70865.0,71072.4,70081.0,70248.8,11351.411,800134226.2865
2026-03-24 09:00:00,70248.8,71393.8,70214.3,71122.8,18591.557,1319101414.4041
2026-03-24 15:00:00,71122.8,71156.9,68849.2,69200.0,40657.087,2840941198.9964
2026-03-24 21:00:00,69200.0,70823.1,69128.0,70518.3,27732.958,1940745087.8833
2026-03-25 03:00:00,70518.3,71323.5,70379.2,71087.2,14146.518,1002101224.2658
2026-03-25 09:00:00,71087.2,71984.8,70763.4,71644.6,20255.806,1445719358.704
2026-03-25 15:00:00,71644.6,71930.0,70515.5,70743.0,35088.874,2499773882.4546
2026-03-25 21:00:00,70743.0,71630.4,70600.0,71304.3,11695.592,830517473.1012
2026-03-26 03:00:00,71304.3,71420.9,69901.3,69978.8,13002.78,918923401.2588
2026-03-26 09:00:00,69978.8,70134.4,69151.3,69237.0,20829.943,1452416248.9149
2026-03-26 15:00:00,69237.0,69846.2,68332.0,68454.6,28388.175,1963716189.6661
2026-03-26 21:00:00,68454.6,69506.0,68100.6,68793.4,22436.908,1544349722.5475
2026-03-27 03:00:00,68793.4,69150.0,68255.2,68595.8,12464.033,855871413.1113
2026-03-27 09:00:00,68595.8,68935.3,66174.6,66667.9,34300.74,2315337592.6886
2026-03-27 15:00:00,66667.9,66745.8,65538.2,65596.6,37386.412,2472308806.8224
2026-03-27 21:00:00,65596.6,66396.7,65504.7,66374.7,14412.541,950836061.6601
2026-03-28 03:00:00,66374.7,66493.6,65880.7,66313.7,7994.721,529123600.2764
2026-03-28 09:00:00,66313.7,66541.4,66068.2,66288.1,7084.802,470031635.1497
2026-03-28 15:00:00,66288.1,67287.8,66190.8,66808.6,16501.709,1102841951.8331
2026-03-28 21:00:00,66808.6,66979.2,66239.1,66345.4,7574.347,504651554.1692
2026-03-29 03:00:00,66345.4,67113.3,66250.0,66738.3,7530.514,502069479.989
2026-03-29 09:00:00,66738.3,66979.9,66369.6,66774.2,7264.791,484132647.1189
2026-03-29 15:00:00,66774.2,66845.0,66111.2,66349.3,10638.738,707431952.6578
2026-03-29 21:00:00,66349.3,66765.9,64935.7,65990.7,22444.808,1478905215.8243
2026-03-30 03:00:00,65990.7,67802.3,65747.8,67462.8,26044.147,1741511854.0383
2026-03-30 09:00:00,67462.8,68000.0,67185.2,67649.5,14881.367,1005579053.9372
2026-03-30 15:00:00,67649.5,68199.9,66620.0,66803.3,29860.518,2014529471.8978
2026-03-30 21:00:00,66803.3,66961.0,66184.2,66767.3,14117.512,940049058.9692
2026-03-31 03:00:00,66767.3,68397.1,66504.5,67644.0,21311.607,1441164441.7075
2026-03-31 09:00:00,67644.0,67677.1,65950.0,66649.7,25323.596,1688686608.5665
2026-03-31 15:00:00,66649.7,68599.9,66403.4,67500.0,44618.431,3004724755.705
2026-03-31 21:00:00,67500.0,68400.0,67495.0,68244.6,13518.698,919135263.6436
2026-04-01 03:00:00,68244.6,68779.0,67543.8,68423.6,17618.505,1200270292.0332
2026-04-01 09:00:00,68423.6,69301.0,68342.7,68674.7,20488.669,1409162684.643
2026-04-01 15:00:00,68674.7,69164.4,67831.7,68225.7,26763.443,1832730635.0982
2026-04-01 21:00:00,68225.7,68498.3,67900.0,68086.0,10562.777,719683956.1283
2026-04-02 03:00:00,68086.0,68645.7,66171.1,66550.1,31074.598,2088967074.3857
2026-04-02 09:00:00,66550.1,66900.0,66106.0,66176.4,13845.833,920536298.0214
2026-04-02 15:00:00,66176.4,67403.9,65666.0,66653.5,33449.093,2227064614.5503
2026-04-02 21:00:00,66653.5,67089.8,66568.2,66870.9,9331.595,624089891.8696
2026-04-03 03:00:00,66870.9,66976.3,66240.0,66579.3,10179.395,677642536.4843
2026-04-03 09:00:00,66579.3,67273.3,66516.1,66987.7,13389.616,895992263.419
2026-04-03 15:00:00,66987.7,67344.9,66468.9,66807.6,15267.445,1020410589.7455
2026-04-03 21:00:00,66807.6,66946.0,66736.9,66932.7,3454.88,230958822.3033
2026-04-04 03:00:00,66932.7,66945.5,66737.0,66876.0,2727.404,182303493.8464
2026-04-04 09:00:00,66876.0,67199.9,66857.0,67136.5,5566.768,373059223.16
2026-04-04 15:00:00,67136.5,67543.0,66983.3,67309.1,8879.699,597358980.9683
2026-04-04 21:00:00,67309.1,67526.0,67125.1,67266.7,4182.452,281483524.6256
2026-04-05 03:00:00,67266.7,67274.4,66810.6,66897.2,4461.626,299192015.9029
2026-04-05 09:00:00,66897.2,67115.9,66567.0,66972.7,7545.836,504260682.9077
2026-04-05 15:00:00,66972.7,67828.6,66638.0,67343.9,15492.058,1041037043.6245
2026-04-05 21:00:00,67343.9,69115.9,67241.5,69002.4,20649.597,1406267162.6536
2026-04-06 03:00:00,69002.4,69564.0,68733.6,69166.1,15551.311,1075551475.7958
2026-04-06 09:00:00,69166.1,70250.0,68769.3,69584.3,18165.206,1263350041.479
2026-04-06 15:00:00,69584.3,70351.7,69120.0,69531.5,26729.091,1860353012.3658
2026-04-06 21:00:00,69531.5,69950.7,68272.0,68807.5,20052.528,1387050337.5063
2026-04-07 03:00:00,68807.5,69087.5,68224.7,68620.4,11829.131,812200278.9931
2026-04-07 09:00:00,68620.4,69224.3,68015.1,68299.9,18337.109,1258082529.6194
2026-04-07 15:00:00,68299.9,69000.0,67679.0,68666.0,25758.841,1757489813.0187
2026-04-07 21:00:00,68666.0,72766.4,68312.5,71894.6,61014.317,4306816782.0117
2026-04-08 03:00:00,71894.6,72107.0,71201.1,71713.0,17381.267,1244565632.4384
2026-04-08 09:00:00,71713.0,71953.2,71341.3,71650.0,10661.322,763988919.9694
2026-04-08 15:00:00,71650.0,72850.0,70666.4,71847.6,43890.811,3147368594.7161
2026-04-08 21:00:00,71847.6,71857.9,70870.0,71033.2,18220.472,1298843393.592
2026-04-09 03:00:00,71033.2,71163.6,70417.2,70950.1,15161.243,1074090003.331
2026-04-09 09:00:00,70950.1,71582.7,70761.4,71120.0,14837.696,1056162436.5543
2026-04-09 15:00:00,71120.0,72541.1,70478.4,72317.4,41143.025,2946773292.7328
2026-04-09 21:00:00,72317.4,73141.6,71560.0,71755.0,31872.649,2301075561.1187
2026-04-10 03:00:00,71755.0,72366.5,71550.2,72099.0,12521.522,901347525.9282
2026-04-10 09:00:00,72099.0,72236.4,71377.6,72097.2,10748.753,771588607.6274
2026-04-10 15:00:00,72097.2,73268.0,71877.0,73095.2,31674.489,2300823342.3764
2026-04-10 21:00:00,73095.2,73454.9,72664.1,72920.0,16353.423,1194838052.31
2026-04-11 03:00:00,72920.0,73063.0,72623.9,72683.1,6359.273,463050967.5005
2026-04-11 09:00:00,72683.1,72887.1,72571.4,72871.5,5406.112,393301959.8589
2026-04-11 15:00:00,72871.5,73197.5,72481.3,73065.2,9256.317,674216555.1533
2026-04-11 21:00:00,73065.2,73800.0,72859.6,73011.6,15783.311,1158494596.7418
2026-04-12 03:00:00,73011.6,73104.0,71267.8,71666.1,22344.453,1606531478.8524
2026-04-12 09:00:00,71666.1,71740.0,71309.4,71426.7,6271.597,448750259.3646
2026-04-12 15:00:00,71426.7,71466.6,70567.0,71100.0,19270.691,1367461328.849
2026-04-12 21:00:00,71100.0,71418.5,70450.0,70715.0,14349.101,1017596951.837
2026-04-13 03:00:00,70715.0,71247.8,70580.6,70849.9,7948.031,563998793.937
2026-04-13 09:00:00,70849.9,71076.6,70523.4,70889.0,9347.7,661528106.3965
2026-04-13 15:00:00,70889.0,72571.5,70724.3,72104.9,40112.998,2879676277.0563
2026-04-13 21:00:00,72104.9,74868.2,72000.5,74383.7,37059.121,2725759961.4046
2026-04-14 03:00:00,74383.7,74565.0,73932.0,74185.8,10229.357,760052688.7108
2026-04-14 09:00:00,74185.8,74932.4,74185.8,74342.2,13248.264,987857663.2115
2026-04-14 15:00:00,74342.2,76010.3,74200.0,74701.0,42990.2,3227206847.4948
2026-04-14 21:00:00,74701.0,74771.6,73754.5,74092.2,19919.792,1476679549.9587
2026-04-15 03:00:00,74092.2,74765.6,73820.2,73975.1,12852.251,955054723.0487
2026-04-15 09:00:00,73975.1,74222.0,73455.5,74158.0,14093.001,1041397633.8646
2026-04-15 15:00:00,74158.0,74474.6,73519.0,74094.0,22961.605,1700366572.7782
2026-04-15 21:00:00,74094.0,75396.0,74023.7,74778.3,19689.445,1472257199.7431
2026-04-16 03:00:00,74778.3,75225.0,74381.1,75004.5,10297.28,770428161.9814
2026-04-16 09:00:00,75004.5,75076.0,74229.0,74524.9,13145.728,980358303.8338
2026-04-16 15:00:00,74524.9,74976.9,73235.8,74301.9,37854.548,2808279524.0509
2026-04-16 21:00:00,74301.9,75506.2,74199.3,75105.6,16567.762,1241608856.6222
2026-04-17 03:00:00,75105.6,75116.8,74480.2,74595.9,9740.333,727712885.4416
2026-04-17 09:00:00,74595.9,76333.0,74544.7,75553.4,25230.461,1903638696.1758
2026-04-17 15:00:00,75553.4,78332.6,75486.2,77468.0,54440.317,4198195988.9995
2026-04-17 21:00:00,77468.0,77570.9,76837.8,77018.5,12061.447,931314835.0169
2026-04-18 03:00:00,77018.5,77379.9,76825.0,77082.2,7840.715,604744411.5523
2026-04-18 09:00:00,77082.2,77192.5,75702.1,75993.2,15744.968,1202360185.4454
2026-04-18 15:00:00,75993.2,76384.4,75609.5,75780.2,11801.049,897307178.1891
2026-04-18 21:00:00,75780.2,75868.1,75380.0,75650.0,8150.363,616542590.3719
2026-04-19 03:00:00,75650.0,75809.7,75302.8,75509.2,6328.226,478036498.1496
2026-04-19 09:00:00,75509.2,75619.0,74810.3,75564.6,13563.101,1019731600.6834
2026-04-19 15:00:00,75564.6,76211.8,74591.1,74745.2,19860.798,1499936494.6291
2026-04-19 21:00:00,74745.2,75040.2,73700.1,73765.8,17637.8,1310148041.3217
2026-04-20 03:00:00,73765.8,74700.0,73653.6,74232.3,12327.388,915877112.9828
2026-04-20 09:00:00,74232.3,75544.5,74205.0,75153.2,18811.556,1410170787.3503
2026-04-20 15:00:00,75153.2,75931.7,74655.0,75849.6,27294.513,2055552569.5894
2026-04-20 21:00:00,75849.6,76528.2,75562.9,75789.1,14110.52,1073750157.3449
2026-04-21 03:00:00,75789.1,76234.5,75440.0,75762.3,10193.569,772415616.3996
2026-04-21 09:00:00,75762.3,76934.1,75647.5,76415.4,15203.577,1160974340.3779
2026-04-21 15:00:00,76415.4,76559.6,75006.7,75508.7,28521.109,2162934748.5242
2026-04-21 21:00:00,75508.7,76396.8,74769.6,76294.8,19062.697,1438865431.4222
2026-04-22 03:00:00,76294.8,78432.0,76100.0,77950.0,30532.731,2361223690.6977
2026-04-22 09:00:00,77950.0,78406.5,77767.3,78264.6,12755.324,995405338.4391
2026-04-22 15:00:00,78264.6,79423.5,78056.4,78856.0,30235.405,2381758674.5021
2026-04-22 21:00:00,78856.0,79128.7,78110.0,78139.5,11050.816,868778002.964
2026-04-23 03:00:00,78139.5,78548.1,77407.9,77985.1,19251.23,1500285966.417
2026-04-23 09:00:00,77985.1,78310.0,77114.5,77650.2,17501.924,1360428625.9061
2026-04-23 15:00:00,77650.2,78633.0,76900.0,77722.3,34967.835,2720359965.3063
2026-04-23 21:00:00,77722.3,78297.0,77539.2,78214.3,16121.207,1255833363.0269
2026-04-24 03:00:00,78214.3,78537.0,77416.0,77910.5,12340.092,961514395.9056
2026-04-24 09:00:00,77910.5,78357.5,77358.9,78200.0,15855.046,1234332969.7632
2026-04-24 15:00:00,78200.0,78430.2,77439.2,77643.0,27206.106,2118528551.4672
2026-04-24 21:00:00,77643.0,77729.1,77200.0,77404.9,7405.199,573799743.3935
2026-04-25 03:00:00,77404.9,77668.1,77234.3,77481.5,3537.051,274082244.0592
2026-04-25 09:00:00,77481.5,77847.6,77410.0,77647.5,4409.214,342342809.0235
2026-04-25 15:00:00,77647.5,77717.9,77090.2,77203.4,6610.843,511701821.5095
2026-04-25 21:00:00,77203.4,77634.2,77141.9,77591.4,4520.01,349903900.2057
2026-04-26 03:00:00,77591.4,78179.9,77284.7,77945.0,7596.115,590753661.5322
2026-04-26 09:00:00,77945.0,78176.0,77851.0,78052.4,5018.545,391404467.6534
2026-04-26 15:00:00,78052.4,78150.0,77689.8,77972.8,7958.043,620099066.1513
2026-04-26 21:00:00,77972.8,78942.3,77777.2,78622.1,23894.664,1871912526.8392
2026-04-27 03:00:00,78622.1,79457.4,77550.0,77746.2,25893.797,2036155892.6152
2026-04-27 09:00:00,77746.2,77950.0,77424.0,77794.8,11989.883,931600607.7264
2026-04-27 15:00:00,77794.8,78244.4,76502.0,76701.6,28876.313,2231923269.2802
2026-04-27 21:00:00,76701.6,77415.6,76415.8,77328.7,8976.783,690011660.0225
2026-04-28 03:00:00,77328.7,77448.2,76597.0,76842.4,11444.574,880536118.5848
2026-04-28 09:00:00,76842.4,76983.9,76071.3,76193.3,13116.993,1003911624.8198
2026-04-28 15:00:00,76193.3,76395.4,75620.9,76145.7,18822.921,1431208106.7216
2026-04-28 21:00:00,76145.7,76442.1,76021.9,76300.0,6112.104,466179552.3302
2026-04-29 03:00:00,76300.0,77420.0,76140.2,77240.9,13132.084,1009572030.4612
2026-04-29 09:00:00,77240.9,77860.0,76880.1,77544.0,15623.997,1209528320.3753
2026-04-29 15:00:00,77544.0,77551.5,75635.2,76157.0,27979.518,2137173877.9472
2026-04-29 21:00:00,76157.0,76248.6,74900.0,75750.0,20808.425,1569728966.6691
2026-04-30 03:00:00,75750.0,76429.1,75272.9,75562.0,13841.842,1049839272.6985
2026-04-30 09:00:00,75562.0,76323.5,75530.2,76032.0,10114.314,768615808.3405
2026-04-30 15:00:00,76032.0,76644.3,76003.7,76201.0,14180.576,1082252824.626
2026-04-30 21:00:00,76201.0,76547.3,76141.1,76301.0,6433.495,491180737.0252
2026-05-01 03:00:00,76301.0,77429.4,76269.5,77130.9,11572.99,890553846.3267
2026-05-01 09:00:00,77130.9,77580.0,76835.3,77420.1,10931.597,844273507.5089
2026-05-01 15:00:00,77420.1,78900.0,77355.6,78510.2,30557.674,2391411020.9445
2026-05-01 21:00:00,78510.2,78586.0,77703.0,78189.3,8588.059,671388219.8654
2026-05-02 03:00:00,78189.3,78493.9,77992.6,78150.0,5541.225,433607927.1928
2026-05-02 09:00:00,78150.0,78363.7,78050.0,78105.9,4027.505,314975145.3073
2026-05-02 15:00:00,78105.9,78569.0,78065.1,78355.7,4057.578,317894664.8445
2026-05-02 21:00:00,78355.7,79182.5,78265.3,78655.1,7743.515,609781977.9415
2026-05-03 03:00:00,78655.1,78728.3,78060.7,78206.4,5972.822,467367331.7169
2026-05-03 09:00:00,78206.4,78820.3,78025.0,78631.2,7524.28,590436744.8803
2026-05-03 15:00:00,78631.2,78861.6,78522.6,78697.9,5967.031,469495199.2445
2026-05-03 21:00:00,78697.9,79421.0,78444.0,78529.9,14705.016,1160679042.981
2026-05-04 03:00:00,78529.9,80600.9,78220.0,79991.3,33815.203,2696306934.6301
2026-05-04 09:00:00,79991.3,80017.1,78170.4,78753.7,27151.072,2145523133.6871
2026-05-04 15:00:00,78753.7,80742.2,78430.5,80349.1,35342.624,2817971083.7532
2026-05-04 21:00:00,80349.1,80401.4,79705.7,79818.9,8627.823,690637658.0801
2026-05-05 03:00:00,79818.9,81300.0,79752.5,80923.8,16373.38,1321618875.5795
2026-05-05 09:00:00,80923.8,81110.0,80474.4,80972.9,10590.483,855801177.635
2026-05-05 15:00:00,80972.9,81694.6,80876.8,81227.8,22509.61,1830832845.9764
2026-05-05 21:00:00,81227.8,81787.0,80711.3,80851.6,15668.294,1273521384.7687
2026-05-06 03:00:00,80851.6,81750.0,80638.0,81280.6,14144.262,1148808380.598
2026-05-06 09:00:00,81280.6,82811.0,81163.0,82486.4,21036.98,1725590829.7943
2026-05-06 15:00:00,82486.4,82514.7,81086.7,81405.9,23576.198,1926110682.1408
2026-05-06 21:00:00,81405.9,81664.1,80929.1,81394.2,8470.153,688798158.2267
2026-05-07 03:00:00,81394.2,81442.7,80675.9,81052.9,9511.8,770499367.905
2026-05-07 09:00:00,81052.9,81671.0,80532.2,80835.0,15075.873,1222287372.5821
2026-05-07 15:00:00,80835.0,81148.0,79461.7,80060.0,24607.716,1973582923.4806
2026-05-07 21:00:00,80060.0,80348.5,79539.0,79975.4,10559.59,844610563.664
2026-05-08 03:00:00,79975.4,80105.5,79120.0,79558.4,9757.326,776654309.8073
2026-05-08 09:00:00,79558.4,80300.0,79204.0,80185.2,11559.711,922888386.7128
2026-05-08 15:00:00,80185.2,80477.6,79505.0,80036.3,20846.664,1666229703.1628
2026-05-08 21:00:00,80036.3,80385.6,79910.5,80158.1,5159.375,413621094.1647
2026-05-09 03:00:00,80158.1,80641.4,80083.0,80336.1,4954.998,398111774.2094
2026-05-09 09:00:00,80336.1,80400.0,80084.0,80307.8,5467.762,438693962.881
2026-05-09 15:00:00,80307.8,80889.3,80182.7,80770.0,7134.863,574649034.2564
2026-05-09 21:00:00,80770.0,81049.9,80570.0,80628.0,3872.401,312947177.6449
2026-05-10 03:00:00,80628.0,80850.0,80523.8,80652.3,4514.845,364292678.5595
2026-05-10 09:00:00,80652.3,80947.5,80603.9,80783.4,5181.885,418526723.0225
2026-05-10 15:00:00,80783.4,81552.7,80744.2,81446.1,9866.379,800807324.7253
2026-05-10 21:00:00,81446.1,82450.0,80206.3,82181.9,25104.249,2042311120.8673
2026-05-11 03:00:00,82181.9,82350.0,80482.1,80801.8,16284.066,1321955876.6264
2026-05-11 09:00:00,80801.8,81168.9,80580.2,81161.4,6535.692,528631105.1195
2026-05-11 15:00:00,81161.4,82038.7,80410.0,81902.5,20080.165,1632237069.3883
2026-05-11 21:00:00,81902.5,82107.6,81551.0,81699.8,7903.998,646963355.1335
2026-05-12 03:00:00,81699.8,81768.1,80660.1,81178.3,10790.389,875592898.1644
2026-05-12 09:00:00,81178.3,81278.0,80460.0,80738.0,11208.914,905945986.9902
2026-05-12 15:00:00,80738.0,81000.0,79800.1,80483.3,23575.597,1896980483.8206
2026-05-12 21:00:00,80483.3,80840.0,80380.0,80459.8,7512.962,605885976.8216
2026-05-13 03:00:00,80459.8,81274.4,80362.9,80994.4,8371.604,678085793.6415
2026-05-13 09:00:00,80994.4,81305.9,80456.1,80460.1,8675.48,701946160.6728
2026-05-13 15:00:00,80460.1,80560.0,78724.9,79482.2,32065.798,2550940122.7675
2026-05-13 21:00:00,79482.2,79769.7,79185.7,79285.8,8998.819,715347883.9031
2026-05-14 03:00:00,79285.8,79974.3,78863.2,79773.3,12309.36,977231427.2967
2026-05-14 09:00:00,79773.3,79920.1,79191.0,79215.0,9473.591,754350822.0567
2026-05-14 15:00:00,79215.0,81999.0,79190.5,81624.3,37982.817,3071625243.5036
2026-05-14 21:00:00,81624.3,81904.4,81018.0,81052.6,11659.07,949538173.6248
2026-05-15 03:00:00,81052.6,81639.1,80258.0,80313.4,17024.506,1377363238.3661
2026-05-15 09:00:00,80313.4,80974.4,80263.3,80578.5,15393.924,1240144949.4276
2026-05-15 15:00:00,80578.5,80604.3,78610.0,79423.8,32625.69,2587901541.384
2026-05-15 21:00:00,79423.8,79525.1,78846.1,79069.5,6890.47,545132659.4267
2026-05-16 03:00:00,79069.5,79192.8,78800.0,78989.6,3541.254,279874746.9529
2026-05-16 09:00:00,78989.6,79014.6,77601.0,78041.1,19828.604,1550917723.3499
2026-05-16 15:00:00,78041.1,78337.4,77795.4,78162.7,7552.052,589873387.9737
2026-05-16 21:00:00,78162.7,78297.3,78084.1,78106.5,3073.05,240314748.997
2026-05-17 03:00:00,78106.5,78284.4,77675.0,78090.9,6954.103,542191044.4193
2026-05-17 09:00:00,78090.9,78569.9,77974.9,78382.9,6355.072,497384222.4541
2026-05-17 15:00:00,78382.9,78528.7,77781.6,78050.8,8062.774,629426798.317
2026-05-17 21:00:00,78050.8,78457.1,76671.5,77416.4,18855.838,1463025059.1898
2026-05-18 03:00:00,77416.4,77443.8,76659.1,76887.5,15625.302,1202785814.3793
2026-05-18 09:00:00,76887.5,77378.1,76540.0,77262.0,14299.084,1099762262.2846
2026-05-18 15:00:00,77262.0,77766.4,75999.9,76669.9,36838.198,2826459864.4122
2026-05-18 21:00:00,76669.9,77193.3,76105.3,76963.9,15737.919,1208131991.5821
2026-05-19 03:00:00,76963.9,77377.6,76433.4,76868.3,9325.169,716904766.8475
2026-05-19 09:00:00,76868.3,77298.1,76588.3,76671.0,8994.113,691998706.162
2026-05-19 15:00:00,76671.0,77024.9,76105.0,76821.8,16076.747,1231736054.3003
2026-05-19 21:00:00,76821.8,77054.0,76613.0,76806.1,6668.753,512554634.3489
2026-05-20 03:00:00,76806.1,77309.1,76465.9,77166.2,7716.387,593038496.9799
2026-05-20 09:00:00,77166.2,77635.0,77154.9,77350.1,8511.312,658753236.5523
2026-05-20 15:00:00,77350.1,77838.9,76850.0,77535.3,21165.69,1637242434.8426
2026-05-20 21:00:00,77535.3,77738.6,77176.9,77518.9,7262.273,562878762.6999
2026-05-21 03:00:00,77518.9,78153.6,77476.0,77796.9,9574.306,745968184.9289
2026-05-21 09:00:00,77796.9,78173.0,77073.4,77159.5,13748.902,1066342336.0176
2026-05-21 15:00:00,77159.5,78070.1,76680.1,77840.0,22250.735,1720511065.5408
2026-05-21 21:00:00,77840.0,77898.4,77218.2,77588.4,9253.37,718176961.0192
2026-05-22 03:00:00,77588.4,77865.0,77280.1,77456.8,6554.199,508500770.6805
2026-05-22 09:00:00,77456.8,77514.5,77155.0,77394.9,9222.34,713243379.3018
2026-05-22 15:00:00,77394.9,77550.0,76530.0,76716.6,17909.318,1378176663.3778
2026-05-22 21:00:00,76716.6,76873.9,75311.0,75509.6,25584.924,1944713065.7447
2026-05-23 03:00:00,75509.6,75626.4,75185.1,75453.4,7292.648,550071911.9465
2026-05-23 09:00:00,75453.4,75468.3,74221.4,74757.8,18778.893,1403500052.3646
2026-05-23 15:00:00,74757.8,75674.2,74607.9,75457.5,14399.248,1083755980.3849
2026-05-23 21:00:00,75457.5,77371.9,75426.2,76709.0,26765.84,2047765405.5996
2026-05-24 03:00:00,76709.0,76980.0,76591.1,76780.1,4737.79,363727196.841
2026-05-24 09:00:00,76780.1,77490.0,76674.2,77280.6,10364.087,798041748.8185
2026-05-24 15:00:00,77280.6,77290.0,76144.1,76651.6,15706.972,1203181475.3941
2026-05-24 21:00:00,76651.6,77200.0,76062.2,77032.5,11884.657,910692514.0811
2026-05-25 03:00:00,77032.5,77489.8,76859.9,77379.9,10642.711,821883442.2996
2026-05-25 09:00:00,77379.9,77682.0,77150.0,77327.7,9196.968,712052347.9918
2026-05-25 15:00:00,77327.7,77885.0,77247.9,77528.2,9385.562,727948339.4974
2026-05-25 21:00:00,77528.2,77633.9,76974.1,77280.5,7553.821,583820665.9174
2026-05-26 03:00:00,77280.5,77316.3,76436.0,76881.9,11828.663,907635250.7849
2026-05-26 09:00:00,76881.9,77589.1,76536.2,77159.9,14176.372,1092344696.2348
2026-05-26 15:00:00,77159.9,78049.0,75800.0,75890.4,42122.992,3233490518.8214
2026-05-26 21:00:00,75890.4,76247.9,75627.9,75897.4,11270.086,855746404.28
2026-05-27 03:00:00,75897.4,76077.9,75235.7,75654.9,11610.662,878144098.7587
2026-05-27 09:00:00,75654.9,76028.5,75624.9,75729.6,9391.816,712206843.9164
2026-05-27 15:00:00,75729.6,76136.8,74642.4,74828.4,30552.233,2297059279.9959
2026-05-27 21:00:00,74828.4,75379.0,74201.2,74412.4,18519.773,1383178432.6765
2026-05-28 03:00:00,74412.4,74557.7,72687.4,72958.6,28267.479,2078879934.0212
2026-05-28 09:00:00,72958.6,73588.9,72726.9,73474.1,11680.463,855853251.054
2026-05-28 15:00:00,73474.1,73718.2,72552.0,73518.9,35268.778,2578245712.6734
2026-05-28 21:00:00,73518.9,73920.0,73195.7,73597.6,11326.129,833223939.6348
2026-05-29 03:00:00,73597.6,73853.8,73140.5,73673.6,11994.86,881538465.4222
2026-05-29 09:00:00,73673.6,73911.1,73311.2,73449.9,10105.81,744083775.1681
2026-05-29 15:00:00,73449.9,74310.0,72460.7,73951.9,41047.646,3015151202.2149
2026-05-29 21:00:00,73951.9,74034.2,73123.9,73437.3,15216.123,1118573406.6636
2026-05-30 03:00:00,73437.3,73756.4,73160.3,73560.9,6666.181,489833042.0891
2026-05-30 09:00:00,73560.9,73694.2,73449.8,73569.4,3171.957,233320230.8982
2026-05-30 15:00:00,73569.4,74076.8,73556.0,73986.6,6411.26,473576478.4017
2026-05-30 21:00:00,73986.6,74117.7,73740.4,73854.1,4970.016,367431514.6511
2026-05-31 03:00:00,73854.1,74246.1,73817.6,74022.3,6482.926,480215497.0365
2026-05-31 09:00:00,74022.3,74068.0,73687.6,73911.0,4630.899,342110356.1855
2026-05-31 15:00:00,73911.0,74007.2,73351.0,73677.9,10370.854,763547944.3708
2026-05-31 21:00:00,73677.9,74173.8,73412.1,73649.6,8494.557,626317718.2052
2026-06-01 03:00:00,73649.6,74057.6,73176.0,73314.7,10618.439,781467553.9539
2026-06-01 09:00:00,73314.7,73342.4,72160.5,72449.7,22840.838,1662403399.3468
2026-06-01 15:00:00,72449.7,72590.0,70650.4,71623.4,51270.873,3671418871.0611
2026-06-01 21:00:00,71623.4,71683.1,70805.0,71391.3,13999.272,998407946.3466
2026-06-02 03:00:00,71391.3,71398.4,70063.9,70243.7,25022.02,1768083006.9764
2026-06-02 09:00:00,70243.7,70424.0,69290.0,69434.2,24444.406,1705992534.2905
2026-06-02 15:00:00,69434.2,69519.0,67030.4,67456.5,65682.02,4470178487.9111
2026-06-02 21:00:00,67456.5,67891.4,66160.0,66725.2,43183.648,2891262012.0672
2026-06-03 03:00:00,66725.2,67380.0,65400.0,67300.1,34094.375,2267824156.5945
2026-06-03 09:00:00,67300.1,67497.5,66627.5,67044.9,19644.897,1318810951.7298
2026-06-03 15:00:00,67044.9,67135.1,66755.6,66901.9,2820.345,188790918.6768
