datetime,buy_ratio,sell_ratio,ls_ratio
2024-06-13 04:00:00,,,
2024-06-13 05:00:00,,,
2024-06-13 06:00:00,,,
2024-06-13 07:00:00,,,
2024-06-13 08:00:00,,,
2024-06-13 09:00:00,,,
2024-06-13 10:00:00,,,
2024-06-13 11:00:00,,,
2024-06-13 12:00:00,,,
2024-06-13 13:00:00,,,
2024-06-13 14:00:00,,,
2024-06-13 15:00:00,,,
2024-06-13 16:00:00,,,
2024-06-13 17:00:00,,,
2024-06-13 18:00:00,,,
2024-06-13 19:00:00,,,
2024-06-13 20:00:00,,,
2024-06-13 21:00:00,,,
2024-06-13 22:00:00,,,
2024-06-13 23:00:00,,,
2024-06-14 00:00:00,,,
2024-06-14 01:00:00,,,
2024-06-14 02:00:00,,,
2024-06-14 03:00:00,,,
2024-06-14 04:00:00,,,
2024-06-14 05:00:00,,,
2024-06-14 06:00:00,,,
2024-06-14 07:00:00,,,
2024-06-14 08:00:00,,,
2024-06-14 09:00:00,,,
2024-06-14 10:00:00,,,
2024-06-14 11:00:00,,,
2024-06-14 12:00:00,,,
2024-06-14 13:00:00,,,
2024-06-14 14:00:00,,,
2024-06-14 15:00:00,,,
2024-06-14 16:00:00,,,
2024-06-14 17:00:00,,,
2024-06-14 18:00:00,,,
2024-06-14 19:00:00,,,
2024-06-14 20:00:00,,,
2024-06-14 21:00:00,,,
2024-06-14 22:00:00,,,
2024-06-14 23:00:00,,,
2024-06-15 00:00:00,,,
2024-06-15 01:00:00,,,
2024-06-15 02:00:00,,,
2024-06-15 03:00:00,,,
2024-06-15 04:00:00,,,
2024-06-15 05:00:00,,,
2024-06-15 06:00:00,,,
2024-06-15 07:00:00,,,
2024-06-15 08:00:00,,,
2024-06-15 09:00:00,,,
2024-06-15 10:00:00,,,
2024-06-15 11:00:00,,,
2024-06-15 12:00:00,,,
2024-06-15 13:00:00,,,
2024-06-15 14:00:00,,,
2024-06-15 15:00:00,,,
2024-06-15 16:00:00,,,
2024-06-15 17:00:00,,,
2024-06-15 18:00:00,,,
2024-06-15 19:00:00,,,
2024-06-15 20:00:00,,,
2024-06-15 21:00:00,,,
2024-06-15 22:00:00,,,
2024-06-15 23:00:00,,,
2024-06-16 00:00:00,,,
2024-06-16 01:00:00,,,
2024-06-16 02:00:00,,,
2024-06-16 03:00:00,,,
2024-06-16 04:00:00,,,
2024-06-16 05:00:00,,,
2024-06-16 06:00:00,,,
2024-06-16 07:00:00,,,
2024-06-16 08:00:00,,,
2024-06-16 09:00:00,,,
2024-06-16 10:00:00,,,
2024-06-16 11:00:00,,,
2024-06-16 12:00:00,,,
2024-06-16 13:00:00,,,
2024-06-16 14:00:00,,,
2024-06-16 15:00:00,,,
2024-06-16 16:00:00,,,
2024-06-16 17:00:00,,,
2024-06-16 18:00:00,,,
2024-06-16 19:00:00,,,
2024-06-16 20:00:00,,,
2024-06-16 21:00:00,,,
2024-06-16 22:00:00,,,
2024-06-16 23:00:00,,,
2024-06-17 00:00:00,,,
2024-06-17 01:00:00,,,
2024-06-17 02:00:00,,,
2024-06-17 03:00:00,,,
2024-06-17 04:00:00,,,
2024-06-17 05:00:00,,,
2024-06-17 06:00:00,,,
2024-06-17 07:00:00,,,
2024-06-17 08:00:00,,,
2024-06-17 09:00:00,,,
2024-06-17 10:00:00,,,
2024-06-17 11:00:00,,,
2024-06-17 12:00:00,,,
2024-06-17 13:00:00,,,
2024-06-17 14:00:00,,,
2024-06-17 15:00:00,,,
2024-06-17 16:00:00,,,
2024-06-17 17:00:00,,,
2024-06-17 18:00:00,,,
2024-06-17 19:00:00,,,
2024-06-17 20:00:00,,,
2024-06-17 21:00:00,,,
2024-06-17 22:00:00,,,
2024-06-17 23:00:00,,,
2024-06-18 00:00:00,,,
2024-06-18 01:00:00,,,
2024-06-18 02:00:00,,,
2024-06-18 03:00:00,,,
2024-06-18 04:00:00,,,
2024-06-18 05:00:00,,,
2024-06-18 06:00:00,,,
2024-06-18 07:00:00,,,
2024-06-18 08:00:00,,,
2024-06-18 09:00:00,,,
2024-06-18 10:00:00,,,
2024-06-18 11:00:00,,,
2024-06-18 12:00:00,,,
2024-06-18 13:00:00,,,
2024-06-18 14:00:00,,,
2024-06-18 15:00:00,,,
2024-06-18 16:00:00,,,
2024-06-18 17:00:00,,,
2024-06-18 18:00:00,,,
2024-06-18 19:00:00,,,
2024-06-18 20:00:00,,,
2024-06-18 21:00:00,,,
2024-06-18 22:00:00,,,
2024-06-18 23:00:00,,,
2024-06-19 00:00:00,,,
2024-06-19 01:00:00,,,
2024-06-19 02:00:00,,,
2024-06-19 03:00:00,,,
2024-06-19 04:00:00,,,
2024-06-19 05:00:00,,,
2024-06-19 06:00:00,,,
2024-06-19 07:00:00,,,
2024-06-19 08:00:00,,,
2024-06-19 09:00:00,,,
2024-06-19 10:00:00,,,
2024-06-19 11:00:00,,,
2024-06-19 12:00:00,,,
2024-06-19 13:00:00,,,
2024-06-19 14:00:00,,,
2024-06-19 15:00:00,,,
2024-06-19 16:00:00,,,
2024-06-19 17:00:00,,,
2024-06-19 18:00:00,,,
2024-06-19 19:00:00,,,
2024-06-19 20:00:00,,,
2024-06-19 21:00:00,,,
2024-06-19 22:00:00,,,
2024-06-19 23:00:00,,,
2024-06-20 00:00:00,,,
2024-06-20 01:00:00,,,
2024-06-20 02:00:00,,,
2024-06-20 03:00:00,,,
2024-06-20 04:00:00,,,
2024-06-20 05:00:00,,,
2024-06-20 06:00:00,,,
2024-06-20 07:00:00,,,
2024-06-20 08:00:00,,,
2024-06-20 09:00:00,,,
2024-06-20 10:00:00,,,
2024-06-20 11:00:00,,,
2024-06-20 12:00:00,,,
2024-06-20 13:00:00,,,
2024-06-20 14:00:00,,,
2024-06-20 15:00:00,,,
2024-06-20 16:00:00,,,
2024-06-20 17:00:00,,,
2024-06-20 18:00:00,,,
2024-06-20 19:00:00,,,
2024-06-20 20:00:00,,,
2024-06-20 21:00:00,,,
2024-06-20 22:00:00,,,
2024-06-20 23:00:00,,,
2024-06-21 00:00:00,,,
2024-06-21 01:00:00,,,
2024-06-21 02:00:00,,,
2024-06-21 03:00:00,,,
2024-06-21 04:00:00,,,
2024-06-21 05:00:00,,,
2024-06-21 06:00:00,,,
2024-06-21 07:00:00,,,
2024-06-21 08:00:00,,,
2024-06-21 09:00:00,,,
2024-06-21 10:00:00,,,
2024-06-21 11:00:00,,,
2024-06-21 12:00:00,,,
2024-06-21 13:00:00,,,
2024-06-21 14:00:00,,,
2024-06-21 15:00:00,,,
2024-06-21 16:00:00,,,
2024-06-21 17:00:00,,,
2024-06-21 18:00:00,,,
2024-06-21 19:00:00,,,
2024-06-21 20:00:00,,,
2024-06-21 21:00:00,,,
2024-06-21 22:00:00,,,
2024-06-21 23:00:00,,,
2024-06-22 00:00:00,,,
2024-06-22 01:00:00,,,
2024-06-22 02:00:00,,,
2024-06-22 03:00:00,,,
2024-06-22 04:00:00,,,
2024-06-22 05:00:00,,,
2024-06-22 06:00:00,,,
2024-06-22 07:00:00,,,
2024-06-22 08:00:00,,,
2024-06-22 09:00:00,,,
2024-06-22 10:00:00,,,
2024-06-22 11:00:00,,,
2024-06-22 12:00:00,,,
2024-06-22 13:00:00,,,
2024-06-22 14:00:00,,,
2024-06-22 15:00:00,,,
2024-06-22 16:00:00,,,
2024-06-22 17:00:00,,,
2024-06-22 18:00:00,,,
2024-06-22 19:00:00,,,
2024-06-22 20:00:00,,,
2024-06-22 21:00:00,,,
2024-06-22 22:00:00,,,
2024-06-22 23:00:00,,,
2024-06-23 00:00:00,,,
2024-06-23 01:00:00,,,
2024-06-23 02:00:00,,,
2024-06-23 03:00:00,,,
2024-06-23 04:00:00,,,
2024-06-23 05:00:00,,,
2024-06-23 06:00:00,,,
2024-06-23 07:00:00,,,
2024-06-23 08:00:00,,,
2024-06-23 09:00:00,,,
2024-06-23 10:00:00,,,
2024-06-23 11:00:00,,,
2024-06-23 12:00:00,,,
2024-06-23 13:00:00,,,
2024-06-23 14:00:00,,,
2024-06-23 15:00:00,,,
2024-06-23 16:00:00,,,
2024-06-23 17:00:00,,,
2024-06-23 18:00:00,,,
2024-06-23 19:00:00,,,
2024-06-23 20:00:00,,,
2024-06-23 21:00:00,,,
2024-06-23 22:00:00,,,
2024-06-23 23:00:00,,,
2024-06-24 00:00:00,,,
2024-06-24 01:00:00,,,
2024-06-24 02:00:00,,,
2024-06-24 03:00:00,,,
2024-06-24 04:00:00,,,
2024-06-24 05:00:00,,,
2024-06-24 06:00:00,,,
2024-06-24 07:00:00,,,
2024-06-24 08:00:00,,,
2024-06-24 09:00:00,,,
2024-06-24 10:00:00,,,
2024-06-24 11:00:00,,,
2024-06-24 12:00:00,,,
2024-06-24 13:00:00,,,
2024-06-24 14:00:00,,,
2024-06-24 15:00:00,,,
2024-06-24 16:00:00,,,
2024-06-24 17:00:00,,,
2024-06-24 18:00:00,,,
2024-06-24 19:00:00,,,
2024-06-24 20:00:00,,,
2024-06-24 21:00:00,,,
2024-06-24 22:00:00,,,
2024-06-24 23:00:00,,,
2024-06-25 00:00:00,,,
2024-06-25 01:00:00,,,
2024-06-25 02:00:00,,,
2024-06-25 03:00:00,,,
2024-06-25 04:00:00,,,
2024-06-25 05:00:00,,,
2024-06-25 06:00:00,,,
2024-06-25 07:00:00,,,
2024-06-25 08:00:00,,,
2024-06-25 09:00:00,,,
2024-06-25 10:00:00,,,
2024-06-25 11:00:00,,,
2024-06-25 12:00:00,,,
2024-06-25 13:00:00,,,
2024-06-25 14:00:00,,,
2024-06-25 15:00:00,,,
2024-06-25 16:00:00,,,
2024-06-25 17:00:00,,,
2024-06-25 18:00:00,,,
2024-06-25 19:00:00,,,
2024-06-25 20:00:00,,,
2024-06-25 21:00:00,,,
2024-06-25 22:00:00,,,
2024-06-25 23:00:00,,,
2024-06-26 00:00:00,,,
2024-06-26 01:00:00,,,
2024-06-26 02:00:00,,,
2024-06-26 03:00:00,,,
2024-06-26 04:00:00,,,
2024-06-26 05:00:00,,,
2024-06-26 06:00:00,,,
2024-06-26 07:00:00,,,
2024-06-26 08:00:00,,,
2024-06-26 09:00:00,,,
2024-06-26 10:00:00,,,
2024-06-26 11:00:00,,,
2024-06-26 12:00:00,,,
2024-06-26 13:00:00,,,
2024-06-26 14:00:00,,,
2024-06-26 15:00:00,,,
2024-06-26 16:00:00,,,
2024-06-26 17:00:00,,,
2024-06-26 18:00:00,,,
2024-06-26 19:00:00,,,
2024-06-26 20:00:00,,,
2024-06-26 21:00:00,,,
2024-06-26 22:00:00,,,
2024-06-26 23:00:00,,,
2024-06-27 00:00:00,,,
2024-06-27 01:00:00,,,
2024-06-27 02:00:00,,,
2024-06-27 03:00:00,,,
2024-06-27 04:00:00,,,
2024-06-27 05:00:00,,,
2024-06-27 06:00:00,,,
2024-06-27 07:00:00,,,
2024-06-27 08:00:00,,,
2024-06-27 09:00:00,,,
2024-06-27 10:00:00,,,
2024-06-27 11:00:00,,,
2024-06-27 12:00:00,,,
2024-06-27 13:00:00,,,
2024-06-27 14:00:00,,,
2024-06-27 15:00:00,,,
2024-06-27 16:00:00,,,
2024-06-27 17:00:00,,,
2024-06-27 18:00:00,,,
2024-06-27 19:00:00,,,
2024-06-27 20:00:00,,,
2024-06-27 21:00:00,,,
2024-06-27 22:00:00,,,
2024-06-27 23:00:00,,,
2024-06-28 00:00:00,,,
2024-06-28 01:00:00,,,
2024-06-28 02:00:00,,,
2024-06-28 03:00:00,,,
2024-06-28 04:00:00,,,
2024-06-28 05:00:00,,,
2024-06-28 06:00:00,,,
2024-06-28 07:00:00,,,
2024-06-28 08:00:00,,,
2024-06-28 09:00:00,,,
2024-06-28 10:00:00,,,
2024-06-28 11:00:00,,,
2024-06-28 12:00:00,,,
2024-06-28 13:00:00,,,
2024-06-28 14:00:00,,,
2024-06-28 15:00:00,,,
2024-06-28 16:00:00,,,
2024-06-28 17:00:00,,,
2024-06-28 18:00:00,,,
2024-06-28 19:00:00,,,
2024-06-28 20:00:00,,,
2024-06-28 21:00:00,,,
2024-06-28 22:00:00,,,
2024-06-28 23:00:00,,,
2024-06-29 00:00:00,,,
2024-06-29 01:00:00,,,
2024-06-29 02:00:00,,,
2024-06-29 03:00:00,,,
2024-06-29 04:00:00,,,
2024-06-29 05:00:00,,,
2024-06-29 06:00:00,,,
2024-06-29 07:00:00,,,
2024-06-29 08:00:00,,,
2024-06-29 09:00:00,,,
2024-06-29 10:00:00,,,
2024-06-29 11:00:00,,,
2024-06-29 12:00:00,,,
2024-06-29 13:00:00,,,
2024-06-29 14:00:00,,,
2024-06-29 15:00:00,,,
2024-06-29 16:00:00,,,
2024-06-29 17:00:00,,,
2024-06-29 18:00:00,,,
2024-06-29 19:00:00,,,
2024-06-29 20:00:00,,,
2024-06-29 21:00:00,,,
2024-06-29 22:00:00,,,
2024-06-29 23:00:00,,,
2024-06-30 00:00:00,,,
2024-06-30 01:00:00,,,
2024-06-30 02:00:00,,,
2024-06-30 03:00:00,,,
2024-06-30 04:00:00,,,
2024-06-30 05:00:00,,,
2024-06-30 06:00:00,,,
2024-06-30 07:00:00,,,
2024-06-30 08:00:00,,,
2024-06-30 09:00:00,,,
2024-06-30 10:00:00,,,
2024-06-30 11:00:00,,,
2024-06-30 12:00:00,,,
2024-06-30 13:00:00,,,
2024-06-30 14:00:00,,,
2024-06-30 15:00:00,,,
2024-06-30 16:00:00,,,
2024-06-30 17:00:00,,,
2024-06-30 18:00:00,,,
2024-06-30 19:00:00,,,
2024-06-30 20:00:00,,,
2024-06-30 21:00:00,,,
2024-06-30 22:00:00,,,
2024-06-30 23:00:00,,,
2024-07-01 00:00:00,,,
2024-07-01 01:00:00,,,
2024-07-01 02:00:00,,,
2024-07-01 03:00:00,,,
2024-07-01 04:00:00,,,
2024-07-01 05:00:00,,,
2024-07-01 06:00:00,,,
2024-07-01 07:00:00,,,
2024-07-01 08:00:00,,,
2024-07-01 09:00:00,,,
2024-07-01 10:00:00,,,
2024-07-01 11:00:00,,,
2024-07-01 12:00:00,,,
2024-07-01 13:00:00,,,
2024-07-01 14:00:00,,,
2024-07-01 15:00:00,,,
2024-07-01 16:00:00,,,
2024-07-01 17:00:00,,,
2024-07-01 18:00:00,,,
2024-07-01 19:00:00,,,
2024-07-01 20:00:00,,,
2024-07-01 21:00:00,,,
2024-07-01 22:00:00,,,
2024-07-01 23:00:00,,,
2024-07-02 00:00:00,,,
2024-07-02 01:00:00,,,
2024-07-02 02:00:00,,,
2024-07-02 03:00:00,,,
2024-07-02 04:00:00,,,
2024-07-02 05:00:00,,,
2024-07-02 06:00:00,,,
2024-07-02 07:00:00,,,
2024-07-02 08:00:00,,,
2024-07-02 09:00:00,,,
2024-07-02 10:00:00,,,
2024-07-02 11:00:00,,,
2024-07-02 12:00:00,,,
2024-07-02 13:00:00,,,
2024-07-02 14:00:00,,,
2024-07-02 15:00:00,,,
2024-07-02 16:00:00,,,
2024-07-02 17:00:00,,,
2024-07-02 18:00:00,,,
2024-07-02 19:00:00,,,
2024-07-02 20:00:00,,,
2024-07-02 21:00:00,,,
2024-07-02 22:00:00,,,
2024-07-02 23:00:00,,,
2024-07-03 00:00:00,,,
2024-07-03 01:00:00,,,
2024-07-03 02:00:00,,,
2024-07-03 03:00:00,,,
2024-07-03 04:00:00,,,
2024-07-03 05:00:00,,,
2024-07-03 06:00:00,,,
2024-07-03 07:00:00,,,
2024-07-03 08:00:00,,,
2024-07-03 09:00:00,,,
2024-07-03 10:00:00,,,
2024-07-03 11:00:00,,,
2024-07-03 12:00:00,,,
2024-07-03 13:00:00,,,
2024-07-03 14:00:00,,,
2024-07-03 15:00:00,,,
2024-07-03 16:00:00,,,
2024-07-03 17:00:00,,,
2024-07-03 18:00:00,,,
2024-07-03 19:00:00,,,
2024-07-03 20:00:00,,,
2024-07-03 21:00:00,,,
2024-07-03 22:00:00,,,
2024-07-03 23:00:00,,,
2024-07-04 00:00:00,,,
2024-07-04 01:00:00,,,
2024-07-04 02:00:00,,,
2024-07-04 03:00:00,,,
2024-07-04 04:00:00,,,
2024-07-04 05:00:00,,,
2024-07-04 06:00:00,,,
2024-07-04 07:00:00,,,
2024-07-04 08:00:00,,,
2024-07-04 09:00:00,,,
2024-07-04 10:00:00,,,
2024-07-04 11:00:00,,,
2024-07-04 12:00:00,,,
2024-07-04 13:00:00,,,
2024-07-04 14:00:00,,,
2024-07-04 15:00:00,,,
2024-07-04 16:00:00,,,
2024-07-04 17:00:00,,,
2024-07-04 18:00:00,,,
2024-07-04 19:00:00,,,
2024-07-04 20:00:00,,,
2024-07-04 21:00:00,,,
2024-07-04 22:00:00,,,
2024-07-04 23:00:00,,,
2024-07-05 00:00:00,,,
2024-07-05 01:00:00,,,
2024-07-05 02:00:00,,,
2024-07-05 03:00:00,,,
2024-07-05 04:00:00,,,
2024-07-05 05:00:00,,,
2024-07-05 06:00:00,,,
2024-07-05 07:00:00,,,
2024-07-05 08:00:00,,,
2024-07-05 09:00:00,,,
2024-07-05 10:00:00,,,
2024-07-05 11:00:00,,,
2024-07-05 12:00:00,,,
2024-07-05 13:00:00,,,
2024-07-05 14:00:00,,,
2024-07-05 15:00:00,,,
2024-07-05 16:00:00,,,
2024-07-05 17:00:00,,,
2024-07-05 18:00:00,,,
2024-07-05 19:00:00,,,
2024-07-05 20:00:00,,,
2024-07-05 21:00:00,,,
2024-07-05 22:00:00,,,
2024-07-05 23:00:00,,,
2024-07-06 00:00:00,,,
2024-07-06 01:00:00,,,
2024-07-06 02:00:00,,,
2024-07-06 03:00:00,,,
2024-07-06 04:00:00,,,
2024-07-06 05:00:00,,,
2024-07-06 06:00:00,,,
2024-07-06 07:00:00,,,
2024-07-06 08:00:00,,,
2024-07-06 09:00:00,,,
2024-07-06 10:00:00,,,
2024-07-06 11:00:00,,,
2024-07-06 12:00:00,,,
2024-07-06 13:00:00,,,
2024-07-06 14:00:00,,,
2024-07-06 15:00:00,,,
2024-07-06 16:00:00,,,
2024-07-06 17:00:00,,,
2024-07-06 18:00:00,,,
2024-07-06 19:00:00,,,
2024-07-06 20:00:00,,,
2024-07-06 21:00:00,,,
2024-07-06 22:00:00,,,
2024-07-06 23:00:00,,,
2024-07-07 00:00:00,,,
2024-07-07 01:00:00,,,
2024-07-07 02:00:00,,,
2024-07-07 03:00:00,,,
2024-07-07 04:00:00,,,
2024-07-07 05:00:00,,,
2024-07-07 06:00:00,,,
2024-07-07 07:00:00,,,
2024-07-07 08:00:00,,,
2024-07-07 09:00:00,,,
2024-07-07 10:00:00,,,
2024-07-07 11:00:00,,,
2024-07-07 12:00:00,,,
2024-07-07 13:00:00,,,
2024-07-07 14:00:00,,,
2024-07-07 15:00:00,,,
2024-07-07 16:00:00,,,
2024-07-07 17:00:00,,,
2024-07-07 18:00:00,,,
2024-07-07 19:00:00,,,
2024-07-07 20:00:00,,,
2024-07-07 21:00:00,,,
2024-07-07 22:00:00,,,
2024-07-07 23:00:00,,,
2024-07-08 00:00:00,,,
2024-07-08 01:00:00,,,
2024-07-08 02:00:00,,,
2024-07-08 03:00:00,,,
2024-07-08 04:00:00,,,
2024-07-08 05:00:00,,,
2024-07-08 06:00:00,,,
2024-07-08 07:00:00,,,
2024-07-08 08:00:00,,,
2024-07-08 09:00:00,,,
2024-07-08 10:00:00,,,
2024-07-08 11:00:00,,,
2024-07-08 12:00:00,,,
2024-07-08 13:00:00,,,
2024-07-08 14:00:00,,,
2024-07-08 15:00:00,,,
2024-07-08 16:00:00,,,
2024-07-08 17:00:00,,,
2024-07-08 18:00:00,,,
2024-07-08 19:00:00,,,
2024-07-08 20:00:00,,,
2024-07-08 21:00:00,,,
2024-07-08 22:00:00,,,
2024-07-08 23:00:00,,,
2024-07-09 00:00:00,,,
2024-07-09 01:00:00,,,
2024-07-09 02:00:00,,,
2024-07-09 03:00:00,,,
2024-07-09 04:00:00,,,
2024-07-09 05:00:00,,,
2024-07-09 06:00:00,,,
2024-07-09 07:00:00,,,
2024-07-09 08:00:00,,,
2024-07-09 09:00:00,,,
2024-07-09 10:00:00,,,
2024-07-09 11:00:00,,,
2024-07-09 12:00:00,,,
2024-07-09 13:00:00,,,
2024-07-09 14:00:00,,,
2024-07-09 15:00:00,,,
2024-07-09 16:00:00,,,
2024-07-09 17:00:00,,,
2024-07-09 18:00:00,,,
2024-07-09 19:00:00,,,
2024-07-09 20:00:00,,,
2024-07-09 21:00:00,,,
2024-07-09 22:00:00,,,
2024-07-09 23:00:00,,,
2024-07-10 00:00:00,,,
2024-07-10 01:00:00,,,
2024-07-10 02:00:00,,,
2024-07-10 03:00:00,,,
2024-07-10 04:00:00,,,
2024-07-10 05:00:00,,,
2024-07-10 06:00:00,,,
2024-07-10 07:00:00,,,
2024-07-10 08:00:00,,,
2024-07-10 09:00:00,,,
2024-07-10 10:00:00,,,
2024-07-10 11:00:00,,,
2024-07-10 12:00:00,,,
2024-07-10 13:00:00,,,
2024-07-10 14:00:00,,,
2024-07-10 15:00:00,,,
2024-07-10 16:00:00,,,
2024-07-10 17:00:00,,,
2024-07-10 18:00:00,,,
2024-07-10 19:00:00,,,
2024-07-10 20:00:00,,,
2024-07-10 21:00:00,,,
2024-07-10 22:00:00,,,
2024-07-10 23:00:00,,,
2024-07-11 00:00:00,,,
2024-07-11 01:00:00,,,
2024-07-11 02:00:00,,,
2024-07-11 03:00:00,,,
2024-07-11 04:00:00,,,
2024-07-11 05:00:00,,,
2024-07-11 06:00:00,,,
2024-07-11 07:00:00,,,
2024-07-11 08:00:00,,,
2024-07-11 09:00:00,,,
2024-07-11 10:00:00,,,
2024-07-11 11:00:00,,,
2024-07-11 12:00:00,,,
2024-07-11 13:00:00,,,
2024-07-11 14:00:00,,,
2024-07-11 15:00:00,,,
2024-07-11 16:00:00,,,
2024-07-11 17:00:00,,,
2024-07-11 18:00:00,,,
2024-07-11 19:00:00,,,
2024-07-11 20:00:00,,,
2024-07-11 21:00:00,,,
2024-07-11 22:00:00,,,
2024-07-11 23:00:00,,,
2024-07-12 00:00:00,,,
2024-07-12 01:00:00,,,
2024-07-12 02:00:00,,,
2024-07-12 03:00:00,,,
2024-07-12 04:00:00,,,
2024-07-12 05:00:00,,,
2024-07-12 06:00:00,,,
2024-07-12 07:00:00,,,
2024-07-12 08:00:00,,,
2024-07-12 09:00:00,,,
2024-07-12 10:00:00,,,
2024-07-12 11:00:00,,,
2024-07-12 12:00:00,,,
2024-07-12 13:00:00,,,
2024-07-12 14:00:00,,,
2024-07-12 15:00:00,,,
2024-07-12 16:00:00,,,
2024-07-12 17:00:00,,,
2024-07-12 18:00:00,,,
2024-07-12 19:00:00,,,
2024-07-12 20:00:00,,,
2024-07-12 21:00:00,,,
2024-07-12 22:00:00,,,
2024-07-12 23:00:00,,,
2024-07-13 00:00:00,,,
2024-07-13 01:00:00,,,
2024-07-13 02:00:00,,,
2024-07-13 03:00:00,,,
2024-07-13 04:00:00,,,
2024-07-13 05:00:00,,,
2024-07-13 06:00:00,,,
2024-07-13 07:00:00,,,
2024-07-13 08:00:00,,,
2024-07-13 09:00:00,,,
2024-07-13 10:00:00,,,
2024-07-13 11:00:00,,,
2024-07-13 12:00:00,,,
2024-07-13 13:00:00,,,
2024-07-13 14:00:00,,,
2024-07-13 15:00:00,,,
2024-07-13 16:00:00,,,
2024-07-13 17:00:00,,,
2024-07-13 18:00:00,,,
2024-07-13 19:00:00,,,
2024-07-13 20:00:00,,,
2024-07-13 21:00:00,,,
2024-07-13 22:00:00,,,
2024-07-13 23:00:00,,,
2024-07-14 00:00:00,,,
2024-07-14 01:00:00,,,
2024-07-14 02:00:00,,,
2024-07-14 03:00:00,,,
2024-07-14 04:00:00,,,
2024-07-14 05:00:00,,,
2024-07-14 06:00:00,,,
2024-07-14 07:00:00,,,
2024-07-14 08:00:00,,,
2024-07-14 09:00:00,,,
2024-07-14 10:00:00,,,
2024-07-14 11:00:00,,,
2024-07-14 12:00:00,,,
2024-07-14 13:00:00,,,
2024-07-14 14:00:00,,,
2024-07-14 15:00:00,,,
2024-07-14 16:00:00,,,
2024-07-14 17:00:00,,,
2024-07-14 18:00:00,,,
2024-07-14 19:00:00,,,
2024-07-14 20:00:00,,,
2024-07-14 21:00:00,,,
2024-07-14 22:00:00,,,
2024-07-14 23:00:00,,,
2024-07-15 00:00:00,,,
2024-07-15 01:00:00,,,
2024-07-15 02:00:00,,,
2024-07-15 03:00:00,,,
2024-07-15 04:00:00,,,
2024-07-15 05:00:00,,,
2024-07-15 06:00:00,,,
2024-07-15 07:00:00,,,
2024-07-15 08:00:00,,,
2024-07-15 09:00:00,,,
2024-07-15 10:00:00,,,
2024-07-15 11:00:00,,,
2024-07-15 12:00:00,,,
2024-07-15 13:00:00,,,
2024-07-15 14:00:00,,,
2024-07-15 15:00:00,,,
2024-07-15 16:00:00,,,
2024-07-15 17:00:00,,,
2024-07-15 18:00:00,,,
2024-07-15 19:00:00,,,
2024-07-15 20:00:00,,,
2024-07-15 21:00:00,,,
2024-07-15 22:00:00,,,
2024-07-15 23:00:00,,,
2024-07-16 00:00:00,,,
2024-07-16 01:00:00,,,
2024-07-16 02:00:00,,,
2024-07-16 03:00:00,,,
2024-07-16 04:00:00,,,
2024-07-16 05:00:00,,,
2024-07-16 06:00:00,,,
2024-07-16 07:00:00,,,
2024-07-16 08:00:00,,,
2024-07-16 09:00:00,,,
2024-07-16 10:00:00,,,
2024-07-16 11:00:00,,,
2024-07-16 12:00:00,,,
2024-07-16 13:00:00,,,
2024-07-16 14:00:00,,,
2024-07-16 15:00:00,,,
2024-07-16 16:00:00,,,
2024-07-16 17:00:00,,,
2024-07-16 18:00:00,,,
2024-07-16 19:00:00,,,
2024-07-16 20:00:00,,,
2024-07-16 21:00:00,,,
2024-07-16 22:00:00,,,
2024-07-16 23:00:00,,,
2024-07-17 00:00:00,,,
2024-07-17 01:00:00,,,
2024-07-17 02:00:00,,,
2024-07-17 03:00:00,,,
2024-07-17 04:00:00,,,
2024-07-17 05:00:00,,,
2024-07-17 06:00:00,,,
2024-07-17 07:00:00,,,
2024-07-17 08:00:00,,,
2024-07-17 09:00:00,,,
2024-07-17 10:00:00,,,
2024-07-17 11:00:00,,,
2024-07-17 12:00:00,,,
2024-07-17 13:00:00,,,
2024-07-17 14:00:00,,,
2024-07-17 15:00:00,,,
2024-07-17 16:00:00,,,
2024-07-17 17:00:00,,,
2024-07-17 18:00:00,,,
2024-07-17 19:00:00,,,
2024-07-17 20:00:00,,,
2024-07-17 21:00:00,,,
2024-07-17 22:00:00,,,
2024-07-17 23:00:00,,,
2024-07-18 00:00:00,,,
2024-07-18 01:00:00,,,
2024-07-18 02:00:00,,,
2024-07-18 03:00:00,,,
2024-07-18 04:00:00,,,
2024-07-18 05:00:00,,,
2024-07-18 06:00:00,,,
2024-07-18 07:00:00,,,
2024-07-18 08:00:00,,,
2024-07-18 09:00:00,,,
2024-07-18 10:00:00,,,
2024-07-18 11:00:00,,,
2024-07-18 12:00:00,,,
2024-07-18 13:00:00,,,
2024-07-18 14:00:00,,,
2024-07-18 15:00:00,,,
2024-07-18 16:00:00,,,
2024-07-18 17:00:00,,,
2024-07-18 18:00:00,,,
2024-07-18 19:00:00,,,
2024-07-18 20:00:00,,,
2024-07-18 21:00:00,,,
2024-07-18 22:00:00,,,
2024-07-18 23:00:00,,,
2024-07-19 00:00:00,,,
2024-07-19 01:00:00,,,
2024-07-19 02:00:00,,,
2024-07-19 03:00:00,,,
2024-07-19 04:00:00,,,
2024-07-19 05:00:00,,,
2024-07-19 06:00:00,,,
2024-07-19 07:00:00,,,
2024-07-19 08:00:00,,,
2024-07-19 09:00:00,,,
2024-07-19 10:00:00,,,
2024-07-19 11:00:00,,,
2024-07-19 12:00:00,,,
2024-07-19 13:00:00,,,
2024-07-19 14:00:00,,,
2024-07-19 15:00:00,,,
2024-07-19 16:00:00,,,
2024-07-19 17:00:00,,,
2024-07-19 18:00:00,,,
2024-07-19 19:00:00,,,
2024-07-19 20:00:00,,,
2024-07-19 21:00:00,,,
2024-07-19 22:00:00,,,
2024-07-19 23:00:00,,,
2024-07-20 00:00:00,,,
2024-07-20 01:00:00,,,
2024-07-20 02:00:00,,,
2024-07-20 03:00:00,,,
2024-07-20 04:00:00,,,
2024-07-20 05:00:00,,,
2024-07-20 06:00:00,,,
2024-07-20 07:00:00,,,
2024-07-20 08:00:00,,,
2024-07-20 09:00:00,,,
2024-07-20 10:00:00,,,
2024-07-20 11:00:00,,,
2024-07-20 12:00:00,,,
2024-07-20 13:00:00,,,
2024-07-20 14:00:00,,,
2024-07-20 15:00:00,,,
2024-07-20 16:00:00,,,
2024-07-20 17:00:00,,,
2024-07-20 18:00:00,,,
2024-07-20 19:00:00,,,
2024-07-20 20:00:00,,,
2024-07-20 21:00:00,,,
2024-07-20 22:00:00,,,
2024-07-20 23:00:00,,,
2024-07-21 00:00:00,,,
2024-07-21 01:00:00,,,
2024-07-21 02:00:00,,,
2024-07-21 03:00:00,,,
2024-07-21 04:00:00,,,
2024-07-21 05:00:00,,,
2024-07-21 06:00:00,,,
2024-07-21 07:00:00,,,
2024-07-21 08:00:00,,,
2024-07-21 09:00:00,,,
2024-07-21 10:00:00,,,
2024-07-21 11:00:00,,,
2024-07-21 12:00:00,,,
2024-07-21 13:00:00,,,
2024-07-21 14:00:00,,,
2024-07-21 15:00:00,,,
2024-07-21 16:00:00,,,
2024-07-21 17:00:00,,,
2024-07-21 18:00:00,,,
2024-07-21 19:00:00,,,
2024-07-21 20:00:00,,,
2024-07-21 21:00:00,,,
2024-07-21 22:00:00,,,
2024-07-21 23:00:00,,,
2024-07-22 00:00:00,,,
2024-07-22 01:00:00,,,
2024-07-22 02:00:00,,,
2024-07-22 03:00:00,,,
2024-07-22 04:00:00,,,
2024-07-22 05:00:00,,,
2024-07-22 06:00:00,,,
2024-07-22 07:00:00,,,
2024-07-22 08:00:00,,,
2024-07-22 09:00:00,,,
2024-07-22 10:00:00,,,
2024-07-22 11:00:00,,,
2024-07-22 12:00:00,,,
2024-07-22 13:00:00,,,
2024-07-22 14:00:00,,,
2024-07-22 15:00:00,,,
2024-07-22 16:00:00,,,
2024-07-22 17:00:00,,,
2024-07-22 18:00:00,,,
2024-07-22 19:00:00,,,
2024-07-22 20:00:00,,,
2024-07-22 21:00:00,,,
2024-07-22 22:00:00,,,
2024-07-22 23:00:00,,,
2024-07-23 00:00:00,,,
2024-07-23 01:00:00,,,
2024-07-23 02:00:00,,,
2024-07-23 03:00:00,,,
2024-07-23 04:00:00,,,
2024-07-23 05:00:00,,,
2024-07-23 06:00:00,,,
2024-07-23 07:00:00,,,
2024-07-23 08:00:00,,,
2024-07-23 09:00:00,,,
2024-07-23 10:00:00,,,
2024-07-23 11:00:00,,,
2024-07-23 12:00:00,,,
2024-07-23 13:00:00,,,
2024-07-23 14:00:00,,,
2024-07-23 15:00:00,,,
2024-07-23 16:00:00,,,
2024-07-23 17:00:00,,,
2024-07-23 18:00:00,,,
2024-07-23 19:00:00,,,
2024-07-23 20:00:00,,,
2024-07-23 21:00:00,,,
2024-07-23 22:00:00,,,
2024-07-23 23:00:00,,,
2024-07-24 00:00:00,,,
2024-07-24 01:00:00,,,
2024-07-24 02:00:00,,,
2024-07-24 03:00:00,,,
2024-07-24 04:00:00,,,
2024-07-24 05:00:00,,,
2024-07-24 06:00:00,,,
2024-07-24 07:00:00,,,
2024-07-24 08:00:00,,,
2024-07-24 09:00:00,,,
2024-07-24 10:00:00,,,
2024-07-24 11:00:00,,,
2024-07-24 12:00:00,,,
2024-07-24 13:00:00,,,
2024-07-24 14:00:00,,,
2024-07-24 15:00:00,,,
2024-07-24 16:00:00,,,
2024-07-24 17:00:00,,,
2024-07-24 18:00:00,,,
2024-07-24 19:00:00,,,
2024-07-24 20:00:00,,,
2024-07-24 21:00:00,,,
2024-07-24 22:00:00,,,
2024-07-24 23:00:00,,,
2024-07-25 00:00:00,,,
2024-07-25 01:00:00,,,
2024-07-25 02:00:00,,,
2024-07-25 03:00:00,,,
2024-07-25 04:00:00,,,
2024-07-25 05:00:00,,,
2024-07-25 06:00:00,,,
2024-07-25 07:00:00,,,
2024-07-25 08:00:00,,,
2024-07-25 09:00:00,,,
2024-07-25 10:00:00,,,
2024-07-25 11:00:00,,,
2024-07-25 12:00:00,,,
2024-07-25 13:00:00,,,
2024-07-25 14:00:00,,,
2024-07-25 15:00:00,,,
2024-07-25 16:00:00,,,
2024-07-25 17:00:00,,,
2024-07-25 18:00:00,,,
2024-07-25 19:00:00,,,
2024-07-25 20:00:00,,,
2024-07-25 21:00:00,,,
2024-07-25 22:00:00,,,
2024-07-25 23:00:00,,,
2024-07-26 00:00:00,,,
2024-07-26 01:00:00,,,
2024-07-26 02:00:00,,,
2024-07-26 03:00:00,,,
2024-07-26 04:00:00,,,
2024-07-26 05:00:00,,,
2024-07-26 06:00:00,,,
2024-07-26 07:00:00,,,
2024-07-26 08:00:00,,,
2024-07-26 09:00:00,,,
2024-07-26 10:00:00,,,
2024-07-26 11:00:00,,,
2024-07-26 12:00:00,,,
2024-07-26 13:00:00,,,
2024-07-26 14:00:00,,,
2024-07-26 15:00:00,,,
2024-07-26 16:00:00,,,
2024-07-26 17:00:00,,,
2024-07-26 18:00:00,,,
2024-07-26 19:00:00,,,
2024-07-26 20:00:00,,,
2024-07-26 21:00:00,,,
2024-07-26 22:00:00,,,
2024-07-26 23:00:00,,,
2024-07-27 00:00:00,,,
2024-07-27 01:00:00,,,
2024-07-27 02:00:00,,,
2024-07-27 03:00:00,,,
2024-07-27 04:00:00,,,
2024-07-27 05:00:00,,,
2024-07-27 06:00:00,,,
2024-07-27 07:00:00,,,
2024-07-27 08:00:00,,,
2024-07-27 09:00:00,,,
2024-07-27 10:00:00,,,
2024-07-27 11:00:00,,,
2024-07-27 12:00:00,,,
2024-07-27 13:00:00,,,
2024-07-27 14:00:00,,,
2024-07-27 15:00:00,,,
2024-07-27 16:00:00,,,
2024-07-27 17:00:00,,,
2024-07-27 18:00:00,,,
2024-07-27 19:00:00,,,
2024-07-27 20:00:00,,,
2024-07-27 21:00:00,,,
2024-07-27 22:00:00,,,
2024-07-27 23:00:00,,,
2024-07-28 00:00:00,,,
2024-07-28 01:00:00,,,
2024-07-28 02:00:00,,,
2024-07-28 03:00:00,,,
2024-07-28 04:00:00,,,
2024-07-28 05:00:00,,,
2024-07-28 06:00:00,,,
2024-07-28 07:00:00,,,
2024-07-28 08:00:00,,,
2024-07-28 09:00:00,,,
2024-07-28 10:00:00,,,
2024-07-28 11:00:00,,,
2024-07-28 12:00:00,,,
2024-07-28 13:00:00,,,
2024-07-28 14:00:00,,,
2024-07-28 15:00:00,,,
2024-07-28 16:00:00,,,
2024-07-28 17:00:00,,,
2024-07-28 18:00:00,,,
2024-07-28 19:00:00,,,
2024-07-28 20:00:00,,,
2024-07-28 21:00:00,,,
2024-07-28 22:00:00,,,
2024-07-28 23:00:00,,,
2024-07-29 00:00:00,,,
2024-07-29 01:00:00,,,
2024-07-29 02:00:00,,,
2024-07-29 03:00:00,,,
2024-07-29 04:00:00,,,
2024-07-29 05:00:00,,,
2024-07-29 06:00:00,,,
2024-07-29 07:00:00,,,
2024-07-29 08:00:00,,,
2024-07-29 09:00:00,,,
2024-07-29 10:00:00,,,
2024-07-29 11:00:00,,,
2024-07-29 12:00:00,,,
2024-07-29 13:00:00,,,
2024-07-29 14:00:00,,,
2024-07-29 15:00:00,,,
2024-07-29 16:00:00,,,
2024-07-29 17:00:00,,,
2024-07-29 18:00:00,,,
2024-07-29 19:00:00,,,
2024-07-29 20:00:00,,,
2024-07-29 21:00:00,,,
2024-07-29 22:00:00,,,
2024-07-29 23:00:00,,,
2024-07-30 00:00:00,,,
2024-07-30 01:00:00,,,
2024-07-30 02:00:00,,,
2024-07-30 03:00:00,,,
2024-07-30 04:00:00,,,
2024-07-30 05:00:00,,,
2024-07-30 06:00:00,,,
2024-07-30 07:00:00,,,
2024-07-30 08:00:00,,,
2024-07-30 09:00:00,,,
2024-07-30 10:00:00,,,
2024-07-30 11:00:00,,,
2024-07-30 12:00:00,,,
2024-07-30 13:00:00,,,
2024-07-30 14:00:00,,,
2024-07-30 15:00:00,,,
2024-07-30 16:00:00,,,
2024-07-30 17:00:00,,,
2024-07-30 18:00:00,,,
2024-07-30 19:00:00,,,
2024-07-30 20:00:00,,,
2024-07-30 21:00:00,,,
2024-07-30 22:00:00,,,
2024-07-30 23:00:00,,,
2024-07-31 00:00:00,,,
2024-07-31 01:00:00,,,
2024-07-31 02:00:00,,,
2024-07-31 03:00:00,,,
2024-07-31 04:00:00,,,
2024-07-31 05:00:00,,,
2024-07-31 06:00:00,,,
2024-07-31 07:00:00,,,
2024-07-31 08:00:00,,,
2024-07-31 09:00:00,,,
2024-07-31 10:00:00,,,
2024-07-31 11:00:00,,,
2024-07-31 12:00:00,,,
2024-07-31 13:00:00,,,
2024-07-31 14:00:00,,,
2024-07-31 15:00:00,,,
2024-07-31 16:00:00,,,
2024-07-31 17:00:00,,,
2024-07-31 18:00:00,,,
2024-07-31 19:00:00,,,
2024-07-31 20:00:00,,,
2024-07-31 21:00:00,,,
2024-07-31 22:00:00,,,
2024-07-31 23:00:00,,,
2024-08-01 00:00:00,,,
2024-08-01 01:00:00,,,
2024-08-01 02:00:00,,,
2024-08-01 03:00:00,,,
2024-08-01 04:00:00,,,
2024-08-01 05:00:00,,,
2024-08-01 06:00:00,,,
2024-08-01 07:00:00,,,
2024-08-01 08:00:00,,,
2024-08-01 09:00:00,,,
2024-08-01 10:00:00,,,
2024-08-01 11:00:00,,,
2024-08-01 12:00:00,,,
2024-08-01 13:00:00,,,
2024-08-01 14:00:00,,,
2024-08-01 15:00:00,,,
2024-08-01 16:00:00,,,
2024-08-01 17:00:00,,,
2024-08-01 18:00:00,,,
2024-08-01 19:00:00,,,
2024-08-01 20:00:00,,,
2024-08-01 21:00:00,,,
2024-08-01 22:00:00,,,
2024-08-01 23:00:00,,,
2024-08-02 00:00:00,,,
2024-08-02 01:00:00,,,
2024-08-02 02:00:00,,,
2024-08-02 03:00:00,,,
2024-08-02 04:00:00,,,
2024-08-02 05:00:00,,,
2024-08-02 06:00:00,,,
2024-08-02 07:00:00,,,
2024-08-02 08:00:00,,,
2024-08-02 09:00:00,,,
2024-08-02 10:00:00,,,
2024-08-02 11:00:00,,,
2024-08-02 12:00:00,,,
2024-08-02 13:00:00,,,
2024-08-02 14:00:00,,,
2024-08-02 15:00:00,,,
2024-08-02 16:00:00,,,
2024-08-02 17:00:00,,,
2024-08-02 18:00:00,,,
2024-08-02 19:00:00,,,
2024-08-02 20:00:00,,,
2024-08-02 21:00:00,,,
2024-08-02 22:00:00,,,
2024-08-02 23:00:00,,,
2024-08-03 00:00:00,,,
2024-08-03 01:00:00,,,
2024-08-03 02:00:00,,,
2024-08-03 03:00:00,,,
2024-08-03 04:00:00,,,
2024-08-03 05:00:00,,,
2024-08-03 06:00:00,,,
2024-08-03 07:00:00,,,
2024-08-03 08:00:00,,,
2024-08-03 09:00:00,,,
2024-08-03 10:00:00,,,
2024-08-03 11:00:00,,,
2024-08-03 12:00:00,,,
2024-08-03 13:00:00,,,
2024-08-03 14:00:00,,,
2024-08-03 15:00:00,,,
2024-08-03 16:00:00,,,
2024-08-03 17:00:00,,,
2024-08-03 18:00:00,,,
2024-08-03 19:00:00,,,
2024-08-03 20:00:00,,,
2024-08-03 21:00:00,,,
2024-08-03 22:00:00,,,
2024-08-03 23:00:00,,,
2024-08-04 00:00:00,,,
2024-08-04 01:00:00,,,
2024-08-04 02:00:00,,,
2024-08-04 03:00:00,,,
2024-08-04 04:00:00,,,
2024-08-04 05:00:00,,,
2024-08-04 06:00:00,,,
2024-08-04 07:00:00,,,
2024-08-04 08:00:00,,,
2024-08-04 09:00:00,,,
2024-08-04 10:00:00,,,
2024-08-04 11:00:00,,,
2024-08-04 12:00:00,,,
2024-08-04 13:00:00,,,
2024-08-04 14:00:00,,,
2024-08-04 15:00:00,,,
2024-08-04 16:00:00,,,
2024-08-04 17:00:00,,,
2024-08-04 18:00:00,,,
2024-08-04 19:00:00,,,
2024-08-04 20:00:00,,,
2024-08-04 21:00:00,,,
2024-08-04 22:00:00,,,
2024-08-04 23:00:00,,,
2024-08-05 00:00:00,,,
2024-08-05 01:00:00,,,
2024-08-05 02:00:00,,,
2024-08-05 03:00:00,,,
2024-08-05 04:00:00,,,
2024-08-05 05:00:00,,,
2024-08-05 06:00:00,,,
2024-08-05 07:00:00,,,
2024-08-05 08:00:00,,,
2024-08-05 09:00:00,,,
2024-08-05 10:00:00,,,
2024-08-05 11:00:00,,,
2024-08-05 12:00:00,,,
2024-08-05 13:00:00,,,
2024-08-05 14:00:00,,,
2024-08-05 15:00:00,,,
2024-08-05 16:00:00,,,
2024-08-05 17:00:00,,,
2024-08-05 18:00:00,,,
2024-08-05 19:00:00,,,
2024-08-05 20:00:00,,,
2024-08-05 21:00:00,,,
2024-08-05 22:00:00,,,
2024-08-05 23:00:00,,,
2024-08-06 00:00:00,,,
2024-08-06 01:00:00,,,
2024-08-06 02:00:00,,,
2024-08-06 03:00:00,,,
2024-08-06 04:00:00,,,
2024-08-06 05:00:00,,,
2024-08-06 06:00:00,,,
2024-08-06 07:00:00,,,
2024-08-06 08:00:00,,,
2024-08-06 09:00:00,,,
2024-08-06 10:00:00,,,
2024-08-06 11:00:00,,,
2024-08-06 12:00:00,,,
2024-08-06 13:00:00,,,
2024-08-06 14:00:00,,,
2024-08-06 15:00:00,,,
2024-08-06 16:00:00,,,
2024-08-06 17:00:00,,,
2024-08-06 18:00:00,,,
2024-08-06 19:00:00,,,
2024-08-06 20:00:00,,,
2024-08-06 21:00:00,,,
2024-08-06 22:00:00,,,
2024-08-06 23:00:00,,,
2024-08-07 00:00:00,,,
2024-08-07 01:00:00,,,
2024-08-07 02:00:00,,,
2024-08-07 03:00:00,,,
2024-08-07 04:00:00,,,
2024-08-07 05:00:00,,,
2024-08-07 06:00:00,,,
2024-08-07 07:00:00,,,
2024-08-07 08:00:00,,,
2024-08-07 09:00:00,,,
2024-08-07 10:00:00,,,
2024-08-07 11:00:00,,,
2024-08-07 12:00:00,,,
2024-08-07 13:00:00,,,
2024-08-07 14:00:00,,,
2024-08-07 15:00:00,,,
2024-08-07 16:00:00,,,
2024-08-07 17:00:00,,,
2024-08-07 18:00:00,,,
2024-08-07 19:00:00,,,
2024-08-07 20:00:00,,,
2024-08-07 21:00:00,,,
2024-08-07 22:00:00,,,
2024-08-07 23:00:00,,,
2024-08-08 00:00:00,,,
2024-08-08 01:00:00,,,
2024-08-08 02:00:00,,,
2024-08-08 03:00:00,,,
2024-08-08 04:00:00,,,
2024-08-08 05:00:00,,,
2024-08-08 06:00:00,,,
2024-08-08 07:00:00,,,
2024-08-08 08:00:00,,,
2024-08-08 09:00:00,,,
2024-08-08 10:00:00,,,
2024-08-08 11:00:00,,,
2024-08-08 12:00:00,,,
2024-08-08 13:00:00,,,
2024-08-08 14:00:00,,,
2024-08-08 15:00:00,,,
2024-08-08 16:00:00,,,
2024-08-08 17:00:00,,,
2024-08-08 18:00:00,,,
2024-08-08 19:00:00,,,
2024-08-08 20:00:00,,,
2024-08-08 21:00:00,,,
2024-08-08 22:00:00,,,
2024-08-08 23:00:00,,,
2024-08-09 00:00:00,,,
2024-08-09 01:00:00,,,
2024-08-09 02:00:00,,,
2024-08-09 03:00:00,,,
2024-08-09 04:00:00,,,
2024-08-09 05:00:00,,,
2024-08-09 06:00:00,,,
2024-08-09 07:00:00,,,
2024-08-09 08:00:00,,,
2024-08-09 09:00:00,,,
2024-08-09 10:00:00,,,
2024-08-09 11:00:00,,,
2024-08-09 12:00:00,,,
2024-08-09 13:00:00,,,
2024-08-09 14:00:00,,,
2024-08-09 15:00:00,,,
2024-08-09 16:00:00,,,
2024-08-09 17:00:00,,,
2024-08-09 18:00:00,,,
2024-08-09 19:00:00,,,
2024-08-09 20:00:00,,,
2024-08-09 21:00:00,,,
2024-08-09 22:00:00,,,
2024-08-09 23:00:00,,,
2024-08-10 00:00:00,,,
2024-08-10 01:00:00,,,
2024-08-10 02:00:00,,,
2024-08-10 03:00:00,,,
2024-08-10 04:00:00,,,
2024-08-10 05:00:00,,,
2024-08-10 06:00:00,,,
2024-08-10 07:00:00,,,
2024-08-10 08:00:00,,,
2024-08-10 09:00:00,,,
2024-08-10 10:00:00,,,
2024-08-10 11:00:00,,,
2024-08-10 12:00:00,,,
2024-08-10 13:00:00,,,
2024-08-10 14:00:00,,,
2024-08-10 15:00:00,,,
2024-08-10 16:00:00,,,
2024-08-10 17:00:00,,,
2024-08-10 18:00:00,,,
2024-08-10 19:00:00,,,
2024-08-10 20:00:00,,,
2024-08-10 21:00:00,,,
2024-08-10 22:00:00,,,
2024-08-10 23:00:00,,,
2024-08-11 00:00:00,,,
2024-08-11 01:00:00,,,
2024-08-11 02:00:00,,,
2024-08-11 03:00:00,,,
2024-08-11 04:00:00,,,
2024-08-11 05:00:00,,,
2024-08-11 06:00:00,,,
2024-08-11 07:00:00,,,
2024-08-11 08:00:00,,,
2024-08-11 09:00:00,0.6617,0.3383,1.9559562518474727
2024-08-11 10:00:00,0.6635,0.3365,1.9717682020802376
2024-08-11 11:00:00,0.663,0.337,1.9673590504451037
2024-08-11 12:00:00,0.6628,0.3372,1.9655990510083035
2024-08-11 13:00:00,0.6602,0.3398,1.9429075927015893
2024-08-11 14:00:00,0.6649,0.3351,1.9841838257236646
2024-08-11 15:00:00,0.6646,0.3354,1.9815146094215863
2024-08-11 16:00:00,0.6563,0.3437,1.909514111143439
2024-08-11 17:00:00,0.6498,0.3502,1.8555111364934325
2024-08-11 18:00:00,0.6565,0.3435,1.9112081513828236
2024-08-11 19:00:00,0.653,0.347,1.8818443804034584
2024-08-11 20:00:00,0.65,0.35,1.8571428571428574
2024-08-11 21:00:00,0.6501,0.3499,1.857959416976279
2024-08-11 22:00:00,0.6542,0.3458,1.891844997108155
2024-08-11 23:00:00,0.6555,0.3445,1.902757619738752
2024-08-12 00:00:00,0.6477,0.3523,1.838489923360772
2024-08-12 01:00:00,0.6418,0.3582,1.7917364600781687
2024-08-12 02:00:00,0.6564,0.3436,1.9103608847497089
2024-08-12 03:00:00,0.6555,0.3445,1.902757619738752
2024-08-12 04:00:00,0.6541,0.3459,1.8910089621277828
2024-08-12 05:00:00,0.6514,0.3486,1.8686173264486516
2024-08-12 06:00:00,0.6536,0.3464,1.8868360277136258
2024-08-12 07:00:00,0.6514,0.3486,1.8686173264486516
2024-08-12 08:00:00,0.6526,0.3474,1.8785261945883707
2024-08-12 09:00:00,0.6546,0.3454,1.8951939779965257
2024-08-12 10:00:00,0.6572,0.3428,1.9171528588098017
2024-08-12 11:00:00,0.6536,0.3464,1.8868360277136258
2024-08-12 12:00:00,0.6725,0.3275,2.0534351145038165
2024-08-12 13:00:00,0.6795,0.3205,2.1201248049921997
2024-08-12 14:00:00,0.6832,0.3168,2.1565656565656566
2024-08-12 15:00:00,0.6906,0.3094,2.2320620555914674
2024-08-12 16:00:00,0.6951,0.3049,2.279763857002296
2024-08-12 17:00:00,0.6905,0.3095,2.2310177705977385
2024-08-12 18:00:00,0.6785,0.3215,2.1104199066874028
2024-08-12 19:00:00,0.6818,0.3182,2.1426775612822127
2024-08-12 20:00:00,0.6842,0.3158,2.1665611146295123
2024-08-12 21:00:00,0.6761,0.3239,2.0873726458783577
2024-08-12 22:00:00,0.674,0.326,2.067484662576687
2024-08-12 23:00:00,0.6685,0.3315,2.0165912518853695
2024-08-13 00:00:00,0.6736,0.3264,2.063725490196078
2024-08-13 01:00:00,0.6768,0.3232,2.094059405940594
2024-08-13 02:00:00,0.6767,0.3233,2.093102381688834
2024-08-13 03:00:00,0.6766,0.3234,2.092145949288806
2024-08-13 04:00:00,0.687,0.313,2.194888178913738
2024-08-13 05:00:00,0.6887,0.3113,2.2123353678123996
2024-08-13 06:00:00,0.6909,0.3091,2.2351989647363313
2024-08-13 07:00:00,0.6867,0.3133,2.1918289179699966
2024-08-13 08:00:00,0.6833,0.3167,2.157562361856647
2024-08-13 09:00:00,0.6866,0.3134,2.190810465858328
2024-08-13 10:00:00,0.6866,0.3134,2.190810465858328
2024-08-13 11:00:00,0.6874,0.3126,2.198976327575176
2024-08-13 12:00:00,0.686,0.314,2.1847133757961785
2024-08-13 13:00:00,0.6812,0.3188,2.136762860727729
2024-08-13 14:00:00,0.6802,0.3198,2.1269543464665417
2024-08-13 15:00:00,0.6764,0.3236,2.0902348578491967
2024-08-13 16:00:00,0.6816,0.3184,2.1407035175879394
2024-08-13 17:00:00,0.6859,0.3141,2.183699458771092
2024-08-13 18:00:00,0.6861,0.3139,2.185727938834024
2024-08-13 19:00:00,0.6858,0.3142,2.1826861871419476
2024-08-13 20:00:00,0.6778,0.3222,2.1036623215394163
2024-08-13 21:00:00,0.6639,0.3361,1.9753049687592978
2024-08-13 22:00:00,0.6442,0.3558,1.8105677346824058
2024-08-13 23:00:00,0.632,0.368,1.7173913043478262
2024-08-14 00:00:00,0.6435,0.3565,1.8050490883590462
2024-08-14 01:00:00,0.644,0.356,1.808988764044944
2024-08-14 02:00:00,0.6512,0.3488,1.8669724770642202
2024-08-14 03:00:00,0.6538,0.3462,1.8885037550548818
2024-08-14 04:00:00,0.6522,0.3478,1.875215641173088
2024-08-14 05:00:00,0.6554,0.3446,1.901915264074289
2024-08-14 06:00:00,0.6539,0.3461,1.889338341519792
2024-08-14 07:00:00,0.6541,0.3459,1.8910089621277828
2024-08-14 08:00:00,0.6548,0.3452,1.8968713789107765
2024-08-14 09:00:00,0.653,0.347,1.8818443804034584
2024-08-14 10:00:00,0.6493,0.3507,1.8514399771884802
2024-08-14 11:00:00,0.6544,0.3456,1.8935185185185184
2024-08-14 12:00:00,0.6579,0.3421,1.9231218941829875
2024-08-14 13:00:00,0.6593,0.3407,1.9351335485764602
2024-08-14 14:00:00,0.6602,0.3398,1.9429075927015893
2024-08-14 15:00:00,0.6631,0.3369,1.9682398337785696
2024-08-14 16:00:00,0.6655,0.3345,1.9895366218236172
2024-08-14 17:00:00,0.6671,0.3329,2.0039050765995796
2024-08-14 18:00:00,0.6653,0.3347,1.9877502240812668
2024-08-14 19:00:00,0.6941,0.3059,2.2690421706440014
2024-08-14 20:00:00,0.7039,0.2961,2.377237419790611
2024-08-14 21:00:00,0.7054,0.2946,2.394433129667346
2024-08-14 22:00:00,0.7036,0.2964,2.3738191632928474
2024-08-14 23:00:00,0.7042,0.2958,2.380662609871535
2024-08-15 00:00:00,0.7037,0.2963,2.374957813027337
2024-08-15 01:00:00,0.7061,0.2939,2.402517863218782
2024-08-15 02:00:00,0.7059,0.2941,2.4002040122407347
2024-08-15 03:00:00,0.707,0.293,2.4129692832764507
2024-08-15 04:00:00,0.7062,0.2938,2.4036759700476518
2024-08-15 05:00:00,0.7083,0.2917,2.4281796366129584
2024-08-15 06:00:00,0.7076,0.2924,2.4199726402188784
2024-08-15 07:00:00,0.7073,0.2927,2.4164673727365904
2024-08-15 08:00:00,0.7079,0.2921,2.4234851078397806
2024-08-15 09:00:00,0.7061,0.2939,2.402517863218782
2024-08-15 10:00:00,0.7076,0.2924,2.4199726402188784
2024-08-15 11:00:00,0.7018,0.2982,2.3534540576794094
2024-08-15 12:00:00,0.7006,0.2994,2.3400133600534403
2024-08-15 13:00:00,0.7056,0.2944,2.3967391304347827
2024-08-15 14:00:00,0.707,0.293,2.4129692832764507
2024-08-15 15:00:00,0.6996,0.3004,2.3288948069241013
2024-08-15 16:00:00,0.7088,0.2912,2.434065934065934
2024-08-15 17:00:00,0.7142,0.2858,2.498950314905528
2024-08-15 18:00:00,0.7141,0.2859,2.497726477789437
2024-08-15 19:00:00,0.7064,0.2936,2.4059945504087192
2024-08-15 20:00:00,0.6995,0.3005,2.327787021630616
2024-08-15 21:00:00,0.695,0.305,2.278688524590164
2024-08-15 22:00:00,0.6768,0.3232,2.094059405940594
2024-08-15 23:00:00,0.6918,0.3082,2.2446463335496434
2024-08-16 00:00:00,0.6907,0.3093,2.2331070158422244
2024-08-16 01:00:00,0.6951,0.3049,2.279763857002296
2024-08-16 02:00:00,0.717,0.283,2.53356890459364
2024-08-16 03:00:00,0.7147,0.2853,2.505082369435682
2024-08-16 04:00:00,0.7099,0.2901,2.447087211306446
2024-08-16 05:00:00,0.7034,0.2966,2.371544167228591
2024-08-16 06:00:00,0.6972,0.3028,2.3025099075297226
2024-08-16 07:00:00,0.7121,0.2879,2.4734282737061477
2024-08-16 08:00:00,0.7107,0.2893,2.456619426201175
2024-08-16 09:00:00,0.7152,0.2848,2.5112359550561796
2024-08-16 10:00:00,0.7115,0.2885,2.466204506065858
2024-08-16 11:00:00,0.706,0.294,2.401360544217687
2024-08-16 12:00:00,0.6992,0.3008,2.3244680851063833
2024-08-16 13:00:00,0.6875,0.3125,2.2
2024-08-16 14:00:00,0.6881,0.3119,2.2061558191728117
2024-08-16 15:00:00,0.6779,0.3221,2.104625892579944
2024-08-16 16:00:00,0.6669,0.3331,2.0021014710297207
2024-08-16 17:00:00,0.6552,0.3448,1.900232018561485
2024-08-16 18:00:00,0.6753,0.3247,2.079765937788728
2024-08-16 19:00:00,0.6748,0.3252,2.075030750307503
2024-08-16 20:00:00,0.6725,0.3275,2.0534351145038165
2024-08-16 21:00:00,0.67,0.33,2.0303030303030303
2024-08-16 22:00:00,0.6777,0.3223,2.102699348433137
2024-08-16 23:00:00,0.6642,0.3358,1.9779630732578917
2024-08-17 00:00:00,0.6492,0.3508,1.8506271379703534
2024-08-17 01:00:00,0.632,0.368,1.7173913043478262
2024-08-17 02:00:00,0.6299,0.3701,1.7019724398811134
2024-08-17 03:00:00,0.6336,0.3664,1.7292576419213974
2024-08-17 04:00:00,0.6422,0.3578,1.7948574622694242
2024-08-17 05:00:00,0.6511,0.3489,1.8661507595299514
2024-08-17 06:00:00,0.6556,0.3444,1.9036004645760742
2024-08-17 07:00:00,0.6541,0.3459,1.8910089621277828
2024-08-17 08:00:00,0.6505,0.3495,1.8612303290414878
2024-08-17 09:00:00,0.6539,0.3461,1.889338341519792
2024-08-17 10:00:00,0.6542,0.3458,1.891844997108155
2024-08-17 11:00:00,0.6536,0.3464,1.8868360277136258
2024-08-17 12:00:00,0.6543,0.3457,1.8926815157651142
2024-08-17 13:00:00,0.6559,0.3441,1.9061319383900028
2024-08-17 14:00:00,0.6592,0.3408,1.9342723004694837
2024-08-17 15:00:00,0.6599,0.3401,1.940311673037342
2024-08-17 16:00:00,0.6546,0.3454,1.8951939779965257
2024-08-17 17:00:00,0.6593,0.3407,1.9351335485764602
2024-08-17 18:00:00,0.6583,0.3417,1.9265437518290898
2024-08-17 19:00:00,0.6617,0.3383,1.9559562518474727
2024-08-17 20:00:00,0.6569,0.3431,1.914602156805596
2024-08-17 21:00:00,0.6594,0.3406,1.935995302407516
2024-08-17 22:00:00,0.6544,0.3456,1.8935185185185184
2024-08-17 23:00:00,0.6554,0.3446,1.901915264074289
2024-08-18 00:00:00,0.6533,0.3467,1.8843380444188058
2024-08-18 01:00:00,0.6527,0.3473,1.8793550244745176
2024-08-18 02:00:00,0.6507,0.3493,1.86286859433152
2024-08-18 03:00:00,0.65,0.35,1.8571428571428574
2024-08-18 04:00:00,0.6533,0.3467,1.8843380444188058
2024-08-18 05:00:00,0.6536,0.3464,1.8868360277136258
2024-08-18 06:00:00,0.6522,0.3478,1.875215641173088
2024-08-18 07:00:00,0.6626,0.3374,1.9638411381149972
2024-08-18 08:00:00,0.6602,0.3398,1.9429075927015893
2024-08-18 09:00:00,0.6612,0.3388,1.9515938606847698
2024-08-18 10:00:00,0.6603,0.3397,1.943773918163085
2024-08-18 11:00:00,0.6612,0.3388,1.9515938606847698
2024-08-18 12:00:00,0.6588,0.3412,1.9308323563892147
2024-08-18 13:00:00,0.6579,0.3421,1.9231218941829875
2024-08-18 14:00:00,0.6556,0.3444,1.9036004645760742
2024-08-18 15:00:00,0.6513,0.3487,1.8677946659019213
2024-08-18 16:00:00,0.651,0.349,1.865329512893983
2024-08-18 17:00:00,0.6523,0.3477,1.8760425654299684
2024-08-18 18:00:00,0.6493,0.3507,1.8514399771884802
2024-08-18 19:00:00,0.648,0.352,1.840909090909091
2024-08-18 20:00:00,0.6495,0.3505,1.8530670470756063
2024-08-18 21:00:00,0.6515,0.3485,1.8694404591104734
2024-08-18 22:00:00,0.6533,0.3467,1.8843380444188058
2024-08-18 23:00:00,0.6535,0.3465,1.8860028860028861
2024-08-19 00:00:00,0.6562,0.3438,1.9086678301337987
2024-08-19 01:00:00,0.6589,0.3411,1.931691586045148
2024-08-19 02:00:00,0.6564,0.3436,1.9103608847497089
2024-08-19 03:00:00,0.6549,0.3451,1.8977108084613157
2024-08-19 04:00:00,0.6538,0.3462,1.8885037550548818
2024-08-19 05:00:00,0.6644,0.3356,1.9797377830750893
2024-08-19 06:00:00,0.6673,0.3327,2.005710850616171
2024-08-19 07:00:00,0.6728,0.3272,2.056234718826406
2024-08-19 08:00:00,0.6753,0.3247,2.079765937788728
2024-08-19 09:00:00,0.6727,0.3273,2.0553009471432935
2024-08-19 10:00:00,0.6726,0.3274,2.054367745876603
2024-08-19 11:00:00,0.6781,0.3219,2.1065548306927617
2024-08-19 12:00:00,0.6799,0.3201,2.1240237425804436
2024-08-19 13:00:00,0.6818,0.3182,2.1426775612822127
2024-08-19 14:00:00,0.6784,0.3216,2.109452736318408
2024-08-19 15:00:00,0.6871,0.3129,2.1959092361776924
2024-08-19 16:00:00,0.693,0.307,2.2573289902280127
2024-08-19 17:00:00,0.6907,0.3093,2.2331070158422244
2024-08-19 18:00:00,0.6923,0.3077,2.2499187520311996
2024-08-19 19:00:00,0.7011,0.2989,2.3456005352960854
2024-08-19 20:00:00,0.6953,0.3047,2.281916639317361
2024-08-19 21:00:00,0.694,0.306,2.2679738562091503
2024-08-19 22:00:00,0.6929,0.3071,2.2562683165092805
2024-08-19 23:00:00,0.6922,0.3078,2.248862897985705
2024-08-20 00:00:00,0.6913,0.3087,2.2393909944930357
2024-08-20 01:00:00,0.6925,0.3075,2.252032520325203
2024-08-20 02:00:00,0.6911,0.3089,2.237293622531564
2024-08-20 03:00:00,0.6898,0.3102,2.2237266279819474
2024-08-20 04:00:00,0.6881,0.3119,2.2061558191728117
2024-08-20 05:00:00,0.6795,0.3205,2.1201248049921997
2024-08-20 06:00:00,0.6702,0.3298,2.032140691328078
2024-08-20 07:00:00,0.6664,0.3336,1.9976019184652278
2024-08-20 08:00:00,0.663,0.337,1.9673590504451037
2024-08-20 09:00:00,0.6558,0.3442,1.905287623474724
2024-08-20 10:00:00,0.6446,0.3554,1.8137310073157005
2024-08-20 11:00:00,0.6337,0.3663,1.73000273000273
2024-08-20 12:00:00,0.6238,0.3762,1.658160552897395
2024-08-20 13:00:00,0.6119,0.3881,1.576655501159495
2024-08-20 14:00:00,0.6156,0.3844,1.6014568158168574
2024-08-20 15:00:00,0.6119,0.3881,1.576655501159495
2024-08-20 16:00:00,0.6122,0.3878,1.5786487880350697
2024-08-20 17:00:00,0.617,0.383,1.6109660574412532
2024-08-20 18:00:00,0.6278,0.3722,1.6867275658248255
2024-08-20 19:00:00,0.645,0.355,1.8169014084507045
2024-08-20 20:00:00,0.67,0.33,2.0303030303030303
2024-08-20 21:00:00,0.6845,0.3155,2.1695721077654517
2024-08-20 22:00:00,0.6987,0.3013,2.318951211417192
2024-08-20 23:00:00,0.7029,0.2971,2.365870077415012
2024-08-21 00:00:00,0.7061,0.2939,2.402517863218782
2024-08-21 01:00:00,0.7018,0.2982,2.3534540576794094
2024-08-21 02:00:00,0.7015,0.2985,2.3500837520938025
2024-08-21 03:00:00,0.7007,0.2993,2.341129301703976
2024-08-21 04:00:00,0.6988,0.3012,2.3200531208499333
2024-08-21 05:00:00,0.6977,0.3023,2.3079722130334104
2024-08-21 06:00:00,0.6979,0.3021,2.3101621979476996
2024-08-21 07:00:00,0.6973,0.3027,2.3036009250082587
2024-08-21 08:00:00,0.6921,0.3079,2.247807729782397
2024-08-21 09:00:00,0.6928,0.3072,2.2552083333333335
2024-08-21 10:00:00,0.6921,0.3079,2.247807729782397
2024-08-21 11:00:00,0.6977,0.3023,2.3079722130334104
2024-08-21 12:00:00,0.7003,0.2997,2.33667000333667
2024-08-21 13:00:00,0.6905,0.3095,2.2310177705977385
2024-08-21 14:00:00,0.6851,0.3149,2.1756113051762465
2024-08-21 15:00:00,0.6864,0.3136,2.188775510204082
2024-08-21 16:00:00,0.6852,0.3148,2.1766200762388817
2024-08-21 17:00:00,0.6848,0.3152,2.1725888324873095
2024-08-21 18:00:00,0.6905,0.3095,2.2310177705977385
2024-08-21 19:00:00,0.6894,0.3106,2.2195750160978753
2024-08-21 20:00:00,0.6875,0.3125,2.2
2024-08-21 21:00:00,0.684,0.316,2.1645569620253164
2024-08-21 22:00:00,0.6806,0.3194,2.1308703819661865
2024-08-21 23:00:00,0.6609,0.3391,1.948982601002654
2024-08-22 00:00:00,0.6414,0.3586,1.7886224205242611
2024-08-22 01:00:00,0.616,0.384,1.6041666666666665
2024-08-22 02:00:00,0.6145,0.3855,1.5940337224383918
2024-08-22 03:00:00,0.6215,0.3785,1.642007926023778
2024-08-22 04:00:00,0.6166,0.3834,1.6082420448617631
2024-08-22 05:00:00,0.6141,0.3859,1.5913449080072557
2024-08-22 06:00:00,0.6162,0.3838,1.6055237102657633
2024-08-22 07:00:00,0.6342,0.3658,1.733734281027884
2024-08-22 08:00:00,0.6398,0.3602,1.77623542476402
2024-08-22 09:00:00,0.6441,0.3559,1.8097780275358246
2024-08-22 10:00:00,0.6384,0.3616,1.7654867256637168
2024-08-22 11:00:00,0.6391,0.3609,1.770850651149903
2024-08-22 12:00:00,0.6476,0.3524,1.8376844494892166
2024-08-22 13:00:00,0.6452,0.3548,1.818489289740699
2024-08-22 14:00:00,0.6391,0.3609,1.770850651149903
2024-08-22 15:00:00,0.6437,0.3563,1.8066236317709796
2024-08-22 16:00:00,0.6392,0.3608,1.7716186252771617
2024-08-22 17:00:00,0.6334,0.3666,1.7277686852154936
2024-08-22 18:00:00,0.6451,0.3549,1.8176951253874332
2024-08-22 19:00:00,0.6488,0.3512,1.847380410022779
2024-08-22 20:00:00,0.6577,0.3423,1.9214139643587496
2024-08-22 21:00:00,0.663,0.337,1.9673590504451037
2024-08-22 22:00:00,0.6644,0.3356,1.9797377830750893
2024-08-22 23:00:00,0.6683,0.3317,2.014772384684956
2024-08-23 00:00:00,0.6709,0.3291,2.038590094196293
2024-08-23 01:00:00,0.6765,0.3235,2.0911901081916535
2024-08-23 02:00:00,0.6787,0.3213,2.1123560535325243
2024-08-23 03:00:00,0.6789,0.3211,2.114294612270321
2024-08-23 04:00:00,0.6781,0.3219,2.1065548306927617
2024-08-23 05:00:00,0.6828,0.3172,2.1525851197982346
2024-08-23 06:00:00,0.684,0.316,2.1645569620253164
2024-08-23 07:00:00,0.6854,0.3146,2.178639542275906
2024-08-23 08:00:00,0.6847,0.3153,2.1715826197272436
2024-08-23 09:00:00,0.6868,0.3132,2.1928480204342273
2024-08-23 10:00:00,0.6831,0.3169,2.155569580309246
2024-08-23 11:00:00,0.6722,0.3278,2.050640634533252
2024-08-23 12:00:00,0.6682,0.3318,2.0138637733574445
2024-08-23 13:00:00,0.6667,0.3333,2.0003000300030003
2024-08-23 14:00:00,0.6603,0.3397,1.943773918163085
2024-08-23 15:00:00,0.6605,0.3395,1.9455081001472752
2024-08-23 16:00:00,0.6562,0.3438,1.9086678301337987
2024-08-23 17:00:00,0.6661,0.3339,1.994908655286014
2024-08-23 18:00:00,0.6635,0.3365,1.9717682020802376
2024-08-23 19:00:00,0.6468,0.3532,1.8312570781426953
2024-08-23 20:00:00,0.6384,0.3616,1.7654867256637168
2024-08-23 21:00:00,0.638,0.362,1.7624309392265194
2024-08-23 22:00:00,0.6313,0.3687,1.7122321670735012
2024-08-23 23:00:00,0.6068,0.3932,1.54323499491353
2024-08-24 00:00:00,0.6106,0.3894,1.5680534155110426
2024-08-24 01:00:00,0.6001,0.3999,1.5006251562890722
2024-08-24 02:00:00,0.6091,0.3909,1.5581990278843691
2024-08-24 03:00:00,0.6046,0.3954,1.5290844714213456
2024-08-24 04:00:00,0.5976,0.4024,1.4850894632206761
2024-08-24 05:00:00,0.5908,0.4092,1.4437927663734116
2024-08-24 06:00:00,0.5888,0.4112,1.4319066147859922
2024-08-24 07:00:00,0.5908,0.4092,1.4437927663734116
2024-08-24 08:00:00,0.5893,0.4107,1.4348672997321648
2024-08-24 09:00:00,0.5896,0.4104,1.4366471734892787
2024-08-24 10:00:00,0.5941,0.4059,1.4636610002463661
2024-08-24 11:00:00,0.5989,0.4011,1.4931438544003988
2024-08-24 12:00:00,0.6071,0.3929,1.5451768897938405
2024-08-24 13:00:00,0.6057,0.3943,1.5361399949277201
2024-08-24 14:00:00,0.6033,0.3967,1.5207965717166623
2024-08-24 15:00:00,0.5972,0.4028,1.4826216484607746
2024-08-24 16:00:00,0.5903,0.4097,1.44081034903588
2024-08-24 17:00:00,0.593,0.407,1.4570024570024571
2024-08-24 18:00:00,0.5974,0.4026,1.4838549428713363
2024-08-24 19:00:00,0.5979,0.4021,1.486943546381497
2024-08-24 20:00:00,0.5937,0.4063,1.4612355402412012
2024-08-24 21:00:00,0.6027,0.3973,1.5169896803423106
2024-08-24 22:00:00,0.6028,0.3972,1.5176233635448138
2024-08-24 23:00:00,0.6025,0.3975,1.5157232704402517
2024-08-25 00:00:00,0.6025,0.3975,1.5157232704402517
2024-08-25 01:00:00,0.603,0.397,1.5188916876574305
2024-08-25 02:00:00,0.5937,0.4063,1.4612355402412012
2024-08-25 03:00:00,0.5953,0.4047,1.4709661477637757
2024-08-25 04:00:00,0.5988,0.4012,1.4925224327018942
2024-08-25 05:00:00,0.599,0.401,1.4937655860349126
2024-08-25 06:00:00,0.5981,0.4019,1.488181139586962
2024-08-25 07:00:00,0.5974,0.4026,1.4838549428713363
2024-08-25 08:00:00,0.5952,0.4048,1.4703557312252964
2024-08-25 09:00:00,0.5961,0.4039,1.4758603614756127
2024-08-25 10:00:00,0.5975,0.4025,1.484472049689441
2024-08-25 11:00:00,0.5949,0.4051,1.4685262898049862
2024-08-25 12:00:00,0.5904,0.4096,1.44140625
2024-08-25 13:00:00,0.5899,0.4101,1.4384296513045598
2024-08-25 14:00:00,0.5896,0.4104,1.4366471734892787
2024-08-25 15:00:00,0.5889,0.4111,1.4324981756263682
2024-08-25 16:00:00,0.5923,0.4077,1.4527839097375521
2024-08-25 17:00:00,0.5933,0.4067,1.4588148512417016
2024-08-25 18:00:00,0.5985,0.4015,1.4906600249066002
2024-08-25 19:00:00,0.6014,0.3986,1.508780732563974
2024-08-25 20:00:00,0.5996,0.4004,1.4975024975024975
2024-08-25 21:00:00,0.5966,0.4034,1.478929102627665
2024-08-25 22:00:00,0.597,0.403,1.4813895781637716
2024-08-25 23:00:00,0.6024,0.3976,1.5150905432595574
2024-08-26 00:00:00,0.6025,0.3975,1.5157232704402517
2024-08-26 01:00:00,0.6021,0.3979,1.5131942699170646
2024-08-26 02:00:00,0.6031,0.3969,1.5195263290501386
2024-08-26 03:00:00,0.6026,0.3974,1.5163563160543534
2024-08-26 04:00:00,0.6003,0.3997,1.5018764073054789
2024-08-26 05:00:00,0.5982,0.4018,1.4888003982080635
2024-08-26 06:00:00,0.5972,0.4028,1.4826216484607746
2024-08-26 07:00:00,0.5982,0.4018,1.4888003982080635
2024-08-26 08:00:00,0.6019,0.3981,1.5119316754584275
2024-08-26 09:00:00,0.6024,0.3976,1.5150905432595574
2024-08-26 10:00:00,0.6017,0.3983,1.5106703489831785
2024-08-26 11:00:00,0.5977,0.4023,1.485707183693761
2024-08-26 12:00:00,0.5948,0.4052,1.4679170779861797
2024-08-26 13:00:00,0.5986,0.4014,1.491280518186348
2024-08-26 14:00:00,0.6062,0.3938,1.5393600812595225
2024-08-26 15:00:00,0.6122,0.3878,1.5786487880350697
2024-08-26 16:00:00,0.6138,0.3862,1.589331952356292
2024-08-26 17:00:00,0.6069,0.3931,1.5438819638768762
2024-08-26 18:00:00,0.6078,0.3922,1.5497195308516063
2024-08-26 19:00:00,0.598,0.402,1.4875621890547261
2024-08-26 20:00:00,0.5965,0.4035,1.4783147459727386
2024-08-26 21:00:00,0.5999,0.4001,1.4993751562109472
2024-08-26 22:00:00,0.5986,0.4014,1.491280518186348
2024-08-26 23:00:00,0.5978,0.4022,1.486325211337643
2024-08-27 00:00:00,0.5959,0.4041,1.4746349913387775
2024-08-27 01:00:00,0.6002,0.3998,1.5012506253126563
2024-08-27 02:00:00,0.5982,0.4018,1.4888003982080635
2024-08-27 03:00:00,0.5945,0.4055,1.4660912453760788
2024-08-27 04:00:00,0.5957,0.4043,1.473410833539451
2024-08-27 05:00:00,0.5991,0.4009,1.494387627837366
2024-08-27 06:00:00,0.6035,0.3965,1.5220680958385877
2024-08-27 07:00:00,0.6054,0.3946,1.5342118601115053
2024-08-27 08:00:00,0.6103,0.3897,1.5660764690787785
2024-08-27 09:00:00,0.6142,0.3858,1.592016588906169
2024-08-27 10:00:00,0.619,0.381,1.6246719160104985
2024-08-27 11:00:00,0.6241,0.3759,1.6602819898909285
2024-08-27 12:00:00,0.6307,0.3693,1.7078256160303276
2024-08-27 13:00:00,0.6298,0.3702,1.7012425715829282
2024-08-27 14:00:00,0.6259,0.3741,1.6730820636193533
2024-08-27 15:00:00,0.6276,0.3724,1.6852846401718582
2024-08-27 16:00:00,0.6352,0.3648,1.7412280701754386
2024-08-27 17:00:00,0.6417,0.3583,1.7909572983533353
2024-08-27 18:00:00,0.6438,0.3562,1.807411566535654
2024-08-27 19:00:00,0.6655,0.3345,1.9895366218236172
2024-08-27 20:00:00,0.671,0.329,2.0395136778115504
2024-08-27 21:00:00,0.6793,0.3207,2.1181789834736517
2024-08-27 22:00:00,0.6814,0.3186,2.138731952291274
2024-08-27 23:00:00,0.6928,0.3072,2.2552083333333335
2024-08-28 00:00:00,0.6936,0.3064,2.2637075718015667
2024-08-28 01:00:00,0.6909,0.3091,2.2351989647363313
2024-08-28 02:00:00,0.6926,0.3074,2.2530904359141184
2024-08-28 03:00:00,0.704,0.296,2.3783783783783785
2024-08-28 04:00:00,0.6944,0.3056,2.2722513089005236
2024-08-28 05:00:00,0.69,0.31,2.225806451612903
2024-08-28 06:00:00,0.6931,0.3069,2.258390355164549
2024-08-28 07:00:00,0.6938,0.3062,2.265839320705421
2024-08-28 08:00:00,0.6993,0.3007,2.3255736614566014
2024-08-28 09:00:00,0.6937,0.3063,2.26477309826967
2024-08-28 10:00:00,0.6979,0.3021,2.3101621979476996
2024-08-28 11:00:00,0.6928,0.3072,2.2552083333333335
2024-08-28 12:00:00,0.682,0.318,2.1446540880503147
2024-08-28 13:00:00,0.6995,0.3005,2.327787021630616
2024-08-28 14:00:00,0.7174,0.2826,2.538570417551309
2024-08-28 15:00:00,0.7063,0.2937,2.404834865509023
2024-08-28 16:00:00,0.708,0.292,2.4246575342465753
2024-08-28 17:00:00,0.7081,0.2919,2.4258307639602603
2024-08-28 18:00:00,0.6926,0.3074,2.2530904359141184
2024-08-28 19:00:00,0.7011,0.2989,2.3456005352960854
2024-08-28 20:00:00,0.7062,0.2938,2.4036759700476518
2024-08-28 21:00:00,0.7121,0.2879,2.4734282737061477
2024-08-28 22:00:00,0.7037,0.2963,2.374957813027337
2024-08-28 23:00:00,0.7146,0.2854,2.5038542396636303
2024-08-29 00:00:00,0.7128,0.2872,2.481894150417827
2024-08-29 01:00:00,0.714,0.286,2.4965034965034967
2024-08-29 02:00:00,0.7131,0.2869,2.4855350296270475
2024-08-29 03:00:00,0.7143,0.2857,2.5001750087504377
2024-08-29 04:00:00,0.7138,0.2862,2.4940600978336827
2024-08-29 05:00:00,0.7119,0.2881,2.4710170079833387
2024-08-29 06:00:00,0.7129,0.2871,2.4831069313827934
2024-08-29 07:00:00,0.713,0.287,2.4843205574912894
2024-08-29 08:00:00,0.7131,0.2869,2.4855350296270475
2024-08-29 09:00:00,0.7154,0.2846,2.5137034434293746
2024-08-29 10:00:00,0.7189,0.2811,2.557452863749555
2024-08-29 11:00:00,0.7177,0.2823,2.5423308537017357
2024-08-29 12:00:00,0.7164,0.2836,2.5260930888575457
2024-08-29 13:00:00,0.7126,0.2874,2.479471120389701
2024-08-29 14:00:00,0.7123,0.2877,2.4758428919012863
2024-08-29 15:00:00,0.7133,0.2867,2.487966515521451
2024-08-29 16:00:00,0.7102,0.2898,2.450655624568668
2024-08-29 17:00:00,0.7067,0.2933,2.4094783498124785
2024-08-29 18:00:00,0.7008,0.2992,2.3422459893048124
2024-08-29 19:00:00,0.6978,0.3022,2.3090668431502315
2024-08-29 20:00:00,0.6861,0.3139,2.185727938834024
2024-08-29 21:00:00,0.6649,0.3351,1.9841838257236646
2024-08-29 22:00:00,0.6749,0.3251,2.075976622577669
2024-08-29 23:00:00,0.665,0.335,1.9850746268656716
2024-08-30 00:00:00,0.6715,0.3285,2.0441400304414
2024-08-30 01:00:00,0.6735,0.3265,2.0627871362940273
2024-08-30 02:00:00,0.6749,0.3251,2.075976622577669
2024-08-30 03:00:00,0.6725,0.3275,2.0534351145038165
2024-08-30 04:00:00,0.6753,0.3247,2.079765937788728
2024-08-30 05:00:00,0.6775,0.3225,2.1007751937984493
2024-08-30 06:00:00,0.6767,0.3233,2.093102381688834
2024-08-30 07:00:00,0.6782,0.3218,2.107520198881293
2024-08-30 08:00:00,0.6781,0.3219,2.1065548306927617
2024-08-30 09:00:00,0.6775,0.3225,2.1007751937984493
2024-08-30 10:00:00,0.6763,0.3237,2.089280197713933
2024-08-30 11:00:00,0.6868,0.3132,2.1928480204342273
2024-08-30 12:00:00,0.684,0.316,2.1645569620253164
2024-08-30 13:00:00,0.6861,0.3139,2.185727938834024
2024-08-30 14:00:00,0.6909,0.3091,2.2351989647363313
2024-08-30 15:00:00,0.6846,0.3154,2.1705770450221937
2024-08-30 16:00:00,0.6754,0.3246,2.0807147258163896
2024-08-30 17:00:00,0.6809,0.3191,2.1338138514572234
2024-08-30 18:00:00,0.6818,0.3182,2.1426775612822127
2024-08-30 19:00:00,0.6757,0.3243,2.0835646006783843
2024-08-30 20:00:00,0.6859,0.3141,2.183699458771092
2024-08-30 21:00:00,0.6931,0.3069,2.258390355164549
2024-08-30 22:00:00,0.6968,0.3032,2.298153034300791
2024-08-30 23:00:00,0.699,0.301,2.3222591362126246
2024-08-31 00:00:00,0.6937,0.3063,2.26477309826967
2024-08-31 01:00:00,0.6971,0.3029,2.301419610432486
2024-08-31 02:00:00,0.6977,0.3023,2.3079722130334104
2024-08-31 03:00:00,0.6987,0.3013,2.318951211417192
2024-08-31 04:00:00,0.6983,0.3017,2.3145508783559827
2024-08-31 05:00:00,0.7,0.3,2.3333333333333335
2024-08-31 06:00:00,0.6999,0.3001,2.332222592469177
2024-08-31 07:00:00,0.6982,0.3018,2.313452617627568
2024-08-31 08:00:00,0.6978,0.3022,2.3090668431502315
2024-08-31 09:00:00,0.7,0.3,2.3333333333333335
2024-08-31 10:00:00,0.6967,0.3033,2.297065611605671
2024-08-31 11:00:00,0.6934,0.3066,2.2615786040443577
2024-08-31 12:00:00,0.691,0.309,2.2362459546925564
2024-08-31 13:00:00,0.6837,0.3163,2.161555485298767
2024-08-31 14:00:00,0.6796,0.3204,2.121098626716604
2024-08-31 15:00:00,0.687,0.313,2.194888178913738
2024-08-31 16:00:00,0.6868,0.3132,2.1928480204342273
2024-08-31 17:00:00,0.6887,0.3113,2.2123353678123996
2024-08-31 18:00:00,0.6838,0.3162,2.1625553447185326
2024-08-31 19:00:00,0.6851,0.3149,2.1756113051762465
2024-08-31 20:00:00,0.6844,0.3156,2.1685678073510775
2024-08-31 21:00:00,0.6829,0.3171,2.15357931251971
2024-08-31 22:00:00,0.6818,0.3182,2.1426775612822127
2024-08-31 23:00:00,0.6824,0.3176,2.1486146095717884
2024-09-01 00:00:00,0.6806,0.3194,2.1308703819661865
2024-09-01 01:00:00,0.6806,0.3194,2.1308703819661865
2024-09-01 02:00:00,0.683,0.317,2.1545741324921135
2024-09-01 03:00:00,0.681,0.319,2.134796238244514
2024-09-01 04:00:00,0.6825,0.3175,2.149606299212598
2024-09-01 05:00:00,0.6825,0.3175,2.149606299212598
2024-09-01 06:00:00,0.6825,0.3175,2.149606299212598
2024-09-01 07:00:00,0.6825,0.3175,2.149606299212598
2024-09-01 08:00:00,0.6825,0.3175,2.149606299212598
2024-09-01 09:00:00,0.6825,0.3175,2.149606299212598
2024-09-01 10:00:00,0.6825,0.3175,2.149606299212598
2024-09-01 11:00:00,0.6825,0.3175,2.149606299212598
2024-09-01 12:00:00,0.6825,0.3175,2.149606299212598
2024-09-01 13:00:00,0.6825,0.3175,2.149606299212598
2024-09-01 14:00:00,0.6825,0.3175,2.149606299212598
2024-09-01 15:00:00,0.6825,0.3175,2.149606299212598
2024-09-01 16:00:00,0.6825,0.3175,2.149606299212598
2024-09-01 17:00:00,0.6825,0.3175,2.149606299212598
2024-09-01 18:00:00,0.6825,0.3175,2.149606299212598
2024-09-01 19:00:00,0.6825,0.3175,2.149606299212598
2024-09-01 20:00:00,0.6825,0.3175,2.149606299212598
2024-09-01 21:00:00,0.6825,0.3175,2.149606299212598
2024-09-01 22:00:00,0.6825,0.3175,2.149606299212598
2024-09-01 23:00:00,0.6825,0.3175,2.149606299212598
2024-09-02 00:00:00,0.6825,0.3175,2.149606299212598
2024-09-02 01:00:00,0.6825,0.3175,2.149606299212598
2024-09-02 02:00:00,0.6825,0.3175,2.149606299212598
2024-09-02 03:00:00,0.6825,0.3175,2.149606299212598
2024-09-02 04:00:00,0.6825,0.3175,2.149606299212598
2024-09-02 05:00:00,0.6825,0.3175,2.149606299212598
2024-09-02 06:00:00,0.6825,0.3175,2.149606299212598
2024-09-02 07:00:00,0.6825,0.3175,2.149606299212598
2024-09-02 08:00:00,0.6825,0.3175,2.149606299212598
2024-09-02 09:00:00,0.6825,0.3175,2.149606299212598
2024-09-02 10:00:00,0.6825,0.3175,2.149606299212598
2024-09-02 11:00:00,0.6825,0.3175,2.149606299212598
2024-09-02 12:00:00,0.6825,0.3175,2.149606299212598
2024-09-02 13:00:00,0.6825,0.3175,2.149606299212598
2024-09-02 14:00:00,0.6825,0.3175,2.149606299212598
2024-09-02 15:00:00,0.6825,0.3175,2.149606299212598
2024-09-02 16:00:00,0.6825,0.3175,2.149606299212598
2024-09-02 17:00:00,0.6825,0.3175,2.149606299212598
2024-09-02 18:00:00,0.6825,0.3175,2.149606299212598
2024-09-02 19:00:00,0.6825,0.3175,2.149606299212598
2024-09-02 20:00:00,0.6825,0.3175,2.149606299212598
2024-09-02 21:00:00,0.6825,0.3175,2.149606299212598
2024-09-02 22:00:00,0.6825,0.3175,2.149606299212598
2024-09-02 23:00:00,0.6825,0.3175,2.149606299212598
2024-09-03 00:00:00,0.6825,0.3175,2.149606299212598
2024-09-03 01:00:00,0.6825,0.3175,2.149606299212598
2024-09-03 02:00:00,0.6825,0.3175,2.149606299212598
2024-09-03 03:00:00,0.6825,0.3175,2.149606299212598
2024-09-03 04:00:00,0.6825,0.3175,2.149606299212598
2024-09-03 05:00:00,0.6825,0.3175,2.149606299212598
2024-09-03 06:00:00,0.6825,0.3175,2.149606299212598
2024-09-03 07:00:00,0.6825,0.3175,2.149606299212598
2024-09-03 08:00:00,0.6825,0.3175,2.149606299212598
2024-09-03 09:00:00,0.6825,0.3175,2.149606299212598
2024-09-03 10:00:00,0.6825,0.3175,2.149606299212598
2024-09-03 11:00:00,0.6825,0.3175,2.149606299212598
2024-09-03 12:00:00,0.6825,0.3175,2.149606299212598
2024-09-03 13:00:00,0.6825,0.3175,2.149606299212598
2024-09-03 14:00:00,0.6825,0.3175,2.149606299212598
2024-09-03 15:00:00,0.6825,0.3175,2.149606299212598
2024-09-03 16:00:00,0.6825,0.3175,2.149606299212598
2024-09-03 17:00:00,0.6825,0.3175,2.149606299212598
2024-09-03 18:00:00,0.6825,0.3175,2.149606299212598
2024-09-03 19:00:00,0.6825,0.3175,2.149606299212598
2024-09-03 20:00:00,0.6825,0.3175,2.149606299212598
2024-09-03 21:00:00,0.6825,0.3175,2.149606299212598
2024-09-03 22:00:00,0.6825,0.3175,2.149606299212598
2024-09-03 23:00:00,0.6825,0.3175,2.149606299212598
2024-09-04 00:00:00,0.6825,0.3175,2.149606299212598
2024-09-04 01:00:00,0.6825,0.3175,2.149606299212598
2024-09-04 02:00:00,0.6825,0.3175,2.149606299212598
2024-09-04 03:00:00,0.6825,0.3175,2.149606299212598
2024-09-04 04:00:00,0.6825,0.3175,2.149606299212598
2024-09-04 05:00:00,0.6825,0.3175,2.149606299212598
2024-09-04 06:00:00,0.6825,0.3175,2.149606299212598
2024-09-04 07:00:00,0.6825,0.3175,2.149606299212598
2024-09-04 08:00:00,0.6825,0.3175,2.149606299212598
2024-09-04 09:00:00,0.6825,0.3175,2.149606299212598
2024-09-04 10:00:00,0.6825,0.3175,2.149606299212598
2024-09-04 11:00:00,0.6825,0.3175,2.149606299212598
2024-09-04 12:00:00,0.6825,0.3175,2.149606299212598
2024-09-04 13:00:00,0.6825,0.3175,2.149606299212598
2024-09-04 14:00:00,0.6825,0.3175,2.149606299212598
2024-09-04 15:00:00,0.6825,0.3175,2.149606299212598
2024-09-04 16:00:00,0.6825,0.3175,2.149606299212598
2024-09-04 17:00:00,0.6825,0.3175,2.149606299212598
2024-09-04 18:00:00,0.6825,0.3175,2.149606299212598
2024-09-04 19:00:00,0.6825,0.3175,2.149606299212598
2024-09-04 20:00:00,0.6825,0.3175,2.149606299212598
2024-09-04 21:00:00,0.6825,0.3175,2.149606299212598
2024-09-04 22:00:00,0.6825,0.3175,2.149606299212598
2024-09-04 23:00:00,0.6825,0.3175,2.149606299212598
2024-09-05 00:00:00,0.6825,0.3175,2.149606299212598
2024-09-05 01:00:00,0.6825,0.3175,2.149606299212598
2024-09-05 02:00:00,0.6825,0.3175,2.149606299212598
2024-09-05 03:00:00,0.6825,0.3175,2.149606299212598
2024-09-05 04:00:00,0.6825,0.3175,2.149606299212598
2024-09-05 05:00:00,0.6825,0.3175,2.149606299212598
2024-09-05 06:00:00,0.6825,0.3175,2.149606299212598
2024-09-05 07:00:00,0.6825,0.3175,2.149606299212598
2024-09-05 08:00:00,0.6825,0.3175,2.149606299212598
2024-09-05 09:00:00,0.6825,0.3175,2.149606299212598
2024-09-05 10:00:00,0.6825,0.3175,2.149606299212598
2024-09-05 11:00:00,0.6825,0.3175,2.149606299212598
2024-09-05 12:00:00,0.6825,0.3175,2.149606299212598
2024-09-05 13:00:00,0.6825,0.3175,2.149606299212598
2024-09-05 14:00:00,0.6825,0.3175,2.149606299212598
2024-09-05 15:00:00,0.6825,0.3175,2.149606299212598
2024-09-05 16:00:00,0.6825,0.3175,2.149606299212598
2024-09-05 17:00:00,0.6825,0.3175,2.149606299212598
2024-09-05 18:00:00,0.6825,0.3175,2.149606299212598
2024-09-05 19:00:00,0.6825,0.3175,2.149606299212598
2024-09-05 20:00:00,0.6825,0.3175,2.149606299212598
2024-09-05 21:00:00,0.6825,0.3175,2.149606299212598
2024-09-05 22:00:00,0.6825,0.3175,2.149606299212598
2024-09-05 23:00:00,0.6825,0.3175,2.149606299212598
2024-09-06 00:00:00,0.6825,0.3175,2.149606299212598
2024-09-06 01:00:00,0.6825,0.3175,2.149606299212598
2024-09-06 02:00:00,0.6825,0.3175,2.149606299212598
2024-09-06 03:00:00,0.6825,0.3175,2.149606299212598
2024-09-06 04:00:00,0.6825,0.3175,2.149606299212598
2024-09-06 05:00:00,0.6825,0.3175,2.149606299212598
2024-09-06 06:00:00,0.6825,0.3175,2.149606299212598
2024-09-06 07:00:00,0.6825,0.3175,2.149606299212598
2024-09-06 08:00:00,0.6825,0.3175,2.149606299212598
2024-09-06 09:00:00,0.6825,0.3175,2.149606299212598
2024-09-06 10:00:00,0.6825,0.3175,2.149606299212598
2024-09-06 11:00:00,0.6825,0.3175,2.149606299212598
2024-09-06 12:00:00,0.6825,0.3175,2.149606299212598
2024-09-06 13:00:00,0.6825,0.3175,2.149606299212598
2024-09-06 14:00:00,0.6825,0.3175,2.149606299212598
2024-09-06 15:00:00,0.6825,0.3175,2.149606299212598
2024-09-06 16:00:00,0.6825,0.3175,2.149606299212598
2024-09-06 17:00:00,0.6825,0.3175,2.149606299212598
2024-09-06 18:00:00,0.6825,0.3175,2.149606299212598
2024-09-06 19:00:00,0.6825,0.3175,2.149606299212598
2024-09-06 20:00:00,0.6825,0.3175,2.149606299212598
2024-09-06 21:00:00,0.6825,0.3175,2.149606299212598
2024-09-06 22:00:00,0.6825,0.3175,2.149606299212598
2024-09-06 23:00:00,0.6825,0.3175,2.149606299212598
2024-09-07 00:00:00,0.6825,0.3175,2.149606299212598
2024-09-07 01:00:00,0.6825,0.3175,2.149606299212598
2024-09-07 02:00:00,0.6825,0.3175,2.149606299212598
2024-09-07 03:00:00,0.6825,0.3175,2.149606299212598
2024-09-07 04:00:00,0.6825,0.3175,2.149606299212598
2024-09-07 05:00:00,0.6825,0.3175,2.149606299212598
2024-09-07 06:00:00,0.6825,0.3175,2.149606299212598
2024-09-07 07:00:00,0.6825,0.3175,2.149606299212598
2024-09-07 08:00:00,0.6825,0.3175,2.149606299212598
2024-09-07 09:00:00,0.6825,0.3175,2.149606299212598
2024-09-07 10:00:00,0.6825,0.3175,2.149606299212598
2024-09-07 11:00:00,0.6825,0.3175,2.149606299212598
2024-09-07 12:00:00,0.6825,0.3175,2.149606299212598
2024-09-07 13:00:00,0.6825,0.3175,2.149606299212598
2024-09-07 14:00:00,0.6825,0.3175,2.149606299212598
2024-09-07 15:00:00,0.6825,0.3175,2.149606299212598
2024-09-07 16:00:00,0.6825,0.3175,2.149606299212598
2024-09-07 17:00:00,0.6825,0.3175,2.149606299212598
2024-09-07 18:00:00,0.6825,0.3175,2.149606299212598
2024-09-07 19:00:00,0.6825,0.3175,2.149606299212598
2024-09-07 20:00:00,0.6825,0.3175,2.149606299212598
2024-09-07 21:00:00,0.6825,0.3175,2.149606299212598
2024-09-07 22:00:00,0.6825,0.3175,2.149606299212598
2024-09-07 23:00:00,0.6825,0.3175,2.149606299212598
2024-09-08 00:00:00,0.6825,0.3175,2.149606299212598
2024-09-08 01:00:00,0.6825,0.3175,2.149606299212598
2024-09-08 02:00:00,0.6825,0.3175,2.149606299212598
2024-09-08 03:00:00,0.6825,0.3175,2.149606299212598
2024-09-08 04:00:00,0.6825,0.3175,2.149606299212598
2024-09-08 05:00:00,0.6825,0.3175,2.149606299212598
2024-09-08 06:00:00,0.6825,0.3175,2.149606299212598
2024-09-08 07:00:00,0.6825,0.3175,2.149606299212598
2024-09-08 08:00:00,0.6825,0.3175,2.149606299212598
2024-09-08 09:00:00,0.6825,0.3175,2.149606299212598
2024-09-08 10:00:00,0.6825,0.3175,2.149606299212598
2024-09-08 11:00:00,0.6825,0.3175,2.149606299212598
2024-09-08 12:00:00,0.6825,0.3175,2.149606299212598
2024-09-08 13:00:00,0.6825,0.3175,2.149606299212598
2024-09-08 14:00:00,0.6825,0.3175,2.149606299212598
2024-09-08 15:00:00,0.6825,0.3175,2.149606299212598
2024-09-08 16:00:00,0.6825,0.3175,2.149606299212598
2024-09-08 17:00:00,0.6825,0.3175,2.149606299212598
2024-09-08 18:00:00,0.6825,0.3175,2.149606299212598
2024-09-08 19:00:00,0.6825,0.3175,2.149606299212598
2024-09-08 20:00:00,0.6825,0.3175,2.149606299212598
2024-09-08 21:00:00,0.6825,0.3175,2.149606299212598
2024-09-08 22:00:00,0.6825,0.3175,2.149606299212598
2024-09-08 23:00:00,0.6825,0.3175,2.149606299212598
2024-09-09 00:00:00,0.6825,0.3175,2.149606299212598
2024-09-09 01:00:00,0.6825,0.3175,2.149606299212598
2024-09-09 02:00:00,0.6825,0.3175,2.149606299212598
2024-09-09 03:00:00,0.6825,0.3175,2.149606299212598
2024-09-09 04:00:00,0.6825,0.3175,2.149606299212598
2024-09-09 05:00:00,0.6825,0.3175,2.149606299212598
2024-09-09 06:00:00,0.6825,0.3175,2.149606299212598
2024-09-09 07:00:00,0.6825,0.3175,2.149606299212598
2024-09-09 08:00:00,0.6825,0.3175,2.149606299212598
2024-09-09 09:00:00,0.6825,0.3175,2.149606299212598
2024-09-09 10:00:00,0.6825,0.3175,2.149606299212598
2024-09-09 11:00:00,0.6825,0.3175,2.149606299212598
2024-09-09 12:00:00,0.6825,0.3175,2.149606299212598
2024-09-09 13:00:00,0.6825,0.3175,2.149606299212598
2024-09-09 14:00:00,0.6825,0.3175,2.149606299212598
2024-09-09 15:00:00,0.6825,0.3175,2.149606299212598
2024-09-09 16:00:00,0.6825,0.3175,2.149606299212598
2024-09-09 17:00:00,0.6825,0.3175,2.149606299212598
2024-09-09 18:00:00,0.6825,0.3175,2.149606299212598
2024-09-09 19:00:00,0.6825,0.3175,2.149606299212598
2024-09-09 20:00:00,0.6825,0.3175,2.149606299212598
2024-09-09 21:00:00,0.6825,0.3175,2.149606299212598
2024-09-09 22:00:00,0.6825,0.3175,2.149606299212598
2024-09-09 23:00:00,0.6825,0.3175,2.149606299212598
2024-09-10 00:00:00,0.6825,0.3175,2.149606299212598
2024-09-10 01:00:00,0.6825,0.3175,2.149606299212598
2024-09-10 02:00:00,0.6825,0.3175,2.149606299212598
2024-09-10 03:00:00,0.6825,0.3175,2.149606299212598
2024-09-10 04:00:00,0.6825,0.3175,2.149606299212598
2024-09-10 05:00:00,0.6825,0.3175,2.149606299212598
2024-09-10 06:00:00,0.6825,0.3175,2.149606299212598
2024-09-10 07:00:00,0.6825,0.3175,2.149606299212598
2024-09-10 08:00:00,0.6825,0.3175,2.149606299212598
2024-09-10 09:00:00,0.6825,0.3175,2.149606299212598
2024-09-10 10:00:00,0.6825,0.3175,2.149606299212598
2024-09-10 11:00:00,0.6825,0.3175,2.149606299212598
2024-09-10 12:00:00,0.6825,0.3175,2.149606299212598
2024-09-10 13:00:00,0.6825,0.3175,2.149606299212598
2024-09-10 14:00:00,0.6825,0.3175,2.149606299212598
2024-09-10 15:00:00,0.6825,0.3175,2.149606299212598
2024-09-10 16:00:00,0.6825,0.3175,2.149606299212598
2024-09-10 17:00:00,0.6825,0.3175,2.149606299212598
2024-09-10 18:00:00,0.6825,0.3175,2.149606299212598
2024-09-10 19:00:00,0.6825,0.3175,2.149606299212598
2024-09-10 20:00:00,0.6825,0.3175,2.149606299212598
2024-09-10 21:00:00,0.6825,0.3175,2.149606299212598
2024-09-10 22:00:00,0.6825,0.3175,2.149606299212598
2024-09-10 23:00:00,0.6825,0.3175,2.149606299212598
2024-09-11 00:00:00,0.6825,0.3175,2.149606299212598
2024-09-11 01:00:00,0.6825,0.3175,2.149606299212598
2024-09-11 02:00:00,0.6825,0.3175,2.149606299212598
2024-09-11 03:00:00,0.6825,0.3175,2.149606299212598
2024-09-11 04:00:00,0.6825,0.3175,2.149606299212598
2024-09-11 05:00:00,0.6825,0.3175,2.149606299212598
2024-09-11 06:00:00,0.6825,0.3175,2.149606299212598
2024-09-11 07:00:00,0.6825,0.3175,2.149606299212598
2024-09-11 08:00:00,0.6825,0.3175,2.149606299212598
2024-09-11 09:00:00,0.6825,0.3175,2.149606299212598
2024-09-11 10:00:00,0.6825,0.3175,2.149606299212598
2024-09-11 11:00:00,0.6825,0.3175,2.149606299212598
2024-09-11 12:00:00,0.6825,0.3175,2.149606299212598
2024-09-11 13:00:00,0.6825,0.3175,2.149606299212598
2024-09-11 14:00:00,0.6825,0.3175,2.149606299212598
2024-09-11 15:00:00,0.6825,0.3175,2.149606299212598
2024-09-11 16:00:00,0.6825,0.3175,2.149606299212598
2024-09-11 17:00:00,0.6825,0.3175,2.149606299212598
2024-09-11 18:00:00,0.6825,0.3175,2.149606299212598
2024-09-11 19:00:00,0.6825,0.3175,2.149606299212598
2024-09-11 20:00:00,0.6825,0.3175,2.149606299212598
2024-09-11 21:00:00,0.6825,0.3175,2.149606299212598
2024-09-11 22:00:00,0.6825,0.3175,2.149606299212598
2024-09-11 23:00:00,0.6825,0.3175,2.149606299212598
2024-09-12 00:00:00,0.6825,0.3175,2.149606299212598
2024-09-12 01:00:00,0.6825,0.3175,2.149606299212598
2024-09-12 02:00:00,0.6825,0.3175,2.149606299212598
2024-09-12 03:00:00,0.6825,0.3175,2.149606299212598
2024-09-12 04:00:00,0.6825,0.3175,2.149606299212598
2024-09-12 05:00:00,0.6825,0.3175,2.149606299212598
2024-09-12 06:00:00,0.6825,0.3175,2.149606299212598
2024-09-12 07:00:00,0.6825,0.3175,2.149606299212598
2024-09-12 08:00:00,0.6825,0.3175,2.149606299212598
2024-09-12 09:00:00,0.6825,0.3175,2.149606299212598
2024-09-12 10:00:00,0.6825,0.3175,2.149606299212598
2024-09-12 11:00:00,0.6825,0.3175,2.149606299212598
2024-09-12 12:00:00,0.6825,0.3175,2.149606299212598
2024-09-12 13:00:00,0.6825,0.3175,2.149606299212598
2024-09-12 14:00:00,0.6825,0.3175,2.149606299212598
2024-09-12 15:00:00,0.6825,0.3175,2.149606299212598
2024-09-12 16:00:00,0.6825,0.3175,2.149606299212598
2024-09-12 17:00:00,0.6825,0.3175,2.149606299212598
2024-09-12 18:00:00,0.6825,0.3175,2.149606299212598
2024-09-12 19:00:00,0.6825,0.3175,2.149606299212598
2024-09-12 20:00:00,0.6825,0.3175,2.149606299212598
2024-09-12 21:00:00,0.6825,0.3175,2.149606299212598
2024-09-12 22:00:00,0.6825,0.3175,2.149606299212598
2024-09-12 23:00:00,0.6825,0.3175,2.149606299212598
2024-09-13 00:00:00,0.6825,0.3175,2.149606299212598
2024-09-13 01:00:00,0.6825,0.3175,2.149606299212598
2024-09-13 02:00:00,0.6825,0.3175,2.149606299212598
2024-09-13 03:00:00,0.6825,0.3175,2.149606299212598
2024-09-13 04:00:00,0.6825,0.3175,2.149606299212598
2024-09-13 05:00:00,0.6825,0.3175,2.149606299212598
2024-09-13 06:00:00,0.6825,0.3175,2.149606299212598
2024-09-13 07:00:00,0.6825,0.3175,2.149606299212598
2024-09-13 08:00:00,0.6825,0.3175,2.149606299212598
2024-09-13 09:00:00,0.6825,0.3175,2.149606299212598
2024-09-13 10:00:00,0.6825,0.3175,2.149606299212598
2024-09-13 11:00:00,0.6825,0.3175,2.149606299212598
2024-09-13 12:00:00,0.6825,0.3175,2.149606299212598
2024-09-13 13:00:00,0.6825,0.3175,2.149606299212598
2024-09-13 14:00:00,0.6825,0.3175,2.149606299212598
2024-09-13 15:00:00,0.6825,0.3175,2.149606299212598
2024-09-13 16:00:00,0.6825,0.3175,2.149606299212598
2024-09-13 17:00:00,0.6825,0.3175,2.149606299212598
2024-09-13 18:00:00,0.6825,0.3175,2.149606299212598
2024-09-13 19:00:00,0.6825,0.3175,2.149606299212598
2024-09-13 20:00:00,0.6825,0.3175,2.149606299212598
2024-09-13 21:00:00,0.6825,0.3175,2.149606299212598
2024-09-13 22:00:00,0.6825,0.3175,2.149606299212598
2024-09-13 23:00:00,0.6825,0.3175,2.149606299212598
2024-09-14 00:00:00,0.6825,0.3175,2.149606299212598
2024-09-14 01:00:00,0.6825,0.3175,2.149606299212598
2024-09-14 02:00:00,0.6825,0.3175,2.149606299212598
2024-09-14 03:00:00,0.6825,0.3175,2.149606299212598
2024-09-14 04:00:00,0.6825,0.3175,2.149606299212598
2024-09-14 05:00:00,0.6825,0.3175,2.149606299212598
2024-09-14 06:00:00,0.6825,0.3175,2.149606299212598
2024-09-14 07:00:00,0.6825,0.3175,2.149606299212598
2024-09-14 08:00:00,0.6825,0.3175,2.149606299212598
2024-09-14 09:00:00,0.6825,0.3175,2.149606299212598
2024-09-14 10:00:00,0.6825,0.3175,2.149606299212598
2024-09-14 11:00:00,0.6825,0.3175,2.149606299212598
2024-09-14 12:00:00,0.6825,0.3175,2.149606299212598
2024-09-14 13:00:00,0.6825,0.3175,2.149606299212598
2024-09-14 14:00:00,0.6825,0.3175,2.149606299212598
2024-09-14 15:00:00,0.6825,0.3175,2.149606299212598
2024-09-14 16:00:00,0.6825,0.3175,2.149606299212598
2024-09-14 17:00:00,0.6825,0.3175,2.149606299212598
2024-09-14 18:00:00,0.6825,0.3175,2.149606299212598
2024-09-14 19:00:00,0.6825,0.3175,2.149606299212598
2024-09-14 20:00:00,0.6825,0.3175,2.149606299212598
2024-09-14 21:00:00,0.6825,0.3175,2.149606299212598
2024-09-14 22:00:00,0.6825,0.3175,2.149606299212598
2024-09-14 23:00:00,0.6825,0.3175,2.149606299212598
2024-09-15 00:00:00,0.6825,0.3175,2.149606299212598
2024-09-15 01:00:00,0.6825,0.3175,2.149606299212598
2024-09-15 02:00:00,0.6825,0.3175,2.149606299212598
2024-09-15 03:00:00,0.6825,0.3175,2.149606299212598
2024-09-15 04:00:00,0.6825,0.3175,2.149606299212598
2024-09-15 05:00:00,0.6825,0.3175,2.149606299212598
2024-09-15 06:00:00,0.6825,0.3175,2.149606299212598
2024-09-15 07:00:00,0.6825,0.3175,2.149606299212598
2024-09-15 08:00:00,0.6825,0.3175,2.149606299212598
2024-09-15 09:00:00,0.6825,0.3175,2.149606299212598
2024-09-15 10:00:00,0.6825,0.3175,2.149606299212598
2024-09-15 11:00:00,0.6825,0.3175,2.149606299212598
2024-09-15 12:00:00,0.6825,0.3175,2.149606299212598
2024-09-15 13:00:00,0.6825,0.3175,2.149606299212598
2024-09-15 14:00:00,0.6825,0.3175,2.149606299212598
2024-09-15 15:00:00,0.6825,0.3175,2.149606299212598
2024-09-15 16:00:00,0.6825,0.3175,2.149606299212598
2024-09-15 17:00:00,0.6825,0.3175,2.149606299212598
2024-09-15 18:00:00,0.6825,0.3175,2.149606299212598
2024-09-15 19:00:00,0.6825,0.3175,2.149606299212598
2024-09-15 20:00:00,0.6825,0.3175,2.149606299212598
2024-09-15 21:00:00,0.6825,0.3175,2.149606299212598
2024-09-15 22:00:00,0.6825,0.3175,2.149606299212598
2024-09-15 23:00:00,0.6825,0.3175,2.149606299212598
2024-09-16 00:00:00,0.6825,0.3175,2.149606299212598
2024-09-16 01:00:00,0.6825,0.3175,2.149606299212598
2024-09-16 02:00:00,0.6825,0.3175,2.149606299212598
2024-09-16 03:00:00,0.6825,0.3175,2.149606299212598
2024-09-16 04:00:00,0.6825,0.3175,2.149606299212598
2024-09-16 05:00:00,0.6825,0.3175,2.149606299212598
2024-09-16 06:00:00,0.6825,0.3175,2.149606299212598
2024-09-16 07:00:00,0.6825,0.3175,2.149606299212598
2024-09-16 08:00:00,0.6825,0.3175,2.149606299212598
2024-09-16 09:00:00,0.6825,0.3175,2.149606299212598
2024-09-16 10:00:00,0.6825,0.3175,2.149606299212598
2024-09-16 11:00:00,0.6825,0.3175,2.149606299212598
2024-09-16 12:00:00,0.6825,0.3175,2.149606299212598
2024-09-16 13:00:00,0.6825,0.3175,2.149606299212598
2024-09-16 14:00:00,0.6825,0.3175,2.149606299212598
2024-09-16 15:00:00,0.6825,0.3175,2.149606299212598
2024-09-16 16:00:00,0.6825,0.3175,2.149606299212598
2024-09-16 17:00:00,0.6825,0.3175,2.149606299212598
2024-09-16 18:00:00,0.6825,0.3175,2.149606299212598
2024-09-16 19:00:00,0.6825,0.3175,2.149606299212598
2024-09-16 20:00:00,0.6825,0.3175,2.149606299212598
2024-09-16 21:00:00,0.6825,0.3175,2.149606299212598
2024-09-16 22:00:00,0.6825,0.3175,2.149606299212598
2024-09-16 23:00:00,0.6825,0.3175,2.149606299212598
2024-09-17 00:00:00,0.6825,0.3175,2.149606299212598
2024-09-17 01:00:00,0.6825,0.3175,2.149606299212598
2024-09-17 02:00:00,0.6825,0.3175,2.149606299212598
2024-09-17 03:00:00,0.6825,0.3175,2.149606299212598
2024-09-17 04:00:00,0.6825,0.3175,2.149606299212598
2024-09-17 05:00:00,0.6825,0.3175,2.149606299212598
2024-09-17 06:00:00,0.6825,0.3175,2.149606299212598
2024-09-17 07:00:00,0.6825,0.3175,2.149606299212598
2024-09-17 08:00:00,0.6825,0.3175,2.149606299212598
2024-09-17 09:00:00,0.6825,0.3175,2.149606299212598
2024-09-17 10:00:00,0.6825,0.3175,2.149606299212598
2024-09-17 11:00:00,0.6825,0.3175,2.149606299212598
2024-09-17 12:00:00,0.6825,0.3175,2.149606299212598
2024-09-17 13:00:00,0.6825,0.3175,2.149606299212598
2024-09-17 14:00:00,0.6825,0.3175,2.149606299212598
2024-09-17 15:00:00,0.6825,0.3175,2.149606299212598
2024-09-17 16:00:00,0.6825,0.3175,2.149606299212598
2024-09-17 17:00:00,0.6825,0.3175,2.149606299212598
2024-09-17 18:00:00,0.6825,0.3175,2.149606299212598
2024-09-17 19:00:00,0.6825,0.3175,2.149606299212598
2024-09-17 20:00:00,0.6825,0.3175,2.149606299212598
2024-09-17 21:00:00,0.6825,0.3175,2.149606299212598
2024-09-17 22:00:00,0.6825,0.3175,2.149606299212598
2024-09-17 23:00:00,0.6825,0.3175,2.149606299212598
2024-09-18 00:00:00,0.6825,0.3175,2.149606299212598
2024-09-18 01:00:00,0.6825,0.3175,2.149606299212598
2024-09-18 02:00:00,0.6825,0.3175,2.149606299212598
2024-09-18 03:00:00,0.6825,0.3175,2.149606299212598
2024-09-18 04:00:00,0.6825,0.3175,2.149606299212598
2024-09-18 05:00:00,0.6825,0.3175,2.149606299212598
2024-09-18 06:00:00,0.6825,0.3175,2.149606299212598
2024-09-18 07:00:00,0.6825,0.3175,2.149606299212598
2024-09-18 08:00:00,0.6825,0.3175,2.149606299212598
2024-09-18 09:00:00,0.6825,0.3175,2.149606299212598
2024-09-18 10:00:00,0.6825,0.3175,2.149606299212598
2024-09-18 11:00:00,0.6825,0.3175,2.149606299212598
2024-09-18 12:00:00,0.6825,0.3175,2.149606299212598
2024-09-18 13:00:00,0.6825,0.3175,2.149606299212598
2024-09-18 14:00:00,0.6825,0.3175,2.149606299212598
2024-09-18 15:00:00,0.6825,0.3175,2.149606299212598
2024-09-18 16:00:00,0.6825,0.3175,2.149606299212598
2024-09-18 17:00:00,0.6825,0.3175,2.149606299212598
2024-09-18 18:00:00,0.6825,0.3175,2.149606299212598
2024-09-18 19:00:00,0.6825,0.3175,2.149606299212598
2024-09-18 20:00:00,0.6825,0.3175,2.149606299212598
2024-09-18 21:00:00,0.6825,0.3175,2.149606299212598
2024-09-18 22:00:00,0.6825,0.3175,2.149606299212598
2024-09-18 23:00:00,0.6825,0.3175,2.149606299212598
2024-09-19 00:00:00,0.6825,0.3175,2.149606299212598
2024-09-19 01:00:00,0.6825,0.3175,2.149606299212598
2024-09-19 02:00:00,0.6825,0.3175,2.149606299212598
2024-09-19 03:00:00,0.6825,0.3175,2.149606299212598
2024-09-19 04:00:00,0.6825,0.3175,2.149606299212598
2024-09-19 05:00:00,0.6825,0.3175,2.149606299212598
2024-09-19 06:00:00,0.6825,0.3175,2.149606299212598
2024-09-19 07:00:00,0.6825,0.3175,2.149606299212598
2024-09-19 08:00:00,0.6825,0.3175,2.149606299212598
2024-09-19 09:00:00,0.6825,0.3175,2.149606299212598
2024-09-19 10:00:00,0.6825,0.3175,2.149606299212598
2024-09-19 11:00:00,0.6825,0.3175,2.149606299212598
2024-09-19 12:00:00,0.6825,0.3175,2.149606299212598
2024-09-19 13:00:00,0.6825,0.3175,2.149606299212598
2024-09-19 14:00:00,0.6825,0.3175,2.149606299212598
2024-09-19 15:00:00,0.6825,0.3175,2.149606299212598
2024-09-19 16:00:00,0.6825,0.3175,2.149606299212598
2024-09-19 17:00:00,0.6825,0.3175,2.149606299212598
2024-09-19 18:00:00,0.6825,0.3175,2.149606299212598
2024-09-19 19:00:00,0.6825,0.3175,2.149606299212598
2024-09-19 20:00:00,0.6825,0.3175,2.149606299212598
2024-09-19 21:00:00,0.6825,0.3175,2.149606299212598
2024-09-19 22:00:00,0.6825,0.3175,2.149606299212598
2024-09-19 23:00:00,0.6825,0.3175,2.149606299212598
2024-09-20 00:00:00,0.6825,0.3175,2.149606299212598
2024-09-20 01:00:00,0.6825,0.3175,2.149606299212598
2024-09-20 02:00:00,0.6825,0.3175,2.149606299212598
2024-09-20 03:00:00,0.6825,0.3175,2.149606299212598
2024-09-20 04:00:00,0.6825,0.3175,2.149606299212598
2024-09-20 05:00:00,0.6825,0.3175,2.149606299212598
2024-09-20 06:00:00,0.6825,0.3175,2.149606299212598
2024-09-20 07:00:00,0.6825,0.3175,2.149606299212598
2024-09-20 08:00:00,0.6825,0.3175,2.149606299212598
2024-09-20 09:00:00,0.6825,0.3175,2.149606299212598
2024-09-20 10:00:00,0.6825,0.3175,2.149606299212598
2024-09-20 11:00:00,0.6825,0.3175,2.149606299212598
2024-09-20 12:00:00,0.6825,0.3175,2.149606299212598
2024-09-20 13:00:00,0.6825,0.3175,2.149606299212598
2024-09-20 14:00:00,0.6825,0.3175,2.149606299212598
2024-09-20 15:00:00,0.6825,0.3175,2.149606299212598
2024-09-20 16:00:00,0.6825,0.3175,2.149606299212598
2024-09-20 17:00:00,0.6825,0.3175,2.149606299212598
2024-09-20 18:00:00,0.6825,0.3175,2.149606299212598
2024-09-20 19:00:00,0.6825,0.3175,2.149606299212598
2024-09-20 20:00:00,0.6825,0.3175,2.149606299212598
2024-09-20 21:00:00,0.6825,0.3175,2.149606299212598
2024-09-20 22:00:00,0.6825,0.3175,2.149606299212598
2024-09-20 23:00:00,0.6825,0.3175,2.149606299212598
2024-09-21 00:00:00,0.6825,0.3175,2.149606299212598
2024-09-21 01:00:00,0.6825,0.3175,2.149606299212598
2024-09-21 02:00:00,0.6825,0.3175,2.149606299212598
2024-09-21 03:00:00,0.6825,0.3175,2.149606299212598
2024-09-21 04:00:00,0.6825,0.3175,2.149606299212598
2024-09-21 05:00:00,0.6825,0.3175,2.149606299212598
2024-09-21 06:00:00,0.6825,0.3175,2.149606299212598
2024-09-21 07:00:00,0.6825,0.3175,2.149606299212598
2024-09-21 08:00:00,0.6825,0.3175,2.149606299212598
2024-09-21 09:00:00,0.6825,0.3175,2.149606299212598
2024-09-21 10:00:00,0.6825,0.3175,2.149606299212598
2024-09-21 11:00:00,0.6825,0.3175,2.149606299212598
2024-09-21 12:00:00,0.6825,0.3175,2.149606299212598
2024-09-21 13:00:00,0.6825,0.3175,2.149606299212598
2024-09-21 14:00:00,0.6825,0.3175,2.149606299212598
2024-09-21 15:00:00,0.6825,0.3175,2.149606299212598
2024-09-21 16:00:00,0.6825,0.3175,2.149606299212598
2024-09-21 17:00:00,0.6825,0.3175,2.149606299212598
2024-09-21 18:00:00,0.6825,0.3175,2.149606299212598
2024-09-21 19:00:00,0.6825,0.3175,2.149606299212598
2024-09-21 20:00:00,0.6825,0.3175,2.149606299212598
2024-09-21 21:00:00,0.6825,0.3175,2.149606299212598
2024-09-21 22:00:00,0.6825,0.3175,2.149606299212598
2024-09-21 23:00:00,0.6825,0.3175,2.149606299212598
2024-09-22 00:00:00,0.6825,0.3175,2.149606299212598
2024-09-22 01:00:00,0.6825,0.3175,2.149606299212598
2024-09-22 02:00:00,0.6825,0.3175,2.149606299212598
2024-09-22 03:00:00,0.6825,0.3175,2.149606299212598
2024-09-22 04:00:00,0.6825,0.3175,2.149606299212598
2024-09-22 05:00:00,0.6825,0.3175,2.149606299212598
2024-09-22 06:00:00,0.6825,0.3175,2.149606299212598
2024-09-22 07:00:00,0.6825,0.3175,2.149606299212598
2024-09-22 08:00:00,0.6825,0.3175,2.149606299212598
2024-09-22 09:00:00,0.6825,0.3175,2.149606299212598
2024-09-22 10:00:00,0.6825,0.3175,2.149606299212598
2024-09-22 11:00:00,0.6825,0.3175,2.149606299212598
2024-09-22 12:00:00,0.6825,0.3175,2.149606299212598
2024-09-22 13:00:00,0.6825,0.3175,2.149606299212598
2024-09-22 14:00:00,0.6825,0.3175,2.149606299212598
2024-09-22 15:00:00,0.6825,0.3175,2.149606299212598
2024-09-22 16:00:00,0.6825,0.3175,2.149606299212598
2024-09-22 17:00:00,0.6825,0.3175,2.149606299212598
2024-09-22 18:00:00,0.6825,0.3175,2.149606299212598
2024-09-22 19:00:00,0.6825,0.3175,2.149606299212598
2024-09-22 20:00:00,0.6825,0.3175,2.149606299212598
2024-09-22 21:00:00,0.6825,0.3175,2.149606299212598
2024-09-22 22:00:00,0.6825,0.3175,2.149606299212598
2024-09-22 23:00:00,0.6825,0.3175,2.149606299212598
2024-09-23 00:00:00,0.6825,0.3175,2.149606299212598
2024-09-23 01:00:00,0.6825,0.3175,2.149606299212598
2024-09-23 02:00:00,0.6825,0.3175,2.149606299212598
2024-09-23 03:00:00,0.6825,0.3175,2.149606299212598
2024-09-23 04:00:00,0.6825,0.3175,2.149606299212598
2024-09-23 05:00:00,0.6825,0.3175,2.149606299212598
2024-09-23 06:00:00,0.6825,0.3175,2.149606299212598
2024-09-23 07:00:00,0.6825,0.3175,2.149606299212598
2024-09-23 08:00:00,0.6825,0.3175,2.149606299212598
2024-09-23 09:00:00,0.6825,0.3175,2.149606299212598
2024-09-23 10:00:00,0.6825,0.3175,2.149606299212598
2024-09-23 11:00:00,0.6825,0.3175,2.149606299212598
2024-09-23 12:00:00,0.6825,0.3175,2.149606299212598
2024-09-23 13:00:00,0.6825,0.3175,2.149606299212598
2024-09-23 14:00:00,0.6825,0.3175,2.149606299212598
2024-09-23 15:00:00,0.6825,0.3175,2.149606299212598
2024-09-23 16:00:00,0.6825,0.3175,2.149606299212598
2024-09-23 17:00:00,0.6825,0.3175,2.149606299212598
2024-09-23 18:00:00,0.6825,0.3175,2.149606299212598
2024-09-23 19:00:00,0.6825,0.3175,2.149606299212598
2024-09-23 20:00:00,0.6825,0.3175,2.149606299212598
2024-09-23 21:00:00,0.6825,0.3175,2.149606299212598
2024-09-23 22:00:00,0.6825,0.3175,2.149606299212598
2024-09-23 23:00:00,0.6825,0.3175,2.149606299212598
2024-09-24 00:00:00,0.6825,0.3175,2.149606299212598
2024-09-24 01:00:00,0.6825,0.3175,2.149606299212598
2024-09-24 02:00:00,0.6825,0.3175,2.149606299212598
2024-09-24 03:00:00,0.6825,0.3175,2.149606299212598
2024-09-24 04:00:00,0.6825,0.3175,2.149606299212598
2024-09-24 05:00:00,0.6825,0.3175,2.149606299212598
2024-09-24 06:00:00,0.6825,0.3175,2.149606299212598
2024-09-24 07:00:00,0.6825,0.3175,2.149606299212598
2024-09-24 08:00:00,0.6825,0.3175,2.149606299212598
2024-09-24 09:00:00,0.6825,0.3175,2.149606299212598
2024-09-24 10:00:00,0.6825,0.3175,2.149606299212598
2024-09-24 11:00:00,0.6825,0.3175,2.149606299212598
2024-09-24 12:00:00,0.6825,0.3175,2.149606299212598
2024-09-24 13:00:00,0.6825,0.3175,2.149606299212598
2024-09-24 14:00:00,0.6825,0.3175,2.149606299212598
2024-09-24 15:00:00,0.6825,0.3175,2.149606299212598
2024-09-24 16:00:00,0.6825,0.3175,2.149606299212598
2024-09-24 17:00:00,0.6825,0.3175,2.149606299212598
2024-09-24 18:00:00,0.6825,0.3175,2.149606299212598
2024-09-24 19:00:00,0.6825,0.3175,2.149606299212598
2024-09-24 20:00:00,0.6825,0.3175,2.149606299212598
2024-09-24 21:00:00,0.6825,0.3175,2.149606299212598
2024-09-24 22:00:00,0.6825,0.3175,2.149606299212598
2024-09-24 23:00:00,0.6825,0.3175,2.149606299212598
2024-09-25 00:00:00,0.6825,0.3175,2.149606299212598
2024-09-25 01:00:00,0.6825,0.3175,2.149606299212598
2024-09-25 02:00:00,0.6825,0.3175,2.149606299212598
2024-09-25 03:00:00,0.6825,0.3175,2.149606299212598
2024-09-25 04:00:00,0.6825,0.3175,2.149606299212598
2024-09-25 05:00:00,0.6825,0.3175,2.149606299212598
2024-09-25 06:00:00,0.6825,0.3175,2.149606299212598
2024-09-25 07:00:00,0.6825,0.3175,2.149606299212598
2024-09-25 08:00:00,0.6825,0.3175,2.149606299212598
2024-09-25 09:00:00,0.6825,0.3175,2.149606299212598
2024-09-25 10:00:00,0.6825,0.3175,2.149606299212598
2024-09-25 11:00:00,0.6825,0.3175,2.149606299212598
2024-09-25 12:00:00,0.6825,0.3175,2.149606299212598
2024-09-25 13:00:00,0.6825,0.3175,2.149606299212598
2024-09-25 14:00:00,0.6825,0.3175,2.149606299212598
2024-09-25 15:00:00,0.6825,0.3175,2.149606299212598
2024-09-25 16:00:00,0.6825,0.3175,2.149606299212598
2024-09-25 17:00:00,0.6825,0.3175,2.149606299212598
2024-09-25 18:00:00,0.6825,0.3175,2.149606299212598
2024-09-25 19:00:00,0.6825,0.3175,2.149606299212598
2024-09-25 20:00:00,0.6825,0.3175,2.149606299212598
2024-09-25 21:00:00,0.6825,0.3175,2.149606299212598
2024-09-25 22:00:00,0.6825,0.3175,2.149606299212598
2024-09-25 23:00:00,0.6825,0.3175,2.149606299212598
2024-09-26 00:00:00,0.6825,0.3175,2.149606299212598
2024-09-26 01:00:00,0.6825,0.3175,2.149606299212598
2024-09-26 02:00:00,0.6825,0.3175,2.149606299212598
2024-09-26 03:00:00,0.6825,0.3175,2.149606299212598
2024-09-26 04:00:00,0.6825,0.3175,2.149606299212598
2024-09-26 05:00:00,0.6825,0.3175,2.149606299212598
2024-09-26 06:00:00,0.6825,0.3175,2.149606299212598
2024-09-26 07:00:00,0.6825,0.3175,2.149606299212598
2024-09-26 08:00:00,0.6825,0.3175,2.149606299212598
2024-09-26 09:00:00,0.6825,0.3175,2.149606299212598
2024-09-26 10:00:00,0.6825,0.3175,2.149606299212598
2024-09-26 11:00:00,0.6825,0.3175,2.149606299212598
2024-09-26 12:00:00,0.6825,0.3175,2.149606299212598
2024-09-26 13:00:00,0.6825,0.3175,2.149606299212598
2024-09-26 14:00:00,0.6825,0.3175,2.149606299212598
2024-09-26 15:00:00,0.6825,0.3175,2.149606299212598
2024-09-26 16:00:00,0.6825,0.3175,2.149606299212598
2024-09-26 17:00:00,0.6825,0.3175,2.149606299212598
2024-09-26 18:00:00,0.6825,0.3175,2.149606299212598
2024-09-26 19:00:00,0.6825,0.3175,2.149606299212598
2024-09-26 20:00:00,0.6825,0.3175,2.149606299212598
2024-09-26 21:00:00,0.6825,0.3175,2.149606299212598
2024-09-26 22:00:00,0.6825,0.3175,2.149606299212598
2024-09-26 23:00:00,0.6825,0.3175,2.149606299212598
2024-09-27 00:00:00,0.6825,0.3175,2.149606299212598
2024-09-27 01:00:00,0.6825,0.3175,2.149606299212598
2024-09-27 02:00:00,0.6825,0.3175,2.149606299212598
2024-09-27 03:00:00,0.6825,0.3175,2.149606299212598
2024-09-27 04:00:00,0.6825,0.3175,2.149606299212598
2024-09-27 05:00:00,0.6825,0.3175,2.149606299212598
2024-09-27 06:00:00,0.6825,0.3175,2.149606299212598
2024-09-27 07:00:00,0.6825,0.3175,2.149606299212598
2024-09-27 08:00:00,0.6825,0.3175,2.149606299212598
2024-09-27 09:00:00,0.6825,0.3175,2.149606299212598
2024-09-27 10:00:00,0.6825,0.3175,2.149606299212598
2024-09-27 11:00:00,0.6825,0.3175,2.149606299212598
2024-09-27 12:00:00,0.6825,0.3175,2.149606299212598
2024-09-27 13:00:00,0.6825,0.3175,2.149606299212598
2024-09-27 14:00:00,0.6825,0.3175,2.149606299212598
2024-09-27 15:00:00,0.6825,0.3175,2.149606299212598
2024-09-27 16:00:00,0.6825,0.3175,2.149606299212598
2024-09-27 17:00:00,0.6825,0.3175,2.149606299212598
2024-09-27 18:00:00,0.6825,0.3175,2.149606299212598
2024-09-27 19:00:00,0.6825,0.3175,2.149606299212598
2024-09-27 20:00:00,0.6825,0.3175,2.149606299212598
2024-09-27 21:00:00,0.6825,0.3175,2.149606299212598
2024-09-27 22:00:00,0.6825,0.3175,2.149606299212598
2024-09-27 23:00:00,0.6825,0.3175,2.149606299212598
2024-09-28 00:00:00,0.6825,0.3175,2.149606299212598
2024-09-28 01:00:00,0.6825,0.3175,2.149606299212598
2024-09-28 02:00:00,0.6825,0.3175,2.149606299212598
2024-09-28 03:00:00,0.6825,0.3175,2.149606299212598
2024-09-28 04:00:00,0.6825,0.3175,2.149606299212598
2024-09-28 05:00:00,0.6825,0.3175,2.149606299212598
2024-09-28 06:00:00,0.6825,0.3175,2.149606299212598
2024-09-28 07:00:00,0.6825,0.3175,2.149606299212598
2024-09-28 08:00:00,0.6825,0.3175,2.149606299212598
2024-09-28 09:00:00,0.6825,0.3175,2.149606299212598
2024-09-28 10:00:00,0.6825,0.3175,2.149606299212598
2024-09-28 11:00:00,0.6825,0.3175,2.149606299212598
2024-09-28 12:00:00,0.6825,0.3175,2.149606299212598
2024-09-28 13:00:00,0.6825,0.3175,2.149606299212598
2024-09-28 14:00:00,0.6825,0.3175,2.149606299212598
2024-09-28 15:00:00,0.6825,0.3175,2.149606299212598
2024-09-28 16:00:00,0.6825,0.3175,2.149606299212598
2024-09-28 17:00:00,0.6825,0.3175,2.149606299212598
2024-09-28 18:00:00,0.6825,0.3175,2.149606299212598
2024-09-28 19:00:00,0.6825,0.3175,2.149606299212598
2024-09-28 20:00:00,0.6825,0.3175,2.149606299212598
2024-09-28 21:00:00,0.6825,0.3175,2.149606299212598
2024-09-28 22:00:00,0.6825,0.3175,2.149606299212598
2024-09-28 23:00:00,0.6825,0.3175,2.149606299212598
2024-09-29 00:00:00,0.6825,0.3175,2.149606299212598
2024-09-29 01:00:00,0.6825,0.3175,2.149606299212598
2024-09-29 02:00:00,0.6825,0.3175,2.149606299212598
2024-09-29 03:00:00,0.6825,0.3175,2.149606299212598
2024-09-29 04:00:00,0.6825,0.3175,2.149606299212598
2024-09-29 05:00:00,0.6825,0.3175,2.149606299212598
2024-09-29 06:00:00,0.6825,0.3175,2.149606299212598
2024-09-29 07:00:00,0.6825,0.3175,2.149606299212598
2024-09-29 08:00:00,0.6825,0.3175,2.149606299212598
2024-09-29 09:00:00,0.6825,0.3175,2.149606299212598
2024-09-29 10:00:00,0.6825,0.3175,2.149606299212598
2024-09-29 11:00:00,0.6825,0.3175,2.149606299212598
2024-09-29 12:00:00,0.6825,0.3175,2.149606299212598
2024-09-29 13:00:00,0.6825,0.3175,2.149606299212598
2024-09-29 14:00:00,0.6825,0.3175,2.149606299212598
2024-09-29 15:00:00,0.6825,0.3175,2.149606299212598
2024-09-29 16:00:00,0.6825,0.3175,2.149606299212598
2024-09-29 17:00:00,0.6825,0.3175,2.149606299212598
2024-09-29 18:00:00,0.6825,0.3175,2.149606299212598
2024-09-29 19:00:00,0.6825,0.3175,2.149606299212598
2024-09-29 20:00:00,0.6825,0.3175,2.149606299212598
2024-09-29 21:00:00,0.6825,0.3175,2.149606299212598
2024-09-29 22:00:00,0.6825,0.3175,2.149606299212598
2024-09-29 23:00:00,0.6825,0.3175,2.149606299212598
2024-09-30 00:00:00,0.6825,0.3175,2.149606299212598
2024-09-30 01:00:00,0.6825,0.3175,2.149606299212598
2024-09-30 02:00:00,0.6825,0.3175,2.149606299212598
2024-09-30 03:00:00,0.6825,0.3175,2.149606299212598
2024-09-30 04:00:00,0.6825,0.3175,2.149606299212598
2024-09-30 05:00:00,0.6825,0.3175,2.149606299212598
2024-09-30 06:00:00,0.6825,0.3175,2.149606299212598
2024-09-30 07:00:00,0.6825,0.3175,2.149606299212598
2024-09-30 08:00:00,0.6825,0.3175,2.149606299212598
2024-09-30 09:00:00,0.6825,0.3175,2.149606299212598
2024-09-30 10:00:00,0.6825,0.3175,2.149606299212598
2024-09-30 11:00:00,0.6825,0.3175,2.149606299212598
2024-09-30 12:00:00,0.6825,0.3175,2.149606299212598
2024-09-30 13:00:00,0.6825,0.3175,2.149606299212598
2024-09-30 14:00:00,0.6825,0.3175,2.149606299212598
2024-09-30 15:00:00,0.6825,0.3175,2.149606299212598
2024-09-30 16:00:00,0.6825,0.3175,2.149606299212598
2024-09-30 17:00:00,0.6825,0.3175,2.149606299212598
2024-09-30 18:00:00,0.6825,0.3175,2.149606299212598
2024-09-30 19:00:00,0.6825,0.3175,2.149606299212598
2024-09-30 20:00:00,0.6825,0.3175,2.149606299212598
2024-09-30 21:00:00,0.6825,0.3175,2.149606299212598
2024-09-30 22:00:00,0.6825,0.3175,2.149606299212598
2024-09-30 23:00:00,0.6825,0.3175,2.149606299212598
2024-10-01 00:00:00,0.6825,0.3175,2.149606299212598
2024-10-01 01:00:00,0.6825,0.3175,2.149606299212598
2024-10-01 02:00:00,0.6825,0.3175,2.149606299212598
2024-10-01 03:00:00,0.6825,0.3175,2.149606299212598
2024-10-01 04:00:00,0.6825,0.3175,2.149606299212598
2024-10-01 05:00:00,0.6825,0.3175,2.149606299212598
2024-10-01 06:00:00,0.6825,0.3175,2.149606299212598
2024-10-01 07:00:00,0.6825,0.3175,2.149606299212598
2024-10-01 08:00:00,0.6825,0.3175,2.149606299212598
2024-10-01 09:00:00,0.6825,0.3175,2.149606299212598
2024-10-01 10:00:00,0.6825,0.3175,2.149606299212598
2024-10-01 11:00:00,0.6825,0.3175,2.149606299212598
2024-10-01 12:00:00,0.6825,0.3175,2.149606299212598
2024-10-01 13:00:00,0.6825,0.3175,2.149606299212598
2024-10-01 14:00:00,0.6825,0.3175,2.149606299212598
2024-10-01 15:00:00,0.6825,0.3175,2.149606299212598
2024-10-01 16:00:00,0.6825,0.3175,2.149606299212598
2024-10-01 17:00:00,0.6825,0.3175,2.149606299212598
2024-10-01 18:00:00,0.6825,0.3175,2.149606299212598
2024-10-01 19:00:00,0.6825,0.3175,2.149606299212598
2024-10-01 20:00:00,0.6825,0.3175,2.149606299212598
2024-10-01 21:00:00,0.6825,0.3175,2.149606299212598
2024-10-01 22:00:00,0.6825,0.3175,2.149606299212598
2024-10-01 23:00:00,0.6825,0.3175,2.149606299212598
2024-10-02 00:00:00,0.6825,0.3175,2.149606299212598
2024-10-02 01:00:00,0.6825,0.3175,2.149606299212598
2024-10-02 02:00:00,0.6825,0.3175,2.149606299212598
2024-10-02 03:00:00,0.6825,0.3175,2.149606299212598
2024-10-02 04:00:00,0.6825,0.3175,2.149606299212598
2024-10-02 05:00:00,0.6825,0.3175,2.149606299212598
2024-10-02 06:00:00,0.6825,0.3175,2.149606299212598
2024-10-02 07:00:00,0.6825,0.3175,2.149606299212598
2024-10-02 08:00:00,0.6825,0.3175,2.149606299212598
2024-10-02 09:00:00,0.6825,0.3175,2.149606299212598
2024-10-02 10:00:00,0.6825,0.3175,2.149606299212598
2024-10-02 11:00:00,0.6825,0.3175,2.149606299212598
2024-10-02 12:00:00,0.6825,0.3175,2.149606299212598
2024-10-02 13:00:00,0.6825,0.3175,2.149606299212598
2024-10-02 14:00:00,0.6825,0.3175,2.149606299212598
2024-10-02 15:00:00,0.6825,0.3175,2.149606299212598
2024-10-02 16:00:00,0.6825,0.3175,2.149606299212598
2024-10-02 17:00:00,0.6825,0.3175,2.149606299212598
2024-10-02 18:00:00,0.6825,0.3175,2.149606299212598
2024-10-02 19:00:00,0.6825,0.3175,2.149606299212598
2024-10-02 20:00:00,0.6825,0.3175,2.149606299212598
2024-10-02 21:00:00,0.6825,0.3175,2.149606299212598
2024-10-02 22:00:00,0.6825,0.3175,2.149606299212598
2024-10-02 23:00:00,0.6825,0.3175,2.149606299212598
2024-10-03 00:00:00,0.6825,0.3175,2.149606299212598
2024-10-03 01:00:00,0.6825,0.3175,2.149606299212598
2024-10-03 02:00:00,0.6825,0.3175,2.149606299212598
2024-10-03 03:00:00,0.6825,0.3175,2.149606299212598
2024-10-03 04:00:00,0.6825,0.3175,2.149606299212598
2024-10-03 05:00:00,0.6825,0.3175,2.149606299212598
2024-10-03 06:00:00,0.6825,0.3175,2.149606299212598
2024-10-03 07:00:00,0.6825,0.3175,2.149606299212598
2024-10-03 08:00:00,0.6825,0.3175,2.149606299212598
2024-10-03 09:00:00,0.6825,0.3175,2.149606299212598
2024-10-03 10:00:00,0.6825,0.3175,2.149606299212598
2024-10-03 11:00:00,0.6825,0.3175,2.149606299212598
2024-10-03 12:00:00,0.6825,0.3175,2.149606299212598
2024-10-03 13:00:00,0.6825,0.3175,2.149606299212598
2024-10-03 14:00:00,0.6825,0.3175,2.149606299212598
2024-10-03 15:00:00,0.6825,0.3175,2.149606299212598
2024-10-03 16:00:00,0.6825,0.3175,2.149606299212598
2024-10-03 17:00:00,0.6825,0.3175,2.149606299212598
2024-10-03 18:00:00,0.6825,0.3175,2.149606299212598
2024-10-03 19:00:00,0.6825,0.3175,2.149606299212598
2024-10-03 20:00:00,0.6825,0.3175,2.149606299212598
2024-10-03 21:00:00,0.6825,0.3175,2.149606299212598
2024-10-03 22:00:00,0.6825,0.3175,2.149606299212598
2024-10-03 23:00:00,0.6825,0.3175,2.149606299212598
2024-10-04 00:00:00,0.6825,0.3175,2.149606299212598
2024-10-04 01:00:00,0.6825,0.3175,2.149606299212598
2024-10-04 02:00:00,0.6825,0.3175,2.149606299212598
2024-10-04 03:00:00,0.6825,0.3175,2.149606299212598
2024-10-04 04:00:00,0.6825,0.3175,2.149606299212598
2024-10-04 05:00:00,0.6825,0.3175,2.149606299212598
2024-10-04 06:00:00,0.6825,0.3175,2.149606299212598
2024-10-04 07:00:00,0.6825,0.3175,2.149606299212598
2024-10-04 08:00:00,0.6825,0.3175,2.149606299212598
2024-10-04 09:00:00,0.6825,0.3175,2.149606299212598
2024-10-04 10:00:00,0.6825,0.3175,2.149606299212598
2024-10-04 11:00:00,0.6825,0.3175,2.149606299212598
2024-10-04 12:00:00,0.6825,0.3175,2.149606299212598
2024-10-04 13:00:00,0.6825,0.3175,2.149606299212598
2024-10-04 14:00:00,0.6825,0.3175,2.149606299212598
2024-10-04 15:00:00,0.6825,0.3175,2.149606299212598
2024-10-04 16:00:00,0.6825,0.3175,2.149606299212598
2024-10-04 17:00:00,0.6825,0.3175,2.149606299212598
2024-10-04 18:00:00,0.6825,0.3175,2.149606299212598
2024-10-04 19:00:00,0.6825,0.3175,2.149606299212598
2024-10-04 20:00:00,0.6825,0.3175,2.149606299212598
2024-10-04 21:00:00,0.6825,0.3175,2.149606299212598
2024-10-04 22:00:00,0.6825,0.3175,2.149606299212598
2024-10-04 23:00:00,0.6825,0.3175,2.149606299212598
2024-10-05 00:00:00,0.6825,0.3175,2.149606299212598
2024-10-05 01:00:00,0.6825,0.3175,2.149606299212598
2024-10-05 02:00:00,0.6825,0.3175,2.149606299212598
2024-10-05 03:00:00,0.6825,0.3175,2.149606299212598
2024-10-05 04:00:00,0.6825,0.3175,2.149606299212598
2024-10-05 05:00:00,0.6825,0.3175,2.149606299212598
2024-10-05 06:00:00,0.6825,0.3175,2.149606299212598
2024-10-05 07:00:00,0.6825,0.3175,2.149606299212598
2024-10-05 08:00:00,0.6825,0.3175,2.149606299212598
2024-10-05 09:00:00,0.6825,0.3175,2.149606299212598
2024-10-05 10:00:00,0.6825,0.3175,2.149606299212598
2024-10-05 11:00:00,0.6825,0.3175,2.149606299212598
2024-10-05 12:00:00,0.6825,0.3175,2.149606299212598
2024-10-05 13:00:00,0.6825,0.3175,2.149606299212598
2024-10-05 14:00:00,0.6825,0.3175,2.149606299212598
2024-10-05 15:00:00,0.6825,0.3175,2.149606299212598
2024-10-05 16:00:00,0.6825,0.3175,2.149606299212598
2024-10-05 17:00:00,0.6825,0.3175,2.149606299212598
2024-10-05 18:00:00,0.6825,0.3175,2.149606299212598
2024-10-05 19:00:00,0.6825,0.3175,2.149606299212598
2024-10-05 20:00:00,0.6825,0.3175,2.149606299212598
2024-10-05 21:00:00,0.6825,0.3175,2.149606299212598
2024-10-05 22:00:00,0.6825,0.3175,2.149606299212598
2024-10-05 23:00:00,0.6825,0.3175,2.149606299212598
2024-10-06 00:00:00,0.6825,0.3175,2.149606299212598
2024-10-06 01:00:00,0.6825,0.3175,2.149606299212598
2024-10-06 02:00:00,0.6825,0.3175,2.149606299212598
2024-10-06 03:00:00,0.6825,0.3175,2.149606299212598
2024-10-06 04:00:00,0.6825,0.3175,2.149606299212598
2024-10-06 05:00:00,0.6825,0.3175,2.149606299212598
2024-10-06 06:00:00,0.6825,0.3175,2.149606299212598
2024-10-06 07:00:00,0.6825,0.3175,2.149606299212598
2024-10-06 08:00:00,0.6825,0.3175,2.149606299212598
2024-10-06 09:00:00,0.6825,0.3175,2.149606299212598
2024-10-06 10:00:00,0.6825,0.3175,2.149606299212598
2024-10-06 11:00:00,0.6825,0.3175,2.149606299212598
2024-10-06 12:00:00,0.6825,0.3175,2.149606299212598
2024-10-06 13:00:00,0.6825,0.3175,2.149606299212598
2024-10-06 14:00:00,0.6825,0.3175,2.149606299212598
2024-10-06 15:00:00,0.6825,0.3175,2.149606299212598
2024-10-06 16:00:00,0.6825,0.3175,2.149606299212598
2024-10-06 17:00:00,0.6825,0.3175,2.149606299212598
2024-10-06 18:00:00,0.6825,0.3175,2.149606299212598
2024-10-06 19:00:00,0.6825,0.3175,2.149606299212598
2024-10-06 20:00:00,0.6825,0.3175,2.149606299212598
2024-10-06 21:00:00,0.6825,0.3175,2.149606299212598
2024-10-06 22:00:00,0.6825,0.3175,2.149606299212598
2024-10-06 23:00:00,0.6825,0.3175,2.149606299212598
2024-10-07 00:00:00,0.6825,0.3175,2.149606299212598
2024-10-07 01:00:00,0.6825,0.3175,2.149606299212598
2024-10-07 02:00:00,0.6825,0.3175,2.149606299212598
2024-10-07 03:00:00,0.6825,0.3175,2.149606299212598
2024-10-07 04:00:00,0.6825,0.3175,2.149606299212598
2024-10-07 05:00:00,0.6825,0.3175,2.149606299212598
2024-10-07 06:00:00,0.6825,0.3175,2.149606299212598
2024-10-07 07:00:00,0.6825,0.3175,2.149606299212598
2024-10-07 08:00:00,0.6825,0.3175,2.149606299212598
2024-10-07 09:00:00,0.6825,0.3175,2.149606299212598
2024-10-07 10:00:00,0.6825,0.3175,2.149606299212598
2024-10-07 11:00:00,0.6825,0.3175,2.149606299212598
2024-10-07 12:00:00,0.6825,0.3175,2.149606299212598
2024-10-07 13:00:00,0.6825,0.3175,2.149606299212598
2024-10-07 14:00:00,0.6825,0.3175,2.149606299212598
2024-10-07 15:00:00,0.6825,0.3175,2.149606299212598
2024-10-07 16:00:00,0.6825,0.3175,2.149606299212598
2024-10-07 17:00:00,0.6825,0.3175,2.149606299212598
2024-10-07 18:00:00,0.6825,0.3175,2.149606299212598
2024-10-07 19:00:00,0.6825,0.3175,2.149606299212598
2024-10-07 20:00:00,0.6825,0.3175,2.149606299212598
2024-10-07 21:00:00,0.6825,0.3175,2.149606299212598
2024-10-07 22:00:00,0.6825,0.3175,2.149606299212598
2024-10-07 23:00:00,0.6825,0.3175,2.149606299212598
2024-10-08 00:00:00,0.6825,0.3175,2.149606299212598
2024-10-08 01:00:00,0.6825,0.3175,2.149606299212598
2024-10-08 02:00:00,0.6825,0.3175,2.149606299212598
2024-10-08 03:00:00,0.6825,0.3175,2.149606299212598
2024-10-08 04:00:00,0.6825,0.3175,2.149606299212598
2024-10-08 05:00:00,0.6825,0.3175,2.149606299212598
2024-10-08 06:00:00,0.6825,0.3175,2.149606299212598
2024-10-08 07:00:00,0.6825,0.3175,2.149606299212598
2024-10-08 08:00:00,0.6825,0.3175,2.149606299212598
2024-10-08 09:00:00,0.6825,0.3175,2.149606299212598
2024-10-08 10:00:00,0.6825,0.3175,2.149606299212598
2024-10-08 11:00:00,0.6825,0.3175,2.149606299212598
2024-10-08 12:00:00,0.6825,0.3175,2.149606299212598
2024-10-08 13:00:00,0.6825,0.3175,2.149606299212598
2024-10-08 14:00:00,0.6825,0.3175,2.149606299212598
2024-10-08 15:00:00,0.6825,0.3175,2.149606299212598
2024-10-08 16:00:00,0.6825,0.3175,2.149606299212598
2024-10-08 17:00:00,0.6825,0.3175,2.149606299212598
2024-10-08 18:00:00,0.6825,0.3175,2.149606299212598
2024-10-08 19:00:00,0.6825,0.3175,2.149606299212598
2024-10-08 20:00:00,0.6825,0.3175,2.149606299212598
2024-10-08 21:00:00,0.6825,0.3175,2.149606299212598
2024-10-08 22:00:00,0.6825,0.3175,2.149606299212598
2024-10-08 23:00:00,0.6825,0.3175,2.149606299212598
2024-10-09 00:00:00,0.6825,0.3175,2.149606299212598
2024-10-09 01:00:00,0.6825,0.3175,2.149606299212598
2024-10-09 02:00:00,0.6825,0.3175,2.149606299212598
2024-10-09 03:00:00,0.6825,0.3175,2.149606299212598
2024-10-09 04:00:00,0.6825,0.3175,2.149606299212598
2024-10-09 05:00:00,0.6825,0.3175,2.149606299212598
2024-10-09 06:00:00,0.6825,0.3175,2.149606299212598
2024-10-09 07:00:00,0.6825,0.3175,2.149606299212598
2024-10-09 08:00:00,0.6825,0.3175,2.149606299212598
2024-10-09 09:00:00,0.6825,0.3175,2.149606299212598
2024-10-09 10:00:00,0.6825,0.3175,2.149606299212598
2024-10-09 11:00:00,0.6825,0.3175,2.149606299212598
2024-10-09 12:00:00,0.6825,0.3175,2.149606299212598
2024-10-09 13:00:00,0.6825,0.3175,2.149606299212598
2024-10-09 14:00:00,0.6825,0.3175,2.149606299212598
2024-10-09 15:00:00,0.6825,0.3175,2.149606299212598
2024-10-09 16:00:00,0.6825,0.3175,2.149606299212598
2024-10-09 17:00:00,0.6825,0.3175,2.149606299212598
2024-10-09 18:00:00,0.6825,0.3175,2.149606299212598
2024-10-09 19:00:00,0.6825,0.3175,2.149606299212598
2024-10-09 20:00:00,0.6825,0.3175,2.149606299212598
2024-10-09 21:00:00,0.6825,0.3175,2.149606299212598
2024-10-09 22:00:00,0.6825,0.3175,2.149606299212598
2024-10-09 23:00:00,0.6825,0.3175,2.149606299212598
2024-10-10 00:00:00,0.6825,0.3175,2.149606299212598
2024-10-10 01:00:00,0.6825,0.3175,2.149606299212598
2024-10-10 02:00:00,0.6825,0.3175,2.149606299212598
2024-10-10 03:00:00,0.6825,0.3175,2.149606299212598
2024-10-10 04:00:00,0.6825,0.3175,2.149606299212598
2024-10-10 05:00:00,0.6825,0.3175,2.149606299212598
2024-10-10 06:00:00,0.6825,0.3175,2.149606299212598
2024-10-10 07:00:00,0.6825,0.3175,2.149606299212598
2024-10-10 08:00:00,0.6825,0.3175,2.149606299212598
2024-10-10 09:00:00,0.6825,0.3175,2.149606299212598
2024-10-10 10:00:00,0.6825,0.3175,2.149606299212598
2024-10-10 11:00:00,0.6825,0.3175,2.149606299212598
2024-10-10 12:00:00,0.6825,0.3175,2.149606299212598
2024-10-10 13:00:00,0.6825,0.3175,2.149606299212598
2024-10-10 14:00:00,0.6825,0.3175,2.149606299212598
2024-10-10 15:00:00,0.6825,0.3175,2.149606299212598
2024-10-10 16:00:00,0.6825,0.3175,2.149606299212598
2024-10-10 17:00:00,0.6825,0.3175,2.149606299212598
2024-10-10 18:00:00,0.6825,0.3175,2.149606299212598
2024-10-10 19:00:00,0.6825,0.3175,2.149606299212598
2024-10-10 20:00:00,0.6825,0.3175,2.149606299212598
2024-10-10 21:00:00,0.6825,0.3175,2.149606299212598
2024-10-10 22:00:00,0.6825,0.3175,2.149606299212598
2024-10-10 23:00:00,0.6825,0.3175,2.149606299212598
2024-10-11 00:00:00,0.6825,0.3175,2.149606299212598
2024-10-11 01:00:00,0.6825,0.3175,2.149606299212598
2024-10-11 02:00:00,0.6825,0.3175,2.149606299212598
2024-10-11 03:00:00,0.6825,0.3175,2.149606299212598
2024-10-11 04:00:00,0.6825,0.3175,2.149606299212598
2024-10-11 05:00:00,0.6825,0.3175,2.149606299212598
2024-10-11 06:00:00,0.6825,0.3175,2.149606299212598
2024-10-11 07:00:00,0.6825,0.3175,2.149606299212598
2024-10-11 08:00:00,0.6825,0.3175,2.149606299212598
2024-10-11 09:00:00,0.6825,0.3175,2.149606299212598
2024-10-11 10:00:00,0.6825,0.3175,2.149606299212598
2024-10-11 11:00:00,0.6825,0.3175,2.149606299212598
2024-10-11 12:00:00,0.6825,0.3175,2.149606299212598
2024-10-11 13:00:00,0.6825,0.3175,2.149606299212598
2024-10-11 14:00:00,0.6825,0.3175,2.149606299212598
2024-10-11 15:00:00,0.6825,0.3175,2.149606299212598
2024-10-11 16:00:00,0.6825,0.3175,2.149606299212598
2024-10-11 17:00:00,0.6825,0.3175,2.149606299212598
2024-10-11 18:00:00,0.6825,0.3175,2.149606299212598
2024-10-11 19:00:00,0.6825,0.3175,2.149606299212598
2024-10-11 20:00:00,0.6825,0.3175,2.149606299212598
2024-10-11 21:00:00,0.6825,0.3175,2.149606299212598
2024-10-11 22:00:00,0.6825,0.3175,2.149606299212598
2024-10-11 23:00:00,0.6825,0.3175,2.149606299212598
2024-10-12 00:00:00,0.6825,0.3175,2.149606299212598
2024-10-12 01:00:00,0.6825,0.3175,2.149606299212598
2024-10-12 02:00:00,0.6825,0.3175,2.149606299212598
2024-10-12 03:00:00,0.6825,0.3175,2.149606299212598
2024-10-12 04:00:00,0.6825,0.3175,2.149606299212598
2024-10-12 05:00:00,0.6825,0.3175,2.149606299212598
2024-10-12 06:00:00,0.6825,0.3175,2.149606299212598
2024-10-12 07:00:00,0.6825,0.3175,2.149606299212598
2024-10-12 08:00:00,0.6825,0.3175,2.149606299212598
2024-10-12 09:00:00,0.6825,0.3175,2.149606299212598
2024-10-12 10:00:00,0.6825,0.3175,2.149606299212598
2024-10-12 11:00:00,0.6825,0.3175,2.149606299212598
2024-10-12 12:00:00,0.6825,0.3175,2.149606299212598
2024-10-12 13:00:00,0.6825,0.3175,2.149606299212598
2024-10-12 14:00:00,0.6825,0.3175,2.149606299212598
2024-10-12 15:00:00,0.6825,0.3175,2.149606299212598
2024-10-12 16:00:00,0.6825,0.3175,2.149606299212598
2024-10-12 17:00:00,0.6825,0.3175,2.149606299212598
2024-10-12 18:00:00,0.6825,0.3175,2.149606299212598
2024-10-12 19:00:00,0.6825,0.3175,2.149606299212598
2024-10-12 20:00:00,0.6825,0.3175,2.149606299212598
2024-10-12 21:00:00,0.6825,0.3175,2.149606299212598
2024-10-12 22:00:00,0.6825,0.3175,2.149606299212598
2024-10-12 23:00:00,0.6825,0.3175,2.149606299212598
2024-10-13 00:00:00,0.6825,0.3175,2.149606299212598
2024-10-13 01:00:00,0.6825,0.3175,2.149606299212598
2024-10-13 02:00:00,0.6825,0.3175,2.149606299212598
2024-10-13 03:00:00,0.6825,0.3175,2.149606299212598
2024-10-13 04:00:00,0.6825,0.3175,2.149606299212598
2024-10-13 05:00:00,0.6825,0.3175,2.149606299212598
2024-10-13 06:00:00,0.6825,0.3175,2.149606299212598
2024-10-13 07:00:00,0.6825,0.3175,2.149606299212598
2024-10-13 08:00:00,0.6825,0.3175,2.149606299212598
2024-10-13 09:00:00,0.6825,0.3175,2.149606299212598
2024-10-13 10:00:00,0.6825,0.3175,2.149606299212598
2024-10-13 11:00:00,0.6825,0.3175,2.149606299212598
2024-10-13 12:00:00,0.6825,0.3175,2.149606299212598
2024-10-13 13:00:00,0.6825,0.3175,2.149606299212598
2024-10-13 14:00:00,0.6825,0.3175,2.149606299212598
2024-10-13 15:00:00,0.6825,0.3175,2.149606299212598
2024-10-13 16:00:00,0.6825,0.3175,2.149606299212598
2024-10-13 17:00:00,0.6825,0.3175,2.149606299212598
2024-10-13 18:00:00,0.6825,0.3175,2.149606299212598
2024-10-13 19:00:00,0.6825,0.3175,2.149606299212598
2024-10-13 20:00:00,0.6825,0.3175,2.149606299212598
2024-10-13 21:00:00,0.6825,0.3175,2.149606299212598
2024-10-13 22:00:00,0.6825,0.3175,2.149606299212598
2024-10-13 23:00:00,0.6825,0.3175,2.149606299212598
2024-10-14 00:00:00,0.6825,0.3175,2.149606299212598
2024-10-14 01:00:00,0.6825,0.3175,2.149606299212598
2024-10-14 02:00:00,0.6825,0.3175,2.149606299212598
2024-10-14 03:00:00,0.6825,0.3175,2.149606299212598
2024-10-14 04:00:00,0.6825,0.3175,2.149606299212598
2024-10-14 05:00:00,0.6825,0.3175,2.149606299212598
2024-10-14 06:00:00,0.6825,0.3175,2.149606299212598
2024-10-14 07:00:00,0.6825,0.3175,2.149606299212598
2024-10-14 08:00:00,0.6825,0.3175,2.149606299212598
2024-10-14 09:00:00,0.6825,0.3175,2.149606299212598
2024-10-14 10:00:00,0.6825,0.3175,2.149606299212598
2024-10-14 11:00:00,0.6825,0.3175,2.149606299212598
2024-10-14 12:00:00,0.6825,0.3175,2.149606299212598
2024-10-14 13:00:00,0.6825,0.3175,2.149606299212598
2024-10-14 14:00:00,0.6825,0.3175,2.149606299212598
2024-10-14 15:00:00,0.6825,0.3175,2.149606299212598
2024-10-14 16:00:00,0.6825,0.3175,2.149606299212598
2024-10-14 17:00:00,0.6825,0.3175,2.149606299212598
2024-10-14 18:00:00,0.6825,0.3175,2.149606299212598
2024-10-14 19:00:00,0.6825,0.3175,2.149606299212598
2024-10-14 20:00:00,0.6825,0.3175,2.149606299212598
2024-10-14 21:00:00,0.6825,0.3175,2.149606299212598
2024-10-14 22:00:00,0.6825,0.3175,2.149606299212598
2024-10-14 23:00:00,0.6825,0.3175,2.149606299212598
2024-10-15 00:00:00,0.6825,0.3175,2.149606299212598
2024-10-15 01:00:00,0.6825,0.3175,2.149606299212598
2024-10-15 02:00:00,0.6825,0.3175,2.149606299212598
2024-10-15 03:00:00,0.6825,0.3175,2.149606299212598
2024-10-15 04:00:00,0.6825,0.3175,2.149606299212598
2024-10-15 05:00:00,0.6825,0.3175,2.149606299212598
2024-10-15 06:00:00,0.6825,0.3175,2.149606299212598
2024-10-15 07:00:00,0.6825,0.3175,2.149606299212598
2024-10-15 08:00:00,0.6825,0.3175,2.149606299212598
2024-10-15 09:00:00,0.6825,0.3175,2.149606299212598
2024-10-15 10:00:00,0.6825,0.3175,2.149606299212598
2024-10-15 11:00:00,0.6825,0.3175,2.149606299212598
2024-10-15 12:00:00,0.6825,0.3175,2.149606299212598
2024-10-15 13:00:00,0.6825,0.3175,2.149606299212598
2024-10-15 14:00:00,0.6825,0.3175,2.149606299212598
2024-10-15 15:00:00,0.6825,0.3175,2.149606299212598
2024-10-15 16:00:00,0.6825,0.3175,2.149606299212598
2024-10-15 17:00:00,0.6825,0.3175,2.149606299212598
2024-10-15 18:00:00,0.6825,0.3175,2.149606299212598
2024-10-15 19:00:00,0.6825,0.3175,2.149606299212598
2024-10-15 20:00:00,0.6825,0.3175,2.149606299212598
2024-10-15 21:00:00,0.6825,0.3175,2.149606299212598
2024-10-15 22:00:00,0.6825,0.3175,2.149606299212598
2024-10-15 23:00:00,0.6825,0.3175,2.149606299212598
2024-10-16 00:00:00,0.6825,0.3175,2.149606299212598
2024-10-16 01:00:00,0.6825,0.3175,2.149606299212598
2024-10-16 02:00:00,0.6825,0.3175,2.149606299212598
2024-10-16 03:00:00,0.6825,0.3175,2.149606299212598
2024-10-16 04:00:00,0.6825,0.3175,2.149606299212598
2024-10-16 05:00:00,0.6825,0.3175,2.149606299212598
2024-10-16 06:00:00,0.6825,0.3175,2.149606299212598
2024-10-16 07:00:00,0.6825,0.3175,2.149606299212598
2024-10-16 08:00:00,0.6825,0.3175,2.149606299212598
2024-10-16 09:00:00,0.6825,0.3175,2.149606299212598
2024-10-16 10:00:00,0.6825,0.3175,2.149606299212598
2024-10-16 11:00:00,0.6825,0.3175,2.149606299212598
2024-10-16 12:00:00,0.6825,0.3175,2.149606299212598
2024-10-16 13:00:00,0.6825,0.3175,2.149606299212598
2024-10-16 14:00:00,0.6825,0.3175,2.149606299212598
2024-10-16 15:00:00,0.6825,0.3175,2.149606299212598
2024-10-16 16:00:00,0.6825,0.3175,2.149606299212598
2024-10-16 17:00:00,0.6825,0.3175,2.149606299212598
2024-10-16 18:00:00,0.6825,0.3175,2.149606299212598
2024-10-16 19:00:00,0.6825,0.3175,2.149606299212598
2024-10-16 20:00:00,0.6825,0.3175,2.149606299212598
2024-10-16 21:00:00,0.6825,0.3175,2.149606299212598
2024-10-16 22:00:00,0.6825,0.3175,2.149606299212598
2024-10-16 23:00:00,0.6825,0.3175,2.149606299212598
2024-10-17 00:00:00,0.6825,0.3175,2.149606299212598
2024-10-17 01:00:00,0.6825,0.3175,2.149606299212598
2024-10-17 02:00:00,0.6825,0.3175,2.149606299212598
2024-10-17 03:00:00,0.6825,0.3175,2.149606299212598
2024-10-17 04:00:00,0.6825,0.3175,2.149606299212598
2024-10-17 05:00:00,0.6825,0.3175,2.149606299212598
2024-10-17 06:00:00,0.6825,0.3175,2.149606299212598
2024-10-17 07:00:00,0.6825,0.3175,2.149606299212598
2024-10-17 08:00:00,0.6825,0.3175,2.149606299212598
2024-10-17 09:00:00,0.6825,0.3175,2.149606299212598
2024-10-17 10:00:00,0.6825,0.3175,2.149606299212598
2024-10-17 11:00:00,0.6825,0.3175,2.149606299212598
2024-10-17 12:00:00,0.6825,0.3175,2.149606299212598
2024-10-17 13:00:00,0.6825,0.3175,2.149606299212598
2024-10-17 14:00:00,0.6825,0.3175,2.149606299212598
2024-10-17 15:00:00,0.6825,0.3175,2.149606299212598
2024-10-17 16:00:00,0.6825,0.3175,2.149606299212598
2024-10-17 17:00:00,0.6825,0.3175,2.149606299212598
2024-10-17 18:00:00,0.6825,0.3175,2.149606299212598
2024-10-17 19:00:00,0.6825,0.3175,2.149606299212598
2024-10-17 20:00:00,0.6825,0.3175,2.149606299212598
2024-10-17 21:00:00,0.6825,0.3175,2.149606299212598
2024-10-17 22:00:00,0.6825,0.3175,2.149606299212598
2024-10-17 23:00:00,0.6825,0.3175,2.149606299212598
2024-10-18 00:00:00,0.6825,0.3175,2.149606299212598
2024-10-18 01:00:00,0.6825,0.3175,2.149606299212598
2024-10-18 02:00:00,0.6825,0.3175,2.149606299212598
2024-10-18 03:00:00,0.6825,0.3175,2.149606299212598
2024-10-18 04:00:00,0.6825,0.3175,2.149606299212598
2024-10-18 05:00:00,0.6825,0.3175,2.149606299212598
2024-10-18 06:00:00,0.6825,0.3175,2.149606299212598
2024-10-18 07:00:00,0.6825,0.3175,2.149606299212598
2024-10-18 08:00:00,0.6825,0.3175,2.149606299212598
2024-10-18 09:00:00,0.6825,0.3175,2.149606299212598
2024-10-18 10:00:00,0.6825,0.3175,2.149606299212598
2024-10-18 11:00:00,0.6825,0.3175,2.149606299212598
2024-10-18 12:00:00,0.6825,0.3175,2.149606299212598
2024-10-18 13:00:00,0.6825,0.3175,2.149606299212598
2024-10-18 14:00:00,0.6825,0.3175,2.149606299212598
2024-10-18 15:00:00,0.6825,0.3175,2.149606299212598
2024-10-18 16:00:00,0.6825,0.3175,2.149606299212598
2024-10-18 17:00:00,0.6825,0.3175,2.149606299212598
2024-10-18 18:00:00,0.6825,0.3175,2.149606299212598
2024-10-18 19:00:00,0.6825,0.3175,2.149606299212598
2024-10-18 20:00:00,0.6825,0.3175,2.149606299212598
2024-10-18 21:00:00,0.6825,0.3175,2.149606299212598
2024-10-18 22:00:00,0.6825,0.3175,2.149606299212598
2024-10-18 23:00:00,0.6825,0.3175,2.149606299212598
2024-10-19 00:00:00,0.6825,0.3175,2.149606299212598
2024-10-19 01:00:00,0.6825,0.3175,2.149606299212598
2024-10-19 02:00:00,0.6825,0.3175,2.149606299212598
2024-10-19 03:00:00,0.6825,0.3175,2.149606299212598
2024-10-19 04:00:00,0.6825,0.3175,2.149606299212598
2024-10-19 05:00:00,0.6825,0.3175,2.149606299212598
2024-10-19 06:00:00,0.6825,0.3175,2.149606299212598
2024-10-19 07:00:00,0.6825,0.3175,2.149606299212598
2024-10-19 08:00:00,0.6825,0.3175,2.149606299212598
2024-10-19 09:00:00,0.6825,0.3175,2.149606299212598
2024-10-19 10:00:00,0.6825,0.3175,2.149606299212598
2024-10-19 11:00:00,0.6825,0.3175,2.149606299212598
2024-10-19 12:00:00,0.6825,0.3175,2.149606299212598
2024-10-19 13:00:00,0.6825,0.3175,2.149606299212598
2024-10-19 14:00:00,0.6825,0.3175,2.149606299212598
2024-10-19 15:00:00,0.6825,0.3175,2.149606299212598
2024-10-19 16:00:00,0.6825,0.3175,2.149606299212598
2024-10-19 17:00:00,0.6825,0.3175,2.149606299212598
2024-10-19 18:00:00,0.6825,0.3175,2.149606299212598
2024-10-19 19:00:00,0.6825,0.3175,2.149606299212598
2024-10-19 20:00:00,0.6825,0.3175,2.149606299212598
2024-10-19 21:00:00,0.6825,0.3175,2.149606299212598
2024-10-19 22:00:00,0.6825,0.3175,2.149606299212598
2024-10-19 23:00:00,0.6825,0.3175,2.149606299212598
2024-10-20 00:00:00,0.6825,0.3175,2.149606299212598
2024-10-20 01:00:00,0.6825,0.3175,2.149606299212598
2024-10-20 02:00:00,0.6825,0.3175,2.149606299212598
2024-10-20 03:00:00,0.6825,0.3175,2.149606299212598
2024-10-20 04:00:00,0.6825,0.3175,2.149606299212598
2024-10-20 05:00:00,0.6825,0.3175,2.149606299212598
2024-10-20 06:00:00,0.6825,0.3175,2.149606299212598
2024-10-20 07:00:00,0.6825,0.3175,2.149606299212598
2024-10-20 08:00:00,0.6825,0.3175,2.149606299212598
2024-10-20 09:00:00,0.6825,0.3175,2.149606299212598
2024-10-20 10:00:00,0.6825,0.3175,2.149606299212598
2024-10-20 11:00:00,0.6825,0.3175,2.149606299212598
2024-10-20 12:00:00,0.6825,0.3175,2.149606299212598
2024-10-20 13:00:00,0.6825,0.3175,2.149606299212598
2024-10-20 14:00:00,0.6825,0.3175,2.149606299212598
2024-10-20 15:00:00,0.6825,0.3175,2.149606299212598
2024-10-20 16:00:00,0.6825,0.3175,2.149606299212598
2024-10-20 17:00:00,0.6825,0.3175,2.149606299212598
2024-10-20 18:00:00,0.6825,0.3175,2.149606299212598
2024-10-20 19:00:00,0.6825,0.3175,2.149606299212598
2024-10-20 20:00:00,0.6825,0.3175,2.149606299212598
2024-10-20 21:00:00,0.6825,0.3175,2.149606299212598
2024-10-20 22:00:00,0.6825,0.3175,2.149606299212598
2024-10-20 23:00:00,0.6825,0.3175,2.149606299212598
2024-10-21 00:00:00,0.6825,0.3175,2.149606299212598
2024-10-21 01:00:00,0.6825,0.3175,2.149606299212598
2024-10-21 02:00:00,0.6825,0.3175,2.149606299212598
2024-10-21 03:00:00,0.6825,0.3175,2.149606299212598
2024-10-21 04:00:00,0.6825,0.3175,2.149606299212598
2024-10-21 05:00:00,0.6825,0.3175,2.149606299212598
2024-10-21 06:00:00,0.6825,0.3175,2.149606299212598
2024-10-21 07:00:00,0.6825,0.3175,2.149606299212598
2024-10-21 08:00:00,0.6825,0.3175,2.149606299212598
2024-10-21 09:00:00,0.6825,0.3175,2.149606299212598
2024-10-21 10:00:00,0.6825,0.3175,2.149606299212598
2024-10-21 11:00:00,0.6825,0.3175,2.149606299212598
2024-10-21 12:00:00,0.6825,0.3175,2.149606299212598
2024-10-21 13:00:00,0.6825,0.3175,2.149606299212598
2024-10-21 14:00:00,0.6825,0.3175,2.149606299212598
2024-10-21 15:00:00,0.6825,0.3175,2.149606299212598
2024-10-21 16:00:00,0.6825,0.3175,2.149606299212598
2024-10-21 17:00:00,0.6825,0.3175,2.149606299212598
2024-10-21 18:00:00,0.6825,0.3175,2.149606299212598
2024-10-21 19:00:00,0.6825,0.3175,2.149606299212598
2024-10-21 20:00:00,0.6825,0.3175,2.149606299212598
2024-10-21 21:00:00,0.6825,0.3175,2.149606299212598
2024-10-21 22:00:00,0.6825,0.3175,2.149606299212598
2024-10-21 23:00:00,0.6825,0.3175,2.149606299212598
2024-10-22 00:00:00,0.6825,0.3175,2.149606299212598
2024-10-22 01:00:00,0.6825,0.3175,2.149606299212598
2024-10-22 02:00:00,0.6825,0.3175,2.149606299212598
2024-10-22 03:00:00,0.6825,0.3175,2.149606299212598
2024-10-22 04:00:00,0.6825,0.3175,2.149606299212598
2024-10-22 05:00:00,0.6825,0.3175,2.149606299212598
2024-10-22 06:00:00,0.6825,0.3175,2.149606299212598
2024-10-22 07:00:00,0.6825,0.3175,2.149606299212598
2024-10-22 08:00:00,0.6825,0.3175,2.149606299212598
2024-10-22 09:00:00,0.6825,0.3175,2.149606299212598
2024-10-22 10:00:00,0.6825,0.3175,2.149606299212598
2024-10-22 11:00:00,0.6825,0.3175,2.149606299212598
2024-10-22 12:00:00,0.6825,0.3175,2.149606299212598
2024-10-22 13:00:00,0.6825,0.3175,2.149606299212598
2024-10-22 14:00:00,0.6825,0.3175,2.149606299212598
2024-10-22 15:00:00,0.6825,0.3175,2.149606299212598
2024-10-22 16:00:00,0.6825,0.3175,2.149606299212598
2024-10-22 17:00:00,0.6825,0.3175,2.149606299212598
2024-10-22 18:00:00,0.6825,0.3175,2.149606299212598
2024-10-22 19:00:00,0.6825,0.3175,2.149606299212598
2024-10-22 20:00:00,0.6825,0.3175,2.149606299212598
2024-10-22 21:00:00,0.6825,0.3175,2.149606299212598
2024-10-22 22:00:00,0.6825,0.3175,2.149606299212598
2024-10-22 23:00:00,0.6825,0.3175,2.149606299212598
2024-10-23 00:00:00,0.6825,0.3175,2.149606299212598
2024-10-23 01:00:00,0.6825,0.3175,2.149606299212598
2024-10-23 02:00:00,0.6825,0.3175,2.149606299212598
2024-10-23 03:00:00,0.6825,0.3175,2.149606299212598
2024-10-23 04:00:00,0.6825,0.3175,2.149606299212598
2024-10-23 05:00:00,0.6825,0.3175,2.149606299212598
2024-10-23 06:00:00,0.6825,0.3175,2.149606299212598
2024-10-23 07:00:00,0.6825,0.3175,2.149606299212598
2024-10-23 08:00:00,0.6825,0.3175,2.149606299212598
2024-10-23 09:00:00,0.6825,0.3175,2.149606299212598
2024-10-23 10:00:00,0.6825,0.3175,2.149606299212598
2024-10-23 11:00:00,0.6825,0.3175,2.149606299212598
2024-10-23 12:00:00,0.6825,0.3175,2.149606299212598
2024-10-23 13:00:00,0.6825,0.3175,2.149606299212598
2024-10-23 14:00:00,0.6825,0.3175,2.149606299212598
2024-10-23 15:00:00,0.6825,0.3175,2.149606299212598
2024-10-23 16:00:00,0.6825,0.3175,2.149606299212598
2024-10-23 17:00:00,0.6825,0.3175,2.149606299212598
2024-10-23 18:00:00,0.6825,0.3175,2.149606299212598
2024-10-23 19:00:00,0.6825,0.3175,2.149606299212598
2024-10-23 20:00:00,0.6825,0.3175,2.149606299212598
2024-10-23 21:00:00,0.6825,0.3175,2.149606299212598
2024-10-23 22:00:00,0.6825,0.3175,2.149606299212598
2024-10-23 23:00:00,0.6825,0.3175,2.149606299212598
2024-10-24 00:00:00,0.6825,0.3175,2.149606299212598
2024-10-24 01:00:00,0.6825,0.3175,2.149606299212598
2024-10-24 02:00:00,0.6825,0.3175,2.149606299212598
2024-10-24 03:00:00,0.6825,0.3175,2.149606299212598
2024-10-24 04:00:00,0.6825,0.3175,2.149606299212598
2024-10-24 05:00:00,0.6825,0.3175,2.149606299212598
2024-10-24 06:00:00,0.6825,0.3175,2.149606299212598
2024-10-24 07:00:00,0.6825,0.3175,2.149606299212598
2024-10-24 08:00:00,0.6825,0.3175,2.149606299212598
2024-10-24 09:00:00,0.6825,0.3175,2.149606299212598
2024-10-24 10:00:00,0.6825,0.3175,2.149606299212598
2024-10-24 11:00:00,0.6825,0.3175,2.149606299212598
2024-10-24 12:00:00,0.6825,0.3175,2.149606299212598
2024-10-24 13:00:00,0.6825,0.3175,2.149606299212598
2024-10-24 14:00:00,0.6825,0.3175,2.149606299212598
2024-10-24 15:00:00,0.6825,0.3175,2.149606299212598
2024-10-24 16:00:00,0.6825,0.3175,2.149606299212598
2024-10-24 17:00:00,0.6825,0.3175,2.149606299212598
2024-10-24 18:00:00,0.6825,0.3175,2.149606299212598
2024-10-24 19:00:00,0.6825,0.3175,2.149606299212598
2024-10-24 20:00:00,0.6825,0.3175,2.149606299212598
2024-10-24 21:00:00,0.6825,0.3175,2.149606299212598
2024-10-24 22:00:00,0.6825,0.3175,2.149606299212598
2024-10-24 23:00:00,0.6825,0.3175,2.149606299212598
2024-10-25 00:00:00,0.6825,0.3175,2.149606299212598
2024-10-25 01:00:00,0.6825,0.3175,2.149606299212598
2024-10-25 02:00:00,0.6825,0.3175,2.149606299212598
2024-10-25 03:00:00,0.6825,0.3175,2.149606299212598
2024-10-25 04:00:00,0.6825,0.3175,2.149606299212598
2024-10-25 05:00:00,0.6825,0.3175,2.149606299212598
2024-10-25 06:00:00,0.6825,0.3175,2.149606299212598
2024-10-25 07:00:00,0.6825,0.3175,2.149606299212598
2024-10-25 08:00:00,0.6825,0.3175,2.149606299212598
2024-10-25 09:00:00,0.6825,0.3175,2.149606299212598
2024-10-25 10:00:00,0.6825,0.3175,2.149606299212598
2024-10-25 11:00:00,0.6825,0.3175,2.149606299212598
2024-10-25 12:00:00,0.6825,0.3175,2.149606299212598
2024-10-25 13:00:00,0.6825,0.3175,2.149606299212598
2024-10-25 14:00:00,0.6825,0.3175,2.149606299212598
2024-10-25 15:00:00,0.6825,0.3175,2.149606299212598
2024-10-25 16:00:00,0.6825,0.3175,2.149606299212598
2024-10-25 17:00:00,0.6825,0.3175,2.149606299212598
2024-10-25 18:00:00,0.6825,0.3175,2.149606299212598
2024-10-25 19:00:00,0.6825,0.3175,2.149606299212598
2024-10-25 20:00:00,0.6825,0.3175,2.149606299212598
2024-10-25 21:00:00,0.6825,0.3175,2.149606299212598
2024-10-25 22:00:00,0.6825,0.3175,2.149606299212598
2024-10-25 23:00:00,0.6825,0.3175,2.149606299212598
2024-10-26 00:00:00,0.6825,0.3175,2.149606299212598
2024-10-26 01:00:00,0.6825,0.3175,2.149606299212598
2024-10-26 02:00:00,0.6825,0.3175,2.149606299212598
2024-10-26 03:00:00,0.6825,0.3175,2.149606299212598
2024-10-26 04:00:00,0.6825,0.3175,2.149606299212598
2024-10-26 05:00:00,0.6825,0.3175,2.149606299212598
2024-10-26 06:00:00,0.6825,0.3175,2.149606299212598
2024-10-26 07:00:00,0.6825,0.3175,2.149606299212598
2024-10-26 08:00:00,0.6825,0.3175,2.149606299212598
2024-10-26 09:00:00,0.6825,0.3175,2.149606299212598
2024-10-26 10:00:00,0.6825,0.3175,2.149606299212598
2024-10-26 11:00:00,0.6825,0.3175,2.149606299212598
2024-10-26 12:00:00,0.6825,0.3175,2.149606299212598
2024-10-26 13:00:00,0.6825,0.3175,2.149606299212598
2024-10-26 14:00:00,0.6825,0.3175,2.149606299212598
2024-10-26 15:00:00,0.6825,0.3175,2.149606299212598
2024-10-26 16:00:00,0.6825,0.3175,2.149606299212598
2024-10-26 17:00:00,0.6825,0.3175,2.149606299212598
2024-10-26 18:00:00,0.6825,0.3175,2.149606299212598
2024-10-26 19:00:00,0.6825,0.3175,2.149606299212598
2024-10-26 20:00:00,0.6825,0.3175,2.149606299212598
2024-10-26 21:00:00,0.6825,0.3175,2.149606299212598
2024-10-26 22:00:00,0.6825,0.3175,2.149606299212598
2024-10-26 23:00:00,0.6825,0.3175,2.149606299212598
2024-10-27 00:00:00,0.6825,0.3175,2.149606299212598
2024-10-27 01:00:00,0.6825,0.3175,2.149606299212598
2024-10-27 02:00:00,0.6825,0.3175,2.149606299212598
2024-10-27 03:00:00,0.6825,0.3175,2.149606299212598
2024-10-27 04:00:00,0.6825,0.3175,2.149606299212598
2024-10-27 05:00:00,0.6825,0.3175,2.149606299212598
2024-10-27 06:00:00,0.6825,0.3175,2.149606299212598
2024-10-27 07:00:00,0.6825,0.3175,2.149606299212598
2024-10-27 08:00:00,0.6825,0.3175,2.149606299212598
2024-10-27 09:00:00,0.6825,0.3175,2.149606299212598
2024-10-27 10:00:00,0.6825,0.3175,2.149606299212598
2024-10-27 11:00:00,0.6825,0.3175,2.149606299212598
2024-10-27 12:00:00,0.6825,0.3175,2.149606299212598
2024-10-27 13:00:00,0.6825,0.3175,2.149606299212598
2024-10-27 14:00:00,0.6825,0.3175,2.149606299212598
2024-10-27 15:00:00,0.6825,0.3175,2.149606299212598
2024-10-27 16:00:00,0.6825,0.3175,2.149606299212598
2024-10-27 17:00:00,0.6825,0.3175,2.149606299212598
2024-10-27 18:00:00,0.6825,0.3175,2.149606299212598
2024-10-27 19:00:00,0.6825,0.3175,2.149606299212598
2024-10-27 20:00:00,0.6825,0.3175,2.149606299212598
2024-10-27 21:00:00,0.6825,0.3175,2.149606299212598
2024-10-27 22:00:00,0.6825,0.3175,2.149606299212598
2024-10-27 23:00:00,0.6825,0.3175,2.149606299212598
2024-10-28 00:00:00,0.6825,0.3175,2.149606299212598
2024-10-28 01:00:00,0.6825,0.3175,2.149606299212598
2024-10-28 02:00:00,0.6825,0.3175,2.149606299212598
2024-10-28 03:00:00,0.6825,0.3175,2.149606299212598
2024-10-28 04:00:00,0.6825,0.3175,2.149606299212598
2024-10-28 05:00:00,0.6825,0.3175,2.149606299212598
2024-10-28 06:00:00,0.6825,0.3175,2.149606299212598
2024-10-28 07:00:00,0.6825,0.3175,2.149606299212598
2024-10-28 08:00:00,0.6825,0.3175,2.149606299212598
2024-10-28 09:00:00,0.6825,0.3175,2.149606299212598
2024-10-28 10:00:00,0.6825,0.3175,2.149606299212598
2024-10-28 11:00:00,0.6825,0.3175,2.149606299212598
2024-10-28 12:00:00,0.6825,0.3175,2.149606299212598
2024-10-28 13:00:00,0.6825,0.3175,2.149606299212598
2024-10-28 14:00:00,0.6825,0.3175,2.149606299212598
2024-10-28 15:00:00,0.6825,0.3175,2.149606299212598
2024-10-28 16:00:00,0.6825,0.3175,2.149606299212598
2024-10-28 17:00:00,0.6825,0.3175,2.149606299212598
2024-10-28 18:00:00,0.6825,0.3175,2.149606299212598
2024-10-28 19:00:00,0.6825,0.3175,2.149606299212598
2024-10-28 20:00:00,0.6825,0.3175,2.149606299212598
2024-10-28 21:00:00,0.6825,0.3175,2.149606299212598
2024-10-28 22:00:00,0.6825,0.3175,2.149606299212598
2024-10-28 23:00:00,0.6825,0.3175,2.149606299212598
2024-10-29 00:00:00,0.6825,0.3175,2.149606299212598
2024-10-29 01:00:00,0.6825,0.3175,2.149606299212598
2024-10-29 02:00:00,0.6825,0.3175,2.149606299212598
2024-10-29 03:00:00,0.6825,0.3175,2.149606299212598
2024-10-29 04:00:00,0.6825,0.3175,2.149606299212598
2024-10-29 05:00:00,0.6825,0.3175,2.149606299212598
2024-10-29 06:00:00,0.6825,0.3175,2.149606299212598
2024-10-29 07:00:00,0.6825,0.3175,2.149606299212598
2024-10-29 08:00:00,0.6825,0.3175,2.149606299212598
2024-10-29 09:00:00,0.6825,0.3175,2.149606299212598
2024-10-29 10:00:00,0.6825,0.3175,2.149606299212598
2024-10-29 11:00:00,0.6825,0.3175,2.149606299212598
2024-10-29 12:00:00,0.6825,0.3175,2.149606299212598
2024-10-29 13:00:00,0.6825,0.3175,2.149606299212598
2024-10-29 14:00:00,0.6825,0.3175,2.149606299212598
2024-10-29 15:00:00,0.6825,0.3175,2.149606299212598
2024-10-29 16:00:00,0.6825,0.3175,2.149606299212598
2024-10-29 17:00:00,0.6825,0.3175,2.149606299212598
2024-10-29 18:00:00,0.6825,0.3175,2.149606299212598
2024-10-29 19:00:00,0.6825,0.3175,2.149606299212598
2024-10-29 20:00:00,0.6825,0.3175,2.149606299212598
2024-10-29 21:00:00,0.6825,0.3175,2.149606299212598
2024-10-29 22:00:00,0.6825,0.3175,2.149606299212598
2024-10-29 23:00:00,0.6825,0.3175,2.149606299212598
2024-10-30 00:00:00,0.6825,0.3175,2.149606299212598
2024-10-30 01:00:00,0.6825,0.3175,2.149606299212598
2024-10-30 02:00:00,0.6825,0.3175,2.149606299212598
2024-10-30 03:00:00,0.6825,0.3175,2.149606299212598
2024-10-30 04:00:00,0.6825,0.3175,2.149606299212598
2024-10-30 05:00:00,0.6825,0.3175,2.149606299212598
2024-10-30 06:00:00,0.6825,0.3175,2.149606299212598
2024-10-30 07:00:00,0.6825,0.3175,2.149606299212598
2024-10-30 08:00:00,0.6825,0.3175,2.149606299212598
2024-10-30 09:00:00,0.5233,0.4767,1.0977554017201594
2024-10-30 10:00:00,0.5268,0.4732,1.1132713440405748
2024-10-30 11:00:00,0.5317,0.4683,1.1353833013025838
2024-10-30 12:00:00,0.5303,0.4697,1.1290185224611453
2024-10-30 13:00:00,0.5298,0.4702,1.126754572522331
2024-10-30 14:00:00,0.5325,0.4675,1.13903743315508
2024-10-30 15:00:00,0.5328,0.4672,1.1404109589041096
2024-10-30 16:00:00,0.53,0.47,1.1276595744680853
2024-10-30 17:00:00,0.5282,0.4718,1.1195421788893598
2024-10-30 18:00:00,0.5326,0.4674,1.1394950791613179
2024-10-30 19:00:00,0.545,0.455,1.1978021978021978
2024-10-30 20:00:00,0.541,0.459,1.1786492374727668
2024-10-30 21:00:00,0.542,0.458,1.1834061135371179
2024-10-30 22:00:00,0.5406,0.4594,1.1767522855899
2024-10-30 23:00:00,0.5414,0.4586,1.1805494984736153
2024-10-31 00:00:00,0.5425,0.4575,1.185792349726776
2024-10-31 01:00:00,0.5465,0.4535,1.2050716648291069
2024-10-31 02:00:00,0.5491,0.4509,1.2177866489243734
2024-10-31 03:00:00,0.5486,0.4514,1.2153300841825432
2024-10-31 04:00:00,0.5394,0.4606,1.1710811984368215
2024-10-31 05:00:00,0.5471,0.4529,1.20799293442261
2024-10-31 06:00:00,0.5488,0.4512,1.2163120567375887
2024-10-31 07:00:00,0.5488,0.4512,1.2163120567375887
2024-10-31 08:00:00,0.5476,0.4524,1.2104332449160033
2024-10-31 09:00:00,0.545,0.455,1.1978021978021978
2024-10-31 10:00:00,0.5451,0.4549,1.1982853374367992
2024-10-31 11:00:00,0.5427,0.4573,1.1867483052700634
2024-10-31 12:00:00,0.5416,0.4584,1.181500872600349
2024-10-31 13:00:00,0.5426,0.4574,1.1862702229995628
2024-10-31 14:00:00,0.5412,0.4588,1.1795989537925022
2024-10-31 15:00:00,0.5409,0.4591,1.1781746896101069
2024-10-31 16:00:00,0.5452,0.4548,1.1987686895338612
2024-10-31 17:00:00,0.549,0.451,1.2172949002217295
2024-10-31 18:00:00,0.5519,0.4481,1.231644722160232
2024-10-31 19:00:00,0.568,0.432,1.3148148148148147
2024-10-31 20:00:00,0.574,0.426,1.3474178403755868
2024-10-31 21:00:00,0.5763,0.4237,1.3601604909133822
2024-10-31 22:00:00,0.581,0.419,1.3866348448687351
2024-10-31 23:00:00,0.5848,0.4152,1.4084778420038535
2024-11-01 00:00:00,0.5865,0.4135,1.418379685610641
2024-11-01 01:00:00,0.5905,0.4095,1.4420024420024422
2024-11-01 02:00:00,0.6,0.4,1.4999999999999998
2024-11-01 03:00:00,0.6006,0.3994,1.5037556334501754
2024-11-01 04:00:00,0.6032,0.3968,1.5201612903225805
2024-11-01 05:00:00,0.6034,0.3966,1.5214321734745335
2024-11-01 06:00:00,0.6069,0.3931,1.5438819638768762
2024-11-01 07:00:00,0.6146,0.3854,1.594706798131811
2024-11-01 08:00:00,0.6177,0.3823,1.6157467957101754
2024-11-01 09:00:00,0.619,0.381,1.6246719160104985
2024-11-01 10:00:00,0.6211,0.3789,1.6392187912377936
2024-11-01 11:00:00,0.6185,0.3815,1.6212319790301444
2024-11-01 12:00:00,0.6192,0.3808,1.626050420168067
2024-11-01 13:00:00,0.6225,0.3775,1.6490066225165565
2024-11-01 14:00:00,0.6269,0.3731,1.6802465826856072
2024-11-01 15:00:00,0.6381,0.3619,1.7631942525559547
2024-11-01 16:00:00,0.6385,0.3615,1.7662517289073305
2024-11-01 17:00:00,0.6436,0.3564,1.8058361391694724
2024-11-01 18:00:00,0.6467,0.3533,1.8304557033682425
2024-11-01 19:00:00,0.6247,0.3753,1.664535038635758
2024-11-01 20:00:00,0.6212,0.3788,1.6399155227032733
2024-11-01 21:00:00,0.621,0.379,1.6385224274406331
2024-11-01 22:00:00,0.6223,0.3777,1.6476039184537994
2024-11-01 23:00:00,0.6223,0.3777,1.6476039184537994
2024-11-02 00:00:00,0.6295,0.3705,1.699055330634278
2024-11-02 01:00:00,0.6336,0.3664,1.7292576419213974
2024-11-02 02:00:00,0.6347,0.3653,1.737476047084588
2024-11-02 03:00:00,0.6361,0.3639,1.7480076944215444
2024-11-02 04:00:00,0.6411,0.3589,1.7862914460852606
2024-11-02 05:00:00,0.6444,0.3556,1.8121484814398199
2024-11-02 06:00:00,0.6447,0.3553,1.8145229383619477
2024-11-02 07:00:00,0.6467,0.3533,1.8304557033682425
2024-11-02 08:00:00,0.6444,0.3556,1.8121484814398199
2024-11-02 09:00:00,0.6413,0.3587,1.7878449958182323
2024-11-02 10:00:00,0.6453,0.3547,1.8192839018889202
2024-11-02 11:00:00,0.6449,0.3551,1.8161081385525204
2024-11-02 12:00:00,0.6469,0.3531,1.832058906825262
2024-11-02 13:00:00,0.6443,0.3557,1.8113578858588697
2024-11-02 14:00:00,0.6415,0.3585,1.7894002789400278
2024-11-02 15:00:00,0.6394,0.3606,1.7731558513588463
2024-11-02 16:00:00,0.6391,0.3609,1.770850651149903
2024-11-02 17:00:00,0.6351,0.3649,1.740476842970677
2024-11-02 18:00:00,0.6351,0.3649,1.740476842970677
2024-11-02 19:00:00,0.6394,0.3606,1.7731558513588463
2024-11-02 20:00:00,0.6425,0.3575,1.797202797202797
2024-11-02 21:00:00,0.6443,0.3557,1.8113578858588697
2024-11-02 22:00:00,0.6401,0.3599,1.7785495971103085
2024-11-02 23:00:00,0.64,0.36,1.777777777777778
2024-11-03 00:00:00,0.6405,0.3595,1.7816411682892905
2024-11-03 01:00:00,0.6409,0.3591,1.7847396268448903
2024-11-03 02:00:00,0.6408,0.3592,1.7839643652561248
2024-11-03 03:00:00,0.6408,0.3592,1.7839643652561248
2024-11-03 04:00:00,0.6428,0.3572,1.7995520716685331
2024-11-03 05:00:00,0.6424,0.3576,1.796420581655481
2024-11-03 06:00:00,0.644,0.356,1.808988764044944
2024-11-03 07:00:00,0.6477,0.3523,1.838489923360772
2024-11-03 08:00:00,0.6495,0.3505,1.8530670470756063
2024-11-03 09:00:00,0.6525,0.3475,1.8776978417266188
2024-11-03 10:00:00,0.6483,0.3517,1.8433323855558714
2024-11-03 11:00:00,0.6517,0.3483,1.8710881424059718
2024-11-03 12:00:00,0.6506,0.3494,1.8620492272467086
2024-11-03 13:00:00,0.6505,0.3495,1.8612303290414878
2024-11-03 14:00:00,0.647,0.353,1.8328611898016998
2024-11-03 15:00:00,0.6475,0.3525,1.8368794326241136
2024-11-03 16:00:00,0.6469,0.3531,1.832058906825262
2024-11-03 17:00:00,0.647,0.353,1.8328611898016998
2024-11-03 18:00:00,0.6423,0.3577,1.795638803466592
2024-11-03 19:00:00,0.6446,0.3554,1.8137310073157005
2024-11-03 20:00:00,0.656,0.344,1.9069767441860468
2024-11-03 21:00:00,0.6575,0.3425,1.91970802919708
2024-11-03 22:00:00,0.6586,0.3414,1.9291154071470415
2024-11-03 23:00:00,0.6578,0.3422,1.9222676797194624
2024-11-04 00:00:00,0.6658,0.3342,1.992220227408737
2024-11-04 01:00:00,0.6743,0.3257,2.0703101013202336
2024-11-04 02:00:00,0.6723,0.3277,2.051571559353067
2024-11-04 03:00:00,0.6672,0.3328,2.0048076923076925
2024-11-04 04:00:00,0.6703,0.3297,2.0330603579011224
2024-11-04 05:00:00,0.6669,0.3331,2.0021014710297207
2024-11-04 06:00:00,0.6708,0.3292,2.0376670716889427
2024-11-04 07:00:00,0.6705,0.3295,2.0349013657056143
2024-11-04 08:00:00,0.6692,0.3308,2.0229746070133015
2024-11-04 09:00:00,0.6685,0.3315,2.0165912518853695
2024-11-04 10:00:00,0.6571,0.3429,1.9163021289005542
2024-11-04 11:00:00,0.661,0.339,1.9498525073746311
2024-11-04 12:00:00,0.6645,0.3355,1.9806259314456034
2024-11-04 13:00:00,0.6626,0.3374,1.9638411381149972
2024-11-04 14:00:00,0.6638,0.3362,1.97441998810232
2024-11-04 15:00:00,0.6654,0.3346,1.9886431560071727
2024-11-04 16:00:00,0.6666,0.3334,1.999400119976005
2024-11-04 17:00:00,0.6676,0.3324,2.0084235860409145
2024-11-04 18:00:00,0.6663,0.3337,1.9967036260113875
2024-11-04 19:00:00,0.6653,0.3347,1.9877502240812668
2024-11-04 20:00:00,0.6725,0.3275,2.0534351145038165
2024-11-04 21:00:00,0.6638,0.3362,1.97441998810232
2024-11-04 22:00:00,0.6747,0.3253,2.0740854595757763
2024-11-04 23:00:00,0.6738,0.3262,2.0656039239730224
2024-11-05 00:00:00,0.6745,0.3255,2.0721966205837172
2024-11-05 01:00:00,0.6714,0.3286,2.0432136335970785
2024-11-05 02:00:00,0.6763,0.3237,2.089280197713933
2024-11-05 03:00:00,0.677,0.323,2.0959752321981426
2024-11-05 04:00:00,0.6751,0.3249,2.077870113881194
2024-11-05 05:00:00,0.6827,0.3173,2.1515915537346357
2024-11-05 06:00:00,0.6817,0.3183,2.1416902293433866
2024-11-05 07:00:00,0.6795,0.3205,2.1201248049921997
2024-11-05 08:00:00,0.683,0.317,2.1545741324921135
2024-11-05 09:00:00,0.6829,0.3171,2.15357931251971
2024-11-05 10:00:00,0.6841,0.3159,2.1655587211142766
2024-11-05 11:00:00,0.6748,0.3252,2.075030750307503
2024-11-05 12:00:00,0.6733,0.3267,2.0609121518212428
2024-11-05 13:00:00,0.6646,0.3354,1.9815146094215863
2024-11-05 14:00:00,0.6599,0.3401,1.940311673037342
2024-11-05 15:00:00,0.6602,0.3398,1.9429075927015893
2024-11-05 16:00:00,0.6616,0.3384,1.955082742316785
2024-11-05 17:00:00,0.6591,0.3409,1.9334115576415374
2024-11-05 18:00:00,0.6589,0.3411,1.931691586045148
2024-11-05 19:00:00,0.6557,0.3443,1.904443799012489
2024-11-05 20:00:00,0.6611,0.3389,1.9507229271171438
2024-11-05 21:00:00,0.663,0.337,1.9673590504451037
2024-11-05 22:00:00,0.661,0.339,1.9498525073746311
2024-11-05 23:00:00,0.661,0.339,1.9498525073746311
2024-11-06 00:00:00,0.6569,0.3431,1.914602156805596
2024-11-06 01:00:00,0.6596,0.3404,1.937720329024677
2024-11-06 02:00:00,0.6586,0.3414,1.9291154071470415
2024-11-06 03:00:00,0.6634,0.3366,1.9708853238265003
2024-11-06 04:00:00,0.6664,0.3336,1.9976019184652278
2024-11-06 05:00:00,0.6631,0.3369,1.9682398337785696
2024-11-06 06:00:00,0.6602,0.3398,1.9429075927015893
2024-11-06 07:00:00,0.6532,0.3468,1.883506343713956
2024-11-06 08:00:00,0.6355,0.3645,1.7434842249657063
2024-11-06 09:00:00,0.6224,0.3776,1.6483050847457625
2024-11-06 10:00:00,0.6227,0.3773,1.6504108136761197
2024-11-06 11:00:00,0.6146,0.3854,1.594706798131811
2024-11-06 12:00:00,0.5923,0.4077,1.4527839097375521
2024-11-06 13:00:00,0.6033,0.3967,1.5207965717166623
2024-11-06 14:00:00,0.6126,0.3874,1.581311306143521
2024-11-06 15:00:00,0.6106,0.3894,1.5680534155110426
2024-11-06 16:00:00,0.6042,0.3958,1.5265285497726124
2024-11-06 17:00:00,0.5971,0.4029,1.482005460412013
2024-11-06 18:00:00,0.5928,0.4072,1.455795677799607
2024-11-06 19:00:00,0.592,0.408,1.4509803921568627
2024-11-06 20:00:00,0.5869,0.4131,1.420721374969741
2024-11-06 21:00:00,0.5857,0.4143,1.4137098720733767
2024-11-06 22:00:00,0.5835,0.4165,1.4009603841536615
2024-11-06 23:00:00,0.5851,0.4149,1.4102193299590262
2024-11-07 00:00:00,0.5835,0.4165,1.4009603841536615
2024-11-07 01:00:00,0.5793,0.4207,1.376990729736154
2024-11-07 02:00:00,0.5844,0.4156,1.4061597690086622
2024-11-07 03:00:00,0.5799,0.4201,1.3803856224708404
2024-11-07 04:00:00,0.572,0.428,1.336448598130841
2024-11-07 05:00:00,0.5597,0.4403,1.2711787417669769
2024-11-07 06:00:00,0.5705,0.4295,1.3282887077997672
2024-11-07 07:00:00,0.5715,0.4285,1.3337222870478413
2024-11-07 08:00:00,0.571,0.429,1.331002331002331
2024-11-07 09:00:00,0.5615,0.4385,1.2805017103762828
2024-11-07 10:00:00,0.567,0.433,1.3094688221709005
2024-11-07 11:00:00,0.5626,0.4374,1.2862368541380886
2024-11-07 12:00:00,0.5735,0.4265,1.3446658851113718
2024-11-07 13:00:00,0.5808,0.4192,1.3854961832061068
2024-11-07 14:00:00,0.5784,0.4216,1.3719165085388996
2024-11-07 15:00:00,0.5789,0.4211,1.3747328425552126
2024-11-07 16:00:00,0.5777,0.4223,1.3679848448969927
2024-11-07 17:00:00,0.5809,0.4191,1.3860653781913626
2024-11-07 18:00:00,0.5774,0.4226,1.3663038334122102
2024-11-07 19:00:00,0.5771,0.4229,1.3646252069047056
2024-11-07 20:00:00,0.5769,0.4231,1.363507445048452
2024-11-07 21:00:00,0.5718,0.4282,1.335357309668379
2024-11-07 22:00:00,0.571,0.429,1.331002331002331
2024-11-07 23:00:00,0.5688,0.4312,1.3191094619666046
2024-11-08 00:00:00,0.5589,0.4411,1.2670596236681024
2024-11-08 01:00:00,0.5559,0.4441,1.251745102454402
2024-11-08 02:00:00,0.5549,0.4451,1.2466861379465288
2024-11-08 03:00:00,0.5584,0.4416,1.2644927536231885
2024-11-08 04:00:00,0.5608,0.4392,1.2768670309653916
2024-11-08 05:00:00,0.5611,0.4389,1.27842333105491
2024-11-08 06:00:00,0.5591,0.4409,1.2680880018144705
2024-11-08 07:00:00,0.5564,0.4436,1.254283137962128
2024-11-08 08:00:00,0.5601,0.4399,1.2732439190725164
2024-11-08 09:00:00,0.56,0.44,1.272727272727273
2024-11-08 10:00:00,0.5642,0.4358,1.294630564479119
2024-11-08 11:00:00,0.563,0.437,1.2883295194508009
2024-11-08 12:00:00,0.5663,0.4337,1.3057412958266084
2024-11-08 13:00:00,0.5674,0.4326,1.3116042533518262
2024-11-08 14:00:00,0.5669,0.4331,1.3089355806972984
2024-11-08 15:00:00,0.569,0.431,1.3201856148491877
2024-11-08 16:00:00,0.5667,0.4333,1.3078698361412415
2024-11-08 17:00:00,0.5713,0.4287,1.3326335432703522
2024-11-08 18:00:00,0.5717,0.4283,1.3348120476301657
2024-11-08 19:00:00,0.5671,0.4329,1.3100023100023102
2024-11-08 20:00:00,0.5579,0.4421,1.261931689662972
2024-11-08 21:00:00,0.5593,0.4407,1.269117313365101
2024-11-08 22:00:00,0.5502,0.4498,1.223210315695865
2024-11-08 23:00:00,0.5482,0.4518,1.2133687472332892
2024-11-09 00:00:00,0.544,0.456,1.1929824561403508
2024-11-09 01:00:00,0.5472,0.4528,1.2084805653710249
2024-11-09 02:00:00,0.5463,0.4537,1.2040996253030638
2024-11-09 03:00:00,0.5471,0.4529,1.20799293442261
2024-11-09 04:00:00,0.5485,0.4515,1.2148394241417497
2024-11-09 05:00:00,0.5504,0.4496,1.2241992882562278
2024-11-09 06:00:00,0.5503,0.4497,1.2237046920169001
2024-11-09 07:00:00,0.5442,0.4558,1.1939447125932428
2024-11-09 08:00:00,0.5448,0.4552,1.196836555360281
2024-11-09 09:00:00,0.5465,0.4535,1.2050716648291069
2024-11-09 10:00:00,0.548,0.452,1.2123893805309736
2024-11-09 11:00:00,0.5511,0.4489,1.2276676319893072
2024-11-09 12:00:00,0.5518,0.4482,1.2311468094600624
2024-11-09 13:00:00,0.5526,0.4474,1.2351363433169422
2024-11-09 14:00:00,0.5521,0.4479,1.2326412145568209
2024-11-09 15:00:00,0.5518,0.4482,1.2311468094600624
2024-11-09 16:00:00,0.5512,0.4488,1.2281639928698753
2024-11-09 17:00:00,0.5455,0.4545,1.2002200220022001
2024-11-09 18:00:00,0.5461,0.4539,1.2031284423881912
2024-11-09 19:00:00,0.5438,0.4562,1.1920210434020166
2024-11-09 20:00:00,0.543,0.457,1.188183807439825
2024-11-09 21:00:00,0.5432,0.4568,1.1891418563922942
2024-11-09 22:00:00,0.5455,0.4545,1.2002200220022001
2024-11-09 23:00:00,0.547,0.453,1.2075055187637969
2024-11-10 00:00:00,0.5458,0.4542,1.2016732716864817
2024-11-10 01:00:00,0.5458,0.4542,1.2016732716864817
2024-11-10 02:00:00,0.5452,0.4548,1.1987686895338612
2024-11-10 03:00:00,0.5459,0.4541,1.2021581149526537
2024-11-10 04:00:00,0.5471,0.4529,1.20799293442261
2024-11-10 05:00:00,0.5419,0.4581,1.1829294913774286
2024-11-10 06:00:00,0.5441,0.4559,1.1934634788330774
2024-11-10 07:00:00,0.5484,0.4516,1.2143489813994686
2024-11-10 08:00:00,0.5468,0.4532,1.206531332744925
2024-11-10 09:00:00,0.5794,0.4206,1.3775558725630053
2024-11-10 10:00:00,0.5619,0.4381,1.2825838849577722
2024-11-10 11:00:00,0.5547,0.4453,1.2456770716370986
2024-11-10 12:00:00,0.5587,0.4413,1.2660321776569226
2024-11-10 13:00:00,0.5643,0.4357,1.2951572182694515
2024-11-10 14:00:00,0.5653,0.4347,1.3004370830457788
2024-11-10 15:00:00,0.565,0.435,1.2988505747126435
2024-11-10 16:00:00,0.5579,0.4421,1.261931689662972
2024-11-10 17:00:00,0.561,0.439,1.2779043280182234
2024-11-10 18:00:00,0.5588,0.4412,1.2665457842248413
2024-11-10 19:00:00,0.5541,0.4459,1.2426553038797936
2024-11-10 20:00:00,0.5565,0.4435,1.2547914317925593
2024-11-10 21:00:00,0.5553,0.4447,1.2487069934787498
2024-11-10 22:00:00,0.5652,0.4348,1.299908003679853
2024-11-10 23:00:00,0.5624,0.4376,1.2851919561243146
2024-11-11 00:00:00,0.5591,0.4409,1.2680880018144705
2024-11-11 01:00:00,0.5536,0.4464,1.2401433691756272
2024-11-11 02:00:00,0.5626,0.4374,1.2862368541380886
2024-11-11 03:00:00,0.5642,0.4358,1.294630564479119
2024-11-11 04:00:00,0.5622,0.4378,1.2841480127912288
2024-11-11 05:00:00,0.5714,0.4286,1.333177788147457
2024-11-11 06:00:00,0.5753,0.4247,1.3546032493524842
2024-11-11 07:00:00,0.5751,0.4249,1.3534949399858789
2024-11-11 08:00:00,0.5749,0.4251,1.352387673488591
2024-11-11 09:00:00,0.5722,0.4278,1.337540906965872
2024-11-11 10:00:00,0.5645,0.4355,1.296211251435132
2024-11-11 11:00:00,0.5679,0.4321,1.3142791020597084
2024-11-11 12:00:00,0.5652,0.4348,1.299908003679853
2024-11-11 13:00:00,0.5671,0.4329,1.3100023100023102
2024-11-11 14:00:00,0.5656,0.4344,1.302025782688766
2024-11-11 15:00:00,0.5616,0.4384,1.281021897810219
2024-11-11 16:00:00,0.5652,0.4348,1.299908003679853
2024-11-11 17:00:00,0.5632,0.4368,1.2893772893772895
2024-11-11 18:00:00,0.5667,0.4333,1.3078698361412415
2024-11-11 19:00:00,0.5699,0.4301,1.3250406882120436
2024-11-11 20:00:00,0.5626,0.4374,1.2862368541380886
2024-11-11 21:00:00,0.5682,0.4318,1.315886984715146
2024-11-11 22:00:00,0.5699,0.4301,1.3250406882120436
2024-11-11 23:00:00,0.5878,0.4122,1.4260067928190199
2024-11-12 00:00:00,0.6004,0.3996,1.5025025025025025
2024-11-12 01:00:00,0.6116,0.3884,1.5746652935118435
2024-11-12 02:00:00,0.6187,0.3813,1.6226068712300028
2024-11-12 03:00:00,0.6103,0.3897,1.5660764690787785
2024-11-12 04:00:00,0.6214,0.3786,1.641310089804543
2024-11-12 05:00:00,0.6213,0.3787,1.6406126221283337
2024-11-12 06:00:00,0.6081,0.3919,1.5516713447307986
2024-11-12 07:00:00,0.6062,0.3938,1.5393600812595225
2024-11-12 08:00:00,0.6222,0.3778,1.6469031233456854
2024-11-12 09:00:00,0.6148,0.3852,1.596053997923157
2024-11-12 10:00:00,0.6137,0.3863,1.5886616619207872
2024-11-12 11:00:00,0.6167,0.3833,1.6089225150013047
2024-11-12 12:00:00,0.6149,0.3851,1.5967281225655674
2024-11-12 13:00:00,0.6305,0.3695,1.706359945872801
2024-11-12 14:00:00,0.6103,0.3897,1.5660764690787785
2024-11-12 15:00:00,0.5974,0.4026,1.4838549428713363
2024-11-12 16:00:00,0.6146,0.3854,1.594706798131811
2024-11-12 17:00:00,0.6025,0.3975,1.5157232704402517
2024-11-12 18:00:00,0.5964,0.4036,1.4777006937561943
2024-11-12 19:00:00,0.6129,0.3871,1.5833118057349522
2024-11-12 20:00:00,0.6152,0.3848,1.5987525987525988
2024-11-12 21:00:00,0.6136,0.3864,1.587991718426501
2024-11-12 22:00:00,0.6157,0.3843,1.6021337496747334
2024-11-12 23:00:00,0.6244,0.3756,1.6624068157614482
2024-11-13 00:00:00,0.6064,0.3936,1.5406504065040652
2024-11-13 01:00:00,0.6002,0.3998,1.5012506253126563
2024-11-13 02:00:00,0.5879,0.4121,1.4265954865323949
2024-11-13 03:00:00,0.5996,0.4004,1.4975024975024975
2024-11-13 04:00:00,0.5937,0.4063,1.4612355402412012
2024-11-13 05:00:00,0.595,0.405,1.4691358024691357
2024-11-13 06:00:00,0.5945,0.4055,1.4660912453760788
2024-11-13 07:00:00,0.5994,0.4006,1.4962556165751373
2024-11-13 08:00:00,0.5985,0.4015,1.4906600249066002
2024-11-13 09:00:00,0.5876,0.4124,1.4248302618816684
2024-11-13 10:00:00,0.5942,0.4058,1.4642681123706258
2024-11-13 11:00:00,0.5889,0.4111,1.4324981756263682
2024-11-13 12:00:00,0.5976,0.4024,1.4850894632206761
2024-11-13 13:00:00,0.6122,0.3878,1.5786487880350697
2024-11-13 14:00:00,0.6134,0.3866,1.5866528711846868
2024-11-13 15:00:00,0.6121,0.3879,1.5779840164990975
2024-11-13 16:00:00,0.6249,0.3751,1.6659557451346307
2024-11-13 17:00:00,0.6269,0.3731,1.6802465826856072
2024-11-13 18:00:00,0.613,0.387,1.5839793281653747
2024-11-13 19:00:00,0.6146,0.3854,1.594706798131811
2024-11-13 20:00:00,0.6145,0.3855,1.5940337224383918
2024-11-13 21:00:00,0.6064,0.3936,1.5406504065040652
2024-11-13 22:00:00,0.6025,0.3975,1.5157232704402517
2024-11-13 23:00:00,0.6071,0.3929,1.5451768897938405
2024-11-14 00:00:00,0.6086,0.3914,1.5549310168625448
2024-11-14 01:00:00,0.6132,0.3868,1.5853154084798347
2024-11-14 02:00:00,0.6229,0.3771,1.6518164942985947
2024-11-14 03:00:00,0.632,0.368,1.7173913043478262
2024-11-14 04:00:00,0.6389,0.3611,1.7693159789531987
2024-11-14 05:00:00,0.6347,0.3653,1.737476047084588
2024-11-14 06:00:00,0.6358,0.3642,1.7457440966501923
2024-11-14 07:00:00,0.6401,0.3599,1.7785495971103085
2024-11-14 08:00:00,0.6405,0.3595,1.7816411682892905
2024-11-14 09:00:00,0.6365,0.3635,1.751031636863824
2024-11-14 10:00:00,0.6395,0.3605,1.7739251040221913
2024-11-14 11:00:00,0.641,0.359,1.785515320334262
2024-11-14 12:00:00,0.6463,0.3537,1.8272547356516822
2024-11-14 13:00:00,0.6442,0.3558,1.8105677346824058
2024-11-14 14:00:00,0.6488,0.3512,1.847380410022779
2024-11-14 15:00:00,0.6465,0.3535,1.8288543140028288
2024-11-14 16:00:00,0.6505,0.3495,1.8612303290414878
2024-11-14 17:00:00,0.6487,0.3513,1.846569883290635
2024-11-14 18:00:00,0.6458,0.3542,1.8232636928289103
2024-11-14 19:00:00,0.6437,0.3563,1.8066236317709796
2024-11-14 20:00:00,0.6423,0.3577,1.795638803466592
2024-11-14 21:00:00,0.6666,0.3334,1.999400119976005
2024-11-14 22:00:00,0.6658,0.3342,1.992220227408737
2024-11-14 23:00:00,0.6633,0.3367,1.97000297000297
2024-11-15 00:00:00,0.6619,0.3381,1.9577048210588583
2024-11-15 01:00:00,0.6558,0.3442,1.905287623474724
2024-11-15 02:00:00,0.6621,0.3379,1.9594554601953242
2024-11-15 03:00:00,0.6613,0.3387,1.9524653085326247
2024-11-15 04:00:00,0.6709,0.3291,2.038590094196293
2024-11-15 05:00:00,0.6675,0.3325,2.007518796992481
2024-11-15 06:00:00,0.6608,0.3392,1.9481132075471699
2024-11-15 07:00:00,0.6632,0.3368,1.969121140142518
2024-11-15 08:00:00,0.6709,0.3291,2.038590094196293
2024-11-15 09:00:00,0.6696,0.3304,2.0266343825665856
2024-11-15 10:00:00,0.6714,0.3286,2.0432136335970785
2024-11-15 11:00:00,0.6726,0.3274,2.054367745876603
2024-11-15 12:00:00,0.6664,0.3336,1.9976019184652278
2024-11-15 13:00:00,0.6697,0.3303,2.0275507114744173
2024-11-15 14:00:00,0.668,0.332,2.0120481927710845
2024-11-15 15:00:00,0.6638,0.3362,1.97441998810232
2024-11-15 16:00:00,0.6703,0.3297,2.0330603579011224
2024-11-15 17:00:00,0.6604,0.3396,1.9446407538280328
2024-11-15 18:00:00,0.6537,0.3463,1.8876696505919721
2024-11-15 19:00:00,0.6455,0.3545,1.8208744710860367
2024-11-15 20:00:00,0.6416,0.3584,1.7901785714285714
2024-11-15 21:00:00,0.6377,0.3623,1.760143527463428
2024-11-15 22:00:00,0.641,0.359,1.785515320334262
2024-11-15 23:00:00,0.6376,0.3624,1.759381898454746
2024-11-16 00:00:00,0.6234,0.3766,1.6553372278279341
2024-11-16 01:00:00,0.6208,0.3792,1.637130801687764
2024-11-16 02:00:00,0.6326,0.3674,1.7218290691344584
2024-11-16 03:00:00,0.6241,0.3759,1.6602819898909285
2024-11-16 04:00:00,0.6175,0.3825,1.6143790849673203
2024-11-16 05:00:00,0.6152,0.3848,1.5987525987525988
2024-11-16 06:00:00,0.6174,0.3826,1.6136957658128592
2024-11-16 07:00:00,0.6169,0.3831,1.6102845210127905
2024-11-16 08:00:00,0.6151,0.3849,1.5980774227071965
2024-11-16 09:00:00,0.6157,0.3843,1.6021337496747334
2024-11-16 10:00:00,0.6165,0.3835,1.6075619295958279
2024-11-16 11:00:00,0.6161,0.3839,1.6048450117218025
2024-11-16 12:00:00,0.6157,0.3843,1.6021337496747334
2024-11-16 13:00:00,0.6164,0.3836,1.6068821689259645
2024-11-16 14:00:00,0.6164,0.3836,1.6068821689259645
2024-11-16 15:00:00,0.617,0.383,1.6109660574412532
2024-11-16 16:00:00,0.6197,0.3803,1.6295030239284776
2024-11-16 17:00:00,0.6118,0.3882,1.5759917568263782
2024-11-16 18:00:00,0.612,0.388,1.577319587628866
2024-11-16 19:00:00,0.6137,0.3863,1.5886616619207872
2024-11-16 20:00:00,0.6091,0.3909,1.5581990278843691
2024-11-16 21:00:00,0.6117,0.3883,1.5753283543651817
2024-11-16 22:00:00,0.6162,0.3838,1.6055237102657633
2024-11-16 23:00:00,0.6212,0.3788,1.6399155227032733
2024-11-17 00:00:00,0.6194,0.3806,1.627430373095113
2024-11-17 01:00:00,0.6202,0.3798,1.632964718272775
2024-11-17 02:00:00,0.6228,0.3772,1.6511134676564159
2024-11-17 03:00:00,0.623,0.377,1.6525198938992043
2024-11-17 04:00:00,0.6233,0.3767,1.6546323334218211
2024-11-17 05:00:00,0.6251,0.3749,1.6673779674579887
2024-11-17 06:00:00,0.6235,0.3765,1.656042496679947
2024-11-17 07:00:00,0.6281,0.3719,1.6888948642108093
2024-11-17 08:00:00,0.6274,0.3726,1.6838432635534084
2024-11-17 09:00:00,0.6268,0.3732,1.679528403001072
2024-11-17 10:00:00,0.6253,0.3747,1.6688017080330932
2024-11-17 11:00:00,0.6267,0.3733,1.678810608090008
2024-11-17 12:00:00,0.6275,0.3725,1.6845637583892616
2024-11-17 13:00:00,0.6307,0.3693,1.7078256160303276
2024-11-17 14:00:00,0.6296,0.3704,1.6997840172786178
2024-11-17 15:00:00,0.6297,0.3703,1.7005130974885228
2024-11-17 16:00:00,0.6292,0.3708,1.6968716289104637
2024-11-17 17:00:00,0.6336,0.3664,1.7292576419213974
2024-11-17 18:00:00,0.6356,0.3644,1.7442371020856204
2024-11-17 19:00:00,0.6348,0.3652,1.7382256297918948
2024-11-17 20:00:00,0.637,0.363,1.7548209366391185
2024-11-17 21:00:00,0.6391,0.3609,1.770850651149903
2024-11-17 22:00:00,0.6411,0.3589,1.7862914460852606
2024-11-17 23:00:00,0.6379,0.3621,1.7616680475006905
2024-11-18 00:00:00,0.6384,0.3616,1.7654867256637168
2024-11-18 01:00:00,0.6386,0.3614,1.767017155506364
2024-11-18 02:00:00,0.6362,0.3638,1.748763056624519
2024-11-18 03:00:00,0.6411,0.3589,1.7862914460852606
2024-11-18 04:00:00,0.6454,0.3546,1.8200789622109417
2024-11-18 05:00:00,0.6464,0.3536,1.8280542986425337
2024-11-18 06:00:00,0.6425,0.3575,1.797202797202797
2024-11-18 07:00:00,0.639,0.361,1.770083102493075
2024-11-18 08:00:00,0.6389,0.3611,1.7693159789531987
2024-11-18 09:00:00,0.6423,0.3577,1.795638803466592
2024-11-18 10:00:00,0.6436,0.3564,1.8058361391694724
2024-11-18 11:00:00,0.6446,0.3554,1.8137310073157005
2024-11-18 12:00:00,0.6366,0.3634,1.7517886626307102
2024-11-18 13:00:00,0.6341,0.3659,1.7329871549603717
2024-11-18 14:00:00,0.6325,0.3675,1.7210884353741496
2024-11-18 15:00:00,0.6323,0.3677,1.719608376393799
2024-11-18 16:00:00,0.6406,0.3594,1.7824151363383416
2024-11-18 17:00:00,0.6488,0.3512,1.847380410022779
2024-11-18 18:00:00,0.6499,0.3501,1.8563267637817766
2024-11-18 19:00:00,0.6566,0.3434,1.9120559114735003
2024-11-18 20:00:00,0.6353,0.3647,1.7419797093501506
2024-11-18 21:00:00,0.631,0.369,1.7100271002710028
2024-11-18 22:00:00,0.6355,0.3645,1.7434842249657063
2024-11-18 23:00:00,0.6446,0.3554,1.8137310073157005
2024-11-19 00:00:00,0.6581,0.3419,1.9248318221702254
2024-11-19 01:00:00,0.645,0.355,1.8169014084507045
2024-11-19 02:00:00,0.6372,0.3628,1.7563395810363835
2024-11-19 03:00:00,0.6388,0.3612,1.7685492801771872
2024-11-19 04:00:00,0.6488,0.3512,1.847380410022779
2024-11-19 05:00:00,0.6513,0.3487,1.8677946659019213
2024-11-19 06:00:00,0.6497,0.3503,1.8546959748786755
2024-11-19 07:00:00,0.6496,0.3504,1.8538812785388128
2024-11-19 08:00:00,0.649,0.351,1.8490028490028492
2024-11-19 09:00:00,0.6456,0.3544,1.8216704288939052
2024-11-19 10:00:00,0.6441,0.3559,1.8097780275358246
2024-11-19 11:00:00,0.6392,0.3608,1.7716186252771617
2024-11-19 12:00:00,0.632,0.368,1.7173913043478262
2024-11-19 13:00:00,0.6291,0.3709,1.6961445133459152
2024-11-19 14:00:00,0.6293,0.3707,1.6975991367682763
2024-11-19 15:00:00,0.6261,0.3739,1.674511901577962
2024-11-19 16:00:00,0.6264,0.3736,1.676659528907923
2024-11-19 17:00:00,0.6185,0.3815,1.6212319790301444
2024-11-19 18:00:00,0.6252,0.3748,1.6680896478121663
2024-11-19 19:00:00,0.6341,0.3659,1.7329871549603717
2024-11-19 20:00:00,0.6261,0.3739,1.674511901577962
2024-11-19 21:00:00,0.6152,0.3848,1.5987525987525988
2024-11-19 22:00:00,0.6062,0.3938,1.5393600812595225
2024-11-19 23:00:00,0.6034,0.3966,1.5214321734745335
2024-11-20 00:00:00,0.5933,0.4067,1.4588148512417016
2024-11-20 01:00:00,0.5924,0.4076,1.4533856722276741
2024-11-20 02:00:00,0.6097,0.3903,1.5621316935690497
2024-11-20 03:00:00,0.62,0.38,1.631578947368421
2024-11-20 04:00:00,0.6252,0.3748,1.6680896478121663
2024-11-20 05:00:00,0.6252,0.3748,1.6680896478121663
2024-11-20 06:00:00,0.6252,0.3748,1.6680896478121663
2024-11-20 07:00:00,0.6252,0.3748,1.6680896478121663
2024-11-20 08:00:00,0.6252,0.3748,1.6680896478121663
2024-11-20 09:00:00,0.6252,0.3748,1.6680896478121663
2024-11-20 10:00:00,0.6252,0.3748,1.6680896478121663
2024-11-20 11:00:00,0.6252,0.3748,1.6680896478121663
2024-11-20 12:00:00,0.6252,0.3748,1.6680896478121663
2024-11-20 13:00:00,0.6252,0.3748,1.6680896478121663
2024-11-20 14:00:00,0.6252,0.3748,1.6680896478121663
2024-11-20 15:00:00,0.6252,0.3748,1.6680896478121663
2024-11-20 16:00:00,0.6252,0.3748,1.6680896478121663
2024-11-20 17:00:00,0.6252,0.3748,1.6680896478121663
2024-11-20 18:00:00,0.6252,0.3748,1.6680896478121663
2024-11-20 19:00:00,0.6252,0.3748,1.6680896478121663
2024-11-20 20:00:00,0.6252,0.3748,1.6680896478121663
2024-11-20 21:00:00,0.6252,0.3748,1.6680896478121663
2024-11-20 22:00:00,0.6252,0.3748,1.6680896478121663
2024-11-20 23:00:00,0.6252,0.3748,1.6680896478121663
2024-11-21 00:00:00,0.6252,0.3748,1.6680896478121663
2024-11-21 01:00:00,0.6252,0.3748,1.6680896478121663
2024-11-21 02:00:00,0.6252,0.3748,1.6680896478121663
2024-11-21 03:00:00,0.6252,0.3748,1.6680896478121663
2024-11-21 04:00:00,0.6252,0.3748,1.6680896478121663
2024-11-21 05:00:00,0.6252,0.3748,1.6680896478121663
2024-11-21 06:00:00,0.6252,0.3748,1.6680896478121663
2024-11-21 07:00:00,0.6252,0.3748,1.6680896478121663
2024-11-21 08:00:00,0.6252,0.3748,1.6680896478121663
2024-11-21 09:00:00,0.6252,0.3748,1.6680896478121663
2024-11-21 10:00:00,0.6252,0.3748,1.6680896478121663
2024-11-21 11:00:00,0.6252,0.3748,1.6680896478121663
2024-11-21 12:00:00,0.6252,0.3748,1.6680896478121663
2024-11-21 13:00:00,0.6252,0.3748,1.6680896478121663
2024-11-21 14:00:00,0.6252,0.3748,1.6680896478121663
2024-11-21 15:00:00,0.6252,0.3748,1.6680896478121663
2024-11-21 16:00:00,0.6252,0.3748,1.6680896478121663
2024-11-21 17:00:00,0.6252,0.3748,1.6680896478121663
2024-11-21 18:00:00,0.6252,0.3748,1.6680896478121663
2024-11-21 19:00:00,0.6252,0.3748,1.6680896478121663
2024-11-21 20:00:00,0.6252,0.3748,1.6680896478121663
2024-11-21 21:00:00,0.6252,0.3748,1.6680896478121663
2024-11-21 22:00:00,0.6252,0.3748,1.6680896478121663
2024-11-21 23:00:00,0.6252,0.3748,1.6680896478121663
2024-11-22 00:00:00,0.6252,0.3748,1.6680896478121663
2024-11-22 01:00:00,0.6252,0.3748,1.6680896478121663
2024-11-22 02:00:00,0.6252,0.3748,1.6680896478121663
2024-11-22 03:00:00,0.6252,0.3748,1.6680896478121663
2024-11-22 04:00:00,0.6252,0.3748,1.6680896478121663
2024-11-22 05:00:00,0.6252,0.3748,1.6680896478121663
2024-11-22 06:00:00,0.6252,0.3748,1.6680896478121663
2024-11-22 07:00:00,0.6252,0.3748,1.6680896478121663
2024-11-22 08:00:00,0.6252,0.3748,1.6680896478121663
2024-11-22 09:00:00,0.6252,0.3748,1.6680896478121663
2024-11-22 10:00:00,0.6252,0.3748,1.6680896478121663
2024-11-22 11:00:00,0.6252,0.3748,1.6680896478121663
2024-11-22 12:00:00,0.6252,0.3748,1.6680896478121663
2024-11-22 13:00:00,0.6252,0.3748,1.6680896478121663
2024-11-22 14:00:00,0.6252,0.3748,1.6680896478121663
2024-11-22 15:00:00,0.6252,0.3748,1.6680896478121663
2024-11-22 16:00:00,0.6252,0.3748,1.6680896478121663
2024-11-22 17:00:00,0.6252,0.3748,1.6680896478121663
2024-11-22 18:00:00,0.6252,0.3748,1.6680896478121663
2024-11-22 19:00:00,0.6252,0.3748,1.6680896478121663
2024-11-22 20:00:00,0.6252,0.3748,1.6680896478121663
2024-11-22 21:00:00,0.6252,0.3748,1.6680896478121663
2024-11-22 22:00:00,0.6252,0.3748,1.6680896478121663
2024-11-22 23:00:00,0.6252,0.3748,1.6680896478121663
2024-11-23 00:00:00,0.6252,0.3748,1.6680896478121663
2024-11-23 01:00:00,0.6252,0.3748,1.6680896478121663
2024-11-23 02:00:00,0.6252,0.3748,1.6680896478121663
2024-11-23 03:00:00,0.6252,0.3748,1.6680896478121663
2024-11-23 04:00:00,0.6252,0.3748,1.6680896478121663
2024-11-23 05:00:00,0.6252,0.3748,1.6680896478121663
2024-11-23 06:00:00,0.6252,0.3748,1.6680896478121663
2024-11-23 07:00:00,0.6252,0.3748,1.6680896478121663
2024-11-23 08:00:00,0.6252,0.3748,1.6680896478121663
2024-11-23 09:00:00,0.6252,0.3748,1.6680896478121663
2024-11-23 10:00:00,0.6252,0.3748,1.6680896478121663
2024-11-23 11:00:00,0.6252,0.3748,1.6680896478121663
2024-11-23 12:00:00,0.6252,0.3748,1.6680896478121663
2024-11-23 13:00:00,0.6252,0.3748,1.6680896478121663
2024-11-23 14:00:00,0.6252,0.3748,1.6680896478121663
2024-11-23 15:00:00,0.6252,0.3748,1.6680896478121663
2024-11-23 16:00:00,0.6252,0.3748,1.6680896478121663
2024-11-23 17:00:00,0.6252,0.3748,1.6680896478121663
2024-11-23 18:00:00,0.6252,0.3748,1.6680896478121663
2024-11-23 19:00:00,0.6252,0.3748,1.6680896478121663
2024-11-23 20:00:00,0.6252,0.3748,1.6680896478121663
2024-11-23 21:00:00,0.6252,0.3748,1.6680896478121663
2024-11-23 22:00:00,0.6252,0.3748,1.6680896478121663
2024-11-23 23:00:00,0.6252,0.3748,1.6680896478121663
2024-11-24 00:00:00,0.6252,0.3748,1.6680896478121663
2024-11-24 01:00:00,0.6252,0.3748,1.6680896478121663
2024-11-24 02:00:00,0.6252,0.3748,1.6680896478121663
2024-11-24 03:00:00,0.6252,0.3748,1.6680896478121663
2024-11-24 04:00:00,0.6252,0.3748,1.6680896478121663
2024-11-24 05:00:00,0.6252,0.3748,1.6680896478121663
2024-11-24 06:00:00,0.6252,0.3748,1.6680896478121663
2024-11-24 07:00:00,0.6252,0.3748,1.6680896478121663
2024-11-24 08:00:00,0.6252,0.3748,1.6680896478121663
2024-11-24 09:00:00,0.6252,0.3748,1.6680896478121663
2024-11-24 10:00:00,0.6252,0.3748,1.6680896478121663
2024-11-24 11:00:00,0.6252,0.3748,1.6680896478121663
2024-11-24 12:00:00,0.6252,0.3748,1.6680896478121663
2024-11-24 13:00:00,0.6252,0.3748,1.6680896478121663
2024-11-24 14:00:00,0.6252,0.3748,1.6680896478121663
2024-11-24 15:00:00,0.6252,0.3748,1.6680896478121663
2024-11-24 16:00:00,0.6252,0.3748,1.6680896478121663
2024-11-24 17:00:00,0.6252,0.3748,1.6680896478121663
2024-11-24 18:00:00,0.6252,0.3748,1.6680896478121663
2024-11-24 19:00:00,0.6252,0.3748,1.6680896478121663
2024-11-24 20:00:00,0.6252,0.3748,1.6680896478121663
2024-11-24 21:00:00,0.6252,0.3748,1.6680896478121663
2024-11-24 22:00:00,0.6252,0.3748,1.6680896478121663
2024-11-24 23:00:00,0.6252,0.3748,1.6680896478121663
2024-11-25 00:00:00,0.6252,0.3748,1.6680896478121663
2024-11-25 01:00:00,0.6252,0.3748,1.6680896478121663
2024-11-25 02:00:00,0.6252,0.3748,1.6680896478121663
2024-11-25 03:00:00,0.6252,0.3748,1.6680896478121663
2024-11-25 04:00:00,0.6252,0.3748,1.6680896478121663
2024-11-25 05:00:00,0.6252,0.3748,1.6680896478121663
2024-11-25 06:00:00,0.6252,0.3748,1.6680896478121663
2024-11-25 07:00:00,0.6252,0.3748,1.6680896478121663
2024-11-25 08:00:00,0.6252,0.3748,1.6680896478121663
2024-11-25 09:00:00,0.6252,0.3748,1.6680896478121663
2024-11-25 10:00:00,0.6252,0.3748,1.6680896478121663
2024-11-25 11:00:00,0.6252,0.3748,1.6680896478121663
2024-11-25 12:00:00,0.6252,0.3748,1.6680896478121663
2024-11-25 13:00:00,0.6252,0.3748,1.6680896478121663
2024-11-25 14:00:00,0.6252,0.3748,1.6680896478121663
2024-11-25 15:00:00,0.6252,0.3748,1.6680896478121663
2024-11-25 16:00:00,0.6252,0.3748,1.6680896478121663
2024-11-25 17:00:00,0.6252,0.3748,1.6680896478121663
2024-11-25 18:00:00,0.6252,0.3748,1.6680896478121663
2024-11-25 19:00:00,0.6252,0.3748,1.6680896478121663
2024-11-25 20:00:00,0.6252,0.3748,1.6680896478121663
2024-11-25 21:00:00,0.6252,0.3748,1.6680896478121663
2024-11-25 22:00:00,0.6252,0.3748,1.6680896478121663
2024-11-25 23:00:00,0.6252,0.3748,1.6680896478121663
2024-11-26 00:00:00,0.6252,0.3748,1.6680896478121663
2024-11-26 01:00:00,0.6252,0.3748,1.6680896478121663
2024-11-26 02:00:00,0.6252,0.3748,1.6680896478121663
2024-11-26 03:00:00,0.6252,0.3748,1.6680896478121663
2024-11-26 04:00:00,0.6252,0.3748,1.6680896478121663
2024-11-26 05:00:00,0.6252,0.3748,1.6680896478121663
2024-11-26 06:00:00,0.6252,0.3748,1.6680896478121663
2024-11-26 07:00:00,0.6252,0.3748,1.6680896478121663
2024-11-26 08:00:00,0.6252,0.3748,1.6680896478121663
2024-11-26 09:00:00,0.6252,0.3748,1.6680896478121663
2024-11-26 10:00:00,0.6252,0.3748,1.6680896478121663
2024-11-26 11:00:00,0.6252,0.3748,1.6680896478121663
2024-11-26 12:00:00,0.6252,0.3748,1.6680896478121663
2024-11-26 13:00:00,0.6252,0.3748,1.6680896478121663
2024-11-26 14:00:00,0.6252,0.3748,1.6680896478121663
2024-11-26 15:00:00,0.6252,0.3748,1.6680896478121663
2024-11-26 16:00:00,0.6252,0.3748,1.6680896478121663
2024-11-26 17:00:00,0.6252,0.3748,1.6680896478121663
2024-11-26 18:00:00,0.6252,0.3748,1.6680896478121663
2024-11-26 19:00:00,0.6252,0.3748,1.6680896478121663
2024-11-26 20:00:00,0.6252,0.3748,1.6680896478121663
2024-11-26 21:00:00,0.6252,0.3748,1.6680896478121663
2024-11-26 22:00:00,0.6252,0.3748,1.6680896478121663
2024-11-26 23:00:00,0.6252,0.3748,1.6680896478121663
2024-11-27 00:00:00,0.6252,0.3748,1.6680896478121663
2024-11-27 01:00:00,0.6252,0.3748,1.6680896478121663
2024-11-27 02:00:00,0.6252,0.3748,1.6680896478121663
2024-11-27 03:00:00,0.6252,0.3748,1.6680896478121663
2024-11-27 04:00:00,0.6252,0.3748,1.6680896478121663
2024-11-27 05:00:00,0.6252,0.3748,1.6680896478121663
2024-11-27 06:00:00,0.6252,0.3748,1.6680896478121663
2024-11-27 07:00:00,0.6252,0.3748,1.6680896478121663
2024-11-27 08:00:00,0.6252,0.3748,1.6680896478121663
2024-11-27 09:00:00,0.6252,0.3748,1.6680896478121663
2024-11-27 10:00:00,0.6252,0.3748,1.6680896478121663
2024-11-27 11:00:00,0.6252,0.3748,1.6680896478121663
2024-11-27 12:00:00,0.6252,0.3748,1.6680896478121663
2024-11-27 13:00:00,0.6252,0.3748,1.6680896478121663
2024-11-27 14:00:00,0.6252,0.3748,1.6680896478121663
2024-11-27 15:00:00,0.6252,0.3748,1.6680896478121663
2024-11-27 16:00:00,0.6252,0.3748,1.6680896478121663
2024-11-27 17:00:00,0.6252,0.3748,1.6680896478121663
2024-11-27 18:00:00,0.6252,0.3748,1.6680896478121663
2024-11-27 19:00:00,0.6252,0.3748,1.6680896478121663
2024-11-27 20:00:00,0.6252,0.3748,1.6680896478121663
2024-11-27 21:00:00,0.6252,0.3748,1.6680896478121663
2024-11-27 22:00:00,0.6252,0.3748,1.6680896478121663
2024-11-27 23:00:00,0.6252,0.3748,1.6680896478121663
2024-11-28 00:00:00,0.6252,0.3748,1.6680896478121663
2024-11-28 01:00:00,0.6252,0.3748,1.6680896478121663
2024-11-28 02:00:00,0.6252,0.3748,1.6680896478121663
2024-11-28 03:00:00,0.6252,0.3748,1.6680896478121663
2024-11-28 04:00:00,0.6252,0.3748,1.6680896478121663
2024-11-28 05:00:00,0.6252,0.3748,1.6680896478121663
2024-11-28 06:00:00,0.6252,0.3748,1.6680896478121663
2024-11-28 07:00:00,0.6252,0.3748,1.6680896478121663
2024-11-28 08:00:00,0.6252,0.3748,1.6680896478121663
2024-11-28 09:00:00,0.6252,0.3748,1.6680896478121663
2024-11-28 10:00:00,0.6252,0.3748,1.6680896478121663
2024-11-28 11:00:00,0.6252,0.3748,1.6680896478121663
2024-11-28 12:00:00,0.6252,0.3748,1.6680896478121663
2024-11-28 13:00:00,0.6252,0.3748,1.6680896478121663
2024-11-28 14:00:00,0.6252,0.3748,1.6680896478121663
2024-11-28 15:00:00,0.6252,0.3748,1.6680896478121663
2024-11-28 16:00:00,0.6252,0.3748,1.6680896478121663
2024-11-28 17:00:00,0.6252,0.3748,1.6680896478121663
2024-11-28 18:00:00,0.6252,0.3748,1.6680896478121663
2024-11-28 19:00:00,0.6252,0.3748,1.6680896478121663
2024-11-28 20:00:00,0.6252,0.3748,1.6680896478121663
2024-11-28 21:00:00,0.6252,0.3748,1.6680896478121663
2024-11-28 22:00:00,0.6252,0.3748,1.6680896478121663
2024-11-28 23:00:00,0.6252,0.3748,1.6680896478121663
2024-11-29 00:00:00,0.6252,0.3748,1.6680896478121663
2024-11-29 01:00:00,0.6252,0.3748,1.6680896478121663
2024-11-29 02:00:00,0.6252,0.3748,1.6680896478121663
2024-11-29 03:00:00,0.6252,0.3748,1.6680896478121663
2024-11-29 04:00:00,0.6252,0.3748,1.6680896478121663
2024-11-29 05:00:00,0.6252,0.3748,1.6680896478121663
2024-11-29 06:00:00,0.6252,0.3748,1.6680896478121663
2024-11-29 07:00:00,0.6252,0.3748,1.6680896478121663
2024-11-29 08:00:00,0.6252,0.3748,1.6680896478121663
2024-11-29 09:00:00,0.6252,0.3748,1.6680896478121663
2024-11-29 10:00:00,0.6252,0.3748,1.6680896478121663
2024-11-29 11:00:00,0.6252,0.3748,1.6680896478121663
2024-11-29 12:00:00,0.6252,0.3748,1.6680896478121663
2024-11-29 13:00:00,0.6252,0.3748,1.6680896478121663
2024-11-29 14:00:00,0.6252,0.3748,1.6680896478121663
2024-11-29 15:00:00,0.6252,0.3748,1.6680896478121663
2024-11-29 16:00:00,0.6252,0.3748,1.6680896478121663
2024-11-29 17:00:00,0.6252,0.3748,1.6680896478121663
2024-11-29 18:00:00,0.6252,0.3748,1.6680896478121663
2024-11-29 19:00:00,0.6252,0.3748,1.6680896478121663
2024-11-29 20:00:00,0.6252,0.3748,1.6680896478121663
2024-11-29 21:00:00,0.6252,0.3748,1.6680896478121663
2024-11-29 22:00:00,0.6252,0.3748,1.6680896478121663
2024-11-29 23:00:00,0.6252,0.3748,1.6680896478121663
2024-11-30 00:00:00,0.6252,0.3748,1.6680896478121663
2024-11-30 01:00:00,0.6252,0.3748,1.6680896478121663
2024-11-30 02:00:00,0.6252,0.3748,1.6680896478121663
2024-11-30 03:00:00,0.6252,0.3748,1.6680896478121663
2024-11-30 04:00:00,0.6252,0.3748,1.6680896478121663
2024-11-30 05:00:00,0.6252,0.3748,1.6680896478121663
2024-11-30 06:00:00,0.6252,0.3748,1.6680896478121663
2024-11-30 07:00:00,0.6252,0.3748,1.6680896478121663
2024-11-30 08:00:00,0.6252,0.3748,1.6680896478121663
2024-11-30 09:00:00,0.6252,0.3748,1.6680896478121663
2024-11-30 10:00:00,0.6252,0.3748,1.6680896478121663
2024-11-30 11:00:00,0.6252,0.3748,1.6680896478121663
2024-11-30 12:00:00,0.6252,0.3748,1.6680896478121663
2024-11-30 13:00:00,0.6252,0.3748,1.6680896478121663
2024-11-30 14:00:00,0.6252,0.3748,1.6680896478121663
2024-11-30 15:00:00,0.6252,0.3748,1.6680896478121663
2024-11-30 16:00:00,0.6252,0.3748,1.6680896478121663
2024-11-30 17:00:00,0.6252,0.3748,1.6680896478121663
2024-11-30 18:00:00,0.6252,0.3748,1.6680896478121663
2024-11-30 19:00:00,0.6252,0.3748,1.6680896478121663
2024-11-30 20:00:00,0.6252,0.3748,1.6680896478121663
2024-11-30 21:00:00,0.6252,0.3748,1.6680896478121663
2024-11-30 22:00:00,0.6252,0.3748,1.6680896478121663
2024-11-30 23:00:00,0.6252,0.3748,1.6680896478121663
2024-12-01 00:00:00,0.6252,0.3748,1.6680896478121663
2024-12-01 01:00:00,0.6252,0.3748,1.6680896478121663
2024-12-01 02:00:00,0.6252,0.3748,1.6680896478121663
2024-12-01 03:00:00,0.6252,0.3748,1.6680896478121663
2024-12-01 04:00:00,0.6252,0.3748,1.6680896478121663
2024-12-01 05:00:00,0.6252,0.3748,1.6680896478121663
2024-12-01 06:00:00,0.6252,0.3748,1.6680896478121663
2024-12-01 07:00:00,0.6252,0.3748,1.6680896478121663
2024-12-01 08:00:00,0.6252,0.3748,1.6680896478121663
2024-12-01 09:00:00,0.6252,0.3748,1.6680896478121663
2024-12-01 10:00:00,0.6252,0.3748,1.6680896478121663
2024-12-01 11:00:00,0.6252,0.3748,1.6680896478121663
2024-12-01 12:00:00,0.6252,0.3748,1.6680896478121663
2024-12-01 13:00:00,0.6252,0.3748,1.6680896478121663
2024-12-01 14:00:00,0.6252,0.3748,1.6680896478121663
2024-12-01 15:00:00,0.6252,0.3748,1.6680896478121663
2024-12-01 16:00:00,0.6252,0.3748,1.6680896478121663
2024-12-01 17:00:00,0.6252,0.3748,1.6680896478121663
2024-12-01 18:00:00,0.6252,0.3748,1.6680896478121663
2024-12-01 19:00:00,0.6252,0.3748,1.6680896478121663
2024-12-01 20:00:00,0.6252,0.3748,1.6680896478121663
2024-12-01 21:00:00,0.6252,0.3748,1.6680896478121663
2024-12-01 22:00:00,0.6252,0.3748,1.6680896478121663
2024-12-01 23:00:00,0.6252,0.3748,1.6680896478121663
2024-12-02 00:00:00,0.6252,0.3748,1.6680896478121663
2024-12-02 01:00:00,0.6252,0.3748,1.6680896478121663
2024-12-02 02:00:00,0.6252,0.3748,1.6680896478121663
2024-12-02 03:00:00,0.6252,0.3748,1.6680896478121663
2024-12-02 04:00:00,0.6252,0.3748,1.6680896478121663
2024-12-02 05:00:00,0.6252,0.3748,1.6680896478121663
2024-12-02 06:00:00,0.6252,0.3748,1.6680896478121663
2024-12-02 07:00:00,0.6252,0.3748,1.6680896478121663
2024-12-02 08:00:00,0.6252,0.3748,1.6680896478121663
2024-12-02 09:00:00,0.6252,0.3748,1.6680896478121663
2024-12-02 10:00:00,0.6252,0.3748,1.6680896478121663
2024-12-02 11:00:00,0.6252,0.3748,1.6680896478121663
2024-12-02 12:00:00,0.6252,0.3748,1.6680896478121663
2024-12-02 13:00:00,0.6252,0.3748,1.6680896478121663
2024-12-02 14:00:00,0.6252,0.3748,1.6680896478121663
2024-12-02 15:00:00,0.6252,0.3748,1.6680896478121663
2024-12-02 16:00:00,0.6252,0.3748,1.6680896478121663
2024-12-02 17:00:00,0.6252,0.3748,1.6680896478121663
2024-12-02 18:00:00,0.6252,0.3748,1.6680896478121663
2024-12-02 19:00:00,0.6252,0.3748,1.6680896478121663
2024-12-02 20:00:00,0.6252,0.3748,1.6680896478121663
2024-12-02 21:00:00,0.6252,0.3748,1.6680896478121663
2024-12-02 22:00:00,0.6252,0.3748,1.6680896478121663
2024-12-02 23:00:00,0.6252,0.3748,1.6680896478121663
2024-12-03 00:00:00,0.6252,0.3748,1.6680896478121663
2024-12-03 01:00:00,0.6252,0.3748,1.6680896478121663
2024-12-03 02:00:00,0.6252,0.3748,1.6680896478121663
2024-12-03 03:00:00,0.6252,0.3748,1.6680896478121663
2024-12-03 04:00:00,0.6252,0.3748,1.6680896478121663
2024-12-03 05:00:00,0.6252,0.3748,1.6680896478121663
2024-12-03 06:00:00,0.6252,0.3748,1.6680896478121663
2024-12-03 07:00:00,0.6252,0.3748,1.6680896478121663
2024-12-03 08:00:00,0.6252,0.3748,1.6680896478121663
2024-12-03 09:00:00,0.6252,0.3748,1.6680896478121663
2024-12-03 10:00:00,0.6252,0.3748,1.6680896478121663
2024-12-03 11:00:00,0.6252,0.3748,1.6680896478121663
2024-12-03 12:00:00,0.6252,0.3748,1.6680896478121663
2024-12-03 13:00:00,0.6252,0.3748,1.6680896478121663
2024-12-03 14:00:00,0.6252,0.3748,1.6680896478121663
2024-12-03 15:00:00,0.6252,0.3748,1.6680896478121663
2024-12-03 16:00:00,0.6252,0.3748,1.6680896478121663
2024-12-03 17:00:00,0.6252,0.3748,1.6680896478121663
2024-12-03 18:00:00,0.6252,0.3748,1.6680896478121663
2024-12-03 19:00:00,0.6252,0.3748,1.6680896478121663
2024-12-03 20:00:00,0.6252,0.3748,1.6680896478121663
2024-12-03 21:00:00,0.6252,0.3748,1.6680896478121663
2024-12-03 22:00:00,0.6252,0.3748,1.6680896478121663
2024-12-03 23:00:00,0.6252,0.3748,1.6680896478121663
2024-12-04 00:00:00,0.6252,0.3748,1.6680896478121663
2024-12-04 01:00:00,0.6252,0.3748,1.6680896478121663
2024-12-04 02:00:00,0.6252,0.3748,1.6680896478121663
2024-12-04 03:00:00,0.6252,0.3748,1.6680896478121663
2024-12-04 04:00:00,0.6252,0.3748,1.6680896478121663
2024-12-04 05:00:00,0.6252,0.3748,1.6680896478121663
2024-12-04 06:00:00,0.6252,0.3748,1.6680896478121663
2024-12-04 07:00:00,0.6252,0.3748,1.6680896478121663
2024-12-04 08:00:00,0.6252,0.3748,1.6680896478121663
2024-12-04 09:00:00,0.6252,0.3748,1.6680896478121663
2024-12-04 10:00:00,0.6252,0.3748,1.6680896478121663
2024-12-04 11:00:00,0.6252,0.3748,1.6680896478121663
2024-12-04 12:00:00,0.6252,0.3748,1.6680896478121663
2024-12-04 13:00:00,0.6252,0.3748,1.6680896478121663
2024-12-04 14:00:00,0.6252,0.3748,1.6680896478121663
2024-12-04 15:00:00,0.6252,0.3748,1.6680896478121663
2024-12-04 16:00:00,0.6252,0.3748,1.6680896478121663
2024-12-04 17:00:00,0.6252,0.3748,1.6680896478121663
2024-12-04 18:00:00,0.6252,0.3748,1.6680896478121663
2024-12-04 19:00:00,0.6252,0.3748,1.6680896478121663
2024-12-04 20:00:00,0.6252,0.3748,1.6680896478121663
2024-12-04 21:00:00,0.6252,0.3748,1.6680896478121663
2024-12-04 22:00:00,0.6252,0.3748,1.6680896478121663
2024-12-04 23:00:00,0.6252,0.3748,1.6680896478121663
2024-12-05 00:00:00,0.6252,0.3748,1.6680896478121663
2024-12-05 01:00:00,0.6252,0.3748,1.6680896478121663
2024-12-05 02:00:00,0.6252,0.3748,1.6680896478121663
2024-12-05 03:00:00,0.6252,0.3748,1.6680896478121663
2024-12-05 04:00:00,0.6252,0.3748,1.6680896478121663
2024-12-05 05:00:00,0.6252,0.3748,1.6680896478121663
2024-12-05 06:00:00,0.6252,0.3748,1.6680896478121663
2024-12-05 07:00:00,0.6252,0.3748,1.6680896478121663
2024-12-05 08:00:00,0.6252,0.3748,1.6680896478121663
2024-12-05 09:00:00,0.6252,0.3748,1.6680896478121663
2024-12-05 10:00:00,0.6252,0.3748,1.6680896478121663
2024-12-05 11:00:00,0.6252,0.3748,1.6680896478121663
2024-12-05 12:00:00,0.6252,0.3748,1.6680896478121663
2024-12-05 13:00:00,0.6252,0.3748,1.6680896478121663
2024-12-05 14:00:00,0.6252,0.3748,1.6680896478121663
2024-12-05 15:00:00,0.6252,0.3748,1.6680896478121663
2024-12-05 16:00:00,0.6252,0.3748,1.6680896478121663
2024-12-05 17:00:00,0.6252,0.3748,1.6680896478121663
2024-12-05 18:00:00,0.6252,0.3748,1.6680896478121663
2024-12-05 19:00:00,0.6252,0.3748,1.6680896478121663
2024-12-05 20:00:00,0.6252,0.3748,1.6680896478121663
2024-12-05 21:00:00,0.6252,0.3748,1.6680896478121663
2024-12-05 22:00:00,0.6252,0.3748,1.6680896478121663
2024-12-05 23:00:00,0.6252,0.3748,1.6680896478121663
2024-12-06 00:00:00,0.6252,0.3748,1.6680896478121663
2024-12-06 01:00:00,0.6252,0.3748,1.6680896478121663
2024-12-06 02:00:00,0.6252,0.3748,1.6680896478121663
2024-12-06 03:00:00,0.6252,0.3748,1.6680896478121663
2024-12-06 04:00:00,0.6252,0.3748,1.6680896478121663
2024-12-06 05:00:00,0.6252,0.3748,1.6680896478121663
2024-12-06 06:00:00,0.6252,0.3748,1.6680896478121663
2024-12-06 07:00:00,0.6252,0.3748,1.6680896478121663
2024-12-06 08:00:00,0.6252,0.3748,1.6680896478121663
2024-12-06 09:00:00,0.6252,0.3748,1.6680896478121663
2024-12-06 10:00:00,0.6252,0.3748,1.6680896478121663
2024-12-06 11:00:00,0.6252,0.3748,1.6680896478121663
2024-12-06 12:00:00,0.6252,0.3748,1.6680896478121663
2024-12-06 13:00:00,0.6252,0.3748,1.6680896478121663
2024-12-06 14:00:00,0.6252,0.3748,1.6680896478121663
2024-12-06 15:00:00,0.6252,0.3748,1.6680896478121663
2024-12-06 16:00:00,0.6252,0.3748,1.6680896478121663
2024-12-06 17:00:00,0.6252,0.3748,1.6680896478121663
2024-12-06 18:00:00,0.6252,0.3748,1.6680896478121663
2024-12-06 19:00:00,0.6252,0.3748,1.6680896478121663
2024-12-06 20:00:00,0.6252,0.3748,1.6680896478121663
2024-12-06 21:00:00,0.6252,0.3748,1.6680896478121663
2024-12-06 22:00:00,0.6252,0.3748,1.6680896478121663
2024-12-06 23:00:00,0.6252,0.3748,1.6680896478121663
2024-12-07 00:00:00,0.6252,0.3748,1.6680896478121663
2024-12-07 01:00:00,0.6252,0.3748,1.6680896478121663
2024-12-07 02:00:00,0.6252,0.3748,1.6680896478121663
2024-12-07 03:00:00,0.6252,0.3748,1.6680896478121663
2024-12-07 04:00:00,0.6252,0.3748,1.6680896478121663
2024-12-07 05:00:00,0.6252,0.3748,1.6680896478121663
2024-12-07 06:00:00,0.6252,0.3748,1.6680896478121663
2024-12-07 07:00:00,0.6252,0.3748,1.6680896478121663
2024-12-07 08:00:00,0.6252,0.3748,1.6680896478121663
2024-12-07 09:00:00,0.6252,0.3748,1.6680896478121663
2024-12-07 10:00:00,0.6252,0.3748,1.6680896478121663
2024-12-07 11:00:00,0.6252,0.3748,1.6680896478121663
2024-12-07 12:00:00,0.6252,0.3748,1.6680896478121663
2024-12-07 13:00:00,0.6252,0.3748,1.6680896478121663
2024-12-07 14:00:00,0.6252,0.3748,1.6680896478121663
2024-12-07 15:00:00,0.6252,0.3748,1.6680896478121663
2024-12-07 16:00:00,0.6252,0.3748,1.6680896478121663
2024-12-07 17:00:00,0.6252,0.3748,1.6680896478121663
2024-12-07 18:00:00,0.6252,0.3748,1.6680896478121663
2024-12-07 19:00:00,0.6252,0.3748,1.6680896478121663
2024-12-07 20:00:00,0.6252,0.3748,1.6680896478121663
2024-12-07 21:00:00,0.6252,0.3748,1.6680896478121663
2024-12-07 22:00:00,0.6252,0.3748,1.6680896478121663
2024-12-07 23:00:00,0.6252,0.3748,1.6680896478121663
2024-12-08 00:00:00,0.6252,0.3748,1.6680896478121663
2024-12-08 01:00:00,0.6252,0.3748,1.6680896478121663
2024-12-08 02:00:00,0.6252,0.3748,1.6680896478121663
2024-12-08 03:00:00,0.6252,0.3748,1.6680896478121663
2024-12-08 04:00:00,0.6252,0.3748,1.6680896478121663
2024-12-08 05:00:00,0.6252,0.3748,1.6680896478121663
2024-12-08 06:00:00,0.6252,0.3748,1.6680896478121663
2024-12-08 07:00:00,0.6252,0.3748,1.6680896478121663
2024-12-08 08:00:00,0.6252,0.3748,1.6680896478121663
2024-12-08 09:00:00,0.6252,0.3748,1.6680896478121663
2024-12-08 10:00:00,0.6252,0.3748,1.6680896478121663
2024-12-08 11:00:00,0.6252,0.3748,1.6680896478121663
2024-12-08 12:00:00,0.6252,0.3748,1.6680896478121663
2024-12-08 13:00:00,0.6252,0.3748,1.6680896478121663
2024-12-08 14:00:00,0.6252,0.3748,1.6680896478121663
2024-12-08 15:00:00,0.6252,0.3748,1.6680896478121663
2024-12-08 16:00:00,0.6252,0.3748,1.6680896478121663
2024-12-08 17:00:00,0.6252,0.3748,1.6680896478121663
2024-12-08 18:00:00,0.6252,0.3748,1.6680896478121663
2024-12-08 19:00:00,0.6252,0.3748,1.6680896478121663
2024-12-08 20:00:00,0.6252,0.3748,1.6680896478121663
2024-12-08 21:00:00,0.6252,0.3748,1.6680896478121663
2024-12-08 22:00:00,0.6252,0.3748,1.6680896478121663
2024-12-08 23:00:00,0.6252,0.3748,1.6680896478121663
2024-12-09 00:00:00,0.6252,0.3748,1.6680896478121663
2024-12-09 01:00:00,0.6252,0.3748,1.6680896478121663
2024-12-09 02:00:00,0.6252,0.3748,1.6680896478121663
2024-12-09 03:00:00,0.6252,0.3748,1.6680896478121663
2024-12-09 04:00:00,0.6252,0.3748,1.6680896478121663
2024-12-09 05:00:00,0.6252,0.3748,1.6680896478121663
2024-12-09 06:00:00,0.6252,0.3748,1.6680896478121663
2024-12-09 07:00:00,0.6252,0.3748,1.6680896478121663
2024-12-09 08:00:00,0.6252,0.3748,1.6680896478121663
2024-12-09 09:00:00,0.6252,0.3748,1.6680896478121663
2024-12-09 10:00:00,0.6252,0.3748,1.6680896478121663
2024-12-09 11:00:00,0.6252,0.3748,1.6680896478121663
2024-12-09 12:00:00,0.6252,0.3748,1.6680896478121663
2024-12-09 13:00:00,0.6252,0.3748,1.6680896478121663
2024-12-09 14:00:00,0.6252,0.3748,1.6680896478121663
2024-12-09 15:00:00,0.6252,0.3748,1.6680896478121663
2024-12-09 16:00:00,0.6252,0.3748,1.6680896478121663
2024-12-09 17:00:00,0.6252,0.3748,1.6680896478121663
2024-12-09 18:00:00,0.6252,0.3748,1.6680896478121663
2024-12-09 19:00:00,0.6252,0.3748,1.6680896478121663
2024-12-09 20:00:00,0.6252,0.3748,1.6680896478121663
2024-12-09 21:00:00,0.6252,0.3748,1.6680896478121663
2024-12-09 22:00:00,0.6252,0.3748,1.6680896478121663
2024-12-09 23:00:00,0.6252,0.3748,1.6680896478121663
2024-12-10 00:00:00,0.6252,0.3748,1.6680896478121663
2024-12-10 01:00:00,0.6252,0.3748,1.6680896478121663
2024-12-10 02:00:00,0.6252,0.3748,1.6680896478121663
2024-12-10 03:00:00,0.6252,0.3748,1.6680896478121663
2024-12-10 04:00:00,0.6252,0.3748,1.6680896478121663
2024-12-10 05:00:00,0.6252,0.3748,1.6680896478121663
2024-12-10 06:00:00,0.6252,0.3748,1.6680896478121663
2024-12-10 07:00:00,0.6252,0.3748,1.6680896478121663
2024-12-10 08:00:00,0.6252,0.3748,1.6680896478121663
2024-12-10 09:00:00,0.6252,0.3748,1.6680896478121663
2024-12-10 10:00:00,0.6252,0.3748,1.6680896478121663
2024-12-10 11:00:00,0.6252,0.3748,1.6680896478121663
2024-12-10 12:00:00,0.6252,0.3748,1.6680896478121663
2024-12-10 13:00:00,0.6252,0.3748,1.6680896478121663
2024-12-10 14:00:00,0.6252,0.3748,1.6680896478121663
2024-12-10 15:00:00,0.6252,0.3748,1.6680896478121663
2024-12-10 16:00:00,0.6252,0.3748,1.6680896478121663
2024-12-10 17:00:00,0.6252,0.3748,1.6680896478121663
2024-12-10 18:00:00,0.6252,0.3748,1.6680896478121663
2024-12-10 19:00:00,0.6252,0.3748,1.6680896478121663
2024-12-10 20:00:00,0.6252,0.3748,1.6680896478121663
2024-12-10 21:00:00,0.6252,0.3748,1.6680896478121663
2024-12-10 22:00:00,0.6252,0.3748,1.6680896478121663
2024-12-10 23:00:00,0.6252,0.3748,1.6680896478121663
2024-12-11 00:00:00,0.6252,0.3748,1.6680896478121663
2024-12-11 01:00:00,0.6252,0.3748,1.6680896478121663
2024-12-11 02:00:00,0.6252,0.3748,1.6680896478121663
2024-12-11 03:00:00,0.6252,0.3748,1.6680896478121663
2024-12-11 04:00:00,0.6252,0.3748,1.6680896478121663
2024-12-11 05:00:00,0.6252,0.3748,1.6680896478121663
2024-12-11 06:00:00,0.6252,0.3748,1.6680896478121663
2024-12-11 07:00:00,0.6252,0.3748,1.6680896478121663
2024-12-11 08:00:00,0.6252,0.3748,1.6680896478121663
2024-12-11 09:00:00,0.6252,0.3748,1.6680896478121663
2024-12-11 10:00:00,0.6252,0.3748,1.6680896478121663
2024-12-11 11:00:00,0.6252,0.3748,1.6680896478121663
2024-12-11 12:00:00,0.6252,0.3748,1.6680896478121663
2024-12-11 13:00:00,0.6252,0.3748,1.6680896478121663
2024-12-11 14:00:00,0.6252,0.3748,1.6680896478121663
2024-12-11 15:00:00,0.6252,0.3748,1.6680896478121663
2024-12-11 16:00:00,0.6252,0.3748,1.6680896478121663
2024-12-11 17:00:00,0.6252,0.3748,1.6680896478121663
2024-12-11 18:00:00,0.6252,0.3748,1.6680896478121663
2024-12-11 19:00:00,0.6252,0.3748,1.6680896478121663
2024-12-11 20:00:00,0.6252,0.3748,1.6680896478121663
2024-12-11 21:00:00,0.6252,0.3748,1.6680896478121663
2024-12-11 22:00:00,0.6252,0.3748,1.6680896478121663
2024-12-11 23:00:00,0.6252,0.3748,1.6680896478121663
2024-12-12 00:00:00,0.6252,0.3748,1.6680896478121663
2024-12-12 01:00:00,0.6252,0.3748,1.6680896478121663
2024-12-12 02:00:00,0.6252,0.3748,1.6680896478121663
2024-12-12 03:00:00,0.6252,0.3748,1.6680896478121663
2024-12-12 04:00:00,0.6252,0.3748,1.6680896478121663
2024-12-12 05:00:00,0.6252,0.3748,1.6680896478121663
2024-12-12 06:00:00,0.6252,0.3748,1.6680896478121663
2024-12-12 07:00:00,0.6252,0.3748,1.6680896478121663
2024-12-12 08:00:00,0.6252,0.3748,1.6680896478121663
2024-12-12 09:00:00,0.6252,0.3748,1.6680896478121663
2024-12-12 10:00:00,0.6252,0.3748,1.6680896478121663
2024-12-12 11:00:00,0.6252,0.3748,1.6680896478121663
2024-12-12 12:00:00,0.6252,0.3748,1.6680896478121663
2024-12-12 13:00:00,0.6252,0.3748,1.6680896478121663
2024-12-12 14:00:00,0.6252,0.3748,1.6680896478121663
2024-12-12 15:00:00,0.6252,0.3748,1.6680896478121663
2024-12-12 16:00:00,0.6252,0.3748,1.6680896478121663
2024-12-12 17:00:00,0.6252,0.3748,1.6680896478121663
2024-12-12 18:00:00,0.6252,0.3748,1.6680896478121663
2024-12-12 19:00:00,0.6252,0.3748,1.6680896478121663
2024-12-12 20:00:00,0.6252,0.3748,1.6680896478121663
2024-12-12 21:00:00,0.6252,0.3748,1.6680896478121663
2024-12-12 22:00:00,0.6252,0.3748,1.6680896478121663
2024-12-12 23:00:00,0.6252,0.3748,1.6680896478121663
2024-12-13 00:00:00,0.6252,0.3748,1.6680896478121663
2024-12-13 01:00:00,0.6252,0.3748,1.6680896478121663
2024-12-13 02:00:00,0.6252,0.3748,1.6680896478121663
2024-12-13 03:00:00,0.6252,0.3748,1.6680896478121663
2024-12-13 04:00:00,0.6252,0.3748,1.6680896478121663
2024-12-13 05:00:00,0.6252,0.3748,1.6680896478121663
2024-12-13 06:00:00,0.6252,0.3748,1.6680896478121663
2024-12-13 07:00:00,0.6252,0.3748,1.6680896478121663
2024-12-13 08:00:00,0.6252,0.3748,1.6680896478121663
2024-12-13 09:00:00,0.6252,0.3748,1.6680896478121663
2024-12-13 10:00:00,0.6252,0.3748,1.6680896478121663
2024-12-13 11:00:00,0.6252,0.3748,1.6680896478121663
2024-12-13 12:00:00,0.6252,0.3748,1.6680896478121663
2024-12-13 13:00:00,0.6252,0.3748,1.6680896478121663
2024-12-13 14:00:00,0.6252,0.3748,1.6680896478121663
2024-12-13 15:00:00,0.6252,0.3748,1.6680896478121663
2024-12-13 16:00:00,0.6252,0.3748,1.6680896478121663
2024-12-13 17:00:00,0.6252,0.3748,1.6680896478121663
2024-12-13 18:00:00,0.6252,0.3748,1.6680896478121663
2024-12-13 19:00:00,0.6252,0.3748,1.6680896478121663
2024-12-13 20:00:00,0.6252,0.3748,1.6680896478121663
2024-12-13 21:00:00,0.6252,0.3748,1.6680896478121663
2024-12-13 22:00:00,0.6252,0.3748,1.6680896478121663
2024-12-13 23:00:00,0.6252,0.3748,1.6680896478121663
2024-12-14 00:00:00,0.6252,0.3748,1.6680896478121663
2024-12-14 01:00:00,0.6252,0.3748,1.6680896478121663
2024-12-14 02:00:00,0.6252,0.3748,1.6680896478121663
2024-12-14 03:00:00,0.6252,0.3748,1.6680896478121663
2024-12-14 04:00:00,0.6252,0.3748,1.6680896478121663
2024-12-14 05:00:00,0.6252,0.3748,1.6680896478121663
2024-12-14 06:00:00,0.6252,0.3748,1.6680896478121663
2024-12-14 07:00:00,0.6252,0.3748,1.6680896478121663
2024-12-14 08:00:00,0.6252,0.3748,1.6680896478121663
2024-12-14 09:00:00,0.6252,0.3748,1.6680896478121663
2024-12-14 10:00:00,0.6252,0.3748,1.6680896478121663
2024-12-14 11:00:00,0.6252,0.3748,1.6680896478121663
2024-12-14 12:00:00,0.6252,0.3748,1.6680896478121663
2024-12-14 13:00:00,0.6252,0.3748,1.6680896478121663
2024-12-14 14:00:00,0.6252,0.3748,1.6680896478121663
2024-12-14 15:00:00,0.6252,0.3748,1.6680896478121663
2024-12-14 16:00:00,0.6252,0.3748,1.6680896478121663
2024-12-14 17:00:00,0.6252,0.3748,1.6680896478121663
2024-12-14 18:00:00,0.6252,0.3748,1.6680896478121663
2024-12-14 19:00:00,0.6252,0.3748,1.6680896478121663
2024-12-14 20:00:00,0.6252,0.3748,1.6680896478121663
2024-12-14 21:00:00,0.6252,0.3748,1.6680896478121663
2024-12-14 22:00:00,0.6252,0.3748,1.6680896478121663
2024-12-14 23:00:00,0.6252,0.3748,1.6680896478121663
2024-12-15 00:00:00,0.6252,0.3748,1.6680896478121663
2024-12-15 01:00:00,0.6252,0.3748,1.6680896478121663
2024-12-15 02:00:00,0.6252,0.3748,1.6680896478121663
2024-12-15 03:00:00,0.6252,0.3748,1.6680896478121663
2024-12-15 04:00:00,0.6252,0.3748,1.6680896478121663
2024-12-15 05:00:00,0.6252,0.3748,1.6680896478121663
2024-12-15 06:00:00,0.6252,0.3748,1.6680896478121663
2024-12-15 07:00:00,0.6252,0.3748,1.6680896478121663
2024-12-15 08:00:00,0.6252,0.3748,1.6680896478121663
2024-12-15 09:00:00,0.6252,0.3748,1.6680896478121663
2024-12-15 10:00:00,0.6252,0.3748,1.6680896478121663
2024-12-15 11:00:00,0.6252,0.3748,1.6680896478121663
2024-12-15 12:00:00,0.6252,0.3748,1.6680896478121663
2024-12-15 13:00:00,0.6252,0.3748,1.6680896478121663
2024-12-15 14:00:00,0.6252,0.3748,1.6680896478121663
2024-12-15 15:00:00,0.6252,0.3748,1.6680896478121663
2024-12-15 16:00:00,0.6252,0.3748,1.6680896478121663
2024-12-15 17:00:00,0.6252,0.3748,1.6680896478121663
2024-12-15 18:00:00,0.6252,0.3748,1.6680896478121663
2024-12-15 19:00:00,0.6252,0.3748,1.6680896478121663
2024-12-15 20:00:00,0.6252,0.3748,1.6680896478121663
2024-12-15 21:00:00,0.6252,0.3748,1.6680896478121663
2024-12-15 22:00:00,0.6252,0.3748,1.6680896478121663
2024-12-15 23:00:00,0.6252,0.3748,1.6680896478121663
2024-12-16 00:00:00,0.6252,0.3748,1.6680896478121663
2024-12-16 01:00:00,0.6252,0.3748,1.6680896478121663
2024-12-16 02:00:00,0.6252,0.3748,1.6680896478121663
2024-12-16 03:00:00,0.6252,0.3748,1.6680896478121663
2024-12-16 04:00:00,0.6252,0.3748,1.6680896478121663
2024-12-16 05:00:00,0.6252,0.3748,1.6680896478121663
2024-12-16 06:00:00,0.6252,0.3748,1.6680896478121663
2024-12-16 07:00:00,0.6252,0.3748,1.6680896478121663
2024-12-16 08:00:00,0.6252,0.3748,1.6680896478121663
2024-12-16 09:00:00,0.6252,0.3748,1.6680896478121663
2024-12-16 10:00:00,0.6252,0.3748,1.6680896478121663
2024-12-16 11:00:00,0.6252,0.3748,1.6680896478121663
2024-12-16 12:00:00,0.6252,0.3748,1.6680896478121663
2024-12-16 13:00:00,0.6252,0.3748,1.6680896478121663
2024-12-16 14:00:00,0.6252,0.3748,1.6680896478121663
2024-12-16 15:00:00,0.6252,0.3748,1.6680896478121663
2024-12-16 16:00:00,0.6252,0.3748,1.6680896478121663
2024-12-16 17:00:00,0.6252,0.3748,1.6680896478121663
2024-12-16 18:00:00,0.6252,0.3748,1.6680896478121663
2024-12-16 19:00:00,0.6252,0.3748,1.6680896478121663
2024-12-16 20:00:00,0.6252,0.3748,1.6680896478121663
2024-12-16 21:00:00,0.6252,0.3748,1.6680896478121663
2024-12-16 22:00:00,0.6252,0.3748,1.6680896478121663
2024-12-16 23:00:00,0.6252,0.3748,1.6680896478121663
2024-12-17 00:00:00,0.6252,0.3748,1.6680896478121663
2024-12-17 01:00:00,0.6252,0.3748,1.6680896478121663
2024-12-17 02:00:00,0.6252,0.3748,1.6680896478121663
2024-12-17 03:00:00,0.6252,0.3748,1.6680896478121663
2024-12-17 04:00:00,0.6252,0.3748,1.6680896478121663
2024-12-17 05:00:00,0.6252,0.3748,1.6680896478121663
2024-12-17 06:00:00,0.6252,0.3748,1.6680896478121663
2024-12-17 07:00:00,0.6252,0.3748,1.6680896478121663
2024-12-17 08:00:00,0.6252,0.3748,1.6680896478121663
2024-12-17 09:00:00,0.6252,0.3748,1.6680896478121663
2024-12-17 10:00:00,0.6252,0.3748,1.6680896478121663
2024-12-17 11:00:00,0.6252,0.3748,1.6680896478121663
2024-12-17 12:00:00,0.6252,0.3748,1.6680896478121663
2024-12-17 13:00:00,0.6252,0.3748,1.6680896478121663
2024-12-17 14:00:00,0.6252,0.3748,1.6680896478121663
2024-12-17 15:00:00,0.6252,0.3748,1.6680896478121663
2024-12-17 16:00:00,0.6252,0.3748,1.6680896478121663
2024-12-17 17:00:00,0.6252,0.3748,1.6680896478121663
2024-12-17 18:00:00,0.6252,0.3748,1.6680896478121663
2024-12-17 19:00:00,0.6252,0.3748,1.6680896478121663
2024-12-17 20:00:00,0.6252,0.3748,1.6680896478121663
2024-12-17 21:00:00,0.6252,0.3748,1.6680896478121663
2024-12-17 22:00:00,0.6252,0.3748,1.6680896478121663
2024-12-17 23:00:00,0.6252,0.3748,1.6680896478121663
2024-12-18 00:00:00,0.6252,0.3748,1.6680896478121663
2024-12-18 01:00:00,0.6252,0.3748,1.6680896478121663
2024-12-18 02:00:00,0.6252,0.3748,1.6680896478121663
2024-12-18 03:00:00,0.6252,0.3748,1.6680896478121663
2024-12-18 04:00:00,0.6252,0.3748,1.6680896478121663
2024-12-18 05:00:00,0.6252,0.3748,1.6680896478121663
2024-12-18 06:00:00,0.6252,0.3748,1.6680896478121663
2024-12-18 07:00:00,0.6252,0.3748,1.6680896478121663
2024-12-18 08:00:00,0.6252,0.3748,1.6680896478121663
2024-12-18 09:00:00,0.6252,0.3748,1.6680896478121663
2024-12-18 10:00:00,0.6252,0.3748,1.6680896478121663
2024-12-18 11:00:00,0.6252,0.3748,1.6680896478121663
2024-12-18 12:00:00,0.6252,0.3748,1.6680896478121663
2024-12-18 13:00:00,0.6252,0.3748,1.6680896478121663
2024-12-18 14:00:00,0.6252,0.3748,1.6680896478121663
2024-12-18 15:00:00,0.6252,0.3748,1.6680896478121663
2024-12-18 16:00:00,0.6252,0.3748,1.6680896478121663
2024-12-18 17:00:00,0.6252,0.3748,1.6680896478121663
2024-12-18 18:00:00,0.6252,0.3748,1.6680896478121663
2024-12-18 19:00:00,0.6252,0.3748,1.6680896478121663
2024-12-18 20:00:00,0.6252,0.3748,1.6680896478121663
2024-12-18 21:00:00,0.6252,0.3748,1.6680896478121663
2024-12-18 22:00:00,0.6252,0.3748,1.6680896478121663
2024-12-18 23:00:00,0.6252,0.3748,1.6680896478121663
2024-12-19 00:00:00,0.6252,0.3748,1.6680896478121663
2024-12-19 01:00:00,0.6252,0.3748,1.6680896478121663
2024-12-19 02:00:00,0.6252,0.3748,1.6680896478121663
2024-12-19 03:00:00,0.6252,0.3748,1.6680896478121663
2024-12-19 04:00:00,0.6252,0.3748,1.6680896478121663
2024-12-19 05:00:00,0.6252,0.3748,1.6680896478121663
2024-12-19 06:00:00,0.6252,0.3748,1.6680896478121663
2024-12-19 07:00:00,0.6252,0.3748,1.6680896478121663
2024-12-19 08:00:00,0.6252,0.3748,1.6680896478121663
2024-12-19 09:00:00,0.6252,0.3748,1.6680896478121663
2024-12-19 10:00:00,0.6252,0.3748,1.6680896478121663
2024-12-19 11:00:00,0.6252,0.3748,1.6680896478121663
2024-12-19 12:00:00,0.6252,0.3748,1.6680896478121663
2024-12-19 13:00:00,0.6252,0.3748,1.6680896478121663
2024-12-19 14:00:00,0.6252,0.3748,1.6680896478121663
2024-12-19 15:00:00,0.6252,0.3748,1.6680896478121663
2024-12-19 16:00:00,0.6252,0.3748,1.6680896478121663
2024-12-19 17:00:00,0.6252,0.3748,1.6680896478121663
2024-12-19 18:00:00,0.6252,0.3748,1.6680896478121663
2024-12-19 19:00:00,0.6252,0.3748,1.6680896478121663
2024-12-19 20:00:00,0.6252,0.3748,1.6680896478121663
2024-12-19 21:00:00,0.6252,0.3748,1.6680896478121663
2024-12-19 22:00:00,0.6252,0.3748,1.6680896478121663
2024-12-19 23:00:00,0.6252,0.3748,1.6680896478121663
2024-12-20 00:00:00,0.6252,0.3748,1.6680896478121663
2024-12-20 01:00:00,0.6252,0.3748,1.6680896478121663
2024-12-20 02:00:00,0.6252,0.3748,1.6680896478121663
2024-12-20 03:00:00,0.6252,0.3748,1.6680896478121663
2024-12-20 04:00:00,0.6252,0.3748,1.6680896478121663
2024-12-20 05:00:00,0.6252,0.3748,1.6680896478121663
2024-12-20 06:00:00,0.6252,0.3748,1.6680896478121663
2024-12-20 07:00:00,0.6252,0.3748,1.6680896478121663
2024-12-20 08:00:00,0.6252,0.3748,1.6680896478121663
2024-12-20 09:00:00,0.6252,0.3748,1.6680896478121663
2024-12-20 10:00:00,0.6252,0.3748,1.6680896478121663
2024-12-20 11:00:00,0.6252,0.3748,1.6680896478121663
2024-12-20 12:00:00,0.6252,0.3748,1.6680896478121663
2024-12-20 13:00:00,0.6252,0.3748,1.6680896478121663
2024-12-20 14:00:00,0.6252,0.3748,1.6680896478121663
2024-12-20 15:00:00,0.6252,0.3748,1.6680896478121663
2024-12-20 16:00:00,0.6252,0.3748,1.6680896478121663
2024-12-20 17:00:00,0.6252,0.3748,1.6680896478121663
2024-12-20 18:00:00,0.6252,0.3748,1.6680896478121663
2024-12-20 19:00:00,0.6252,0.3748,1.6680896478121663
2024-12-20 20:00:00,0.6252,0.3748,1.6680896478121663
2024-12-20 21:00:00,0.6252,0.3748,1.6680896478121663
2024-12-20 22:00:00,0.6252,0.3748,1.6680896478121663
2024-12-20 23:00:00,0.6252,0.3748,1.6680896478121663
2024-12-21 00:00:00,0.6252,0.3748,1.6680896478121663
2024-12-21 01:00:00,0.6252,0.3748,1.6680896478121663
2024-12-21 02:00:00,0.6252,0.3748,1.6680896478121663
2024-12-21 03:00:00,0.6252,0.3748,1.6680896478121663
2024-12-21 04:00:00,0.6252,0.3748,1.6680896478121663
2024-12-21 05:00:00,0.6252,0.3748,1.6680896478121663
2024-12-21 06:00:00,0.6252,0.3748,1.6680896478121663
2024-12-21 07:00:00,0.6252,0.3748,1.6680896478121663
2024-12-21 08:00:00,0.6252,0.3748,1.6680896478121663
2024-12-21 09:00:00,0.6252,0.3748,1.6680896478121663
2024-12-21 10:00:00,0.6252,0.3748,1.6680896478121663
2024-12-21 11:00:00,0.6252,0.3748,1.6680896478121663
2024-12-21 12:00:00,0.6252,0.3748,1.6680896478121663
2024-12-21 13:00:00,0.6252,0.3748,1.6680896478121663
2024-12-21 14:00:00,0.6252,0.3748,1.6680896478121663
2024-12-21 15:00:00,0.6252,0.3748,1.6680896478121663
2024-12-21 16:00:00,0.6252,0.3748,1.6680896478121663
2024-12-21 17:00:00,0.6252,0.3748,1.6680896478121663
2024-12-21 18:00:00,0.6252,0.3748,1.6680896478121663
2024-12-21 19:00:00,0.6252,0.3748,1.6680896478121663
2024-12-21 20:00:00,0.6252,0.3748,1.6680896478121663
2024-12-21 21:00:00,0.6252,0.3748,1.6680896478121663
2024-12-21 22:00:00,0.6252,0.3748,1.6680896478121663
2024-12-21 23:00:00,0.6252,0.3748,1.6680896478121663
2024-12-22 00:00:00,0.6252,0.3748,1.6680896478121663
2024-12-22 01:00:00,0.6252,0.3748,1.6680896478121663
2024-12-22 02:00:00,0.6252,0.3748,1.6680896478121663
2024-12-22 03:00:00,0.6252,0.3748,1.6680896478121663
2024-12-22 04:00:00,0.6252,0.3748,1.6680896478121663
2024-12-22 05:00:00,0.6252,0.3748,1.6680896478121663
2024-12-22 06:00:00,0.6252,0.3748,1.6680896478121663
2024-12-22 07:00:00,0.6252,0.3748,1.6680896478121663
2024-12-22 08:00:00,0.6252,0.3748,1.6680896478121663
2024-12-22 09:00:00,0.6252,0.3748,1.6680896478121663
2024-12-22 10:00:00,0.6252,0.3748,1.6680896478121663
2024-12-22 11:00:00,0.6252,0.3748,1.6680896478121663
2024-12-22 12:00:00,0.6252,0.3748,1.6680896478121663
2024-12-22 13:00:00,0.6252,0.3748,1.6680896478121663
2024-12-22 14:00:00,0.6252,0.3748,1.6680896478121663
2024-12-22 15:00:00,0.6252,0.3748,1.6680896478121663
2024-12-22 16:00:00,0.6252,0.3748,1.6680896478121663
2024-12-22 17:00:00,0.6252,0.3748,1.6680896478121663
2024-12-22 18:00:00,0.6252,0.3748,1.6680896478121663
2024-12-22 19:00:00,0.6252,0.3748,1.6680896478121663
2024-12-22 20:00:00,0.6252,0.3748,1.6680896478121663
2024-12-22 21:00:00,0.6252,0.3748,1.6680896478121663
2024-12-22 22:00:00,0.6252,0.3748,1.6680896478121663
2024-12-22 23:00:00,0.6252,0.3748,1.6680896478121663
2024-12-23 00:00:00,0.6252,0.3748,1.6680896478121663
2024-12-23 01:00:00,0.6252,0.3748,1.6680896478121663
2024-12-23 02:00:00,0.6252,0.3748,1.6680896478121663
2024-12-23 03:00:00,0.6252,0.3748,1.6680896478121663
2024-12-23 04:00:00,0.6252,0.3748,1.6680896478121663
2024-12-23 05:00:00,0.6252,0.3748,1.6680896478121663
2024-12-23 06:00:00,0.6252,0.3748,1.6680896478121663
2024-12-23 07:00:00,0.6252,0.3748,1.6680896478121663
2024-12-23 08:00:00,0.6252,0.3748,1.6680896478121663
2024-12-23 09:00:00,0.6252,0.3748,1.6680896478121663
2024-12-23 10:00:00,0.6252,0.3748,1.6680896478121663
2024-12-23 11:00:00,0.6252,0.3748,1.6680896478121663
2024-12-23 12:00:00,0.6252,0.3748,1.6680896478121663
2024-12-23 13:00:00,0.6252,0.3748,1.6680896478121663
2024-12-23 14:00:00,0.6252,0.3748,1.6680896478121663
2024-12-23 15:00:00,0.6252,0.3748,1.6680896478121663
2024-12-23 16:00:00,0.6252,0.3748,1.6680896478121663
2024-12-23 17:00:00,0.6252,0.3748,1.6680896478121663
2024-12-23 18:00:00,0.6252,0.3748,1.6680896478121663
2024-12-23 19:00:00,0.6252,0.3748,1.6680896478121663
2024-12-23 20:00:00,0.6252,0.3748,1.6680896478121663
2024-12-23 21:00:00,0.6252,0.3748,1.6680896478121663
2024-12-23 22:00:00,0.6252,0.3748,1.6680896478121663
2024-12-23 23:00:00,0.6252,0.3748,1.6680896478121663
2024-12-24 00:00:00,0.6252,0.3748,1.6680896478121663
2024-12-24 01:00:00,0.6252,0.3748,1.6680896478121663
2024-12-24 02:00:00,0.6252,0.3748,1.6680896478121663
2024-12-24 03:00:00,0.6252,0.3748,1.6680896478121663
2024-12-24 04:00:00,0.6252,0.3748,1.6680896478121663
2024-12-24 05:00:00,0.6252,0.3748,1.6680896478121663
2024-12-24 06:00:00,0.6252,0.3748,1.6680896478121663
2024-12-24 07:00:00,0.6252,0.3748,1.6680896478121663
2024-12-24 08:00:00,0.6252,0.3748,1.6680896478121663
2024-12-24 09:00:00,0.6252,0.3748,1.6680896478121663
2024-12-24 10:00:00,0.6252,0.3748,1.6680896478121663
2024-12-24 11:00:00,0.6252,0.3748,1.6680896478121663
2024-12-24 12:00:00,0.6252,0.3748,1.6680896478121663
2024-12-24 13:00:00,0.6252,0.3748,1.6680896478121663
2024-12-24 14:00:00,0.6252,0.3748,1.6680896478121663
2024-12-24 15:00:00,0.6252,0.3748,1.6680896478121663
2024-12-24 16:00:00,0.6252,0.3748,1.6680896478121663
2024-12-24 17:00:00,0.6252,0.3748,1.6680896478121663
2024-12-24 18:00:00,0.6252,0.3748,1.6680896478121663
2024-12-24 19:00:00,0.6252,0.3748,1.6680896478121663
2024-12-24 20:00:00,0.6252,0.3748,1.6680896478121663
2024-12-24 21:00:00,0.6252,0.3748,1.6680896478121663
2024-12-24 22:00:00,0.6252,0.3748,1.6680896478121663
2024-12-24 23:00:00,0.6252,0.3748,1.6680896478121663
2024-12-25 00:00:00,0.6252,0.3748,1.6680896478121663
2024-12-25 01:00:00,0.6252,0.3748,1.6680896478121663
2024-12-25 02:00:00,0.6252,0.3748,1.6680896478121663
2024-12-25 03:00:00,0.6252,0.3748,1.6680896478121663
2024-12-25 04:00:00,0.6252,0.3748,1.6680896478121663
2024-12-25 05:00:00,0.6252,0.3748,1.6680896478121663
2024-12-25 06:00:00,0.6252,0.3748,1.6680896478121663
2024-12-25 07:00:00,0.6252,0.3748,1.6680896478121663
2024-12-25 08:00:00,0.6252,0.3748,1.6680896478121663
2024-12-25 09:00:00,0.6252,0.3748,1.6680896478121663
2024-12-25 10:00:00,0.6252,0.3748,1.6680896478121663
2024-12-25 11:00:00,0.6252,0.3748,1.6680896478121663
2024-12-25 12:00:00,0.6252,0.3748,1.6680896478121663
2024-12-25 13:00:00,0.6252,0.3748,1.6680896478121663
2024-12-25 14:00:00,0.6252,0.3748,1.6680896478121663
2024-12-25 15:00:00,0.6252,0.3748,1.6680896478121663
2024-12-25 16:00:00,0.6252,0.3748,1.6680896478121663
2024-12-25 17:00:00,0.6252,0.3748,1.6680896478121663
2024-12-25 18:00:00,0.6252,0.3748,1.6680896478121663
2024-12-25 19:00:00,0.6252,0.3748,1.6680896478121663
2024-12-25 20:00:00,0.6252,0.3748,1.6680896478121663
2024-12-25 21:00:00,0.6252,0.3748,1.6680896478121663
2024-12-25 22:00:00,0.6252,0.3748,1.6680896478121663
2024-12-25 23:00:00,0.6252,0.3748,1.6680896478121663
2024-12-26 00:00:00,0.6252,0.3748,1.6680896478121663
2024-12-26 01:00:00,0.6252,0.3748,1.6680896478121663
2024-12-26 02:00:00,0.6252,0.3748,1.6680896478121663
2024-12-26 03:00:00,0.6252,0.3748,1.6680896478121663
2024-12-26 04:00:00,0.6252,0.3748,1.6680896478121663
2024-12-26 05:00:00,0.6252,0.3748,1.6680896478121663
2024-12-26 06:00:00,0.6252,0.3748,1.6680896478121663
2024-12-26 07:00:00,0.6252,0.3748,1.6680896478121663
2024-12-26 08:00:00,0.6252,0.3748,1.6680896478121663
2024-12-26 09:00:00,0.6252,0.3748,1.6680896478121663
2024-12-26 10:00:00,0.6252,0.3748,1.6680896478121663
2024-12-26 11:00:00,0.6252,0.3748,1.6680896478121663
2024-12-26 12:00:00,0.6252,0.3748,1.6680896478121663
2024-12-26 13:00:00,0.6252,0.3748,1.6680896478121663
2024-12-26 14:00:00,0.6252,0.3748,1.6680896478121663
2024-12-26 15:00:00,0.6252,0.3748,1.6680896478121663
2024-12-26 16:00:00,0.6252,0.3748,1.6680896478121663
2024-12-26 17:00:00,0.6252,0.3748,1.6680896478121663
2024-12-26 18:00:00,0.6252,0.3748,1.6680896478121663
2024-12-26 19:00:00,0.6252,0.3748,1.6680896478121663
2024-12-26 20:00:00,0.6252,0.3748,1.6680896478121663
2024-12-26 21:00:00,0.6252,0.3748,1.6680896478121663
2024-12-26 22:00:00,0.6252,0.3748,1.6680896478121663
2024-12-26 23:00:00,0.6252,0.3748,1.6680896478121663
2024-12-27 00:00:00,0.6252,0.3748,1.6680896478121663
2024-12-27 01:00:00,0.6252,0.3748,1.6680896478121663
2024-12-27 02:00:00,0.6252,0.3748,1.6680896478121663
2024-12-27 03:00:00,0.6252,0.3748,1.6680896478121663
2024-12-27 04:00:00,0.6252,0.3748,1.6680896478121663
2024-12-27 05:00:00,0.6252,0.3748,1.6680896478121663
2024-12-27 06:00:00,0.6252,0.3748,1.6680896478121663
2024-12-27 07:00:00,0.6252,0.3748,1.6680896478121663
2024-12-27 08:00:00,0.6252,0.3748,1.6680896478121663
2024-12-27 09:00:00,0.6252,0.3748,1.6680896478121663
2024-12-27 10:00:00,0.6252,0.3748,1.6680896478121663
2024-12-27 11:00:00,0.6252,0.3748,1.6680896478121663
2024-12-27 12:00:00,0.6252,0.3748,1.6680896478121663
2024-12-27 13:00:00,0.6252,0.3748,1.6680896478121663
2024-12-27 14:00:00,0.6252,0.3748,1.6680896478121663
2024-12-27 15:00:00,0.6252,0.3748,1.6680896478121663
2024-12-27 16:00:00,0.6252,0.3748,1.6680896478121663
2024-12-27 17:00:00,0.6252,0.3748,1.6680896478121663
2024-12-27 18:00:00,0.6252,0.3748,1.6680896478121663
2024-12-27 19:00:00,0.6252,0.3748,1.6680896478121663
2024-12-27 20:00:00,0.6252,0.3748,1.6680896478121663
2024-12-27 21:00:00,0.6252,0.3748,1.6680896478121663
2024-12-27 22:00:00,0.6252,0.3748,1.6680896478121663
2024-12-27 23:00:00,0.6252,0.3748,1.6680896478121663
2024-12-28 00:00:00,0.6252,0.3748,1.6680896478121663
2024-12-28 01:00:00,0.6252,0.3748,1.6680896478121663
2024-12-28 02:00:00,0.6252,0.3748,1.6680896478121663
2024-12-28 03:00:00,0.6252,0.3748,1.6680896478121663
2024-12-28 04:00:00,0.6252,0.3748,1.6680896478121663
2024-12-28 05:00:00,0.6252,0.3748,1.6680896478121663
2024-12-28 06:00:00,0.6252,0.3748,1.6680896478121663
2024-12-28 07:00:00,0.6252,0.3748,1.6680896478121663
2024-12-28 08:00:00,0.6252,0.3748,1.6680896478121663
2024-12-28 09:00:00,0.6252,0.3748,1.6680896478121663
2024-12-28 10:00:00,0.6252,0.3748,1.6680896478121663
2024-12-28 11:00:00,0.6252,0.3748,1.6680896478121663
2024-12-28 12:00:00,0.6252,0.3748,1.6680896478121663
2024-12-28 13:00:00,0.6252,0.3748,1.6680896478121663
2024-12-28 14:00:00,0.6252,0.3748,1.6680896478121663
2024-12-28 15:00:00,0.6252,0.3748,1.6680896478121663
2024-12-28 16:00:00,0.6252,0.3748,1.6680896478121663
2024-12-28 17:00:00,0.6252,0.3748,1.6680896478121663
2024-12-28 18:00:00,0.6252,0.3748,1.6680896478121663
2024-12-28 19:00:00,0.6252,0.3748,1.6680896478121663
2024-12-28 20:00:00,0.6252,0.3748,1.6680896478121663
2024-12-28 21:00:00,0.6252,0.3748,1.6680896478121663
2024-12-28 22:00:00,0.6252,0.3748,1.6680896478121663
2024-12-28 23:00:00,0.6252,0.3748,1.6680896478121663
2024-12-29 00:00:00,0.6252,0.3748,1.6680896478121663
2024-12-29 01:00:00,0.6252,0.3748,1.6680896478121663
2024-12-29 02:00:00,0.6252,0.3748,1.6680896478121663
2024-12-29 03:00:00,0.6252,0.3748,1.6680896478121663
2024-12-29 04:00:00,0.6252,0.3748,1.6680896478121663
2024-12-29 05:00:00,0.6252,0.3748,1.6680896478121663
2024-12-29 06:00:00,0.6252,0.3748,1.6680896478121663
2024-12-29 07:00:00,0.6252,0.3748,1.6680896478121663
2024-12-29 08:00:00,0.6252,0.3748,1.6680896478121663
2024-12-29 09:00:00,0.6252,0.3748,1.6680896478121663
2024-12-29 10:00:00,0.6252,0.3748,1.6680896478121663
2024-12-29 11:00:00,0.6252,0.3748,1.6680896478121663
2024-12-29 12:00:00,0.6252,0.3748,1.6680896478121663
2024-12-29 13:00:00,0.6252,0.3748,1.6680896478121663
2024-12-29 14:00:00,0.6252,0.3748,1.6680896478121663
2024-12-29 15:00:00,0.6252,0.3748,1.6680896478121663
2024-12-29 16:00:00,0.6252,0.3748,1.6680896478121663
2024-12-29 17:00:00,0.6252,0.3748,1.6680896478121663
2024-12-29 18:00:00,0.6252,0.3748,1.6680896478121663
2024-12-29 19:00:00,0.6252,0.3748,1.6680896478121663
2024-12-29 20:00:00,0.6252,0.3748,1.6680896478121663
2024-12-29 21:00:00,0.6252,0.3748,1.6680896478121663
2024-12-29 22:00:00,0.6252,0.3748,1.6680896478121663
2024-12-29 23:00:00,0.6252,0.3748,1.6680896478121663
2024-12-30 00:00:00,0.6252,0.3748,1.6680896478121663
2024-12-30 01:00:00,0.6252,0.3748,1.6680896478121663
2024-12-30 02:00:00,0.6252,0.3748,1.6680896478121663
2024-12-30 03:00:00,0.6252,0.3748,1.6680896478121663
2024-12-30 04:00:00,0.6252,0.3748,1.6680896478121663
2024-12-30 05:00:00,0.6252,0.3748,1.6680896478121663
2024-12-30 06:00:00,0.6252,0.3748,1.6680896478121663
2024-12-30 07:00:00,0.6252,0.3748,1.6680896478121663
2024-12-30 08:00:00,0.6252,0.3748,1.6680896478121663
2024-12-30 09:00:00,0.6252,0.3748,1.6680896478121663
2024-12-30 10:00:00,0.6252,0.3748,1.6680896478121663
2024-12-30 11:00:00,0.6252,0.3748,1.6680896478121663
2024-12-30 12:00:00,0.6252,0.3748,1.6680896478121663
2024-12-30 13:00:00,0.6252,0.3748,1.6680896478121663
2024-12-30 14:00:00,0.6252,0.3748,1.6680896478121663
2024-12-30 15:00:00,0.6252,0.3748,1.6680896478121663
2024-12-30 16:00:00,0.6252,0.3748,1.6680896478121663
2024-12-30 17:00:00,0.6252,0.3748,1.6680896478121663
2024-12-30 18:00:00,0.6252,0.3748,1.6680896478121663
2024-12-30 19:00:00,0.6252,0.3748,1.6680896478121663
2024-12-30 20:00:00,0.6252,0.3748,1.6680896478121663
2024-12-30 21:00:00,0.6252,0.3748,1.6680896478121663
2024-12-30 22:00:00,0.6252,0.3748,1.6680896478121663
2024-12-30 23:00:00,0.6252,0.3748,1.6680896478121663
2024-12-31 00:00:00,0.6252,0.3748,1.6680896478121663
2024-12-31 01:00:00,0.6252,0.3748,1.6680896478121663
2024-12-31 02:00:00,0.6252,0.3748,1.6680896478121663
2024-12-31 03:00:00,0.6252,0.3748,1.6680896478121663
2024-12-31 04:00:00,0.6252,0.3748,1.6680896478121663
2024-12-31 05:00:00,0.6252,0.3748,1.6680896478121663
2024-12-31 06:00:00,0.6252,0.3748,1.6680896478121663
2024-12-31 07:00:00,0.6252,0.3748,1.6680896478121663
2024-12-31 08:00:00,0.6252,0.3748,1.6680896478121663
2024-12-31 09:00:00,0.6252,0.3748,1.6680896478121663
2024-12-31 10:00:00,0.6252,0.3748,1.6680896478121663
2024-12-31 11:00:00,0.6252,0.3748,1.6680896478121663
2024-12-31 12:00:00,0.6252,0.3748,1.6680896478121663
2024-12-31 13:00:00,0.6252,0.3748,1.6680896478121663
2024-12-31 14:00:00,0.6252,0.3748,1.6680896478121663
2024-12-31 15:00:00,0.6252,0.3748,1.6680896478121663
2024-12-31 16:00:00,0.6252,0.3748,1.6680896478121663
2024-12-31 17:00:00,0.6252,0.3748,1.6680896478121663
2024-12-31 18:00:00,0.6252,0.3748,1.6680896478121663
2024-12-31 19:00:00,0.6252,0.3748,1.6680896478121663
2024-12-31 20:00:00,0.6252,0.3748,1.6680896478121663
2024-12-31 21:00:00,0.6252,0.3748,1.6680896478121663
2024-12-31 22:00:00,0.6252,0.3748,1.6680896478121663
2024-12-31 23:00:00,0.6252,0.3748,1.6680896478121663
2025-01-01 00:00:00,0.6252,0.3748,1.6680896478121663
2025-01-01 01:00:00,0.6252,0.3748,1.6680896478121663
2025-01-01 02:00:00,0.6252,0.3748,1.6680896478121663
2025-01-01 03:00:00,0.6252,0.3748,1.6680896478121663
2025-01-01 04:00:00,0.6252,0.3748,1.6680896478121663
2025-01-01 05:00:00,0.6252,0.3748,1.6680896478121663
2025-01-01 06:00:00,0.6252,0.3748,1.6680896478121663
2025-01-01 07:00:00,0.6252,0.3748,1.6680896478121663
2025-01-01 08:00:00,0.6252,0.3748,1.6680896478121663
2025-01-01 09:00:00,0.6252,0.3748,1.6680896478121663
2025-01-01 10:00:00,0.6252,0.3748,1.6680896478121663
2025-01-01 11:00:00,0.6252,0.3748,1.6680896478121663
2025-01-01 12:00:00,0.6252,0.3748,1.6680896478121663
2025-01-01 13:00:00,0.6252,0.3748,1.6680896478121663
2025-01-01 14:00:00,0.6252,0.3748,1.6680896478121663
2025-01-01 15:00:00,0.6252,0.3748,1.6680896478121663
2025-01-01 16:00:00,0.6252,0.3748,1.6680896478121663
2025-01-01 17:00:00,0.6252,0.3748,1.6680896478121663
2025-01-01 18:00:00,0.6252,0.3748,1.6680896478121663
2025-01-01 19:00:00,0.6252,0.3748,1.6680896478121663
2025-01-01 20:00:00,0.6252,0.3748,1.6680896478121663
2025-01-01 21:00:00,0.6252,0.3748,1.6680896478121663
2025-01-01 22:00:00,0.6252,0.3748,1.6680896478121663
2025-01-01 23:00:00,0.6252,0.3748,1.6680896478121663
2025-01-02 00:00:00,0.6252,0.3748,1.6680896478121663
2025-01-02 01:00:00,0.6252,0.3748,1.6680896478121663
2025-01-02 02:00:00,0.6252,0.3748,1.6680896478121663
2025-01-02 03:00:00,0.6252,0.3748,1.6680896478121663
2025-01-02 04:00:00,0.6252,0.3748,1.6680896478121663
2025-01-02 05:00:00,0.6252,0.3748,1.6680896478121663
2025-01-02 06:00:00,0.6252,0.3748,1.6680896478121663
2025-01-02 07:00:00,0.6252,0.3748,1.6680896478121663
2025-01-02 08:00:00,0.6252,0.3748,1.6680896478121663
2025-01-02 09:00:00,0.6252,0.3748,1.6680896478121663
2025-01-02 10:00:00,0.6252,0.3748,1.6680896478121663
2025-01-02 11:00:00,0.6252,0.3748,1.6680896478121663
2025-01-02 12:00:00,0.6252,0.3748,1.6680896478121663
2025-01-02 13:00:00,0.6252,0.3748,1.6680896478121663
2025-01-02 14:00:00,0.6252,0.3748,1.6680896478121663
2025-01-02 15:00:00,0.6252,0.3748,1.6680896478121663
2025-01-02 16:00:00,0.6252,0.3748,1.6680896478121663
2025-01-02 17:00:00,0.6252,0.3748,1.6680896478121663
2025-01-02 18:00:00,0.6252,0.3748,1.6680896478121663
2025-01-02 19:00:00,0.6252,0.3748,1.6680896478121663
2025-01-02 20:00:00,0.6252,0.3748,1.6680896478121663
2025-01-02 21:00:00,0.6252,0.3748,1.6680896478121663
2025-01-02 22:00:00,0.6252,0.3748,1.6680896478121663
2025-01-02 23:00:00,0.6252,0.3748,1.6680896478121663
2025-01-03 00:00:00,0.6252,0.3748,1.6680896478121663
2025-01-03 01:00:00,0.6252,0.3748,1.6680896478121663
2025-01-03 02:00:00,0.6252,0.3748,1.6680896478121663
2025-01-03 03:00:00,0.6252,0.3748,1.6680896478121663
2025-01-03 04:00:00,0.6252,0.3748,1.6680896478121663
2025-01-03 05:00:00,0.6252,0.3748,1.6680896478121663
2025-01-03 06:00:00,0.6252,0.3748,1.6680896478121663
2025-01-03 07:00:00,0.6252,0.3748,1.6680896478121663
2025-01-03 08:00:00,0.6252,0.3748,1.6680896478121663
2025-01-03 09:00:00,0.6252,0.3748,1.6680896478121663
2025-01-03 10:00:00,0.6252,0.3748,1.6680896478121663
2025-01-03 11:00:00,0.6252,0.3748,1.6680896478121663
2025-01-03 12:00:00,0.6252,0.3748,1.6680896478121663
2025-01-03 13:00:00,0.6252,0.3748,1.6680896478121663
2025-01-03 14:00:00,0.6252,0.3748,1.6680896478121663
2025-01-03 15:00:00,0.6252,0.3748,1.6680896478121663
2025-01-03 16:00:00,0.6252,0.3748,1.6680896478121663
2025-01-03 17:00:00,0.6252,0.3748,1.6680896478121663
2025-01-03 18:00:00,0.6252,0.3748,1.6680896478121663
2025-01-03 19:00:00,0.6252,0.3748,1.6680896478121663
2025-01-03 20:00:00,0.6252,0.3748,1.6680896478121663
2025-01-03 21:00:00,0.6252,0.3748,1.6680896478121663
2025-01-03 22:00:00,0.6252,0.3748,1.6680896478121663
2025-01-03 23:00:00,0.6252,0.3748,1.6680896478121663
2025-01-04 00:00:00,0.6252,0.3748,1.6680896478121663
2025-01-04 01:00:00,0.6252,0.3748,1.6680896478121663
2025-01-04 02:00:00,0.6252,0.3748,1.6680896478121663
2025-01-04 03:00:00,0.6252,0.3748,1.6680896478121663
2025-01-04 04:00:00,0.6252,0.3748,1.6680896478121663
2025-01-04 05:00:00,0.6252,0.3748,1.6680896478121663
2025-01-04 06:00:00,0.6252,0.3748,1.6680896478121663
2025-01-04 07:00:00,0.6252,0.3748,1.6680896478121663
2025-01-04 08:00:00,0.6252,0.3748,1.6680896478121663
2025-01-04 09:00:00,0.6252,0.3748,1.6680896478121663
2025-01-04 10:00:00,0.6252,0.3748,1.6680896478121663
2025-01-04 11:00:00,0.6252,0.3748,1.6680896478121663
2025-01-04 12:00:00,0.6252,0.3748,1.6680896478121663
2025-01-04 13:00:00,0.6252,0.3748,1.6680896478121663
2025-01-04 14:00:00,0.6252,0.3748,1.6680896478121663
2025-01-04 15:00:00,0.6252,0.3748,1.6680896478121663
2025-01-04 16:00:00,0.6252,0.3748,1.6680896478121663
2025-01-04 17:00:00,0.6252,0.3748,1.6680896478121663
2025-01-04 18:00:00,0.6252,0.3748,1.6680896478121663
2025-01-04 19:00:00,0.6252,0.3748,1.6680896478121663
2025-01-04 20:00:00,0.6252,0.3748,1.6680896478121663
2025-01-04 21:00:00,0.6252,0.3748,1.6680896478121663
2025-01-04 22:00:00,0.6252,0.3748,1.6680896478121663
2025-01-04 23:00:00,0.6252,0.3748,1.6680896478121663
2025-01-05 00:00:00,0.6252,0.3748,1.6680896478121663
2025-01-05 01:00:00,0.6252,0.3748,1.6680896478121663
2025-01-05 02:00:00,0.6252,0.3748,1.6680896478121663
2025-01-05 03:00:00,0.6252,0.3748,1.6680896478121663
2025-01-05 04:00:00,0.6252,0.3748,1.6680896478121663
2025-01-05 05:00:00,0.6252,0.3748,1.6680896478121663
2025-01-05 06:00:00,0.6252,0.3748,1.6680896478121663
2025-01-05 07:00:00,0.6252,0.3748,1.6680896478121663
2025-01-05 08:00:00,0.6252,0.3748,1.6680896478121663
2025-01-05 09:00:00,0.6252,0.3748,1.6680896478121663
2025-01-05 10:00:00,0.6252,0.3748,1.6680896478121663
2025-01-05 11:00:00,0.6252,0.3748,1.6680896478121663
2025-01-05 12:00:00,0.6252,0.3748,1.6680896478121663
2025-01-05 13:00:00,0.6252,0.3748,1.6680896478121663
2025-01-05 14:00:00,0.6252,0.3748,1.6680896478121663
2025-01-05 15:00:00,0.6252,0.3748,1.6680896478121663
2025-01-05 16:00:00,0.6252,0.3748,1.6680896478121663
2025-01-05 17:00:00,0.6252,0.3748,1.6680896478121663
2025-01-05 18:00:00,0.6252,0.3748,1.6680896478121663
2025-01-05 19:00:00,0.6252,0.3748,1.6680896478121663
2025-01-05 20:00:00,0.6252,0.3748,1.6680896478121663
2025-01-05 21:00:00,0.6252,0.3748,1.6680896478121663
2025-01-05 22:00:00,0.6252,0.3748,1.6680896478121663
2025-01-05 23:00:00,0.6252,0.3748,1.6680896478121663
2025-01-06 00:00:00,0.6252,0.3748,1.6680896478121663
2025-01-06 01:00:00,0.6252,0.3748,1.6680896478121663
2025-01-06 02:00:00,0.6252,0.3748,1.6680896478121663
2025-01-06 03:00:00,0.6252,0.3748,1.6680896478121663
2025-01-06 04:00:00,0.6252,0.3748,1.6680896478121663
2025-01-06 05:00:00,0.6252,0.3748,1.6680896478121663
2025-01-06 06:00:00,0.6252,0.3748,1.6680896478121663
2025-01-06 07:00:00,0.6252,0.3748,1.6680896478121663
2025-01-06 08:00:00,0.6252,0.3748,1.6680896478121663
2025-01-06 09:00:00,0.6252,0.3748,1.6680896478121663
2025-01-06 10:00:00,0.6252,0.3748,1.6680896478121663
2025-01-06 11:00:00,0.6252,0.3748,1.6680896478121663
2025-01-06 12:00:00,0.6252,0.3748,1.6680896478121663
2025-01-06 13:00:00,0.6252,0.3748,1.6680896478121663
2025-01-06 14:00:00,0.6252,0.3748,1.6680896478121663
2025-01-06 15:00:00,0.6252,0.3748,1.6680896478121663
2025-01-06 16:00:00,0.6252,0.3748,1.6680896478121663
2025-01-06 17:00:00,0.6252,0.3748,1.6680896478121663
2025-01-06 18:00:00,0.6252,0.3748,1.6680896478121663
2025-01-06 19:00:00,0.6252,0.3748,1.6680896478121663
2025-01-06 20:00:00,0.6252,0.3748,1.6680896478121663
2025-01-06 21:00:00,0.6252,0.3748,1.6680896478121663
2025-01-06 22:00:00,0.6252,0.3748,1.6680896478121663
2025-01-06 23:00:00,0.6252,0.3748,1.6680896478121663
2025-01-07 00:00:00,0.6252,0.3748,1.6680896478121663
2025-01-07 01:00:00,0.6252,0.3748,1.6680896478121663
2025-01-07 02:00:00,0.6252,0.3748,1.6680896478121663
2025-01-07 03:00:00,0.6252,0.3748,1.6680896478121663
2025-01-07 04:00:00,0.6252,0.3748,1.6680896478121663
2025-01-07 05:00:00,0.6252,0.3748,1.6680896478121663
2025-01-07 06:00:00,0.6252,0.3748,1.6680896478121663
2025-01-07 07:00:00,0.6252,0.3748,1.6680896478121663
2025-01-07 08:00:00,0.6252,0.3748,1.6680896478121663
2025-01-07 09:00:00,0.6252,0.3748,1.6680896478121663
2025-01-07 10:00:00,0.6252,0.3748,1.6680896478121663
2025-01-07 11:00:00,0.6252,0.3748,1.6680896478121663
2025-01-07 12:00:00,0.6252,0.3748,1.6680896478121663
2025-01-07 13:00:00,0.6252,0.3748,1.6680896478121663
2025-01-07 14:00:00,0.6252,0.3748,1.6680896478121663
2025-01-07 15:00:00,0.6252,0.3748,1.6680896478121663
2025-01-07 16:00:00,0.6252,0.3748,1.6680896478121663
2025-01-07 17:00:00,0.6252,0.3748,1.6680896478121663
2025-01-07 18:00:00,0.6252,0.3748,1.6680896478121663
2025-01-07 19:00:00,0.6252,0.3748,1.6680896478121663
2025-01-07 20:00:00,0.6252,0.3748,1.6680896478121663
2025-01-07 21:00:00,0.6252,0.3748,1.6680896478121663
2025-01-07 22:00:00,0.6252,0.3748,1.6680896478121663
2025-01-07 23:00:00,0.6252,0.3748,1.6680896478121663
2025-01-08 00:00:00,0.6252,0.3748,1.6680896478121663
2025-01-08 01:00:00,0.6252,0.3748,1.6680896478121663
2025-01-08 02:00:00,0.6252,0.3748,1.6680896478121663
2025-01-08 03:00:00,0.6252,0.3748,1.6680896478121663
2025-01-08 04:00:00,0.6252,0.3748,1.6680896478121663
2025-01-08 05:00:00,0.6252,0.3748,1.6680896478121663
2025-01-08 06:00:00,0.6252,0.3748,1.6680896478121663
2025-01-08 07:00:00,0.6252,0.3748,1.6680896478121663
2025-01-08 08:00:00,0.6252,0.3748,1.6680896478121663
2025-01-08 09:00:00,0.6252,0.3748,1.6680896478121663
2025-01-08 10:00:00,0.6252,0.3748,1.6680896478121663
2025-01-08 11:00:00,0.6252,0.3748,1.6680896478121663
2025-01-08 12:00:00,0.6252,0.3748,1.6680896478121663
2025-01-08 13:00:00,0.6252,0.3748,1.6680896478121663
2025-01-08 14:00:00,0.6252,0.3748,1.6680896478121663
2025-01-08 15:00:00,0.6252,0.3748,1.6680896478121663
2025-01-08 16:00:00,0.6252,0.3748,1.6680896478121663
2025-01-08 17:00:00,0.6252,0.3748,1.6680896478121663
2025-01-08 18:00:00,0.6252,0.3748,1.6680896478121663
2025-01-08 19:00:00,0.6252,0.3748,1.6680896478121663
2025-01-08 20:00:00,0.6252,0.3748,1.6680896478121663
2025-01-08 21:00:00,0.6252,0.3748,1.6680896478121663
2025-01-08 22:00:00,0.6252,0.3748,1.6680896478121663
2025-01-08 23:00:00,0.6252,0.3748,1.6680896478121663
2025-01-09 00:00:00,0.6252,0.3748,1.6680896478121663
2025-01-09 01:00:00,0.6252,0.3748,1.6680896478121663
2025-01-09 02:00:00,0.6252,0.3748,1.6680896478121663
2025-01-09 03:00:00,0.6252,0.3748,1.6680896478121663
2025-01-09 04:00:00,0.6252,0.3748,1.6680896478121663
2025-01-09 05:00:00,0.6252,0.3748,1.6680896478121663
2025-01-09 06:00:00,0.6252,0.3748,1.6680896478121663
2025-01-09 07:00:00,0.6252,0.3748,1.6680896478121663
2025-01-09 08:00:00,0.6252,0.3748,1.6680896478121663
2025-01-09 09:00:00,0.6252,0.3748,1.6680896478121663
2025-01-09 10:00:00,0.6252,0.3748,1.6680896478121663
2025-01-09 11:00:00,0.6252,0.3748,1.6680896478121663
2025-01-09 12:00:00,0.6252,0.3748,1.6680896478121663
2025-01-09 13:00:00,0.6252,0.3748,1.6680896478121663
2025-01-09 14:00:00,0.6252,0.3748,1.6680896478121663
2025-01-09 15:00:00,0.6252,0.3748,1.6680896478121663
2025-01-09 16:00:00,0.6252,0.3748,1.6680896478121663
2025-01-09 17:00:00,0.6252,0.3748,1.6680896478121663
2025-01-09 18:00:00,0.6252,0.3748,1.6680896478121663
2025-01-09 19:00:00,0.6252,0.3748,1.6680896478121663
2025-01-09 20:00:00,0.6252,0.3748,1.6680896478121663
2025-01-09 21:00:00,0.6252,0.3748,1.6680896478121663
2025-01-09 22:00:00,0.6252,0.3748,1.6680896478121663
2025-01-09 23:00:00,0.6252,0.3748,1.6680896478121663
2025-01-10 00:00:00,0.6252,0.3748,1.6680896478121663
2025-01-10 01:00:00,0.6252,0.3748,1.6680896478121663
2025-01-10 02:00:00,0.6252,0.3748,1.6680896478121663
2025-01-10 03:00:00,0.6252,0.3748,1.6680896478121663
2025-01-10 04:00:00,0.6252,0.3748,1.6680896478121663
2025-01-10 05:00:00,0.6252,0.3748,1.6680896478121663
2025-01-10 06:00:00,0.6252,0.3748,1.6680896478121663
2025-01-10 07:00:00,0.6252,0.3748,1.6680896478121663
2025-01-10 08:00:00,0.6252,0.3748,1.6680896478121663
2025-01-10 09:00:00,0.6252,0.3748,1.6680896478121663
2025-01-10 10:00:00,0.6252,0.3748,1.6680896478121663
2025-01-10 11:00:00,0.6252,0.3748,1.6680896478121663
2025-01-10 12:00:00,0.6252,0.3748,1.6680896478121663
2025-01-10 13:00:00,0.6252,0.3748,1.6680896478121663
2025-01-10 14:00:00,0.6252,0.3748,1.6680896478121663
2025-01-10 15:00:00,0.6252,0.3748,1.6680896478121663
2025-01-10 16:00:00,0.6252,0.3748,1.6680896478121663
2025-01-10 17:00:00,0.6252,0.3748,1.6680896478121663
2025-01-10 18:00:00,0.6252,0.3748,1.6680896478121663
2025-01-10 19:00:00,0.6252,0.3748,1.6680896478121663
2025-01-10 20:00:00,0.6252,0.3748,1.6680896478121663
2025-01-10 21:00:00,0.6252,0.3748,1.6680896478121663
2025-01-10 22:00:00,0.6252,0.3748,1.6680896478121663
2025-01-10 23:00:00,0.6252,0.3748,1.6680896478121663
2025-01-11 00:00:00,0.6252,0.3748,1.6680896478121663
2025-01-11 01:00:00,0.6252,0.3748,1.6680896478121663
2025-01-11 02:00:00,0.6252,0.3748,1.6680896478121663
2025-01-11 03:00:00,0.6252,0.3748,1.6680896478121663
2025-01-11 04:00:00,0.6252,0.3748,1.6680896478121663
2025-01-11 05:00:00,0.6252,0.3748,1.6680896478121663
2025-01-11 06:00:00,0.6252,0.3748,1.6680896478121663
2025-01-11 07:00:00,0.6252,0.3748,1.6680896478121663
2025-01-11 08:00:00,0.6252,0.3748,1.6680896478121663
2025-01-11 09:00:00,0.6252,0.3748,1.6680896478121663
2025-01-11 10:00:00,0.6252,0.3748,1.6680896478121663
2025-01-11 11:00:00,0.6252,0.3748,1.6680896478121663
2025-01-11 12:00:00,0.6252,0.3748,1.6680896478121663
2025-01-11 13:00:00,0.6252,0.3748,1.6680896478121663
2025-01-11 14:00:00,0.6252,0.3748,1.6680896478121663
2025-01-11 15:00:00,0.6252,0.3748,1.6680896478121663
2025-01-11 16:00:00,0.6252,0.3748,1.6680896478121663
2025-01-11 17:00:00,0.6252,0.3748,1.6680896478121663
2025-01-11 18:00:00,0.6252,0.3748,1.6680896478121663
2025-01-11 19:00:00,0.6252,0.3748,1.6680896478121663
2025-01-11 20:00:00,0.6252,0.3748,1.6680896478121663
2025-01-11 21:00:00,0.6252,0.3748,1.6680896478121663
2025-01-11 22:00:00,0.6252,0.3748,1.6680896478121663
2025-01-11 23:00:00,0.6252,0.3748,1.6680896478121663
2025-01-12 00:00:00,0.6252,0.3748,1.6680896478121663
2025-01-12 01:00:00,0.6252,0.3748,1.6680896478121663
2025-01-12 02:00:00,0.6252,0.3748,1.6680896478121663
2025-01-12 03:00:00,0.6252,0.3748,1.6680896478121663
2025-01-12 04:00:00,0.6252,0.3748,1.6680896478121663
2025-01-12 05:00:00,0.6252,0.3748,1.6680896478121663
2025-01-12 06:00:00,0.6252,0.3748,1.6680896478121663
2025-01-12 07:00:00,0.6252,0.3748,1.6680896478121663
2025-01-12 08:00:00,0.6252,0.3748,1.6680896478121663
2025-01-12 09:00:00,0.6252,0.3748,1.6680896478121663
2025-01-12 10:00:00,0.6252,0.3748,1.6680896478121663
2025-01-12 11:00:00,0.6252,0.3748,1.6680896478121663
2025-01-12 12:00:00,0.6252,0.3748,1.6680896478121663
2025-01-12 13:00:00,0.6252,0.3748,1.6680896478121663
2025-01-12 14:00:00,0.6252,0.3748,1.6680896478121663
2025-01-12 15:00:00,0.6252,0.3748,1.6680896478121663
2025-01-12 16:00:00,0.6252,0.3748,1.6680896478121663
2025-01-12 17:00:00,0.6252,0.3748,1.6680896478121663
2025-01-12 18:00:00,0.6252,0.3748,1.6680896478121663
2025-01-12 19:00:00,0.6252,0.3748,1.6680896478121663
2025-01-12 20:00:00,0.6252,0.3748,1.6680896478121663
2025-01-12 21:00:00,0.6252,0.3748,1.6680896478121663
2025-01-12 22:00:00,0.6252,0.3748,1.6680896478121663
2025-01-12 23:00:00,0.6252,0.3748,1.6680896478121663
2025-01-13 00:00:00,0.6252,0.3748,1.6680896478121663
2025-01-13 01:00:00,0.6252,0.3748,1.6680896478121663
2025-01-13 02:00:00,0.6252,0.3748,1.6680896478121663
2025-01-13 03:00:00,0.6252,0.3748,1.6680896478121663
2025-01-13 04:00:00,0.6252,0.3748,1.6680896478121663
2025-01-13 05:00:00,0.6252,0.3748,1.6680896478121663
2025-01-13 06:00:00,0.6252,0.3748,1.6680896478121663
2025-01-13 07:00:00,0.6252,0.3748,1.6680896478121663
2025-01-13 08:00:00,0.6252,0.3748,1.6680896478121663
2025-01-13 09:00:00,0.6252,0.3748,1.6680896478121663
2025-01-13 10:00:00,0.6252,0.3748,1.6680896478121663
2025-01-13 11:00:00,0.6252,0.3748,1.6680896478121663
2025-01-13 12:00:00,0.6252,0.3748,1.6680896478121663
2025-01-13 13:00:00,0.6252,0.3748,1.6680896478121663
2025-01-13 14:00:00,0.6252,0.3748,1.6680896478121663
2025-01-13 15:00:00,0.6252,0.3748,1.6680896478121663
2025-01-13 16:00:00,0.6252,0.3748,1.6680896478121663
2025-01-13 17:00:00,0.6252,0.3748,1.6680896478121663
2025-01-13 18:00:00,0.6252,0.3748,1.6680896478121663
2025-01-13 19:00:00,0.6252,0.3748,1.6680896478121663
2025-01-13 20:00:00,0.6252,0.3748,1.6680896478121663
2025-01-13 21:00:00,0.6252,0.3748,1.6680896478121663
2025-01-13 22:00:00,0.6252,0.3748,1.6680896478121663
2025-01-13 23:00:00,0.6252,0.3748,1.6680896478121663
2025-01-14 00:00:00,0.6252,0.3748,1.6680896478121663
2025-01-14 01:00:00,0.6252,0.3748,1.6680896478121663
2025-01-14 02:00:00,0.6252,0.3748,1.6680896478121663
2025-01-14 03:00:00,0.6252,0.3748,1.6680896478121663
2025-01-14 04:00:00,0.6252,0.3748,1.6680896478121663
2025-01-14 05:00:00,0.6252,0.3748,1.6680896478121663
2025-01-14 06:00:00,0.6252,0.3748,1.6680896478121663
2025-01-14 07:00:00,0.6252,0.3748,1.6680896478121663
2025-01-14 08:00:00,0.6252,0.3748,1.6680896478121663
2025-01-14 09:00:00,0.6252,0.3748,1.6680896478121663
2025-01-14 10:00:00,0.6252,0.3748,1.6680896478121663
2025-01-14 11:00:00,0.6252,0.3748,1.6680896478121663
2025-01-14 12:00:00,0.6252,0.3748,1.6680896478121663
2025-01-14 13:00:00,0.6252,0.3748,1.6680896478121663
2025-01-14 14:00:00,0.6252,0.3748,1.6680896478121663
2025-01-14 15:00:00,0.6252,0.3748,1.6680896478121663
2025-01-14 16:00:00,0.6252,0.3748,1.6680896478121663
2025-01-14 17:00:00,0.6252,0.3748,1.6680896478121663
2025-01-14 18:00:00,0.6252,0.3748,1.6680896478121663
2025-01-14 19:00:00,0.6252,0.3748,1.6680896478121663
2025-01-14 20:00:00,0.6252,0.3748,1.6680896478121663
2025-01-14 21:00:00,0.6252,0.3748,1.6680896478121663
2025-01-14 22:00:00,0.6252,0.3748,1.6680896478121663
2025-01-14 23:00:00,0.6252,0.3748,1.6680896478121663
2025-01-15 00:00:00,0.6252,0.3748,1.6680896478121663
2025-01-15 01:00:00,0.6252,0.3748,1.6680896478121663
2025-01-15 02:00:00,0.6252,0.3748,1.6680896478121663
2025-01-15 03:00:00,0.6252,0.3748,1.6680896478121663
2025-01-15 04:00:00,0.6252,0.3748,1.6680896478121663
2025-01-15 05:00:00,0.6252,0.3748,1.6680896478121663
2025-01-15 06:00:00,0.6252,0.3748,1.6680896478121663
2025-01-15 07:00:00,0.6252,0.3748,1.6680896478121663
2025-01-15 08:00:00,0.6252,0.3748,1.6680896478121663
2025-01-15 09:00:00,0.6252,0.3748,1.6680896478121663
2025-01-15 10:00:00,0.6252,0.3748,1.6680896478121663
2025-01-15 11:00:00,0.6252,0.3748,1.6680896478121663
2025-01-15 12:00:00,0.6252,0.3748,1.6680896478121663
2025-01-15 13:00:00,0.6252,0.3748,1.6680896478121663
2025-01-15 14:00:00,0.6252,0.3748,1.6680896478121663
2025-01-15 15:00:00,0.6252,0.3748,1.6680896478121663
2025-01-15 16:00:00,0.6252,0.3748,1.6680896478121663
2025-01-15 17:00:00,0.6252,0.3748,1.6680896478121663
2025-01-15 18:00:00,0.6252,0.3748,1.6680896478121663
2025-01-15 19:00:00,0.6252,0.3748,1.6680896478121663
2025-01-15 20:00:00,0.6252,0.3748,1.6680896478121663
2025-01-15 21:00:00,0.6252,0.3748,1.6680896478121663
2025-01-15 22:00:00,0.6252,0.3748,1.6680896478121663
2025-01-15 23:00:00,0.6252,0.3748,1.6680896478121663
2025-01-16 00:00:00,0.6252,0.3748,1.6680896478121663
2025-01-16 01:00:00,0.6252,0.3748,1.6680896478121663
2025-01-16 02:00:00,0.6252,0.3748,1.6680896478121663
2025-01-16 03:00:00,0.6252,0.3748,1.6680896478121663
2025-01-16 04:00:00,0.6252,0.3748,1.6680896478121663
2025-01-16 05:00:00,0.6252,0.3748,1.6680896478121663
2025-01-16 06:00:00,0.6252,0.3748,1.6680896478121663
2025-01-16 07:00:00,0.6252,0.3748,1.6680896478121663
2025-01-16 08:00:00,0.6252,0.3748,1.6680896478121663
2025-01-16 09:00:00,0.6252,0.3748,1.6680896478121663
2025-01-16 10:00:00,0.6252,0.3748,1.6680896478121663
2025-01-16 11:00:00,0.6252,0.3748,1.6680896478121663
2025-01-16 12:00:00,0.6252,0.3748,1.6680896478121663
2025-01-16 13:00:00,0.6252,0.3748,1.6680896478121663
2025-01-16 14:00:00,0.6252,0.3748,1.6680896478121663
2025-01-16 15:00:00,0.6252,0.3748,1.6680896478121663
2025-01-16 16:00:00,0.6252,0.3748,1.6680896478121663
2025-01-16 17:00:00,0.6252,0.3748,1.6680896478121663
2025-01-16 18:00:00,0.6252,0.3748,1.6680896478121663
2025-01-16 19:00:00,0.6252,0.3748,1.6680896478121663
2025-01-16 20:00:00,0.6252,0.3748,1.6680896478121663
2025-01-16 21:00:00,0.6252,0.3748,1.6680896478121663
2025-01-16 22:00:00,0.6252,0.3748,1.6680896478121663
2025-01-16 23:00:00,0.6252,0.3748,1.6680896478121663
2025-01-17 00:00:00,0.6252,0.3748,1.6680896478121663
2025-01-17 01:00:00,0.6252,0.3748,1.6680896478121663
2025-01-17 02:00:00,0.6252,0.3748,1.6680896478121663
2025-01-17 03:00:00,0.6252,0.3748,1.6680896478121663
2025-01-17 04:00:00,0.6252,0.3748,1.6680896478121663
2025-01-17 05:00:00,0.6252,0.3748,1.6680896478121663
2025-01-17 06:00:00,0.6252,0.3748,1.6680896478121663
2025-01-17 07:00:00,0.6252,0.3748,1.6680896478121663
2025-01-17 08:00:00,0.6252,0.3748,1.6680896478121663
2025-01-17 09:00:00,0.6252,0.3748,1.6680896478121663
2025-01-17 10:00:00,0.6252,0.3748,1.6680896478121663
2025-01-17 11:00:00,0.6252,0.3748,1.6680896478121663
2025-01-17 12:00:00,0.6252,0.3748,1.6680896478121663
2025-01-17 13:00:00,0.6252,0.3748,1.6680896478121663
2025-01-17 14:00:00,0.6252,0.3748,1.6680896478121663
2025-01-17 15:00:00,0.6252,0.3748,1.6680896478121663
2025-01-17 16:00:00,0.6252,0.3748,1.6680896478121663
2025-01-17 17:00:00,0.6252,0.3748,1.6680896478121663
2025-01-17 18:00:00,0.6252,0.3748,1.6680896478121663
2025-01-17 19:00:00,0.6252,0.3748,1.6680896478121663
2025-01-17 20:00:00,0.6252,0.3748,1.6680896478121663
2025-01-17 21:00:00,0.6252,0.3748,1.6680896478121663
2025-01-17 22:00:00,0.6252,0.3748,1.6680896478121663
2025-01-17 23:00:00,0.6252,0.3748,1.6680896478121663
2025-01-18 00:00:00,0.6252,0.3748,1.6680896478121663
2025-01-18 01:00:00,0.6252,0.3748,1.6680896478121663
2025-01-18 02:00:00,0.6252,0.3748,1.6680896478121663
2025-01-18 03:00:00,0.6252,0.3748,1.6680896478121663
2025-01-18 04:00:00,0.6252,0.3748,1.6680896478121663
2025-01-18 05:00:00,0.6252,0.3748,1.6680896478121663
2025-01-18 06:00:00,0.6252,0.3748,1.6680896478121663
2025-01-18 07:00:00,0.6252,0.3748,1.6680896478121663
2025-01-18 08:00:00,0.6252,0.3748,1.6680896478121663
2025-01-18 09:00:00,0.5847,0.4153,1.4078979051288225
2025-01-18 10:00:00,0.5849,0.4151,1.409058058299205
2025-01-18 11:00:00,0.5896,0.4104,1.4366471734892787
2025-01-18 12:00:00,0.5879,0.4121,1.4265954865323949
2025-01-18 13:00:00,0.5955,0.4045,1.4721878862793571
2025-01-18 14:00:00,0.6034,0.3966,1.5214321734745335
2025-01-18 15:00:00,0.6059,0.3941,1.537427048972342
2025-01-18 16:00:00,0.616,0.384,1.6041666666666665
2025-01-18 17:00:00,0.6191,0.3809,1.625360987135731
2025-01-18 18:00:00,0.6236,0.3764,1.6567481402763018
2025-01-18 19:00:00,0.6222,0.3778,1.6469031233456854
2025-01-18 20:00:00,0.6275,0.3725,1.6845637583892616
2025-01-18 21:00:00,0.6244,0.3756,1.6624068157614482
2025-01-18 22:00:00,0.6261,0.3739,1.674511901577962
2025-01-18 23:00:00,0.6266,0.3734,1.678093197643278
2025-01-19 00:00:00,0.6251,0.3749,1.6673779674579887
2025-01-19 01:00:00,0.6228,0.3772,1.6511134676564159
2025-01-19 02:00:00,0.6161,0.3839,1.6048450117218025
2025-01-19 03:00:00,0.616,0.384,1.6041666666666665
2025-01-19 04:00:00,0.6161,0.3839,1.6048450117218025
2025-01-19 05:00:00,0.616,0.384,1.6041666666666665
2025-01-19 06:00:00,0.6152,0.3848,1.5987525987525988
2025-01-19 07:00:00,0.6142,0.3858,1.592016588906169
2025-01-19 08:00:00,0.6162,0.3838,1.6055237102657633
2025-01-19 09:00:00,0.615,0.385,1.5974025974025974
2025-01-19 10:00:00,0.6157,0.3843,1.6021337496747334
2025-01-19 11:00:00,0.6148,0.3852,1.596053997923157
2025-01-19 12:00:00,0.6112,0.3888,1.5720164609053497
2025-01-19 13:00:00,0.6117,0.3883,1.5753283543651817
2025-01-19 14:00:00,0.6165,0.3835,1.6075619295958279
2025-01-19 15:00:00,0.6154,0.3846,1.6001040041601662
2025-01-19 16:00:00,0.6145,0.3855,1.5940337224383918
2025-01-19 17:00:00,0.6181,0.3819,1.6184865147944487
2025-01-19 18:00:00,0.6147,0.3853,1.5953802232026995
2025-01-19 19:00:00,0.6203,0.3797,1.6336581511719779
2025-01-19 20:00:00,0.6226,0.3774,1.6497085320614733
2025-01-19 21:00:00,0.6231,0.3769,1.6532236667551075
2025-01-19 22:00:00,0.6249,0.3751,1.6659557451346307
2025-01-19 23:00:00,0.6241,0.3759,1.6602819898909285
2025-01-20 00:00:00,0.6299,0.3701,1.7019724398811134
2025-01-20 01:00:00,0.6297,0.3703,1.7005130974885228
2025-01-20 02:00:00,0.6283,0.3717,1.690341673392521
2025-01-20 03:00:00,0.6381,0.3619,1.7631942525559547
2025-01-20 04:00:00,0.6531,0.3469,1.8826751225136928
2025-01-20 05:00:00,0.658,0.342,1.9239766081871343
2025-01-20 06:00:00,0.6663,0.3337,1.9967036260113875
2025-01-20 07:00:00,0.6684,0.3316,2.0156815440289506
2025-01-20 08:00:00,0.6689,0.3311,2.0202355783751136
2025-01-20 09:00:00,0.6703,0.3297,2.0330603579011224
2025-01-20 10:00:00,0.6723,0.3277,2.051571559353067
2025-01-20 11:00:00,0.6654,0.3346,1.9886431560071727
2025-01-20 12:00:00,0.6353,0.3647,1.7419797093501506
2025-01-20 13:00:00,0.6445,0.3555,1.8129395218002813
2025-01-20 14:00:00,0.6399,0.3601,1.7770063871146906
2025-01-20 15:00:00,0.6376,0.3624,1.759381898454746
2025-01-20 16:00:00,0.6403,0.3597,1.780094523213789
2025-01-20 17:00:00,0.6405,0.3595,1.7816411682892905
2025-01-20 18:00:00,0.6474,0.3526,1.8360748723766305
2025-01-20 19:00:00,0.6443,0.3557,1.8113578858588697
2025-01-20 20:00:00,0.6452,0.3548,1.818489289740699
2025-01-20 21:00:00,0.6693,0.3307,2.023888720895071
2025-01-20 22:00:00,0.6709,0.3291,2.038590094196293
2025-01-20 23:00:00,0.6737,0.3263,2.0646644192460926
2025-01-21 00:00:00,0.6708,0.3292,2.0376670716889427
2025-01-21 01:00:00,0.6711,0.3289,2.0404378230465188
2025-01-21 02:00:00,0.666,0.334,1.9940119760479043
2025-01-21 03:00:00,0.6703,0.3297,2.0330603579011224
2025-01-21 04:00:00,0.672,0.328,2.048780487804878
2025-01-21 05:00:00,0.6735,0.3265,2.0627871362940273
2025-01-21 06:00:00,0.6818,0.3182,2.1426775612822127
2025-01-21 07:00:00,0.6819,0.3181,2.1436655139893115
2025-01-21 08:00:00,0.688,0.312,2.205128205128205
2025-01-21 09:00:00,0.6834,0.3166,2.158559696778269
2025-01-21 10:00:00,0.681,0.319,2.134796238244514
2025-01-21 11:00:00,0.688,0.312,2.205128205128205
2025-01-21 12:00:00,0.688,0.312,2.205128205128205
2025-01-21 13:00:00,0.6903,0.3097,2.228931223764934
2025-01-21 14:00:00,0.6939,0.3061,2.266906239790918
2025-01-21 15:00:00,0.6958,0.3042,2.2873109796186717
2025-01-21 16:00:00,0.6986,0.3014,2.3178500331785004
2025-01-21 17:00:00,0.6893,0.3107,2.21853878339234
2025-01-21 18:00:00,0.6834,0.3166,2.158559696778269
2025-01-21 19:00:00,0.673,0.327,2.058103975535168
2025-01-21 20:00:00,0.677,0.323,2.0959752321981426
2025-01-21 21:00:00,0.6581,0.3419,1.9248318221702254
2025-01-21 22:00:00,0.6584,0.3416,1.9274004683840749
2025-01-21 23:00:00,0.6484,0.3516,1.844141069397042
2025-01-22 00:00:00,0.6395,0.3605,1.7739251040221913
2025-01-22 01:00:00,0.6311,0.3689,1.7107617240444564
2025-01-22 02:00:00,0.6321,0.3679,1.718129926610492
2025-01-22 03:00:00,0.6246,0.3754,1.663825253063399
2025-01-22 04:00:00,0.6248,0.3752,1.6652452025586355
2025-01-22 05:00:00,0.6226,0.3774,1.6497085320614733
2025-01-22 06:00:00,0.6218,0.3782,1.6441036488630356
2025-01-22 07:00:00,0.6233,0.3767,1.6546323334218211
2025-01-22 08:00:00,0.6266,0.3734,1.678093197643278
2025-01-22 09:00:00,0.6273,0.3727,1.6831231553528307
2025-01-22 10:00:00,0.6312,0.3688,1.7114967462039044
2025-01-22 11:00:00,0.6329,0.3671,1.7240533914464724
2025-01-22 12:00:00,0.6321,0.3679,1.718129926610492
2025-01-22 13:00:00,0.6337,0.3663,1.73000273000273
2025-01-22 14:00:00,0.6374,0.3626,1.7578599007170437
2025-01-22 15:00:00,0.6388,0.3612,1.7685492801771872
2025-01-22 16:00:00,0.6471,0.3529,1.8336639274582036
2025-01-22 17:00:00,0.6527,0.3473,1.8793550244745176
2025-01-22 18:00:00,0.6489,0.3511,1.8481913984619767
2025-01-22 19:00:00,0.655,0.345,1.8985507246376814
2025-01-22 20:00:00,0.66,0.34,1.9411764705882353
2025-01-22 21:00:00,0.6616,0.3384,1.955082742316785
2025-01-22 22:00:00,0.6604,0.3396,1.9446407538280328
2025-01-22 23:00:00,0.6587,0.3413,1.9299736302373278
2025-01-23 00:00:00,0.6595,0.3405,1.936857562408223
2025-01-23 01:00:00,0.6627,0.3373,1.9647198339756893
2025-01-23 02:00:00,0.6641,0.3359,1.9770765108663295
2025-01-23 03:00:00,0.664,0.336,1.9761904761904763
2025-01-23 04:00:00,0.6637,0.3363,1.9735355337496283
2025-01-23 05:00:00,0.6608,0.3392,1.9481132075471699
2025-01-23 06:00:00,0.6649,0.3351,1.9841838257236646
2025-01-23 07:00:00,0.6696,0.3304,2.0266343825665856
2025-01-23 08:00:00,0.6716,0.3284,2.045066991473812
2025-01-23 09:00:00,0.6731,0.3269,2.059039461609055
2025-01-23 10:00:00,0.6775,0.3225,2.1007751937984493
2025-01-23 11:00:00,0.677,0.323,2.0959752321981426
2025-01-23 12:00:00,0.6851,0.3149,2.1756113051762465
2025-01-23 13:00:00,0.684,0.316,2.1645569620253164
2025-01-23 14:00:00,0.6813,0.3187,2.1377470975839348
2025-01-23 15:00:00,0.6783,0.3217,2.108486167236556
2025-01-23 16:00:00,0.6808,0.3192,2.1328320802005014
2025-01-23 17:00:00,0.6821,0.3179,2.1456432840515887
2025-01-23 18:00:00,0.6928,0.3072,2.2552083333333335
2025-01-23 19:00:00,0.6729,0.3271,2.0571690614490983
2025-01-23 20:00:00,0.6726,0.3274,2.054367745876603
2025-01-23 21:00:00,0.6561,0.3439,1.9078220412910731
2025-01-23 22:00:00,0.6557,0.3443,1.904443799012489
2025-01-23 23:00:00,0.6478,0.3522,1.8392958546280522
2025-01-24 00:00:00,0.6513,0.3487,1.8677946659019213
2025-01-24 01:00:00,0.6755,0.3245,2.081664098613251
2025-01-24 02:00:00,0.6864,0.3136,2.188775510204082
2025-01-24 03:00:00,0.6823,0.3177,2.147623544224111
2025-01-24 04:00:00,0.6818,0.3182,2.1426775612822127
2025-01-24 05:00:00,0.6768,0.3232,2.094059405940594
2025-01-24 06:00:00,0.6748,0.3252,2.075030750307503
2025-01-24 07:00:00,0.6757,0.3243,2.0835646006783843
2025-01-24 08:00:00,0.6777,0.3223,2.102699348433137
2025-01-24 09:00:00,0.681,0.319,2.134796238244514
2025-01-24 10:00:00,0.6754,0.3246,2.0807147258163896
2025-01-24 11:00:00,0.6694,0.3306,2.0248033877797944
2025-01-24 12:00:00,0.6652,0.3348,1.9868578255675031
2025-01-24 13:00:00,0.6635,0.3365,1.9717682020802376
2025-01-24 14:00:00,0.6606,0.3394,1.9463759575721862
2025-01-24 15:00:00,0.6591,0.3409,1.9334115576415374
2025-01-24 16:00:00,0.6549,0.3451,1.8977108084613157
2025-01-24 17:00:00,0.6519,0.3481,1.872737719046251
2025-01-24 18:00:00,0.6501,0.3499,1.857959416976279
2025-01-24 19:00:00,0.645,0.355,1.8169014084507045
2025-01-24 20:00:00,0.6387,0.3613,1.7677830058123445
2025-01-24 21:00:00,0.6329,0.3671,1.7240533914464724
2025-01-24 22:00:00,0.6245,0.3755,1.6631158455392812
2025-01-24 23:00:00,0.6127,0.3873,1.5819777949909632
2025-01-25 00:00:00,0.611,0.389,1.5706940874035988
2025-01-25 01:00:00,0.6211,0.3789,1.6392187912377936
2025-01-25 02:00:00,0.6251,0.3749,1.6673779674579887
2025-01-25 03:00:00,0.6226,0.3774,1.6497085320614733
2025-01-25 04:00:00,0.6295,0.3705,1.699055330634278
2025-01-25 05:00:00,0.6277,0.3723,1.6860059092130002
2025-01-25 06:00:00,0.6336,0.3664,1.7292576419213974
2025-01-25 07:00:00,0.6354,0.3646,1.7427317608337904
2025-01-25 08:00:00,0.6419,0.3581,1.7925160569673277
2025-01-25 09:00:00,0.6434,0.3566,1.8042624789680315
2025-01-25 10:00:00,0.6466,0.3534,1.8296547821165816
2025-01-25 11:00:00,0.6429,0.3571,1.8003360403248392
2025-01-25 12:00:00,0.646,0.354,1.824858757062147
2025-01-25 13:00:00,0.6466,0.3534,1.8296547821165816
2025-01-25 14:00:00,0.649,0.351,1.8490028490028492
2025-01-25 15:00:00,0.6524,0.3476,1.8768699654775602
2025-01-25 16:00:00,0.6572,0.3428,1.9171528588098017
2025-01-25 17:00:00,0.6603,0.3397,1.943773918163085
2025-01-25 18:00:00,0.663,0.337,1.9673590504451037
2025-01-25 19:00:00,0.6616,0.3384,1.955082742316785
2025-01-25 20:00:00,0.6634,0.3366,1.9708853238265003
2025-01-25 21:00:00,0.6632,0.3368,1.969121140142518
2025-01-25 22:00:00,0.6618,0.3382,1.9568302779420463
2025-01-25 23:00:00,0.6595,0.3405,1.936857562408223
2025-01-26 00:00:00,0.66,0.34,1.9411764705882353
2025-01-26 01:00:00,0.6589,0.3411,1.931691586045148
2025-01-26 02:00:00,0.6569,0.3431,1.914602156805596
2025-01-26 03:00:00,0.6576,0.3424,1.9205607476635513
2025-01-26 04:00:00,0.6568,0.3432,1.913752913752914
2025-01-26 05:00:00,0.6576,0.3424,1.9205607476635513
2025-01-26 06:00:00,0.6584,0.3416,1.9274004683840749
2025-01-26 07:00:00,0.6591,0.3409,1.9334115576415374
2025-01-26 08:00:00,0.6571,0.3429,1.9163021289005542
2025-01-26 09:00:00,0.6602,0.3398,1.9429075927015893
2025-01-26 10:00:00,0.6589,0.3411,1.931691586045148
2025-01-26 11:00:00,0.6581,0.3419,1.9248318221702254
2025-01-26 12:00:00,0.6582,0.3418,1.9256875365710944
2025-01-26 13:00:00,0.6579,0.3421,1.9231218941829875
2025-01-26 14:00:00,0.6603,0.3397,1.943773918163085
2025-01-26 15:00:00,0.663,0.337,1.9673590504451037
2025-01-26 16:00:00,0.6644,0.3356,1.9797377830750893
2025-01-26 17:00:00,0.6646,0.3354,1.9815146094215863
2025-01-26 18:00:00,0.663,0.337,1.9673590504451037
2025-01-26 19:00:00,0.6628,0.3372,1.9655990510083035
2025-01-26 20:00:00,0.6614,0.3386,1.9533372711163615
2025-01-26 21:00:00,0.6607,0.3393,1.9472443265546713
2025-01-26 22:00:00,0.6606,0.3394,1.9463759575721862
2025-01-26 23:00:00,0.6595,0.3405,1.936857562408223
2025-01-27 00:00:00,0.6578,0.3422,1.9222676797194624
2025-01-27 01:00:00,0.6561,0.3439,1.9078220412910731
2025-01-27 02:00:00,0.6587,0.3413,1.9299736302373278
2025-01-27 03:00:00,0.6609,0.3391,1.948982601002654
2025-01-27 04:00:00,0.6721,0.3279,2.0497102775236353
2025-01-27 05:00:00,0.6765,0.3235,2.0911901081916535
2025-01-27 06:00:00,0.6893,0.3107,2.21853878339234
2025-01-27 07:00:00,0.6914,0.3086,2.240440699935191
2025-01-27 08:00:00,0.6996,0.3004,2.3288948069241013
2025-01-27 09:00:00,0.6999,0.3001,2.332222592469177
2025-01-27 10:00:00,0.7091,0.2909,2.4376074252320383
2025-01-27 11:00:00,0.7101,0.2899,2.4494653328734044
2025-01-27 12:00:00,0.7239,0.2761,2.621876131836291
2025-01-27 13:00:00,0.73,0.27,2.7037037037037033
2025-01-27 14:00:00,0.7415,0.2585,2.8684719535783367
2025-01-27 15:00:00,0.7335,0.2665,2.75234521575985
2025-01-27 16:00:00,0.7377,0.2623,2.812428516965307
2025-01-27 17:00:00,0.7526,0.2474,3.0420371867421183
2025-01-27 18:00:00,0.7407,0.2593,2.856536829926726
2025-01-27 19:00:00,0.7398,0.2602,2.8431975403535743
2025-01-27 20:00:00,0.7353,0.2647,2.7778617302606725
2025-01-27 21:00:00,0.7306,0.2694,2.711952487008167
2025-01-27 22:00:00,0.7338,0.2662,2.756574004507889
2025-01-27 23:00:00,0.7304,0.2696,2.7091988130563798
2025-01-28 00:00:00,0.7367,0.2633,2.7979491074819602
2025-01-28 01:00:00,0.7493,0.2507,2.988831272437176
2025-01-28 02:00:00,0.7275,0.2725,2.6697247706422016
2025-01-28 03:00:00,0.7284,0.2716,2.6818851251840945
2025-01-28 04:00:00,0.7249,0.2751,2.635041802980734
2025-01-28 05:00:00,0.7216,0.2784,2.591954022988506
2025-01-28 06:00:00,0.7163,0.2837,2.5248501938667607
2025-01-28 07:00:00,0.7179,0.2821,2.544842254519674
2025-01-28 08:00:00,0.7119,0.2881,2.4710170079833387
2025-01-28 09:00:00,0.712,0.288,2.4722222222222223
2025-01-28 10:00:00,0.7072,0.2928,2.4153005464480874
2025-01-28 11:00:00,0.6977,0.3023,2.3079722130334104
2025-01-28 12:00:00,0.6947,0.3053,2.2754667540124465
2025-01-28 13:00:00,0.692,0.308,2.2467532467532467
2025-01-28 14:00:00,0.6877,0.3123,2.202049311559398
2025-01-28 15:00:00,0.6867,0.3133,2.1918289179699966
2025-01-28 16:00:00,0.6852,0.3148,2.1766200762388817
2025-01-28 17:00:00,0.6789,0.3211,2.114294612270321
2025-01-28 18:00:00,0.6791,0.3209,2.1162355874104084
2025-01-28 19:00:00,0.6751,0.3249,2.077870113881194
2025-01-28 20:00:00,0.6856,0.3144,2.1806615776081424
2025-01-28 21:00:00,0.6859,0.3141,2.183699458771092
2025-01-28 22:00:00,0.6822,0.3178,2.146633102580239
2025-01-28 23:00:00,0.6793,0.3207,2.1181789834736517
2025-01-29 00:00:00,0.6817,0.3183,2.1416902293433866
2025-01-29 01:00:00,0.6747,0.3253,2.0740854595757763
2025-01-29 02:00:00,0.6732,0.3268,2.0599755201958385
2025-01-29 03:00:00,0.6825,0.3175,2.149606299212598
2025-01-29 04:00:00,0.684,0.316,2.1645569620253164
2025-01-29 05:00:00,0.6885,0.3115,2.2102728731942216
2025-01-29 06:00:00,0.6888,0.3112,2.2133676092544987
2025-01-29 07:00:00,0.6891,0.3109,2.21646831778707
2025-01-29 08:00:00,0.6894,0.3106,2.2195750160978753
2025-01-29 09:00:00,0.6893,0.3107,2.21853878339234
2025-01-29 10:00:00,0.6882,0.3118,2.207184092366902
2025-01-29 11:00:00,0.6913,0.3087,2.2393909944930357
2025-01-29 12:00:00,0.688,0.312,2.205128205128205
2025-01-29 13:00:00,0.6821,0.3179,2.1456432840515887
2025-01-29 14:00:00,0.6752,0.3248,2.078817733990148
2025-01-29 15:00:00,0.6753,0.3247,2.079765937788728
2025-01-29 16:00:00,0.6758,0.3242,2.084515731030228
2025-01-29 17:00:00,0.6718,0.3282,2.0469226081657523
2025-01-29 18:00:00,0.6685,0.3315,2.0165912518853695
2025-01-29 19:00:00,0.6702,0.3298,2.032140691328078
2025-01-29 20:00:00,0.6729,0.3271,2.0571690614490983
2025-01-29 21:00:00,0.6726,0.3274,2.054367745876603
2025-01-29 22:00:00,0.6732,0.3268,2.0599755201958385
2025-01-29 23:00:00,0.6722,0.3278,2.050640634533252
2025-01-30 00:00:00,0.6719,0.3281,2.047851264858275
2025-01-30 01:00:00,0.6594,0.3406,1.935995302407516
2025-01-30 02:00:00,0.6484,0.3516,1.844141069397042
2025-01-30 03:00:00,0.6481,0.3519,1.841716396703609
2025-01-30 04:00:00,0.6452,0.3548,1.818489289740699
2025-01-30 05:00:00,0.646,0.354,1.824858757062147
2025-01-30 06:00:00,0.642,0.358,1.793296089385475
2025-01-30 07:00:00,0.6408,0.3592,1.7839643652561248
2025-01-30 08:00:00,0.6406,0.3594,1.7824151363383416
2025-01-30 09:00:00,0.6354,0.3646,1.7427317608337904
2025-01-30 10:00:00,0.6293,0.3707,1.6975991367682763
2025-01-30 11:00:00,0.6236,0.3764,1.6567481402763018
2025-01-30 12:00:00,0.6168,0.3832,1.6096033402922756
2025-01-30 13:00:00,0.6126,0.3874,1.581311306143521
2025-01-30 14:00:00,0.6096,0.3904,1.5614754098360655
2025-01-30 15:00:00,0.6081,0.3919,1.5516713447307986
2025-01-30 16:00:00,0.6061,0.3939,1.5387154100025386
2025-01-30 17:00:00,0.6075,0.3925,1.5477707006369428
2025-01-30 18:00:00,0.6095,0.3905,1.560819462227913
2025-01-30 19:00:00,0.6174,0.3826,1.6136957658128592
2025-01-30 20:00:00,0.6135,0.3865,1.5873221216041398
2025-01-30 21:00:00,0.6133,0.3867,1.5859839668994051
2025-01-30 22:00:00,0.6189,0.3811,1.6239832065074784
2025-01-30 23:00:00,0.6193,0.3807,1.6267402153926975
2025-01-31 00:00:00,0.6178,0.3822,1.6164311878597595
2025-01-31 01:00:00,0.6175,0.3825,1.6143790849673203
2025-01-31 02:00:00,0.6201,0.3799,1.6322716504343247
2025-01-31 03:00:00,0.6215,0.3785,1.642007926023778
2025-01-31 04:00:00,0.6204,0.3796,1.6343519494204424
2025-01-31 05:00:00,0.6204,0.3796,1.6343519494204424
2025-01-31 06:00:00,0.6208,0.3792,1.637130801687764
2025-01-31 07:00:00,0.6204,0.3796,1.6343519494204424
2025-01-31 08:00:00,0.625,0.375,1.6666666666666667
2025-01-31 09:00:00,0.6282,0.3718,1.6896180742334588
2025-01-31 10:00:00,0.6291,0.3709,1.6961445133459152
2025-01-31 11:00:00,0.6395,0.3605,1.7739251040221913
2025-01-31 12:00:00,0.6456,0.3544,1.8216704288939052
2025-01-31 13:00:00,0.6472,0.3528,1.8344671201814058
2025-01-31 14:00:00,0.6489,0.3511,1.8481913984619767
2025-01-31 15:00:00,0.6507,0.3493,1.86286859433152
2025-01-31 16:00:00,0.6535,0.3465,1.8860028860028861
2025-01-31 17:00:00,0.6569,0.3431,1.914602156805596
2025-01-31 18:00:00,0.6584,0.3416,1.9274004683840749
2025-01-31 19:00:00,0.6558,0.3442,1.905287623474724
2025-01-31 20:00:00,0.6459,0.3541,1.8240609997175938
2025-01-31 21:00:00,0.6528,0.3472,1.880184331797235
2025-01-31 22:00:00,0.6539,0.3461,1.889338341519792
2025-01-31 23:00:00,0.67,0.33,2.0303030303030303
2025-02-01 00:00:00,0.6884,0.3116,2.209242618741977
2025-02-01 01:00:00,0.6935,0.3065,2.2626427406199023
2025-02-01 02:00:00,0.7065,0.2935,2.4071550255536627
2025-02-01 03:00:00,0.7142,0.2858,2.498950314905528
2025-02-01 04:00:00,0.7154,0.2846,2.5137034434293746
2025-02-01 05:00:00,0.7187,0.2813,2.5549235691432637
2025-02-01 06:00:00,0.7213,0.2787,2.588087549336204
2025-02-01 07:00:00,0.7213,0.2787,2.588087549336204
2025-02-01 08:00:00,0.7133,0.2867,2.487966515521451
2025-02-01 09:00:00,0.7152,0.2848,2.5112359550561796
2025-02-01 10:00:00,0.7167,0.2833,2.5298270384751147
2025-02-01 11:00:00,0.7162,0.2838,2.523608174770965
2025-02-01 12:00:00,0.7142,0.2858,2.498950314905528
2025-02-01 13:00:00,0.7101,0.2899,2.4494653328734044
2025-02-01 14:00:00,0.7036,0.2964,2.3738191632928474
2025-02-01 15:00:00,0.7107,0.2893,2.456619426201175
2025-02-01 16:00:00,0.7153,0.2847,2.5124692658939236
2025-02-01 17:00:00,0.7194,0.2806,2.563791874554526
2025-02-01 18:00:00,0.7125,0.2875,2.4782608695652177
2025-02-01 19:00:00,0.7119,0.2881,2.4710170079833387
2025-02-01 20:00:00,0.7118,0.2882,2.4698126301179735
2025-02-01 21:00:00,0.7119,0.2881,2.4710170079833387
2025-02-01 22:00:00,0.7198,0.2802,2.5688793718772307
2025-02-01 23:00:00,0.7188,0.2812,2.5561877667140824
2025-02-02 00:00:00,0.7163,0.2837,2.5248501938667607
2025-02-02 01:00:00,0.7112,0.2888,2.4626038781163437
2025-02-02 02:00:00,0.7121,0.2879,2.4734282737061477
2025-02-02 03:00:00,0.7124,0.2876,2.477051460361613
2025-02-02 04:00:00,0.7172,0.2828,2.536067892503536
2025-02-02 05:00:00,0.723,0.277,2.6101083032490973
2025-02-02 06:00:00,0.7226,0.2774,2.6049026676279743
2025-02-02 07:00:00,0.7196,0.2804,2.566333808844508
2025-02-02 08:00:00,0.7167,0.2833,2.5298270384751147
2025-02-02 09:00:00,0.7243,0.2757,2.6271309394269133
2025-02-02 10:00:00,0.7333,0.2667,2.749531308586427
2025-02-02 11:00:00,0.7309,0.2691,2.716090672612412
2025-02-02 12:00:00,0.7241,0.2759,2.624501631025734
2025-02-02 13:00:00,0.7298,0.2702,2.7009622501850483
2025-02-02 14:00:00,0.7317,0.2683,2.7271710771524416
2025-02-02 15:00:00,0.7294,0.2706,2.6954915003695494
2025-02-02 16:00:00,0.7226,0.2774,2.6049026676279743
2025-02-02 17:00:00,0.7217,0.2783,2.5932446999640675
2025-02-02 18:00:00,0.73,0.27,2.7037037037037033
2025-02-02 19:00:00,0.7368,0.2632,2.799392097264438
2025-02-02 20:00:00,0.7351,0.2649,2.7750094375235936
2025-02-02 21:00:00,0.7327,0.2673,2.7411148522259636
2025-02-02 22:00:00,0.7257,0.2743,2.6456434560699966
2025-02-02 23:00:00,0.7299,0.2701,2.702332469455757
2025-02-03 00:00:00,0.743,0.257,2.8910505836575875
2025-02-03 01:00:00,0.7381,0.2619,2.818251240931653
2025-02-03 02:00:00,0.7377,0.2623,2.812428516965307
2025-02-03 03:00:00,0.7398,0.2602,2.8431975403535743
2025-02-03 04:00:00,0.7414,0.2586,2.8669760247486464
2025-02-03 05:00:00,0.7367,0.2633,2.7979491074819602
2025-02-03 06:00:00,0.7315,0.2685,2.7243947858473
2025-02-03 07:00:00,0.7391,0.2609,2.8328861632809503
2025-02-03 08:00:00,0.7459,0.2541,2.9354584809130264
2025-02-03 09:00:00,0.7393,0.2607,2.8358266206367473
2025-02-03 10:00:00,0.7505,0.2495,3.008016032064128
2025-02-03 11:00:00,0.7552,0.2448,3.084967320261438
2025-02-03 12:00:00,0.7674,0.2326,3.2992261392949267
2025-02-03 13:00:00,0.764,0.236,3.2372881355932206
2025-02-03 14:00:00,0.7644,0.2356,3.2444821731748723
2025-02-03 15:00:00,0.7624,0.2376,3.2087542087542085
2025-02-03 16:00:00,0.7523,0.2477,3.037141703673799
2025-02-03 17:00:00,0.7472,0.2528,2.9556962025316453
2025-02-03 18:00:00,0.7435,0.2565,2.8986354775828462
2025-02-03 19:00:00,0.7503,0.2497,3.0048057669203043
2025-02-03 20:00:00,0.7486,0.2514,2.977724741447892
2025-02-03 21:00:00,0.7392,0.2608,2.834355828220859
2025-02-03 22:00:00,0.7385,0.2615,2.824091778202677
2025-02-03 23:00:00,0.7453,0.2547,2.9261876717707107
2025-02-04 00:00:00,0.7384,0.2616,2.82262996941896
2025-02-04 01:00:00,0.7175,0.2825,2.5398230088495577
2025-02-04 02:00:00,0.7166,0.2834,2.5285815102328866
2025-02-04 03:00:00,0.7115,0.2885,2.466204506065858
2025-02-04 04:00:00,0.7043,0.2957,2.381805884342239
2025-02-04 05:00:00,0.7022,0.2978,2.35795836131632
2025-02-04 06:00:00,0.7002,0.2998,2.33555703802535
2025-02-04 07:00:00,0.698,0.302,2.3112582781456954
2025-02-04 08:00:00,0.6905,0.3095,2.2310177705977385
2025-02-04 09:00:00,0.684,0.316,2.1645569620253164
2025-02-04 10:00:00,0.6876,0.3124,2.201024327784891
2025-02-04 11:00:00,0.6959,0.3041,2.288391976323578
2025-02-04 12:00:00,0.6872,0.3128,2.1969309462915603
2025-02-04 13:00:00,0.6852,0.3148,2.1766200762388817
2025-02-04 14:00:00,0.6927,0.3073,2.254149040026033
2025-02-04 15:00:00,0.7047,0.2953,2.3863867253640363
2025-02-04 16:00:00,0.7099,0.2901,2.447087211306446
2025-02-04 17:00:00,0.7209,0.2791,2.5829451809387316
2025-02-04 18:00:00,0.7149,0.2851,2.50754121360926
2025-02-04 19:00:00,0.7242,0.2758,2.625815808556925
2025-02-04 20:00:00,0.7229,0.2771,2.6088054853843374
2025-02-04 21:00:00,0.7179,0.2821,2.544842254519674
2025-02-04 22:00:00,0.7166,0.2834,2.5285815102328866
2025-02-04 23:00:00,0.7144,0.2856,2.5014005602240896
2025-02-05 00:00:00,0.7172,0.2828,2.536067892503536
2025-02-05 01:00:00,0.718,0.282,2.546099290780142
2025-02-05 02:00:00,0.7063,0.2937,2.404834865509023
2025-02-05 03:00:00,0.724,0.276,2.623188405797101
2025-02-05 04:00:00,0.7281,0.2719,2.677822728944465
2025-02-05 05:00:00,0.7294,0.2706,2.6954915003695494
2025-02-05 06:00:00,0.725,0.275,2.6363636363636362
2025-02-05 07:00:00,0.7256,0.2744,2.644314868804665
2025-02-05 08:00:00,0.7257,0.2743,2.6456434560699966
2025-02-05 09:00:00,0.7258,0.2742,2.6469730123997084
2025-02-05 10:00:00,0.7226,0.2774,2.6049026676279743
2025-02-05 11:00:00,0.7227,0.2773,2.606202668589975
2025-02-05 12:00:00,0.7239,0.2761,2.621876131836291
2025-02-05 13:00:00,0.7209,0.2791,2.5829451809387316
2025-02-05 14:00:00,0.7211,0.2789,2.5855145213338115
2025-02-05 15:00:00,0.7187,0.2813,2.5549235691432637
2025-02-05 16:00:00,0.7263,0.2737,2.653635367190354
2025-02-05 17:00:00,0.7206,0.2794,2.579098067287044
2025-02-05 18:00:00,0.7208,0.2792,2.5816618911174785
2025-02-05 19:00:00,0.7201,0.2799,2.5727045373347623
2025-02-05 20:00:00,0.7154,0.2846,2.5137034434293746
2025-02-05 21:00:00,0.7159,0.2841,2.5198873636043646
2025-02-05 22:00:00,0.714,0.286,2.4965034965034967
2025-02-05 23:00:00,0.7129,0.2871,2.4831069313827934
2025-02-06 00:00:00,0.7218,0.2782,2.5945363048166787
2025-02-06 01:00:00,0.7194,0.2806,2.563791874554526
2025-02-06 02:00:00,0.7209,0.2791,2.5829451809387316
2025-02-06 03:00:00,0.7217,0.2783,2.5932446999640675
2025-02-06 04:00:00,0.7253,0.2747,2.6403349108117946
2025-02-06 05:00:00,0.7277,0.2723,2.6724201248622843
2025-02-06 06:00:00,0.7302,0.2698,2.7064492216456633
2025-02-06 07:00:00,0.7308,0.2692,2.7147102526002973
2025-02-06 08:00:00,0.7294,0.2706,2.6954915003695494
2025-02-06 09:00:00,0.7302,0.2698,2.7064492216456633
2025-02-06 10:00:00,0.7311,0.2689,2.7188545927854224
2025-02-06 11:00:00,0.7281,0.2719,2.677822728944465
2025-02-06 12:00:00,0.7223,0.2777,2.6010082823190497
2025-02-06 13:00:00,0.7149,0.2851,2.50754121360926
2025-02-06 14:00:00,0.7176,0.2824,2.5410764872521248
2025-02-06 15:00:00,0.7126,0.2874,2.479471120389701
2025-02-06 16:00:00,0.7037,0.2963,2.374957813027337
2025-02-06 17:00:00,0.6931,0.3069,2.258390355164549
2025-02-06 18:00:00,0.6941,0.3059,2.2690421706440014
2025-02-06 19:00:00,0.6887,0.3113,2.2123353678123996
2025-02-06 20:00:00,0.7014,0.2986,2.3489618218352315
2025-02-06 21:00:00,0.7098,0.2902,2.4458993797381114
2025-02-06 22:00:00,0.7241,0.2759,2.624501631025734
2025-02-06 23:00:00,0.7292,0.2708,2.692762186115214
2025-02-07 00:00:00,0.7316,0.2684,2.7257824143070044
2025-02-07 01:00:00,0.7394,0.2606,2.837298541826554
2025-02-07 02:00:00,0.7413,0.2587,2.865481252415926
2025-02-07 03:00:00,0.7432,0.2568,2.8940809968847354
2025-02-07 04:00:00,0.7455,0.2545,2.9292730844793713
2025-02-07 05:00:00,0.7453,0.2547,2.9261876717707107
2025-02-07 06:00:00,0.7499,0.2501,2.9984006397441023
2025-02-07 07:00:00,0.7522,0.2478,3.035512510088781
2025-02-07 08:00:00,0.7505,0.2495,3.008016032064128
2025-02-07 09:00:00,0.7502,0.2498,3.0032025620496396
2025-02-07 10:00:00,0.7456,0.2544,2.930817610062893
2025-02-07 11:00:00,0.7384,0.2616,2.82262996941896
2025-02-07 12:00:00,0.7382,0.2618,2.819709702062643
2025-02-07 13:00:00,0.7389,0.2611,2.8299502106472616
2025-02-07 14:00:00,0.742,0.258,2.875968992248062
2025-02-07 15:00:00,0.7415,0.2585,2.8684719535783367
2025-02-07 16:00:00,0.7382,0.2618,2.819709702062643
2025-02-07 17:00:00,0.7352,0.2648,2.7764350453172204
2025-02-07 18:00:00,0.7279,0.2721,2.675119441381845
2025-02-07 19:00:00,0.6926,0.3074,2.2530904359141184
2025-02-07 20:00:00,0.7059,0.2941,2.4002040122407347
2025-02-07 21:00:00,0.7062,0.2938,2.4036759700476518
2025-02-07 22:00:00,0.7087,0.2913,2.4328870580157913
2025-02-07 23:00:00,0.7121,0.2879,2.4734282737061477
2025-02-08 00:00:00,0.7122,0.2878,2.4746351633078527
2025-02-08 01:00:00,0.7235,0.2765,2.616636528028933
2025-02-08 02:00:00,0.7338,0.2662,2.756574004507889
2025-02-08 03:00:00,0.7392,0.2608,2.834355828220859
2025-02-08 04:00:00,0.7509,0.2491,3.0144520272982738
2025-02-08 05:00:00,0.7509,0.2491,3.0144520272982738
2025-02-08 06:00:00,0.7509,0.2491,3.0144520272982738
2025-02-08 07:00:00,0.7509,0.2491,3.0144520272982738
2025-02-08 08:00:00,0.7509,0.2491,3.0144520272982738
2025-02-08 09:00:00,0.7509,0.2491,3.0144520272982738
2025-02-08 10:00:00,0.7509,0.2491,3.0144520272982738
2025-02-08 11:00:00,0.7509,0.2491,3.0144520272982738
2025-02-08 12:00:00,0.7509,0.2491,3.0144520272982738
2025-02-08 13:00:00,0.7509,0.2491,3.0144520272982738
2025-02-08 14:00:00,0.7509,0.2491,3.0144520272982738
2025-02-08 15:00:00,0.7509,0.2491,3.0144520272982738
2025-02-08 16:00:00,0.7509,0.2491,3.0144520272982738
2025-02-08 17:00:00,0.7509,0.2491,3.0144520272982738
2025-02-08 18:00:00,0.7509,0.2491,3.0144520272982738
2025-02-08 19:00:00,0.7509,0.2491,3.0144520272982738
2025-02-08 20:00:00,0.7509,0.2491,3.0144520272982738
2025-02-08 21:00:00,0.7509,0.2491,3.0144520272982738
2025-02-08 22:00:00,0.7509,0.2491,3.0144520272982738
2025-02-08 23:00:00,0.7509,0.2491,3.0144520272982738
2025-02-09 00:00:00,0.7509,0.2491,3.0144520272982738
2025-02-09 01:00:00,0.7509,0.2491,3.0144520272982738
2025-02-09 02:00:00,0.7509,0.2491,3.0144520272982738
2025-02-09 03:00:00,0.7509,0.2491,3.0144520272982738
2025-02-09 04:00:00,0.7509,0.2491,3.0144520272982738
2025-02-09 05:00:00,0.7509,0.2491,3.0144520272982738
2025-02-09 06:00:00,0.7509,0.2491,3.0144520272982738
2025-02-09 07:00:00,0.7509,0.2491,3.0144520272982738
2025-02-09 08:00:00,0.7509,0.2491,3.0144520272982738
2025-02-09 09:00:00,0.7509,0.2491,3.0144520272982738
2025-02-09 10:00:00,0.7509,0.2491,3.0144520272982738
2025-02-09 11:00:00,0.7509,0.2491,3.0144520272982738
2025-02-09 12:00:00,0.7509,0.2491,3.0144520272982738
2025-02-09 13:00:00,0.7509,0.2491,3.0144520272982738
2025-02-09 14:00:00,0.7509,0.2491,3.0144520272982738
2025-02-09 15:00:00,0.7509,0.2491,3.0144520272982738
2025-02-09 16:00:00,0.7509,0.2491,3.0144520272982738
2025-02-09 17:00:00,0.7509,0.2491,3.0144520272982738
2025-02-09 18:00:00,0.7509,0.2491,3.0144520272982738
2025-02-09 19:00:00,0.7509,0.2491,3.0144520272982738
2025-02-09 20:00:00,0.7509,0.2491,3.0144520272982738
2025-02-09 21:00:00,0.7509,0.2491,3.0144520272982738
2025-02-09 22:00:00,0.7509,0.2491,3.0144520272982738
2025-02-09 23:00:00,0.7509,0.2491,3.0144520272982738
2025-02-10 00:00:00,0.7509,0.2491,3.0144520272982738
2025-02-10 01:00:00,0.7509,0.2491,3.0144520272982738
2025-02-10 02:00:00,0.7509,0.2491,3.0144520272982738
2025-02-10 03:00:00,0.7509,0.2491,3.0144520272982738
2025-02-10 04:00:00,0.7509,0.2491,3.0144520272982738
2025-02-10 05:00:00,0.7509,0.2491,3.0144520272982738
2025-02-10 06:00:00,0.7509,0.2491,3.0144520272982738
2025-02-10 07:00:00,0.7509,0.2491,3.0144520272982738
2025-02-10 08:00:00,0.7509,0.2491,3.0144520272982738
2025-02-10 09:00:00,0.7509,0.2491,3.0144520272982738
2025-02-10 10:00:00,0.7509,0.2491,3.0144520272982738
2025-02-10 11:00:00,0.7509,0.2491,3.0144520272982738
2025-02-10 12:00:00,0.7509,0.2491,3.0144520272982738
2025-02-10 13:00:00,0.7509,0.2491,3.0144520272982738
2025-02-10 14:00:00,0.7509,0.2491,3.0144520272982738
2025-02-10 15:00:00,0.7509,0.2491,3.0144520272982738
2025-02-10 16:00:00,0.7509,0.2491,3.0144520272982738
2025-02-10 17:00:00,0.7509,0.2491,3.0144520272982738
2025-02-10 18:00:00,0.7509,0.2491,3.0144520272982738
2025-02-10 19:00:00,0.7509,0.2491,3.0144520272982738
2025-02-10 20:00:00,0.7509,0.2491,3.0144520272982738
2025-02-10 21:00:00,0.7509,0.2491,3.0144520272982738
2025-02-10 22:00:00,0.7509,0.2491,3.0144520272982738
2025-02-10 23:00:00,0.7509,0.2491,3.0144520272982738
2025-02-11 00:00:00,0.7509,0.2491,3.0144520272982738
2025-02-11 01:00:00,0.7509,0.2491,3.0144520272982738
2025-02-11 02:00:00,0.7509,0.2491,3.0144520272982738
2025-02-11 03:00:00,0.7509,0.2491,3.0144520272982738
2025-02-11 04:00:00,0.7509,0.2491,3.0144520272982738
2025-02-11 05:00:00,0.7509,0.2491,3.0144520272982738
2025-02-11 06:00:00,0.7509,0.2491,3.0144520272982738
2025-02-11 07:00:00,0.7509,0.2491,3.0144520272982738
2025-02-11 08:00:00,0.7509,0.2491,3.0144520272982738
2025-02-11 09:00:00,0.7509,0.2491,3.0144520272982738
2025-02-11 10:00:00,0.7509,0.2491,3.0144520272982738
2025-02-11 11:00:00,0.7509,0.2491,3.0144520272982738
2025-02-11 12:00:00,0.7509,0.2491,3.0144520272982738
2025-02-11 13:00:00,0.7509,0.2491,3.0144520272982738
2025-02-11 14:00:00,0.7509,0.2491,3.0144520272982738
2025-02-11 15:00:00,0.7509,0.2491,3.0144520272982738
2025-02-11 16:00:00,0.7509,0.2491,3.0144520272982738
2025-02-11 17:00:00,0.7509,0.2491,3.0144520272982738
2025-02-11 18:00:00,0.7509,0.2491,3.0144520272982738
2025-02-11 19:00:00,0.7509,0.2491,3.0144520272982738
2025-02-11 20:00:00,0.7509,0.2491,3.0144520272982738
2025-02-11 21:00:00,0.7509,0.2491,3.0144520272982738
2025-02-11 22:00:00,0.7509,0.2491,3.0144520272982738
2025-02-11 23:00:00,0.7509,0.2491,3.0144520272982738
2025-02-12 00:00:00,0.7509,0.2491,3.0144520272982738
2025-02-12 01:00:00,0.7509,0.2491,3.0144520272982738
2025-02-12 02:00:00,0.7509,0.2491,3.0144520272982738
2025-02-12 03:00:00,0.7509,0.2491,3.0144520272982738
2025-02-12 04:00:00,0.7509,0.2491,3.0144520272982738
2025-02-12 05:00:00,0.7509,0.2491,3.0144520272982738
2025-02-12 06:00:00,0.7509,0.2491,3.0144520272982738
2025-02-12 07:00:00,0.7509,0.2491,3.0144520272982738
2025-02-12 08:00:00,0.7509,0.2491,3.0144520272982738
2025-02-12 09:00:00,0.7509,0.2491,3.0144520272982738
2025-02-12 10:00:00,0.7509,0.2491,3.0144520272982738
2025-02-12 11:00:00,0.7509,0.2491,3.0144520272982738
2025-02-12 12:00:00,0.7509,0.2491,3.0144520272982738
2025-02-12 13:00:00,0.7509,0.2491,3.0144520272982738
2025-02-12 14:00:00,0.7509,0.2491,3.0144520272982738
2025-02-12 15:00:00,0.7509,0.2491,3.0144520272982738
2025-02-12 16:00:00,0.7509,0.2491,3.0144520272982738
2025-02-12 17:00:00,0.7509,0.2491,3.0144520272982738
2025-02-12 18:00:00,0.7509,0.2491,3.0144520272982738
2025-02-12 19:00:00,0.7509,0.2491,3.0144520272982738
2025-02-12 20:00:00,0.7509,0.2491,3.0144520272982738
2025-02-12 21:00:00,0.7509,0.2491,3.0144520272982738
2025-02-12 22:00:00,0.7509,0.2491,3.0144520272982738
2025-02-12 23:00:00,0.7509,0.2491,3.0144520272982738
2025-02-13 00:00:00,0.7509,0.2491,3.0144520272982738
2025-02-13 01:00:00,0.7509,0.2491,3.0144520272982738
2025-02-13 02:00:00,0.7509,0.2491,3.0144520272982738
2025-02-13 03:00:00,0.7509,0.2491,3.0144520272982738
2025-02-13 04:00:00,0.7509,0.2491,3.0144520272982738
2025-02-13 05:00:00,0.7509,0.2491,3.0144520272982738
2025-02-13 06:00:00,0.7509,0.2491,3.0144520272982738
2025-02-13 07:00:00,0.7509,0.2491,3.0144520272982738
2025-02-13 08:00:00,0.7509,0.2491,3.0144520272982738
2025-02-13 09:00:00,0.7509,0.2491,3.0144520272982738
2025-02-13 10:00:00,0.7509,0.2491,3.0144520272982738
2025-02-13 11:00:00,0.7509,0.2491,3.0144520272982738
2025-02-13 12:00:00,0.7509,0.2491,3.0144520272982738
2025-02-13 13:00:00,0.7509,0.2491,3.0144520272982738
2025-02-13 14:00:00,0.7509,0.2491,3.0144520272982738
2025-02-13 15:00:00,0.7509,0.2491,3.0144520272982738
2025-02-13 16:00:00,0.7509,0.2491,3.0144520272982738
2025-02-13 17:00:00,0.7509,0.2491,3.0144520272982738
2025-02-13 18:00:00,0.7509,0.2491,3.0144520272982738
2025-02-13 19:00:00,0.7509,0.2491,3.0144520272982738
2025-02-13 20:00:00,0.7509,0.2491,3.0144520272982738
2025-02-13 21:00:00,0.7509,0.2491,3.0144520272982738
2025-02-13 22:00:00,0.7509,0.2491,3.0144520272982738
2025-02-13 23:00:00,0.7509,0.2491,3.0144520272982738
2025-02-14 00:00:00,0.7509,0.2491,3.0144520272982738
2025-02-14 01:00:00,0.7509,0.2491,3.0144520272982738
2025-02-14 02:00:00,0.7509,0.2491,3.0144520272982738
2025-02-14 03:00:00,0.7509,0.2491,3.0144520272982738
2025-02-14 04:00:00,0.7509,0.2491,3.0144520272982738
2025-02-14 05:00:00,0.7509,0.2491,3.0144520272982738
2025-02-14 06:00:00,0.7509,0.2491,3.0144520272982738
2025-02-14 07:00:00,0.7509,0.2491,3.0144520272982738
2025-02-14 08:00:00,0.7509,0.2491,3.0144520272982738
2025-02-14 09:00:00,0.7509,0.2491,3.0144520272982738
2025-02-14 10:00:00,0.7509,0.2491,3.0144520272982738
2025-02-14 11:00:00,0.7509,0.2491,3.0144520272982738
2025-02-14 12:00:00,0.7509,0.2491,3.0144520272982738
2025-02-14 13:00:00,0.7509,0.2491,3.0144520272982738
2025-02-14 14:00:00,0.7509,0.2491,3.0144520272982738
2025-02-14 15:00:00,0.7509,0.2491,3.0144520272982738
2025-02-14 16:00:00,0.7509,0.2491,3.0144520272982738
2025-02-14 17:00:00,0.7509,0.2491,3.0144520272982738
2025-02-14 18:00:00,0.7509,0.2491,3.0144520272982738
2025-02-14 19:00:00,0.7509,0.2491,3.0144520272982738
2025-02-14 20:00:00,0.7509,0.2491,3.0144520272982738
2025-02-14 21:00:00,0.7509,0.2491,3.0144520272982738
2025-02-14 22:00:00,0.7509,0.2491,3.0144520272982738
2025-02-14 23:00:00,0.7509,0.2491,3.0144520272982738
2025-02-15 00:00:00,0.7509,0.2491,3.0144520272982738
2025-02-15 01:00:00,0.7509,0.2491,3.0144520272982738
2025-02-15 02:00:00,0.7509,0.2491,3.0144520272982738
2025-02-15 03:00:00,0.7509,0.2491,3.0144520272982738
2025-02-15 04:00:00,0.7509,0.2491,3.0144520272982738
2025-02-15 05:00:00,0.7509,0.2491,3.0144520272982738
2025-02-15 06:00:00,0.7509,0.2491,3.0144520272982738
2025-02-15 07:00:00,0.7509,0.2491,3.0144520272982738
2025-02-15 08:00:00,0.7509,0.2491,3.0144520272982738
2025-02-15 09:00:00,0.7509,0.2491,3.0144520272982738
2025-02-15 10:00:00,0.7509,0.2491,3.0144520272982738
2025-02-15 11:00:00,0.7509,0.2491,3.0144520272982738
2025-02-15 12:00:00,0.7509,0.2491,3.0144520272982738
2025-02-15 13:00:00,0.7509,0.2491,3.0144520272982738
2025-02-15 14:00:00,0.7509,0.2491,3.0144520272982738
2025-02-15 15:00:00,0.7509,0.2491,3.0144520272982738
2025-02-15 16:00:00,0.7509,0.2491,3.0144520272982738
2025-02-15 17:00:00,0.7509,0.2491,3.0144520272982738
2025-02-15 18:00:00,0.7509,0.2491,3.0144520272982738
2025-02-15 19:00:00,0.7509,0.2491,3.0144520272982738
2025-02-15 20:00:00,0.7509,0.2491,3.0144520272982738
2025-02-15 21:00:00,0.7509,0.2491,3.0144520272982738
2025-02-15 22:00:00,0.7509,0.2491,3.0144520272982738
2025-02-15 23:00:00,0.7509,0.2491,3.0144520272982738
2025-02-16 00:00:00,0.7509,0.2491,3.0144520272982738
2025-02-16 01:00:00,0.7509,0.2491,3.0144520272982738
2025-02-16 02:00:00,0.7509,0.2491,3.0144520272982738
2025-02-16 03:00:00,0.7509,0.2491,3.0144520272982738
2025-02-16 04:00:00,0.7509,0.2491,3.0144520272982738
2025-02-16 05:00:00,0.7509,0.2491,3.0144520272982738
2025-02-16 06:00:00,0.7509,0.2491,3.0144520272982738
2025-02-16 07:00:00,0.7509,0.2491,3.0144520272982738
2025-02-16 08:00:00,0.7509,0.2491,3.0144520272982738
2025-02-16 09:00:00,0.7509,0.2491,3.0144520272982738
2025-02-16 10:00:00,0.7509,0.2491,3.0144520272982738
2025-02-16 11:00:00,0.7509,0.2491,3.0144520272982738
2025-02-16 12:00:00,0.7509,0.2491,3.0144520272982738
2025-02-16 13:00:00,0.7509,0.2491,3.0144520272982738
2025-02-16 14:00:00,0.7509,0.2491,3.0144520272982738
2025-02-16 15:00:00,0.7509,0.2491,3.0144520272982738
2025-02-16 16:00:00,0.7509,0.2491,3.0144520272982738
2025-02-16 17:00:00,0.7509,0.2491,3.0144520272982738
2025-02-16 18:00:00,0.7509,0.2491,3.0144520272982738
2025-02-16 19:00:00,0.7509,0.2491,3.0144520272982738
2025-02-16 20:00:00,0.7509,0.2491,3.0144520272982738
2025-02-16 21:00:00,0.7509,0.2491,3.0144520272982738
2025-02-16 22:00:00,0.7509,0.2491,3.0144520272982738
2025-02-16 23:00:00,0.7509,0.2491,3.0144520272982738
2025-02-17 00:00:00,0.7509,0.2491,3.0144520272982738
2025-02-17 01:00:00,0.7509,0.2491,3.0144520272982738
2025-02-17 02:00:00,0.7509,0.2491,3.0144520272982738
2025-02-17 03:00:00,0.7509,0.2491,3.0144520272982738
2025-02-17 04:00:00,0.7509,0.2491,3.0144520272982738
2025-02-17 05:00:00,0.7509,0.2491,3.0144520272982738
2025-02-17 06:00:00,0.7509,0.2491,3.0144520272982738
2025-02-17 07:00:00,0.7509,0.2491,3.0144520272982738
2025-02-17 08:00:00,0.7509,0.2491,3.0144520272982738
2025-02-17 09:00:00,0.7509,0.2491,3.0144520272982738
2025-02-17 10:00:00,0.7509,0.2491,3.0144520272982738
2025-02-17 11:00:00,0.7509,0.2491,3.0144520272982738
2025-02-17 12:00:00,0.7509,0.2491,3.0144520272982738
2025-02-17 13:00:00,0.7509,0.2491,3.0144520272982738
2025-02-17 14:00:00,0.7509,0.2491,3.0144520272982738
2025-02-17 15:00:00,0.7509,0.2491,3.0144520272982738
2025-02-17 16:00:00,0.7509,0.2491,3.0144520272982738
2025-02-17 17:00:00,0.7509,0.2491,3.0144520272982738
2025-02-17 18:00:00,0.7509,0.2491,3.0144520272982738
2025-02-17 19:00:00,0.7509,0.2491,3.0144520272982738
2025-02-17 20:00:00,0.7509,0.2491,3.0144520272982738
2025-02-17 21:00:00,0.7509,0.2491,3.0144520272982738
2025-02-17 22:00:00,0.7509,0.2491,3.0144520272982738
2025-02-17 23:00:00,0.7509,0.2491,3.0144520272982738
2025-02-18 00:00:00,0.7509,0.2491,3.0144520272982738
2025-02-18 01:00:00,0.7509,0.2491,3.0144520272982738
2025-02-18 02:00:00,0.7509,0.2491,3.0144520272982738
2025-02-18 03:00:00,0.7509,0.2491,3.0144520272982738
2025-02-18 04:00:00,0.7509,0.2491,3.0144520272982738
2025-02-18 05:00:00,0.7509,0.2491,3.0144520272982738
2025-02-18 06:00:00,0.7509,0.2491,3.0144520272982738
2025-02-18 07:00:00,0.7509,0.2491,3.0144520272982738
2025-02-18 08:00:00,0.7509,0.2491,3.0144520272982738
2025-02-18 09:00:00,0.7509,0.2491,3.0144520272982738
2025-02-18 10:00:00,0.7509,0.2491,3.0144520272982738
2025-02-18 11:00:00,0.7509,0.2491,3.0144520272982738
2025-02-18 12:00:00,0.7509,0.2491,3.0144520272982738
2025-02-18 13:00:00,0.7509,0.2491,3.0144520272982738
2025-02-18 14:00:00,0.7509,0.2491,3.0144520272982738
2025-02-18 15:00:00,0.7509,0.2491,3.0144520272982738
2025-02-18 16:00:00,0.7509,0.2491,3.0144520272982738
2025-02-18 17:00:00,0.7509,0.2491,3.0144520272982738
2025-02-18 18:00:00,0.7509,0.2491,3.0144520272982738
2025-02-18 19:00:00,0.7509,0.2491,3.0144520272982738
2025-02-18 20:00:00,0.7509,0.2491,3.0144520272982738
2025-02-18 21:00:00,0.7509,0.2491,3.0144520272982738
2025-02-18 22:00:00,0.7509,0.2491,3.0144520272982738
2025-02-18 23:00:00,0.7509,0.2491,3.0144520272982738
2025-02-19 00:00:00,0.7509,0.2491,3.0144520272982738
2025-02-19 01:00:00,0.7509,0.2491,3.0144520272982738
2025-02-19 02:00:00,0.7509,0.2491,3.0144520272982738
2025-02-19 03:00:00,0.7509,0.2491,3.0144520272982738
2025-02-19 04:00:00,0.7509,0.2491,3.0144520272982738
2025-02-19 05:00:00,0.7509,0.2491,3.0144520272982738
2025-02-19 06:00:00,0.7509,0.2491,3.0144520272982738
2025-02-19 07:00:00,0.7509,0.2491,3.0144520272982738
2025-02-19 08:00:00,0.7509,0.2491,3.0144520272982738
2025-02-19 09:00:00,0.7509,0.2491,3.0144520272982738
2025-02-19 10:00:00,0.7509,0.2491,3.0144520272982738
2025-02-19 11:00:00,0.7509,0.2491,3.0144520272982738
2025-02-19 12:00:00,0.7509,0.2491,3.0144520272982738
2025-02-19 13:00:00,0.7509,0.2491,3.0144520272982738
2025-02-19 14:00:00,0.7509,0.2491,3.0144520272982738
2025-02-19 15:00:00,0.7509,0.2491,3.0144520272982738
2025-02-19 16:00:00,0.7509,0.2491,3.0144520272982738
2025-02-19 17:00:00,0.7509,0.2491,3.0144520272982738
2025-02-19 18:00:00,0.7509,0.2491,3.0144520272982738
2025-02-19 19:00:00,0.7509,0.2491,3.0144520272982738
2025-02-19 20:00:00,0.7509,0.2491,3.0144520272982738
2025-02-19 21:00:00,0.7509,0.2491,3.0144520272982738
2025-02-19 22:00:00,0.7509,0.2491,3.0144520272982738
2025-02-19 23:00:00,0.7509,0.2491,3.0144520272982738
2025-02-20 00:00:00,0.7509,0.2491,3.0144520272982738
2025-02-20 01:00:00,0.7509,0.2491,3.0144520272982738
2025-02-20 02:00:00,0.7509,0.2491,3.0144520272982738
2025-02-20 03:00:00,0.7509,0.2491,3.0144520272982738
2025-02-20 04:00:00,0.7509,0.2491,3.0144520272982738
2025-02-20 05:00:00,0.7509,0.2491,3.0144520272982738
2025-02-20 06:00:00,0.7509,0.2491,3.0144520272982738
2025-02-20 07:00:00,0.7509,0.2491,3.0144520272982738
2025-02-20 08:00:00,0.7509,0.2491,3.0144520272982738
2025-02-20 09:00:00,0.7509,0.2491,3.0144520272982738
2025-02-20 10:00:00,0.7509,0.2491,3.0144520272982738
2025-02-20 11:00:00,0.7509,0.2491,3.0144520272982738
2025-02-20 12:00:00,0.7509,0.2491,3.0144520272982738
2025-02-20 13:00:00,0.7509,0.2491,3.0144520272982738
2025-02-20 14:00:00,0.7509,0.2491,3.0144520272982738
2025-02-20 15:00:00,0.7509,0.2491,3.0144520272982738
2025-02-20 16:00:00,0.7509,0.2491,3.0144520272982738
2025-02-20 17:00:00,0.7509,0.2491,3.0144520272982738
2025-02-20 18:00:00,0.7509,0.2491,3.0144520272982738
2025-02-20 19:00:00,0.7509,0.2491,3.0144520272982738
2025-02-20 20:00:00,0.7509,0.2491,3.0144520272982738
2025-02-20 21:00:00,0.7509,0.2491,3.0144520272982738
2025-02-20 22:00:00,0.7509,0.2491,3.0144520272982738
2025-02-20 23:00:00,0.7509,0.2491,3.0144520272982738
2025-02-21 00:00:00,0.7509,0.2491,3.0144520272982738
2025-02-21 01:00:00,0.7509,0.2491,3.0144520272982738
2025-02-21 02:00:00,0.7509,0.2491,3.0144520272982738
2025-02-21 03:00:00,0.7509,0.2491,3.0144520272982738
2025-02-21 04:00:00,0.7509,0.2491,3.0144520272982738
2025-02-21 05:00:00,0.7509,0.2491,3.0144520272982738
2025-02-21 06:00:00,0.7509,0.2491,3.0144520272982738
2025-02-21 07:00:00,0.7509,0.2491,3.0144520272982738
2025-02-21 08:00:00,0.7509,0.2491,3.0144520272982738
2025-02-21 09:00:00,0.7509,0.2491,3.0144520272982738
2025-02-21 10:00:00,0.7509,0.2491,3.0144520272982738
2025-02-21 11:00:00,0.7509,0.2491,3.0144520272982738
2025-02-21 12:00:00,0.7509,0.2491,3.0144520272982738
2025-02-21 13:00:00,0.7509,0.2491,3.0144520272982738
2025-02-21 14:00:00,0.7509,0.2491,3.0144520272982738
2025-02-21 15:00:00,0.7509,0.2491,3.0144520272982738
2025-02-21 16:00:00,0.7509,0.2491,3.0144520272982738
2025-02-21 17:00:00,0.7509,0.2491,3.0144520272982738
2025-02-21 18:00:00,0.7509,0.2491,3.0144520272982738
2025-02-21 19:00:00,0.7509,0.2491,3.0144520272982738
2025-02-21 20:00:00,0.7509,0.2491,3.0144520272982738
2025-02-21 21:00:00,0.7509,0.2491,3.0144520272982738
2025-02-21 22:00:00,0.7509,0.2491,3.0144520272982738
2025-02-21 23:00:00,0.7509,0.2491,3.0144520272982738
2025-02-22 00:00:00,0.7509,0.2491,3.0144520272982738
2025-02-22 01:00:00,0.7509,0.2491,3.0144520272982738
2025-02-22 02:00:00,0.7509,0.2491,3.0144520272982738
2025-02-22 03:00:00,0.7509,0.2491,3.0144520272982738
2025-02-22 04:00:00,0.7509,0.2491,3.0144520272982738
2025-02-22 05:00:00,0.7509,0.2491,3.0144520272982738
2025-02-22 06:00:00,0.7509,0.2491,3.0144520272982738
2025-02-22 07:00:00,0.7509,0.2491,3.0144520272982738
2025-02-22 08:00:00,0.7509,0.2491,3.0144520272982738
2025-02-22 09:00:00,0.7509,0.2491,3.0144520272982738
2025-02-22 10:00:00,0.7509,0.2491,3.0144520272982738
2025-02-22 11:00:00,0.7509,0.2491,3.0144520272982738
2025-02-22 12:00:00,0.7509,0.2491,3.0144520272982738
2025-02-22 13:00:00,0.7509,0.2491,3.0144520272982738
2025-02-22 14:00:00,0.7509,0.2491,3.0144520272982738
2025-02-22 15:00:00,0.7509,0.2491,3.0144520272982738
2025-02-22 16:00:00,0.7509,0.2491,3.0144520272982738
2025-02-22 17:00:00,0.7509,0.2491,3.0144520272982738
2025-02-22 18:00:00,0.7509,0.2491,3.0144520272982738
2025-02-22 19:00:00,0.7509,0.2491,3.0144520272982738
2025-02-22 20:00:00,0.7509,0.2491,3.0144520272982738
2025-02-22 21:00:00,0.7509,0.2491,3.0144520272982738
2025-02-22 22:00:00,0.7509,0.2491,3.0144520272982738
2025-02-22 23:00:00,0.7509,0.2491,3.0144520272982738
2025-02-23 00:00:00,0.7509,0.2491,3.0144520272982738
2025-02-23 01:00:00,0.7509,0.2491,3.0144520272982738
2025-02-23 02:00:00,0.7509,0.2491,3.0144520272982738
2025-02-23 03:00:00,0.7509,0.2491,3.0144520272982738
2025-02-23 04:00:00,0.7509,0.2491,3.0144520272982738
2025-02-23 05:00:00,0.7509,0.2491,3.0144520272982738
2025-02-23 06:00:00,0.7509,0.2491,3.0144520272982738
2025-02-23 07:00:00,0.7509,0.2491,3.0144520272982738
2025-02-23 08:00:00,0.7509,0.2491,3.0144520272982738
2025-02-23 09:00:00,0.7509,0.2491,3.0144520272982738
2025-02-23 10:00:00,0.7509,0.2491,3.0144520272982738
2025-02-23 11:00:00,0.7509,0.2491,3.0144520272982738
2025-02-23 12:00:00,0.7509,0.2491,3.0144520272982738
2025-02-23 13:00:00,0.7509,0.2491,3.0144520272982738
2025-02-23 14:00:00,0.7509,0.2491,3.0144520272982738
2025-02-23 15:00:00,0.7509,0.2491,3.0144520272982738
2025-02-23 16:00:00,0.7509,0.2491,3.0144520272982738
2025-02-23 17:00:00,0.7509,0.2491,3.0144520272982738
2025-02-23 18:00:00,0.7509,0.2491,3.0144520272982738
2025-02-23 19:00:00,0.7509,0.2491,3.0144520272982738
2025-02-23 20:00:00,0.7509,0.2491,3.0144520272982738
2025-02-23 21:00:00,0.7509,0.2491,3.0144520272982738
2025-02-23 22:00:00,0.7509,0.2491,3.0144520272982738
2025-02-23 23:00:00,0.7509,0.2491,3.0144520272982738
2025-02-24 00:00:00,0.7509,0.2491,3.0144520272982738
2025-02-24 01:00:00,0.7509,0.2491,3.0144520272982738
2025-02-24 02:00:00,0.7509,0.2491,3.0144520272982738
2025-02-24 03:00:00,0.7509,0.2491,3.0144520272982738
2025-02-24 04:00:00,0.7509,0.2491,3.0144520272982738
2025-02-24 05:00:00,0.7509,0.2491,3.0144520272982738
2025-02-24 06:00:00,0.7509,0.2491,3.0144520272982738
2025-02-24 07:00:00,0.7509,0.2491,3.0144520272982738
2025-02-24 08:00:00,0.7509,0.2491,3.0144520272982738
2025-02-24 09:00:00,0.7509,0.2491,3.0144520272982738
2025-02-24 10:00:00,0.7509,0.2491,3.0144520272982738
2025-02-24 11:00:00,0.7509,0.2491,3.0144520272982738
2025-02-24 12:00:00,0.7509,0.2491,3.0144520272982738
2025-02-24 13:00:00,0.7509,0.2491,3.0144520272982738
2025-02-24 14:00:00,0.7509,0.2491,3.0144520272982738
2025-02-24 15:00:00,0.7509,0.2491,3.0144520272982738
2025-02-24 16:00:00,0.7509,0.2491,3.0144520272982738
2025-02-24 17:00:00,0.7509,0.2491,3.0144520272982738
2025-02-24 18:00:00,0.7509,0.2491,3.0144520272982738
2025-02-24 19:00:00,0.7509,0.2491,3.0144520272982738
2025-02-24 20:00:00,0.7509,0.2491,3.0144520272982738
2025-02-24 21:00:00,0.7509,0.2491,3.0144520272982738
2025-02-24 22:00:00,0.7509,0.2491,3.0144520272982738
2025-02-24 23:00:00,0.7509,0.2491,3.0144520272982738
2025-02-25 00:00:00,0.7509,0.2491,3.0144520272982738
2025-02-25 01:00:00,0.7509,0.2491,3.0144520272982738
2025-02-25 02:00:00,0.7509,0.2491,3.0144520272982738
2025-02-25 03:00:00,0.7509,0.2491,3.0144520272982738
2025-02-25 04:00:00,0.7509,0.2491,3.0144520272982738
2025-02-25 05:00:00,0.7509,0.2491,3.0144520272982738
2025-02-25 06:00:00,0.7509,0.2491,3.0144520272982738
2025-02-25 07:00:00,0.7509,0.2491,3.0144520272982738
2025-02-25 08:00:00,0.7509,0.2491,3.0144520272982738
2025-02-25 09:00:00,0.7509,0.2491,3.0144520272982738
2025-02-25 10:00:00,0.7509,0.2491,3.0144520272982738
2025-02-25 11:00:00,0.7509,0.2491,3.0144520272982738
2025-02-25 12:00:00,0.7509,0.2491,3.0144520272982738
2025-02-25 13:00:00,0.7509,0.2491,3.0144520272982738
2025-02-25 14:00:00,0.7509,0.2491,3.0144520272982738
2025-02-25 15:00:00,0.7509,0.2491,3.0144520272982738
2025-02-25 16:00:00,0.7509,0.2491,3.0144520272982738
2025-02-25 17:00:00,0.7509,0.2491,3.0144520272982738
2025-02-25 18:00:00,0.7509,0.2491,3.0144520272982738
2025-02-25 19:00:00,0.7509,0.2491,3.0144520272982738
2025-02-25 20:00:00,0.7509,0.2491,3.0144520272982738
2025-02-25 21:00:00,0.7509,0.2491,3.0144520272982738
2025-02-25 22:00:00,0.7509,0.2491,3.0144520272982738
2025-02-25 23:00:00,0.7509,0.2491,3.0144520272982738
2025-02-26 00:00:00,0.7509,0.2491,3.0144520272982738
2025-02-26 01:00:00,0.7509,0.2491,3.0144520272982738
2025-02-26 02:00:00,0.7509,0.2491,3.0144520272982738
2025-02-26 03:00:00,0.7509,0.2491,3.0144520272982738
2025-02-26 04:00:00,0.7509,0.2491,3.0144520272982738
2025-02-26 05:00:00,0.7509,0.2491,3.0144520272982738
2025-02-26 06:00:00,0.7509,0.2491,3.0144520272982738
2025-02-26 07:00:00,0.7509,0.2491,3.0144520272982738
2025-02-26 08:00:00,0.7509,0.2491,3.0144520272982738
2025-02-26 09:00:00,0.7509,0.2491,3.0144520272982738
2025-02-26 10:00:00,0.7509,0.2491,3.0144520272982738
2025-02-26 11:00:00,0.7509,0.2491,3.0144520272982738
2025-02-26 12:00:00,0.7509,0.2491,3.0144520272982738
2025-02-26 13:00:00,0.7509,0.2491,3.0144520272982738
2025-02-26 14:00:00,0.7509,0.2491,3.0144520272982738
2025-02-26 15:00:00,0.7509,0.2491,3.0144520272982738
2025-02-26 16:00:00,0.7509,0.2491,3.0144520272982738
2025-02-26 17:00:00,0.7509,0.2491,3.0144520272982738
2025-02-26 18:00:00,0.7509,0.2491,3.0144520272982738
2025-02-26 19:00:00,0.7509,0.2491,3.0144520272982738
2025-02-26 20:00:00,0.7509,0.2491,3.0144520272982738
2025-02-26 21:00:00,0.7509,0.2491,3.0144520272982738
2025-02-26 22:00:00,0.7509,0.2491,3.0144520272982738
2025-02-26 23:00:00,0.7509,0.2491,3.0144520272982738
2025-02-27 00:00:00,0.7509,0.2491,3.0144520272982738
2025-02-27 01:00:00,0.7509,0.2491,3.0144520272982738
2025-02-27 02:00:00,0.7509,0.2491,3.0144520272982738
2025-02-27 03:00:00,0.7509,0.2491,3.0144520272982738
2025-02-27 04:00:00,0.7509,0.2491,3.0144520272982738
2025-02-27 05:00:00,0.7509,0.2491,3.0144520272982738
2025-02-27 06:00:00,0.7509,0.2491,3.0144520272982738
2025-02-27 07:00:00,0.7509,0.2491,3.0144520272982738
2025-02-27 08:00:00,0.7509,0.2491,3.0144520272982738
2025-02-27 09:00:00,0.7509,0.2491,3.0144520272982738
2025-02-27 10:00:00,0.7509,0.2491,3.0144520272982738
2025-02-27 11:00:00,0.7509,0.2491,3.0144520272982738
2025-02-27 12:00:00,0.7509,0.2491,3.0144520272982738
2025-02-27 13:00:00,0.7509,0.2491,3.0144520272982738
2025-02-27 14:00:00,0.7509,0.2491,3.0144520272982738
2025-02-27 15:00:00,0.7509,0.2491,3.0144520272982738
2025-02-27 16:00:00,0.7509,0.2491,3.0144520272982738
2025-02-27 17:00:00,0.7509,0.2491,3.0144520272982738
2025-02-27 18:00:00,0.7509,0.2491,3.0144520272982738
2025-02-27 19:00:00,0.7509,0.2491,3.0144520272982738
2025-02-27 20:00:00,0.7509,0.2491,3.0144520272982738
2025-02-27 21:00:00,0.7509,0.2491,3.0144520272982738
2025-02-27 22:00:00,0.7509,0.2491,3.0144520272982738
2025-02-27 23:00:00,0.7509,0.2491,3.0144520272982738
2025-02-28 00:00:00,0.7509,0.2491,3.0144520272982738
2025-02-28 01:00:00,0.7509,0.2491,3.0144520272982738
2025-02-28 02:00:00,0.7509,0.2491,3.0144520272982738
2025-02-28 03:00:00,0.7509,0.2491,3.0144520272982738
2025-02-28 04:00:00,0.7509,0.2491,3.0144520272982738
2025-02-28 05:00:00,0.7509,0.2491,3.0144520272982738
2025-02-28 06:00:00,0.7509,0.2491,3.0144520272982738
2025-02-28 07:00:00,0.7509,0.2491,3.0144520272982738
2025-02-28 08:00:00,0.7509,0.2491,3.0144520272982738
2025-02-28 09:00:00,0.7509,0.2491,3.0144520272982738
2025-02-28 10:00:00,0.7509,0.2491,3.0144520272982738
2025-02-28 11:00:00,0.7509,0.2491,3.0144520272982738
2025-02-28 12:00:00,0.7509,0.2491,3.0144520272982738
2025-02-28 13:00:00,0.7509,0.2491,3.0144520272982738
2025-02-28 14:00:00,0.7509,0.2491,3.0144520272982738
2025-02-28 15:00:00,0.7509,0.2491,3.0144520272982738
2025-02-28 16:00:00,0.7509,0.2491,3.0144520272982738
2025-02-28 17:00:00,0.7509,0.2491,3.0144520272982738
2025-02-28 18:00:00,0.7509,0.2491,3.0144520272982738
2025-02-28 19:00:00,0.7509,0.2491,3.0144520272982738
2025-02-28 20:00:00,0.7509,0.2491,3.0144520272982738
2025-02-28 21:00:00,0.7509,0.2491,3.0144520272982738
2025-02-28 22:00:00,0.7509,0.2491,3.0144520272982738
2025-02-28 23:00:00,0.7509,0.2491,3.0144520272982738
2025-03-01 00:00:00,0.7509,0.2491,3.0144520272982738
2025-03-01 01:00:00,0.7509,0.2491,3.0144520272982738
2025-03-01 02:00:00,0.7509,0.2491,3.0144520272982738
2025-03-01 03:00:00,0.7509,0.2491,3.0144520272982738
2025-03-01 04:00:00,0.7509,0.2491,3.0144520272982738
2025-03-01 05:00:00,0.7509,0.2491,3.0144520272982738
2025-03-01 06:00:00,0.7509,0.2491,3.0144520272982738
2025-03-01 07:00:00,0.7509,0.2491,3.0144520272982738
2025-03-01 08:00:00,0.7509,0.2491,3.0144520272982738
2025-03-01 09:00:00,0.7509,0.2491,3.0144520272982738
2025-03-01 10:00:00,0.7509,0.2491,3.0144520272982738
2025-03-01 11:00:00,0.7509,0.2491,3.0144520272982738
2025-03-01 12:00:00,0.7509,0.2491,3.0144520272982738
2025-03-01 13:00:00,0.7509,0.2491,3.0144520272982738
2025-03-01 14:00:00,0.7509,0.2491,3.0144520272982738
2025-03-01 15:00:00,0.7509,0.2491,3.0144520272982738
2025-03-01 16:00:00,0.7509,0.2491,3.0144520272982738
2025-03-01 17:00:00,0.7509,0.2491,3.0144520272982738
2025-03-01 18:00:00,0.7509,0.2491,3.0144520272982738
2025-03-01 19:00:00,0.7509,0.2491,3.0144520272982738
2025-03-01 20:00:00,0.7509,0.2491,3.0144520272982738
2025-03-01 21:00:00,0.7509,0.2491,3.0144520272982738
2025-03-01 22:00:00,0.7509,0.2491,3.0144520272982738
2025-03-01 23:00:00,0.7509,0.2491,3.0144520272982738
2025-03-02 00:00:00,0.7509,0.2491,3.0144520272982738
2025-03-02 01:00:00,0.7509,0.2491,3.0144520272982738
2025-03-02 02:00:00,0.7509,0.2491,3.0144520272982738
2025-03-02 03:00:00,0.7509,0.2491,3.0144520272982738
2025-03-02 04:00:00,0.7509,0.2491,3.0144520272982738
2025-03-02 05:00:00,0.7509,0.2491,3.0144520272982738
2025-03-02 06:00:00,0.7509,0.2491,3.0144520272982738
2025-03-02 07:00:00,0.7509,0.2491,3.0144520272982738
2025-03-02 08:00:00,0.7509,0.2491,3.0144520272982738
2025-03-02 09:00:00,0.7509,0.2491,3.0144520272982738
2025-03-02 10:00:00,0.7509,0.2491,3.0144520272982738
2025-03-02 11:00:00,0.7509,0.2491,3.0144520272982738
2025-03-02 12:00:00,0.7509,0.2491,3.0144520272982738
2025-03-02 13:00:00,0.7509,0.2491,3.0144520272982738
2025-03-02 14:00:00,0.7509,0.2491,3.0144520272982738
2025-03-02 15:00:00,0.7509,0.2491,3.0144520272982738
2025-03-02 16:00:00,0.7509,0.2491,3.0144520272982738
2025-03-02 17:00:00,0.7509,0.2491,3.0144520272982738
2025-03-02 18:00:00,0.7509,0.2491,3.0144520272982738
2025-03-02 19:00:00,0.7509,0.2491,3.0144520272982738
2025-03-02 20:00:00,0.7509,0.2491,3.0144520272982738
2025-03-02 21:00:00,0.7509,0.2491,3.0144520272982738
2025-03-02 22:00:00,0.7509,0.2491,3.0144520272982738
2025-03-02 23:00:00,0.7509,0.2491,3.0144520272982738
2025-03-03 00:00:00,0.7509,0.2491,3.0144520272982738
2025-03-03 01:00:00,0.7509,0.2491,3.0144520272982738
2025-03-03 02:00:00,0.7509,0.2491,3.0144520272982738
2025-03-03 03:00:00,0.7509,0.2491,3.0144520272982738
2025-03-03 04:00:00,0.7509,0.2491,3.0144520272982738
2025-03-03 05:00:00,0.7509,0.2491,3.0144520272982738
2025-03-03 06:00:00,0.7509,0.2491,3.0144520272982738
2025-03-03 07:00:00,0.7509,0.2491,3.0144520272982738
2025-03-03 08:00:00,0.7509,0.2491,3.0144520272982738
2025-03-03 09:00:00,0.7509,0.2491,3.0144520272982738
2025-03-03 10:00:00,0.7509,0.2491,3.0144520272982738
2025-03-03 11:00:00,0.7509,0.2491,3.0144520272982738
2025-03-03 12:00:00,0.7509,0.2491,3.0144520272982738
2025-03-03 13:00:00,0.7509,0.2491,3.0144520272982738
2025-03-03 14:00:00,0.7509,0.2491,3.0144520272982738
2025-03-03 15:00:00,0.7509,0.2491,3.0144520272982738
2025-03-03 16:00:00,0.7509,0.2491,3.0144520272982738
2025-03-03 17:00:00,0.7509,0.2491,3.0144520272982738
2025-03-03 18:00:00,0.7509,0.2491,3.0144520272982738
2025-03-03 19:00:00,0.7509,0.2491,3.0144520272982738
2025-03-03 20:00:00,0.7509,0.2491,3.0144520272982738
2025-03-03 21:00:00,0.7509,0.2491,3.0144520272982738
2025-03-03 22:00:00,0.7509,0.2491,3.0144520272982738
2025-03-03 23:00:00,0.7509,0.2491,3.0144520272982738
2025-03-04 00:00:00,0.7509,0.2491,3.0144520272982738
2025-03-04 01:00:00,0.7509,0.2491,3.0144520272982738
2025-03-04 02:00:00,0.7509,0.2491,3.0144520272982738
2025-03-04 03:00:00,0.7509,0.2491,3.0144520272982738
2025-03-04 04:00:00,0.7509,0.2491,3.0144520272982738
2025-03-04 05:00:00,0.7509,0.2491,3.0144520272982738
2025-03-04 06:00:00,0.7509,0.2491,3.0144520272982738
2025-03-04 07:00:00,0.7509,0.2491,3.0144520272982738
2025-03-04 08:00:00,0.7509,0.2491,3.0144520272982738
2025-03-04 09:00:00,0.7509,0.2491,3.0144520272982738
2025-03-04 10:00:00,0.7509,0.2491,3.0144520272982738
2025-03-04 11:00:00,0.7509,0.2491,3.0144520272982738
2025-03-04 12:00:00,0.7509,0.2491,3.0144520272982738
2025-03-04 13:00:00,0.7509,0.2491,3.0144520272982738
2025-03-04 14:00:00,0.7509,0.2491,3.0144520272982738
2025-03-04 15:00:00,0.7509,0.2491,3.0144520272982738
2025-03-04 16:00:00,0.7509,0.2491,3.0144520272982738
2025-03-04 17:00:00,0.7509,0.2491,3.0144520272982738
2025-03-04 18:00:00,0.7509,0.2491,3.0144520272982738
2025-03-04 19:00:00,0.7509,0.2491,3.0144520272982738
2025-03-04 20:00:00,0.7509,0.2491,3.0144520272982738
2025-03-04 21:00:00,0.7509,0.2491,3.0144520272982738
2025-03-04 22:00:00,0.7509,0.2491,3.0144520272982738
2025-03-04 23:00:00,0.7509,0.2491,3.0144520272982738
2025-03-05 00:00:00,0.7509,0.2491,3.0144520272982738
2025-03-05 01:00:00,0.7509,0.2491,3.0144520272982738
2025-03-05 02:00:00,0.7509,0.2491,3.0144520272982738
2025-03-05 03:00:00,0.7509,0.2491,3.0144520272982738
2025-03-05 04:00:00,0.7509,0.2491,3.0144520272982738
2025-03-05 05:00:00,0.7509,0.2491,3.0144520272982738
2025-03-05 06:00:00,0.7509,0.2491,3.0144520272982738
2025-03-05 07:00:00,0.7509,0.2491,3.0144520272982738
2025-03-05 08:00:00,0.7509,0.2491,3.0144520272982738
2025-03-05 09:00:00,0.7509,0.2491,3.0144520272982738
2025-03-05 10:00:00,0.7509,0.2491,3.0144520272982738
2025-03-05 11:00:00,0.7509,0.2491,3.0144520272982738
2025-03-05 12:00:00,0.7509,0.2491,3.0144520272982738
2025-03-05 13:00:00,0.7509,0.2491,3.0144520272982738
2025-03-05 14:00:00,0.7509,0.2491,3.0144520272982738
2025-03-05 15:00:00,0.7509,0.2491,3.0144520272982738
2025-03-05 16:00:00,0.7509,0.2491,3.0144520272982738
2025-03-05 17:00:00,0.7509,0.2491,3.0144520272982738
2025-03-05 18:00:00,0.7509,0.2491,3.0144520272982738
2025-03-05 19:00:00,0.7509,0.2491,3.0144520272982738
2025-03-05 20:00:00,0.7509,0.2491,3.0144520272982738
2025-03-05 21:00:00,0.7509,0.2491,3.0144520272982738
2025-03-05 22:00:00,0.7509,0.2491,3.0144520272982738
2025-03-05 23:00:00,0.7509,0.2491,3.0144520272982738
2025-03-06 00:00:00,0.7509,0.2491,3.0144520272982738
2025-03-06 01:00:00,0.7509,0.2491,3.0144520272982738
2025-03-06 02:00:00,0.7509,0.2491,3.0144520272982738
2025-03-06 03:00:00,0.7509,0.2491,3.0144520272982738
2025-03-06 04:00:00,0.7509,0.2491,3.0144520272982738
2025-03-06 05:00:00,0.7509,0.2491,3.0144520272982738
2025-03-06 06:00:00,0.7509,0.2491,3.0144520272982738
2025-03-06 07:00:00,0.7509,0.2491,3.0144520272982738
2025-03-06 08:00:00,0.7509,0.2491,3.0144520272982738
2025-03-06 09:00:00,0.7509,0.2491,3.0144520272982738
2025-03-06 10:00:00,0.7509,0.2491,3.0144520272982738
2025-03-06 11:00:00,0.7509,0.2491,3.0144520272982738
2025-03-06 12:00:00,0.7509,0.2491,3.0144520272982738
2025-03-06 13:00:00,0.7509,0.2491,3.0144520272982738
2025-03-06 14:00:00,0.7509,0.2491,3.0144520272982738
2025-03-06 15:00:00,0.7509,0.2491,3.0144520272982738
2025-03-06 16:00:00,0.7509,0.2491,3.0144520272982738
2025-03-06 17:00:00,0.7509,0.2491,3.0144520272982738
2025-03-06 18:00:00,0.7509,0.2491,3.0144520272982738
2025-03-06 19:00:00,0.7509,0.2491,3.0144520272982738
2025-03-06 20:00:00,0.7509,0.2491,3.0144520272982738
2025-03-06 21:00:00,0.7509,0.2491,3.0144520272982738
2025-03-06 22:00:00,0.7509,0.2491,3.0144520272982738
2025-03-06 23:00:00,0.7509,0.2491,3.0144520272982738
2025-03-07 00:00:00,0.7509,0.2491,3.0144520272982738
2025-03-07 01:00:00,0.7509,0.2491,3.0144520272982738
2025-03-07 02:00:00,0.7509,0.2491,3.0144520272982738
2025-03-07 03:00:00,0.7509,0.2491,3.0144520272982738
2025-03-07 04:00:00,0.7509,0.2491,3.0144520272982738
2025-03-07 05:00:00,0.7509,0.2491,3.0144520272982738
2025-03-07 06:00:00,0.7509,0.2491,3.0144520272982738
2025-03-07 07:00:00,0.7509,0.2491,3.0144520272982738
2025-03-07 08:00:00,0.7509,0.2491,3.0144520272982738
2025-03-07 09:00:00,0.7509,0.2491,3.0144520272982738
2025-03-07 10:00:00,0.7509,0.2491,3.0144520272982738
2025-03-07 11:00:00,0.7509,0.2491,3.0144520272982738
2025-03-07 12:00:00,0.7509,0.2491,3.0144520272982738
2025-03-07 13:00:00,0.7509,0.2491,3.0144520272982738
2025-03-07 14:00:00,0.7509,0.2491,3.0144520272982738
2025-03-07 15:00:00,0.7509,0.2491,3.0144520272982738
2025-03-07 16:00:00,0.7509,0.2491,3.0144520272982738
2025-03-07 17:00:00,0.7509,0.2491,3.0144520272982738
2025-03-07 18:00:00,0.7509,0.2491,3.0144520272982738
2025-03-07 19:00:00,0.7509,0.2491,3.0144520272982738
2025-03-07 20:00:00,0.7509,0.2491,3.0144520272982738
2025-03-07 21:00:00,0.7509,0.2491,3.0144520272982738
2025-03-07 22:00:00,0.7509,0.2491,3.0144520272982738
2025-03-07 23:00:00,0.7509,0.2491,3.0144520272982738
2025-03-08 00:00:00,0.7509,0.2491,3.0144520272982738
2025-03-08 01:00:00,0.7509,0.2491,3.0144520272982738
2025-03-08 02:00:00,0.7509,0.2491,3.0144520272982738
2025-03-08 03:00:00,0.7509,0.2491,3.0144520272982738
2025-03-08 04:00:00,0.7509,0.2491,3.0144520272982738
2025-03-08 05:00:00,0.7509,0.2491,3.0144520272982738
2025-03-08 06:00:00,0.7509,0.2491,3.0144520272982738
2025-03-08 07:00:00,0.7509,0.2491,3.0144520272982738
2025-03-08 08:00:00,0.7509,0.2491,3.0144520272982738
2025-03-08 09:00:00,0.7509,0.2491,3.0144520272982738
2025-03-08 10:00:00,0.7509,0.2491,3.0144520272982738
2025-03-08 11:00:00,0.7509,0.2491,3.0144520272982738
2025-03-08 12:00:00,0.7509,0.2491,3.0144520272982738
2025-03-08 13:00:00,0.7509,0.2491,3.0144520272982738
2025-03-08 14:00:00,0.7509,0.2491,3.0144520272982738
2025-03-08 15:00:00,0.7509,0.2491,3.0144520272982738
2025-03-08 16:00:00,0.7509,0.2491,3.0144520272982738
2025-03-08 17:00:00,0.7509,0.2491,3.0144520272982738
2025-03-08 18:00:00,0.7509,0.2491,3.0144520272982738
2025-03-08 19:00:00,0.7509,0.2491,3.0144520272982738
2025-03-08 20:00:00,0.7509,0.2491,3.0144520272982738
2025-03-08 21:00:00,0.7509,0.2491,3.0144520272982738
2025-03-08 22:00:00,0.7509,0.2491,3.0144520272982738
2025-03-08 23:00:00,0.7509,0.2491,3.0144520272982738
2025-03-09 00:00:00,0.7509,0.2491,3.0144520272982738
2025-03-09 01:00:00,0.7509,0.2491,3.0144520272982738
2025-03-09 02:00:00,0.7509,0.2491,3.0144520272982738
2025-03-09 03:00:00,0.7509,0.2491,3.0144520272982738
2025-03-09 04:00:00,0.7509,0.2491,3.0144520272982738
2025-03-09 05:00:00,0.7509,0.2491,3.0144520272982738
2025-03-09 06:00:00,0.7509,0.2491,3.0144520272982738
2025-03-09 07:00:00,0.7509,0.2491,3.0144520272982738
2025-03-09 08:00:00,0.7509,0.2491,3.0144520272982738
2025-03-09 09:00:00,0.7509,0.2491,3.0144520272982738
2025-03-09 10:00:00,0.7509,0.2491,3.0144520272982738
2025-03-09 11:00:00,0.7509,0.2491,3.0144520272982738
2025-03-09 12:00:00,0.7509,0.2491,3.0144520272982738
2025-03-09 13:00:00,0.7509,0.2491,3.0144520272982738
2025-03-09 14:00:00,0.7509,0.2491,3.0144520272982738
2025-03-09 15:00:00,0.7509,0.2491,3.0144520272982738
2025-03-09 16:00:00,0.7509,0.2491,3.0144520272982738
2025-03-09 17:00:00,0.7509,0.2491,3.0144520272982738
2025-03-09 18:00:00,0.7509,0.2491,3.0144520272982738
2025-03-09 19:00:00,0.7509,0.2491,3.0144520272982738
2025-03-09 20:00:00,0.7509,0.2491,3.0144520272982738
2025-03-09 21:00:00,0.7509,0.2491,3.0144520272982738
2025-03-09 22:00:00,0.7509,0.2491,3.0144520272982738
2025-03-09 23:00:00,0.7509,0.2491,3.0144520272982738
2025-03-10 00:00:00,0.7509,0.2491,3.0144520272982738
2025-03-10 01:00:00,0.7509,0.2491,3.0144520272982738
2025-03-10 02:00:00,0.7509,0.2491,3.0144520272982738
2025-03-10 03:00:00,0.7509,0.2491,3.0144520272982738
2025-03-10 04:00:00,0.7509,0.2491,3.0144520272982738
2025-03-10 05:00:00,0.7509,0.2491,3.0144520272982738
2025-03-10 06:00:00,0.7509,0.2491,3.0144520272982738
2025-03-10 07:00:00,0.7509,0.2491,3.0144520272982738
2025-03-10 08:00:00,0.7509,0.2491,3.0144520272982738
2025-03-10 09:00:00,0.7509,0.2491,3.0144520272982738
2025-03-10 10:00:00,0.7509,0.2491,3.0144520272982738
2025-03-10 11:00:00,0.7509,0.2491,3.0144520272982738
2025-03-10 12:00:00,0.7509,0.2491,3.0144520272982738
2025-03-10 13:00:00,0.7509,0.2491,3.0144520272982738
2025-03-10 14:00:00,0.7509,0.2491,3.0144520272982738
2025-03-10 15:00:00,0.7509,0.2491,3.0144520272982738
2025-03-10 16:00:00,0.7509,0.2491,3.0144520272982738
2025-03-10 17:00:00,0.7509,0.2491,3.0144520272982738
2025-03-10 18:00:00,0.7509,0.2491,3.0144520272982738
2025-03-10 19:00:00,0.7509,0.2491,3.0144520272982738
2025-03-10 20:00:00,0.7509,0.2491,3.0144520272982738
2025-03-10 21:00:00,0.7509,0.2491,3.0144520272982738
2025-03-10 22:00:00,0.7509,0.2491,3.0144520272982738
2025-03-10 23:00:00,0.7509,0.2491,3.0144520272982738
2025-03-11 00:00:00,0.7509,0.2491,3.0144520272982738
2025-03-11 01:00:00,0.7509,0.2491,3.0144520272982738
2025-03-11 02:00:00,0.7509,0.2491,3.0144520272982738
2025-03-11 03:00:00,0.7509,0.2491,3.0144520272982738
2025-03-11 04:00:00,0.7509,0.2491,3.0144520272982738
2025-03-11 05:00:00,0.7509,0.2491,3.0144520272982738
2025-03-11 06:00:00,0.7509,0.2491,3.0144520272982738
2025-03-11 07:00:00,0.7509,0.2491,3.0144520272982738
2025-03-11 08:00:00,0.7509,0.2491,3.0144520272982738
2025-03-11 09:00:00,0.7509,0.2491,3.0144520272982738
2025-03-11 10:00:00,0.7509,0.2491,3.0144520272982738
2025-03-11 11:00:00,0.7509,0.2491,3.0144520272982738
2025-03-11 12:00:00,0.7509,0.2491,3.0144520272982738
2025-03-11 13:00:00,0.7509,0.2491,3.0144520272982738
2025-03-11 14:00:00,0.7509,0.2491,3.0144520272982738
2025-03-11 15:00:00,0.7509,0.2491,3.0144520272982738
2025-03-11 16:00:00,0.7509,0.2491,3.0144520272982738
2025-03-11 17:00:00,0.7509,0.2491,3.0144520272982738
2025-03-11 18:00:00,0.7509,0.2491,3.0144520272982738
2025-03-11 19:00:00,0.7509,0.2491,3.0144520272982738
2025-03-11 20:00:00,0.7509,0.2491,3.0144520272982738
2025-03-11 21:00:00,0.7509,0.2491,3.0144520272982738
2025-03-11 22:00:00,0.7509,0.2491,3.0144520272982738
2025-03-11 23:00:00,0.7509,0.2491,3.0144520272982738
2025-03-12 00:00:00,0.7509,0.2491,3.0144520272982738
2025-03-12 01:00:00,0.7509,0.2491,3.0144520272982738
2025-03-12 02:00:00,0.7509,0.2491,3.0144520272982738
2025-03-12 03:00:00,0.7509,0.2491,3.0144520272982738
2025-03-12 04:00:00,0.7509,0.2491,3.0144520272982738
2025-03-12 05:00:00,0.7509,0.2491,3.0144520272982738
2025-03-12 06:00:00,0.7509,0.2491,3.0144520272982738
2025-03-12 07:00:00,0.7509,0.2491,3.0144520272982738
2025-03-12 08:00:00,0.7509,0.2491,3.0144520272982738
2025-03-12 09:00:00,0.7509,0.2491,3.0144520272982738
2025-03-12 10:00:00,0.7509,0.2491,3.0144520272982738
2025-03-12 11:00:00,0.7509,0.2491,3.0144520272982738
2025-03-12 12:00:00,0.7509,0.2491,3.0144520272982738
2025-03-12 13:00:00,0.7509,0.2491,3.0144520272982738
2025-03-12 14:00:00,0.7509,0.2491,3.0144520272982738
2025-03-12 15:00:00,0.7509,0.2491,3.0144520272982738
2025-03-12 16:00:00,0.7509,0.2491,3.0144520272982738
2025-03-12 17:00:00,0.7509,0.2491,3.0144520272982738
2025-03-12 18:00:00,0.7509,0.2491,3.0144520272982738
2025-03-12 19:00:00,0.7509,0.2491,3.0144520272982738
2025-03-12 20:00:00,0.7509,0.2491,3.0144520272982738
2025-03-12 21:00:00,0.7509,0.2491,3.0144520272982738
2025-03-12 22:00:00,0.7509,0.2491,3.0144520272982738
2025-03-12 23:00:00,0.7509,0.2491,3.0144520272982738
2025-03-13 00:00:00,0.7509,0.2491,3.0144520272982738
2025-03-13 01:00:00,0.7509,0.2491,3.0144520272982738
2025-03-13 02:00:00,0.7509,0.2491,3.0144520272982738
2025-03-13 03:00:00,0.7509,0.2491,3.0144520272982738
2025-03-13 04:00:00,0.7509,0.2491,3.0144520272982738
2025-03-13 05:00:00,0.7509,0.2491,3.0144520272982738
2025-03-13 06:00:00,0.7509,0.2491,3.0144520272982738
2025-03-13 07:00:00,0.7509,0.2491,3.0144520272982738
2025-03-13 08:00:00,0.7509,0.2491,3.0144520272982738
2025-03-13 09:00:00,0.7509,0.2491,3.0144520272982738
2025-03-13 10:00:00,0.7509,0.2491,3.0144520272982738
2025-03-13 11:00:00,0.7509,0.2491,3.0144520272982738
2025-03-13 12:00:00,0.7509,0.2491,3.0144520272982738
2025-03-13 13:00:00,0.7509,0.2491,3.0144520272982738
2025-03-13 14:00:00,0.7509,0.2491,3.0144520272982738
2025-03-13 15:00:00,0.7509,0.2491,3.0144520272982738
2025-03-13 16:00:00,0.7509,0.2491,3.0144520272982738
2025-03-13 17:00:00,0.7509,0.2491,3.0144520272982738
2025-03-13 18:00:00,0.7509,0.2491,3.0144520272982738
2025-03-13 19:00:00,0.7509,0.2491,3.0144520272982738
2025-03-13 20:00:00,0.7509,0.2491,3.0144520272982738
2025-03-13 21:00:00,0.7509,0.2491,3.0144520272982738
2025-03-13 22:00:00,0.7509,0.2491,3.0144520272982738
2025-03-13 23:00:00,0.7509,0.2491,3.0144520272982738
2025-03-14 00:00:00,0.7509,0.2491,3.0144520272982738
2025-03-14 01:00:00,0.7509,0.2491,3.0144520272982738
2025-03-14 02:00:00,0.7509,0.2491,3.0144520272982738
2025-03-14 03:00:00,0.7509,0.2491,3.0144520272982738
2025-03-14 04:00:00,0.7509,0.2491,3.0144520272982738
2025-03-14 05:00:00,0.7509,0.2491,3.0144520272982738
2025-03-14 06:00:00,0.7509,0.2491,3.0144520272982738
2025-03-14 07:00:00,0.7509,0.2491,3.0144520272982738
2025-03-14 08:00:00,0.7509,0.2491,3.0144520272982738
2025-03-14 09:00:00,0.7509,0.2491,3.0144520272982738
2025-03-14 10:00:00,0.7509,0.2491,3.0144520272982738
2025-03-14 11:00:00,0.7509,0.2491,3.0144520272982738
2025-03-14 12:00:00,0.7509,0.2491,3.0144520272982738
2025-03-14 13:00:00,0.7509,0.2491,3.0144520272982738
2025-03-14 14:00:00,0.7509,0.2491,3.0144520272982738
2025-03-14 15:00:00,0.7509,0.2491,3.0144520272982738
2025-03-14 16:00:00,0.7509,0.2491,3.0144520272982738
2025-03-14 17:00:00,0.7509,0.2491,3.0144520272982738
2025-03-14 18:00:00,0.7509,0.2491,3.0144520272982738
2025-03-14 19:00:00,0.7509,0.2491,3.0144520272982738
2025-03-14 20:00:00,0.7509,0.2491,3.0144520272982738
2025-03-14 21:00:00,0.7509,0.2491,3.0144520272982738
2025-03-14 22:00:00,0.7509,0.2491,3.0144520272982738
2025-03-14 23:00:00,0.7509,0.2491,3.0144520272982738
2025-03-15 00:00:00,0.7509,0.2491,3.0144520272982738
2025-03-15 01:00:00,0.7509,0.2491,3.0144520272982738
2025-03-15 02:00:00,0.7509,0.2491,3.0144520272982738
2025-03-15 03:00:00,0.7509,0.2491,3.0144520272982738
2025-03-15 04:00:00,0.7509,0.2491,3.0144520272982738
2025-03-15 05:00:00,0.7509,0.2491,3.0144520272982738
2025-03-15 06:00:00,0.7509,0.2491,3.0144520272982738
2025-03-15 07:00:00,0.7509,0.2491,3.0144520272982738
2025-03-15 08:00:00,0.7509,0.2491,3.0144520272982738
2025-03-15 09:00:00,0.7509,0.2491,3.0144520272982738
2025-03-15 10:00:00,0.7509,0.2491,3.0144520272982738
2025-03-15 11:00:00,0.7509,0.2491,3.0144520272982738
2025-03-15 12:00:00,0.7509,0.2491,3.0144520272982738
2025-03-15 13:00:00,0.7509,0.2491,3.0144520272982738
2025-03-15 14:00:00,0.7509,0.2491,3.0144520272982738
2025-03-15 15:00:00,0.7509,0.2491,3.0144520272982738
2025-03-15 16:00:00,0.7509,0.2491,3.0144520272982738
2025-03-15 17:00:00,0.7509,0.2491,3.0144520272982738
2025-03-15 18:00:00,0.7509,0.2491,3.0144520272982738
2025-03-15 19:00:00,0.7509,0.2491,3.0144520272982738
2025-03-15 20:00:00,0.7509,0.2491,3.0144520272982738
2025-03-15 21:00:00,0.7509,0.2491,3.0144520272982738
2025-03-15 22:00:00,0.7509,0.2491,3.0144520272982738
2025-03-15 23:00:00,0.7509,0.2491,3.0144520272982738
2025-03-16 00:00:00,0.7509,0.2491,3.0144520272982738
2025-03-16 01:00:00,0.7509,0.2491,3.0144520272982738
2025-03-16 02:00:00,0.7509,0.2491,3.0144520272982738
2025-03-16 03:00:00,0.7509,0.2491,3.0144520272982738
2025-03-16 04:00:00,0.7509,0.2491,3.0144520272982738
2025-03-16 05:00:00,0.7509,0.2491,3.0144520272982738
2025-03-16 06:00:00,0.7509,0.2491,3.0144520272982738
2025-03-16 07:00:00,0.7509,0.2491,3.0144520272982738
2025-03-16 08:00:00,0.7509,0.2491,3.0144520272982738
2025-03-16 09:00:00,0.7509,0.2491,3.0144520272982738
2025-03-16 10:00:00,0.7509,0.2491,3.0144520272982738
2025-03-16 11:00:00,0.7509,0.2491,3.0144520272982738
2025-03-16 12:00:00,0.7509,0.2491,3.0144520272982738
2025-03-16 13:00:00,0.7509,0.2491,3.0144520272982738
2025-03-16 14:00:00,0.7509,0.2491,3.0144520272982738
2025-03-16 15:00:00,0.7509,0.2491,3.0144520272982738
2025-03-16 16:00:00,0.7509,0.2491,3.0144520272982738
2025-03-16 17:00:00,0.7509,0.2491,3.0144520272982738
2025-03-16 18:00:00,0.7509,0.2491,3.0144520272982738
2025-03-16 19:00:00,0.7509,0.2491,3.0144520272982738
2025-03-16 20:00:00,0.7509,0.2491,3.0144520272982738
2025-03-16 21:00:00,0.7509,0.2491,3.0144520272982738
2025-03-16 22:00:00,0.7509,0.2491,3.0144520272982738
2025-03-16 23:00:00,0.7509,0.2491,3.0144520272982738
2025-03-17 00:00:00,0.7509,0.2491,3.0144520272982738
2025-03-17 01:00:00,0.7509,0.2491,3.0144520272982738
2025-03-17 02:00:00,0.7509,0.2491,3.0144520272982738
2025-03-17 03:00:00,0.7509,0.2491,3.0144520272982738
2025-03-17 04:00:00,0.7509,0.2491,3.0144520272982738
2025-03-17 05:00:00,0.7509,0.2491,3.0144520272982738
2025-03-17 06:00:00,0.7509,0.2491,3.0144520272982738
2025-03-17 07:00:00,0.7509,0.2491,3.0144520272982738
2025-03-17 08:00:00,0.7509,0.2491,3.0144520272982738
2025-03-17 09:00:00,0.7509,0.2491,3.0144520272982738
2025-03-17 10:00:00,0.7509,0.2491,3.0144520272982738
2025-03-17 11:00:00,0.7509,0.2491,3.0144520272982738
2025-03-17 12:00:00,0.7509,0.2491,3.0144520272982738
2025-03-17 13:00:00,0.7509,0.2491,3.0144520272982738
2025-03-17 14:00:00,0.7509,0.2491,3.0144520272982738
2025-03-17 15:00:00,0.7509,0.2491,3.0144520272982738
2025-03-17 16:00:00,0.7509,0.2491,3.0144520272982738
2025-03-17 17:00:00,0.7509,0.2491,3.0144520272982738
2025-03-17 18:00:00,0.7509,0.2491,3.0144520272982738
2025-03-17 19:00:00,0.7509,0.2491,3.0144520272982738
2025-03-17 20:00:00,0.7509,0.2491,3.0144520272982738
2025-03-17 21:00:00,0.7509,0.2491,3.0144520272982738
2025-03-17 22:00:00,0.7509,0.2491,3.0144520272982738
2025-03-17 23:00:00,0.7509,0.2491,3.0144520272982738
2025-03-18 00:00:00,0.7509,0.2491,3.0144520272982738
2025-03-18 01:00:00,0.7509,0.2491,3.0144520272982738
2025-03-18 02:00:00,0.7509,0.2491,3.0144520272982738
2025-03-18 03:00:00,0.7509,0.2491,3.0144520272982738
2025-03-18 04:00:00,0.7509,0.2491,3.0144520272982738
2025-03-18 05:00:00,0.7509,0.2491,3.0144520272982738
2025-03-18 06:00:00,0.7509,0.2491,3.0144520272982738
2025-03-18 07:00:00,0.7509,0.2491,3.0144520272982738
2025-03-18 08:00:00,0.7509,0.2491,3.0144520272982738
2025-03-18 09:00:00,0.7509,0.2491,3.0144520272982738
2025-03-18 10:00:00,0.7509,0.2491,3.0144520272982738
2025-03-18 11:00:00,0.7509,0.2491,3.0144520272982738
2025-03-18 12:00:00,0.7509,0.2491,3.0144520272982738
2025-03-18 13:00:00,0.7509,0.2491,3.0144520272982738
2025-03-18 14:00:00,0.7509,0.2491,3.0144520272982738
2025-03-18 15:00:00,0.7509,0.2491,3.0144520272982738
2025-03-18 16:00:00,0.7509,0.2491,3.0144520272982738
2025-03-18 17:00:00,0.7509,0.2491,3.0144520272982738
2025-03-18 18:00:00,0.7509,0.2491,3.0144520272982738
2025-03-18 19:00:00,0.7509,0.2491,3.0144520272982738
2025-03-18 20:00:00,0.7509,0.2491,3.0144520272982738
2025-03-18 21:00:00,0.7509,0.2491,3.0144520272982738
2025-03-18 22:00:00,0.7509,0.2491,3.0144520272982738
2025-03-18 23:00:00,0.7509,0.2491,3.0144520272982738
2025-03-19 00:00:00,0.7509,0.2491,3.0144520272982738
2025-03-19 01:00:00,0.7509,0.2491,3.0144520272982738
2025-03-19 02:00:00,0.7509,0.2491,3.0144520272982738
2025-03-19 03:00:00,0.7509,0.2491,3.0144520272982738
2025-03-19 04:00:00,0.7509,0.2491,3.0144520272982738
2025-03-19 05:00:00,0.7509,0.2491,3.0144520272982738
2025-03-19 06:00:00,0.7509,0.2491,3.0144520272982738
2025-03-19 07:00:00,0.7509,0.2491,3.0144520272982738
2025-03-19 08:00:00,0.7509,0.2491,3.0144520272982738
2025-03-19 09:00:00,0.7509,0.2491,3.0144520272982738
2025-03-19 10:00:00,0.7509,0.2491,3.0144520272982738
2025-03-19 11:00:00,0.7509,0.2491,3.0144520272982738
2025-03-19 12:00:00,0.7509,0.2491,3.0144520272982738
2025-03-19 13:00:00,0.7509,0.2491,3.0144520272982738
2025-03-19 14:00:00,0.7509,0.2491,3.0144520272982738
2025-03-19 15:00:00,0.7509,0.2491,3.0144520272982738
2025-03-19 16:00:00,0.7509,0.2491,3.0144520272982738
2025-03-19 17:00:00,0.7509,0.2491,3.0144520272982738
2025-03-19 18:00:00,0.7509,0.2491,3.0144520272982738
2025-03-19 19:00:00,0.7509,0.2491,3.0144520272982738
2025-03-19 20:00:00,0.7509,0.2491,3.0144520272982738
2025-03-19 21:00:00,0.7509,0.2491,3.0144520272982738
2025-03-19 22:00:00,0.7509,0.2491,3.0144520272982738
2025-03-19 23:00:00,0.7509,0.2491,3.0144520272982738
2025-03-20 00:00:00,0.7509,0.2491,3.0144520272982738
2025-03-20 01:00:00,0.7509,0.2491,3.0144520272982738
2025-03-20 02:00:00,0.7509,0.2491,3.0144520272982738
2025-03-20 03:00:00,0.7509,0.2491,3.0144520272982738
2025-03-20 04:00:00,0.7509,0.2491,3.0144520272982738
2025-03-20 05:00:00,0.7509,0.2491,3.0144520272982738
2025-03-20 06:00:00,0.7509,0.2491,3.0144520272982738
2025-03-20 07:00:00,0.7509,0.2491,3.0144520272982738
2025-03-20 08:00:00,0.7509,0.2491,3.0144520272982738
2025-03-20 09:00:00,0.7509,0.2491,3.0144520272982738
2025-03-20 10:00:00,0.7509,0.2491,3.0144520272982738
2025-03-20 11:00:00,0.7509,0.2491,3.0144520272982738
2025-03-20 12:00:00,0.7509,0.2491,3.0144520272982738
2025-03-20 13:00:00,0.7509,0.2491,3.0144520272982738
2025-03-20 14:00:00,0.7509,0.2491,3.0144520272982738
2025-03-20 15:00:00,0.7509,0.2491,3.0144520272982738
2025-03-20 16:00:00,0.7509,0.2491,3.0144520272982738
2025-03-20 17:00:00,0.7509,0.2491,3.0144520272982738
2025-03-20 18:00:00,0.7509,0.2491,3.0144520272982738
2025-03-20 19:00:00,0.7509,0.2491,3.0144520272982738
2025-03-20 20:00:00,0.7509,0.2491,3.0144520272982738
2025-03-20 21:00:00,0.7509,0.2491,3.0144520272982738
2025-03-20 22:00:00,0.7509,0.2491,3.0144520272982738
2025-03-20 23:00:00,0.7509,0.2491,3.0144520272982738
2025-03-21 00:00:00,0.7509,0.2491,3.0144520272982738
2025-03-21 01:00:00,0.7509,0.2491,3.0144520272982738
2025-03-21 02:00:00,0.7509,0.2491,3.0144520272982738
2025-03-21 03:00:00,0.7509,0.2491,3.0144520272982738
2025-03-21 04:00:00,0.7509,0.2491,3.0144520272982738
2025-03-21 05:00:00,0.7509,0.2491,3.0144520272982738
2025-03-21 06:00:00,0.7509,0.2491,3.0144520272982738
2025-03-21 07:00:00,0.7509,0.2491,3.0144520272982738
2025-03-21 08:00:00,0.7509,0.2491,3.0144520272982738
2025-03-21 09:00:00,0.7509,0.2491,3.0144520272982738
2025-03-21 10:00:00,0.7509,0.2491,3.0144520272982738
2025-03-21 11:00:00,0.7509,0.2491,3.0144520272982738
2025-03-21 12:00:00,0.7509,0.2491,3.0144520272982738
2025-03-21 13:00:00,0.7509,0.2491,3.0144520272982738
2025-03-21 14:00:00,0.7509,0.2491,3.0144520272982738
2025-03-21 15:00:00,0.7509,0.2491,3.0144520272982738
2025-03-21 16:00:00,0.7509,0.2491,3.0144520272982738
2025-03-21 17:00:00,0.7509,0.2491,3.0144520272982738
2025-03-21 18:00:00,0.7509,0.2491,3.0144520272982738
2025-03-21 19:00:00,0.7509,0.2491,3.0144520272982738
2025-03-21 20:00:00,0.7509,0.2491,3.0144520272982738
2025-03-21 21:00:00,0.7509,0.2491,3.0144520272982738
2025-03-21 22:00:00,0.7509,0.2491,3.0144520272982738
2025-03-21 23:00:00,0.7509,0.2491,3.0144520272982738
2025-03-22 00:00:00,0.7509,0.2491,3.0144520272982738
2025-03-22 01:00:00,0.7509,0.2491,3.0144520272982738
2025-03-22 02:00:00,0.7509,0.2491,3.0144520272982738
2025-03-22 03:00:00,0.7509,0.2491,3.0144520272982738
2025-03-22 04:00:00,0.7509,0.2491,3.0144520272982738
2025-03-22 05:00:00,0.7509,0.2491,3.0144520272982738
2025-03-22 06:00:00,0.7509,0.2491,3.0144520272982738
2025-03-22 07:00:00,0.7509,0.2491,3.0144520272982738
2025-03-22 08:00:00,0.7509,0.2491,3.0144520272982738
2025-03-22 09:00:00,0.7509,0.2491,3.0144520272982738
2025-03-22 10:00:00,0.7509,0.2491,3.0144520272982738
2025-03-22 11:00:00,0.7509,0.2491,3.0144520272982738
2025-03-22 12:00:00,0.7509,0.2491,3.0144520272982738
2025-03-22 13:00:00,0.7509,0.2491,3.0144520272982738
2025-03-22 14:00:00,0.7509,0.2491,3.0144520272982738
2025-03-22 15:00:00,0.7509,0.2491,3.0144520272982738
2025-03-22 16:00:00,0.7509,0.2491,3.0144520272982738
2025-03-22 17:00:00,0.7509,0.2491,3.0144520272982738
2025-03-22 18:00:00,0.7509,0.2491,3.0144520272982738
2025-03-22 19:00:00,0.7509,0.2491,3.0144520272982738
2025-03-22 20:00:00,0.7509,0.2491,3.0144520272982738
2025-03-22 21:00:00,0.7509,0.2491,3.0144520272982738
2025-03-22 22:00:00,0.7509,0.2491,3.0144520272982738
2025-03-22 23:00:00,0.7509,0.2491,3.0144520272982738
2025-03-23 00:00:00,0.7509,0.2491,3.0144520272982738
2025-03-23 01:00:00,0.7509,0.2491,3.0144520272982738
2025-03-23 02:00:00,0.7509,0.2491,3.0144520272982738
2025-03-23 03:00:00,0.7509,0.2491,3.0144520272982738
2025-03-23 04:00:00,0.7509,0.2491,3.0144520272982738
2025-03-23 05:00:00,0.7509,0.2491,3.0144520272982738
2025-03-23 06:00:00,0.7509,0.2491,3.0144520272982738
2025-03-23 07:00:00,0.7509,0.2491,3.0144520272982738
2025-03-23 08:00:00,0.7509,0.2491,3.0144520272982738
2025-03-23 09:00:00,0.7509,0.2491,3.0144520272982738
2025-03-23 10:00:00,0.7509,0.2491,3.0144520272982738
2025-03-23 11:00:00,0.7509,0.2491,3.0144520272982738
2025-03-23 12:00:00,0.7509,0.2491,3.0144520272982738
2025-03-23 13:00:00,0.7509,0.2491,3.0144520272982738
2025-03-23 14:00:00,0.7509,0.2491,3.0144520272982738
2025-03-23 15:00:00,0.7509,0.2491,3.0144520272982738
2025-03-23 16:00:00,0.7509,0.2491,3.0144520272982738
2025-03-23 17:00:00,0.7509,0.2491,3.0144520272982738
2025-03-23 18:00:00,0.7509,0.2491,3.0144520272982738
2025-03-23 19:00:00,0.7509,0.2491,3.0144520272982738
2025-03-23 20:00:00,0.7509,0.2491,3.0144520272982738
2025-03-23 21:00:00,0.7509,0.2491,3.0144520272982738
2025-03-23 22:00:00,0.7509,0.2491,3.0144520272982738
2025-03-23 23:00:00,0.7509,0.2491,3.0144520272982738
2025-03-24 00:00:00,0.7509,0.2491,3.0144520272982738
2025-03-24 01:00:00,0.7509,0.2491,3.0144520272982738
2025-03-24 02:00:00,0.7509,0.2491,3.0144520272982738
2025-03-24 03:00:00,0.7509,0.2491,3.0144520272982738
2025-03-24 04:00:00,0.7509,0.2491,3.0144520272982738
2025-03-24 05:00:00,0.7509,0.2491,3.0144520272982738
2025-03-24 06:00:00,0.7509,0.2491,3.0144520272982738
2025-03-24 07:00:00,0.7509,0.2491,3.0144520272982738
2025-03-24 08:00:00,0.7509,0.2491,3.0144520272982738
2025-03-24 09:00:00,0.7509,0.2491,3.0144520272982738
2025-03-24 10:00:00,0.7509,0.2491,3.0144520272982738
2025-03-24 11:00:00,0.7509,0.2491,3.0144520272982738
2025-03-24 12:00:00,0.7509,0.2491,3.0144520272982738
2025-03-24 13:00:00,0.7509,0.2491,3.0144520272982738
2025-03-24 14:00:00,0.7509,0.2491,3.0144520272982738
2025-03-24 15:00:00,0.7509,0.2491,3.0144520272982738
2025-03-24 16:00:00,0.7509,0.2491,3.0144520272982738
2025-03-24 17:00:00,0.7509,0.2491,3.0144520272982738
2025-03-24 18:00:00,0.7509,0.2491,3.0144520272982738
2025-03-24 19:00:00,0.7509,0.2491,3.0144520272982738
2025-03-24 20:00:00,0.7509,0.2491,3.0144520272982738
2025-03-24 21:00:00,0.7509,0.2491,3.0144520272982738
2025-03-24 22:00:00,0.7509,0.2491,3.0144520272982738
2025-03-24 23:00:00,0.7509,0.2491,3.0144520272982738
2025-03-25 00:00:00,0.7509,0.2491,3.0144520272982738
2025-03-25 01:00:00,0.7509,0.2491,3.0144520272982738
2025-03-25 02:00:00,0.7509,0.2491,3.0144520272982738
2025-03-25 03:00:00,0.7509,0.2491,3.0144520272982738
2025-03-25 04:00:00,0.7509,0.2491,3.0144520272982738
2025-03-25 05:00:00,0.7509,0.2491,3.0144520272982738
2025-03-25 06:00:00,0.7509,0.2491,3.0144520272982738
2025-03-25 07:00:00,0.7509,0.2491,3.0144520272982738
2025-03-25 08:00:00,0.7509,0.2491,3.0144520272982738
2025-03-25 09:00:00,0.7509,0.2491,3.0144520272982738
2025-03-25 10:00:00,0.7509,0.2491,3.0144520272982738
2025-03-25 11:00:00,0.7509,0.2491,3.0144520272982738
2025-03-25 12:00:00,0.7509,0.2491,3.0144520272982738
2025-03-25 13:00:00,0.7509,0.2491,3.0144520272982738
2025-03-25 14:00:00,0.7509,0.2491,3.0144520272982738
2025-03-25 15:00:00,0.7509,0.2491,3.0144520272982738
2025-03-25 16:00:00,0.7509,0.2491,3.0144520272982738
2025-03-25 17:00:00,0.7509,0.2491,3.0144520272982738
2025-03-25 18:00:00,0.7509,0.2491,3.0144520272982738
2025-03-25 19:00:00,0.7509,0.2491,3.0144520272982738
2025-03-25 20:00:00,0.7509,0.2491,3.0144520272982738
2025-03-25 21:00:00,0.7509,0.2491,3.0144520272982738
2025-03-25 22:00:00,0.7509,0.2491,3.0144520272982738
2025-03-25 23:00:00,0.7509,0.2491,3.0144520272982738
2025-03-26 00:00:00,0.7509,0.2491,3.0144520272982738
2025-03-26 01:00:00,0.7509,0.2491,3.0144520272982738
2025-03-26 02:00:00,0.7509,0.2491,3.0144520272982738
2025-03-26 03:00:00,0.7509,0.2491,3.0144520272982738
2025-03-26 04:00:00,0.7509,0.2491,3.0144520272982738
2025-03-26 05:00:00,0.7509,0.2491,3.0144520272982738
2025-03-26 06:00:00,0.7509,0.2491,3.0144520272982738
2025-03-26 07:00:00,0.7509,0.2491,3.0144520272982738
2025-03-26 08:00:00,0.7509,0.2491,3.0144520272982738
2025-03-26 09:00:00,0.7509,0.2491,3.0144520272982738
2025-03-26 10:00:00,0.7509,0.2491,3.0144520272982738
2025-03-26 11:00:00,0.7509,0.2491,3.0144520272982738
2025-03-26 12:00:00,0.7509,0.2491,3.0144520272982738
2025-03-26 13:00:00,0.7509,0.2491,3.0144520272982738
2025-03-26 14:00:00,0.7509,0.2491,3.0144520272982738
2025-03-26 15:00:00,0.7509,0.2491,3.0144520272982738
2025-03-26 16:00:00,0.7509,0.2491,3.0144520272982738
2025-03-26 17:00:00,0.7509,0.2491,3.0144520272982738
2025-03-26 18:00:00,0.7509,0.2491,3.0144520272982738
2025-03-26 19:00:00,0.7509,0.2491,3.0144520272982738
2025-03-26 20:00:00,0.7509,0.2491,3.0144520272982738
2025-03-26 21:00:00,0.7509,0.2491,3.0144520272982738
2025-03-26 22:00:00,0.7509,0.2491,3.0144520272982738
2025-03-26 23:00:00,0.7509,0.2491,3.0144520272982738
2025-03-27 00:00:00,0.7509,0.2491,3.0144520272982738
2025-03-27 01:00:00,0.7509,0.2491,3.0144520272982738
2025-03-27 02:00:00,0.7509,0.2491,3.0144520272982738
2025-03-27 03:00:00,0.7509,0.2491,3.0144520272982738
2025-03-27 04:00:00,0.7509,0.2491,3.0144520272982738
2025-03-27 05:00:00,0.7509,0.2491,3.0144520272982738
2025-03-27 06:00:00,0.7509,0.2491,3.0144520272982738
2025-03-27 07:00:00,0.7509,0.2491,3.0144520272982738
2025-03-27 08:00:00,0.7509,0.2491,3.0144520272982738
2025-03-27 09:00:00,0.7509,0.2491,3.0144520272982738
2025-03-27 10:00:00,0.7509,0.2491,3.0144520272982738
2025-03-27 11:00:00,0.7509,0.2491,3.0144520272982738
2025-03-27 12:00:00,0.7509,0.2491,3.0144520272982738
2025-03-27 13:00:00,0.7509,0.2491,3.0144520272982738
2025-03-27 14:00:00,0.7509,0.2491,3.0144520272982738
2025-03-27 15:00:00,0.7509,0.2491,3.0144520272982738
2025-03-27 16:00:00,0.7509,0.2491,3.0144520272982738
2025-03-27 17:00:00,0.7509,0.2491,3.0144520272982738
2025-03-27 18:00:00,0.7509,0.2491,3.0144520272982738
2025-03-27 19:00:00,0.7509,0.2491,3.0144520272982738
2025-03-27 20:00:00,0.7509,0.2491,3.0144520272982738
2025-03-27 21:00:00,0.7509,0.2491,3.0144520272982738
2025-03-27 22:00:00,0.7509,0.2491,3.0144520272982738
2025-03-27 23:00:00,0.7509,0.2491,3.0144520272982738
2025-03-28 00:00:00,0.7509,0.2491,3.0144520272982738
2025-03-28 01:00:00,0.7509,0.2491,3.0144520272982738
2025-03-28 02:00:00,0.7509,0.2491,3.0144520272982738
2025-03-28 03:00:00,0.7509,0.2491,3.0144520272982738
2025-03-28 04:00:00,0.7509,0.2491,3.0144520272982738
2025-03-28 05:00:00,0.7509,0.2491,3.0144520272982738
2025-03-28 06:00:00,0.7509,0.2491,3.0144520272982738
2025-03-28 07:00:00,0.7509,0.2491,3.0144520272982738
2025-03-28 08:00:00,0.7509,0.2491,3.0144520272982738
2025-03-28 09:00:00,0.7509,0.2491,3.0144520272982738
2025-03-28 10:00:00,0.7509,0.2491,3.0144520272982738
2025-03-28 11:00:00,0.7509,0.2491,3.0144520272982738
2025-03-28 12:00:00,0.7509,0.2491,3.0144520272982738
2025-03-28 13:00:00,0.7509,0.2491,3.0144520272982738
2025-03-28 14:00:00,0.7509,0.2491,3.0144520272982738
2025-03-28 15:00:00,0.7509,0.2491,3.0144520272982738
2025-03-28 16:00:00,0.7509,0.2491,3.0144520272982738
2025-03-28 17:00:00,0.7509,0.2491,3.0144520272982738
2025-03-28 18:00:00,0.7509,0.2491,3.0144520272982738
2025-03-28 19:00:00,0.7509,0.2491,3.0144520272982738
2025-03-28 20:00:00,0.7509,0.2491,3.0144520272982738
2025-03-28 21:00:00,0.7509,0.2491,3.0144520272982738
2025-03-28 22:00:00,0.7509,0.2491,3.0144520272982738
2025-03-28 23:00:00,0.7509,0.2491,3.0144520272982738
2025-03-29 00:00:00,0.7509,0.2491,3.0144520272982738
2025-03-29 01:00:00,0.7509,0.2491,3.0144520272982738
2025-03-29 02:00:00,0.7509,0.2491,3.0144520272982738
2025-03-29 03:00:00,0.7509,0.2491,3.0144520272982738
2025-03-29 04:00:00,0.7509,0.2491,3.0144520272982738
2025-03-29 05:00:00,0.7509,0.2491,3.0144520272982738
2025-03-29 06:00:00,0.7509,0.2491,3.0144520272982738
2025-03-29 07:00:00,0.7509,0.2491,3.0144520272982738
2025-03-29 08:00:00,0.7509,0.2491,3.0144520272982738
2025-03-29 09:00:00,0.7509,0.2491,3.0144520272982738
2025-03-29 10:00:00,0.7509,0.2491,3.0144520272982738
2025-03-29 11:00:00,0.7509,0.2491,3.0144520272982738
2025-03-29 12:00:00,0.7509,0.2491,3.0144520272982738
2025-03-29 13:00:00,0.7509,0.2491,3.0144520272982738
2025-03-29 14:00:00,0.7509,0.2491,3.0144520272982738
2025-03-29 15:00:00,0.7509,0.2491,3.0144520272982738
2025-03-29 16:00:00,0.7509,0.2491,3.0144520272982738
2025-03-29 17:00:00,0.7509,0.2491,3.0144520272982738
2025-03-29 18:00:00,0.7509,0.2491,3.0144520272982738
2025-03-29 19:00:00,0.7509,0.2491,3.0144520272982738
2025-03-29 20:00:00,0.7509,0.2491,3.0144520272982738
2025-03-29 21:00:00,0.7509,0.2491,3.0144520272982738
2025-03-29 22:00:00,0.7509,0.2491,3.0144520272982738
2025-03-29 23:00:00,0.7509,0.2491,3.0144520272982738
2025-03-30 00:00:00,0.7509,0.2491,3.0144520272982738
2025-03-30 01:00:00,0.7509,0.2491,3.0144520272982738
2025-03-30 02:00:00,0.7509,0.2491,3.0144520272982738
2025-03-30 03:00:00,0.7509,0.2491,3.0144520272982738
2025-03-30 04:00:00,0.7509,0.2491,3.0144520272982738
2025-03-30 05:00:00,0.7509,0.2491,3.0144520272982738
2025-03-30 06:00:00,0.7509,0.2491,3.0144520272982738
2025-03-30 07:00:00,0.7509,0.2491,3.0144520272982738
2025-03-30 08:00:00,0.7509,0.2491,3.0144520272982738
2025-03-30 09:00:00,0.7509,0.2491,3.0144520272982738
2025-03-30 10:00:00,0.7509,0.2491,3.0144520272982738
2025-03-30 11:00:00,0.7509,0.2491,3.0144520272982738
2025-03-30 12:00:00,0.7509,0.2491,3.0144520272982738
2025-03-30 13:00:00,0.7509,0.2491,3.0144520272982738
2025-03-30 14:00:00,0.7509,0.2491,3.0144520272982738
2025-03-30 15:00:00,0.7509,0.2491,3.0144520272982738
2025-03-30 16:00:00,0.7509,0.2491,3.0144520272982738
2025-03-30 17:00:00,0.7509,0.2491,3.0144520272982738
2025-03-30 18:00:00,0.7509,0.2491,3.0144520272982738
2025-03-30 19:00:00,0.7509,0.2491,3.0144520272982738
2025-03-30 20:00:00,0.7509,0.2491,3.0144520272982738
2025-03-30 21:00:00,0.7509,0.2491,3.0144520272982738
2025-03-30 22:00:00,0.7509,0.2491,3.0144520272982738
2025-03-30 23:00:00,0.7509,0.2491,3.0144520272982738
2025-03-31 00:00:00,0.7509,0.2491,3.0144520272982738
2025-03-31 01:00:00,0.7509,0.2491,3.0144520272982738
2025-03-31 02:00:00,0.7509,0.2491,3.0144520272982738
2025-03-31 03:00:00,0.7509,0.2491,3.0144520272982738
2025-03-31 04:00:00,0.7509,0.2491,3.0144520272982738
2025-03-31 05:00:00,0.7509,0.2491,3.0144520272982738
2025-03-31 06:00:00,0.7509,0.2491,3.0144520272982738
2025-03-31 07:00:00,0.7509,0.2491,3.0144520272982738
2025-03-31 08:00:00,0.7509,0.2491,3.0144520272982738
2025-03-31 09:00:00,0.7509,0.2491,3.0144520272982738
2025-03-31 10:00:00,0.7509,0.2491,3.0144520272982738
2025-03-31 11:00:00,0.7509,0.2491,3.0144520272982738
2025-03-31 12:00:00,0.7509,0.2491,3.0144520272982738
2025-03-31 13:00:00,0.7509,0.2491,3.0144520272982738
2025-03-31 14:00:00,0.7509,0.2491,3.0144520272982738
2025-03-31 15:00:00,0.7509,0.2491,3.0144520272982738
2025-03-31 16:00:00,0.7509,0.2491,3.0144520272982738
2025-03-31 17:00:00,0.7509,0.2491,3.0144520272982738
2025-03-31 18:00:00,0.7509,0.2491,3.0144520272982738
2025-03-31 19:00:00,0.7509,0.2491,3.0144520272982738
2025-03-31 20:00:00,0.7509,0.2491,3.0144520272982738
2025-03-31 21:00:00,0.7509,0.2491,3.0144520272982738
2025-03-31 22:00:00,0.7509,0.2491,3.0144520272982738
2025-03-31 23:00:00,0.7509,0.2491,3.0144520272982738
2025-04-01 00:00:00,0.7509,0.2491,3.0144520272982738
2025-04-01 01:00:00,0.7509,0.2491,3.0144520272982738
2025-04-01 02:00:00,0.7509,0.2491,3.0144520272982738
2025-04-01 03:00:00,0.7509,0.2491,3.0144520272982738
2025-04-01 04:00:00,0.7509,0.2491,3.0144520272982738
2025-04-01 05:00:00,0.7509,0.2491,3.0144520272982738
2025-04-01 06:00:00,0.7509,0.2491,3.0144520272982738
2025-04-01 07:00:00,0.7509,0.2491,3.0144520272982738
2025-04-01 08:00:00,0.7509,0.2491,3.0144520272982738
2025-04-01 09:00:00,0.7509,0.2491,3.0144520272982738
2025-04-01 10:00:00,0.7509,0.2491,3.0144520272982738
2025-04-01 11:00:00,0.7509,0.2491,3.0144520272982738
2025-04-01 12:00:00,0.7509,0.2491,3.0144520272982738
2025-04-01 13:00:00,0.7509,0.2491,3.0144520272982738
2025-04-01 14:00:00,0.7509,0.2491,3.0144520272982738
2025-04-01 15:00:00,0.7509,0.2491,3.0144520272982738
2025-04-01 16:00:00,0.7509,0.2491,3.0144520272982738
2025-04-01 17:00:00,0.7509,0.2491,3.0144520272982738
2025-04-01 18:00:00,0.7509,0.2491,3.0144520272982738
2025-04-01 19:00:00,0.7509,0.2491,3.0144520272982738
2025-04-01 20:00:00,0.7509,0.2491,3.0144520272982738
2025-04-01 21:00:00,0.7509,0.2491,3.0144520272982738
2025-04-01 22:00:00,0.7509,0.2491,3.0144520272982738
2025-04-01 23:00:00,0.7509,0.2491,3.0144520272982738
2025-04-02 00:00:00,0.7509,0.2491,3.0144520272982738
2025-04-02 01:00:00,0.7509,0.2491,3.0144520272982738
2025-04-02 02:00:00,0.7509,0.2491,3.0144520272982738
2025-04-02 03:00:00,0.7509,0.2491,3.0144520272982738
2025-04-02 04:00:00,0.7509,0.2491,3.0144520272982738
2025-04-02 05:00:00,0.7509,0.2491,3.0144520272982738
2025-04-02 06:00:00,0.7509,0.2491,3.0144520272982738
2025-04-02 07:00:00,0.7509,0.2491,3.0144520272982738
2025-04-02 08:00:00,0.7509,0.2491,3.0144520272982738
2025-04-02 09:00:00,0.7509,0.2491,3.0144520272982738
2025-04-02 10:00:00,0.7509,0.2491,3.0144520272982738
2025-04-02 11:00:00,0.7509,0.2491,3.0144520272982738
2025-04-02 12:00:00,0.7509,0.2491,3.0144520272982738
2025-04-02 13:00:00,0.7509,0.2491,3.0144520272982738
2025-04-02 14:00:00,0.7509,0.2491,3.0144520272982738
2025-04-02 15:00:00,0.7509,0.2491,3.0144520272982738
2025-04-02 16:00:00,0.7509,0.2491,3.0144520272982738
2025-04-02 17:00:00,0.7509,0.2491,3.0144520272982738
2025-04-02 18:00:00,0.7509,0.2491,3.0144520272982738
2025-04-02 19:00:00,0.7509,0.2491,3.0144520272982738
2025-04-02 20:00:00,0.7509,0.2491,3.0144520272982738
2025-04-02 21:00:00,0.7509,0.2491,3.0144520272982738
2025-04-02 22:00:00,0.7509,0.2491,3.0144520272982738
2025-04-02 23:00:00,0.7509,0.2491,3.0144520272982738
2025-04-03 00:00:00,0.7509,0.2491,3.0144520272982738
2025-04-03 01:00:00,0.7509,0.2491,3.0144520272982738
2025-04-03 02:00:00,0.7509,0.2491,3.0144520272982738
2025-04-03 03:00:00,0.7509,0.2491,3.0144520272982738
2025-04-03 04:00:00,0.7509,0.2491,3.0144520272982738
2025-04-03 05:00:00,0.7509,0.2491,3.0144520272982738
2025-04-03 06:00:00,0.7509,0.2491,3.0144520272982738
2025-04-03 07:00:00,0.7509,0.2491,3.0144520272982738
2025-04-03 08:00:00,0.7509,0.2491,3.0144520272982738
2025-04-03 09:00:00,0.7509,0.2491,3.0144520272982738
2025-04-03 10:00:00,0.7509,0.2491,3.0144520272982738
2025-04-03 11:00:00,0.7509,0.2491,3.0144520272982738
2025-04-03 12:00:00,0.7509,0.2491,3.0144520272982738
2025-04-03 13:00:00,0.7509,0.2491,3.0144520272982738
2025-04-03 14:00:00,0.7509,0.2491,3.0144520272982738
2025-04-03 15:00:00,0.7509,0.2491,3.0144520272982738
2025-04-03 16:00:00,0.7509,0.2491,3.0144520272982738
2025-04-03 17:00:00,0.7509,0.2491,3.0144520272982738
2025-04-03 18:00:00,0.7509,0.2491,3.0144520272982738
2025-04-03 19:00:00,0.7509,0.2491,3.0144520272982738
2025-04-03 20:00:00,0.7509,0.2491,3.0144520272982738
2025-04-03 21:00:00,0.7509,0.2491,3.0144520272982738
2025-04-03 22:00:00,0.7509,0.2491,3.0144520272982738
2025-04-03 23:00:00,0.7509,0.2491,3.0144520272982738
2025-04-04 00:00:00,0.7509,0.2491,3.0144520272982738
2025-04-04 01:00:00,0.7509,0.2491,3.0144520272982738
2025-04-04 02:00:00,0.7509,0.2491,3.0144520272982738
2025-04-04 03:00:00,0.7509,0.2491,3.0144520272982738
2025-04-04 04:00:00,0.7509,0.2491,3.0144520272982738
2025-04-04 05:00:00,0.7509,0.2491,3.0144520272982738
2025-04-04 06:00:00,0.7509,0.2491,3.0144520272982738
2025-04-04 07:00:00,0.7509,0.2491,3.0144520272982738
2025-04-04 08:00:00,0.7509,0.2491,3.0144520272982738
2025-04-04 09:00:00,0.7509,0.2491,3.0144520272982738
2025-04-04 10:00:00,0.7509,0.2491,3.0144520272982738
2025-04-04 11:00:00,0.7509,0.2491,3.0144520272982738
2025-04-04 12:00:00,0.7509,0.2491,3.0144520272982738
2025-04-04 13:00:00,0.7509,0.2491,3.0144520272982738
2025-04-04 14:00:00,0.7509,0.2491,3.0144520272982738
2025-04-04 15:00:00,0.7509,0.2491,3.0144520272982738
2025-04-04 16:00:00,0.7509,0.2491,3.0144520272982738
2025-04-04 17:00:00,0.7509,0.2491,3.0144520272982738
2025-04-04 18:00:00,0.7509,0.2491,3.0144520272982738
2025-04-04 19:00:00,0.7509,0.2491,3.0144520272982738
2025-04-04 20:00:00,0.7509,0.2491,3.0144520272982738
2025-04-04 21:00:00,0.7509,0.2491,3.0144520272982738
2025-04-04 22:00:00,0.7509,0.2491,3.0144520272982738
2025-04-04 23:00:00,0.7509,0.2491,3.0144520272982738
2025-04-05 00:00:00,0.7509,0.2491,3.0144520272982738
2025-04-05 01:00:00,0.7509,0.2491,3.0144520272982738
2025-04-05 02:00:00,0.7509,0.2491,3.0144520272982738
2025-04-05 03:00:00,0.7509,0.2491,3.0144520272982738
2025-04-05 04:00:00,0.7509,0.2491,3.0144520272982738
2025-04-05 05:00:00,0.7509,0.2491,3.0144520272982738
2025-04-05 06:00:00,0.7509,0.2491,3.0144520272982738
2025-04-05 07:00:00,0.7509,0.2491,3.0144520272982738
2025-04-05 08:00:00,0.7509,0.2491,3.0144520272982738
2025-04-05 09:00:00,0.7509,0.2491,3.0144520272982738
2025-04-05 10:00:00,0.7509,0.2491,3.0144520272982738
2025-04-05 11:00:00,0.7509,0.2491,3.0144520272982738
2025-04-05 12:00:00,0.7509,0.2491,3.0144520272982738
2025-04-05 13:00:00,0.7509,0.2491,3.0144520272982738
2025-04-05 14:00:00,0.7509,0.2491,3.0144520272982738
2025-04-05 15:00:00,0.7509,0.2491,3.0144520272982738
2025-04-05 16:00:00,0.7509,0.2491,3.0144520272982738
2025-04-05 17:00:00,0.7509,0.2491,3.0144520272982738
2025-04-05 18:00:00,0.7509,0.2491,3.0144520272982738
2025-04-05 19:00:00,0.7509,0.2491,3.0144520272982738
2025-04-05 20:00:00,0.7509,0.2491,3.0144520272982738
2025-04-05 21:00:00,0.7509,0.2491,3.0144520272982738
2025-04-05 22:00:00,0.7509,0.2491,3.0144520272982738
2025-04-05 23:00:00,0.7509,0.2491,3.0144520272982738
2025-04-06 00:00:00,0.7509,0.2491,3.0144520272982738
2025-04-06 01:00:00,0.7509,0.2491,3.0144520272982738
2025-04-06 02:00:00,0.7509,0.2491,3.0144520272982738
2025-04-06 03:00:00,0.7509,0.2491,3.0144520272982738
2025-04-06 04:00:00,0.7509,0.2491,3.0144520272982738
2025-04-06 05:00:00,0.7509,0.2491,3.0144520272982738
2025-04-06 06:00:00,0.7509,0.2491,3.0144520272982738
2025-04-06 07:00:00,0.7509,0.2491,3.0144520272982738
2025-04-06 08:00:00,0.7509,0.2491,3.0144520272982738
2025-04-06 09:00:00,0.7509,0.2491,3.0144520272982738
2025-04-06 10:00:00,0.7509,0.2491,3.0144520272982738
2025-04-06 11:00:00,0.7509,0.2491,3.0144520272982738
2025-04-06 12:00:00,0.7509,0.2491,3.0144520272982738
2025-04-06 13:00:00,0.7509,0.2491,3.0144520272982738
2025-04-06 14:00:00,0.7509,0.2491,3.0144520272982738
2025-04-06 15:00:00,0.7509,0.2491,3.0144520272982738
2025-04-06 16:00:00,0.7509,0.2491,3.0144520272982738
2025-04-06 17:00:00,0.7509,0.2491,3.0144520272982738
2025-04-06 18:00:00,0.7509,0.2491,3.0144520272982738
2025-04-06 19:00:00,0.7509,0.2491,3.0144520272982738
2025-04-06 20:00:00,0.7509,0.2491,3.0144520272982738
2025-04-06 21:00:00,0.7509,0.2491,3.0144520272982738
2025-04-06 22:00:00,0.7509,0.2491,3.0144520272982738
2025-04-06 23:00:00,0.7509,0.2491,3.0144520272982738
2025-04-07 00:00:00,0.7509,0.2491,3.0144520272982738
2025-04-07 01:00:00,0.7509,0.2491,3.0144520272982738
2025-04-07 02:00:00,0.7509,0.2491,3.0144520272982738
2025-04-07 03:00:00,0.7509,0.2491,3.0144520272982738
2025-04-07 04:00:00,0.7509,0.2491,3.0144520272982738
2025-04-07 05:00:00,0.7509,0.2491,3.0144520272982738
2025-04-07 06:00:00,0.7509,0.2491,3.0144520272982738
2025-04-07 07:00:00,0.7509,0.2491,3.0144520272982738
2025-04-07 08:00:00,0.7509,0.2491,3.0144520272982738
2025-04-07 09:00:00,0.7509,0.2491,3.0144520272982738
2025-04-07 10:00:00,0.7509,0.2491,3.0144520272982738
2025-04-07 11:00:00,0.7509,0.2491,3.0144520272982738
2025-04-07 12:00:00,0.7509,0.2491,3.0144520272982738
2025-04-07 13:00:00,0.7509,0.2491,3.0144520272982738
2025-04-07 14:00:00,0.7509,0.2491,3.0144520272982738
2025-04-07 15:00:00,0.7509,0.2491,3.0144520272982738
2025-04-07 16:00:00,0.7509,0.2491,3.0144520272982738
2025-04-07 17:00:00,0.7509,0.2491,3.0144520272982738
2025-04-07 18:00:00,0.7509,0.2491,3.0144520272982738
2025-04-07 19:00:00,0.7509,0.2491,3.0144520272982738
2025-04-07 20:00:00,0.7509,0.2491,3.0144520272982738
2025-04-07 21:00:00,0.7509,0.2491,3.0144520272982738
2025-04-07 22:00:00,0.7509,0.2491,3.0144520272982738
2025-04-07 23:00:00,0.7509,0.2491,3.0144520272982738
2025-04-08 00:00:00,0.7509,0.2491,3.0144520272982738
2025-04-08 01:00:00,0.7509,0.2491,3.0144520272982738
2025-04-08 02:00:00,0.7509,0.2491,3.0144520272982738
2025-04-08 03:00:00,0.7509,0.2491,3.0144520272982738
2025-04-08 04:00:00,0.7509,0.2491,3.0144520272982738
2025-04-08 05:00:00,0.7509,0.2491,3.0144520272982738
2025-04-08 06:00:00,0.7509,0.2491,3.0144520272982738
2025-04-08 07:00:00,0.7509,0.2491,3.0144520272982738
2025-04-08 08:00:00,0.7509,0.2491,3.0144520272982738
2025-04-08 09:00:00,0.7065,0.2935,2.4071550255536627
2025-04-08 10:00:00,0.7001,0.2999,2.334444814938313
2025-04-08 11:00:00,0.6941,0.3059,2.2690421706440014
2025-04-08 12:00:00,0.6934,0.3066,2.2615786040443577
2025-04-08 13:00:00,0.6855,0.3145,2.179650238473768
2025-04-08 14:00:00,0.686,0.314,2.1847133757961785
2025-04-08 15:00:00,0.6872,0.3128,2.1969309462915603
2025-04-08 16:00:00,0.7051,0.2949,2.39097999321804
2025-04-08 17:00:00,0.6889,0.3111,2.2144005143040824
2025-04-08 18:00:00,0.6893,0.3107,2.21853878339234
2025-04-08 19:00:00,0.6831,0.3169,2.155569580309246
2025-04-08 20:00:00,0.6888,0.3112,2.2133676092544987
2025-04-08 21:00:00,0.6817,0.3183,2.1416902293433866
2025-04-08 22:00:00,0.7028,0.2972,2.364737550471063
2025-04-08 23:00:00,0.7112,0.2888,2.4626038781163437
2025-04-09 00:00:00,0.7055,0.2945,2.395585738539898
2025-04-09 01:00:00,0.7114,0.2886,2.465003465003465
2025-04-09 02:00:00,0.7146,0.2854,2.5038542396636303
2025-04-09 03:00:00,0.7091,0.2909,2.4376074252320383
2025-04-09 04:00:00,0.7091,0.2909,2.4376074252320383
2025-04-09 05:00:00,0.7143,0.2857,2.5001750087504377
2025-04-09 06:00:00,0.7263,0.2737,2.653635367190354
2025-04-09 07:00:00,0.7229,0.2771,2.6088054853843374
2025-04-09 08:00:00,0.7233,0.2767,2.6140224069389233
2025-04-09 09:00:00,0.7369,0.2631,2.800836183960471
2025-04-09 10:00:00,0.7412,0.2588,2.8639876352395675
2025-04-09 11:00:00,0.7447,0.2553,2.916960438699569
2025-04-09 12:00:00,0.7428,0.2572,2.888024883359254
2025-04-09 13:00:00,0.7334,0.2666,2.7509377344336086
2025-04-09 14:00:00,0.7324,0.2676,2.7369207772795217
2025-04-09 15:00:00,0.7318,0.2682,2.7285607755406414
2025-04-09 16:00:00,0.7216,0.2784,2.591954022988506
2025-04-09 17:00:00,0.7214,0.2786,2.589375448671931
2025-04-09 18:00:00,0.7166,0.2834,2.5285815102328866
2025-04-09 19:00:00,0.704,0.296,2.3783783783783785
2025-04-09 20:00:00,0.7044,0.2956,2.3829499323410017
2025-04-09 21:00:00,0.7085,0.2915,2.430531732418525
2025-04-09 22:00:00,0.6773,0.3227,2.098853424233034
2025-04-09 23:00:00,0.6425,0.3575,1.797202797202797
2025-04-10 00:00:00,0.6377,0.3623,1.760143527463428
2025-04-10 01:00:00,0.6469,0.3531,1.832058906825262
2025-04-10 02:00:00,0.6322,0.3678,1.718868950516585
2025-04-10 03:00:00,0.6212,0.3788,1.6399155227032733
2025-04-10 04:00:00,0.611,0.389,1.5706940874035988
2025-04-10 05:00:00,0.6078,0.3922,1.5497195308516063
2025-04-10 06:00:00,0.6096,0.3904,1.5614754098360655
2025-04-10 07:00:00,0.607,0.393,1.5445292620865139
2025-04-10 08:00:00,0.6032,0.3968,1.5201612903225805
2025-04-10 09:00:00,0.6078,0.3922,1.5497195308516063
2025-04-10 10:00:00,0.6135,0.3865,1.5873221216041398
2025-04-10 11:00:00,0.6095,0.3905,1.560819462227913
2025-04-10 12:00:00,0.6083,0.3917,1.5529742149604289
2025-04-10 13:00:00,0.6058,0.3942,1.536783358701167
2025-04-10 14:00:00,0.6174,0.3826,1.6136957658128592
2025-04-10 15:00:00,0.6192,0.3808,1.626050420168067
2025-04-10 16:00:00,0.6217,0.3783,1.6434047052603753
2025-04-10 17:00:00,0.6354,0.3646,1.7427317608337904
2025-04-10 18:00:00,0.6286,0.3714,1.6925148088314486
2025-04-10 19:00:00,0.6303,0.3697,1.704895861509332
2025-04-10 20:00:00,0.6595,0.3405,1.936857562408223
2025-04-10 21:00:00,0.6941,0.3059,2.2690421706440014
2025-04-10 22:00:00,0.6957,0.3043,2.286230693394676
2025-04-10 23:00:00,0.6989,0.3011,2.3211557622052474
2025-04-11 00:00:00,0.6998,0.3002,2.331112591605596
2025-04-11 01:00:00,0.7023,0.2977,2.359086328518643
2025-04-11 02:00:00,0.7001,0.2999,2.334444814938313
2025-04-11 03:00:00,0.6974,0.3026,2.304692663582287
2025-04-11 04:00:00,0.6937,0.3063,2.26477309826967
2025-04-11 05:00:00,0.6865,0.3135,2.189792663476874
2025-04-11 06:00:00,0.7018,0.2982,2.3534540576794094
2025-04-11 07:00:00,0.6987,0.3013,2.318951211417192
2025-04-11 08:00:00,0.7006,0.2994,2.3400133600534403
2025-04-11 09:00:00,0.6966,0.3034,2.2959789057350033
2025-04-11 10:00:00,0.6912,0.3088,2.238341968911917
2025-04-11 11:00:00,0.6929,0.3071,2.2562683165092805
2025-04-11 12:00:00,0.6863,0.3137,2.1877590054191907
2025-04-11 13:00:00,0.6726,0.3274,2.054367745876603
2025-04-11 14:00:00,0.669,0.331,2.0211480362537766
2025-04-11 15:00:00,0.6504,0.3496,1.860411899313501
2025-04-11 16:00:00,0.6241,0.3759,1.6602819898909285
2025-04-11 17:00:00,0.6205,0.3795,1.635046113306983
2025-04-11 18:00:00,0.6233,0.3767,1.6546323334218211
2025-04-11 19:00:00,0.6196,0.3804,1.6288117770767614
2025-04-11 20:00:00,0.617,0.383,1.6109660574412532
2025-04-11 21:00:00,0.6095,0.3905,1.560819462227913
2025-04-11 22:00:00,0.616,0.384,1.6041666666666665
2025-04-11 23:00:00,0.5996,0.4004,1.4975024975024975
2025-04-12 00:00:00,0.5978,0.4022,1.486325211337643
2025-04-12 01:00:00,0.5966,0.4034,1.478929102627665
2025-04-12 02:00:00,0.5954,0.4046,1.471576866040534
2025-04-12 03:00:00,0.5855,0.4145,1.4125452352231604
2025-04-12 04:00:00,0.5844,0.4156,1.4061597690086622
2025-04-12 05:00:00,0.5851,0.4149,1.4102193299590262
2025-04-12 06:00:00,0.581,0.419,1.3866348448687351
2025-04-12 07:00:00,0.5775,0.4225,1.3668639053254439
2025-04-12 08:00:00,0.5776,0.4224,1.3674242424242424
2025-04-12 09:00:00,0.5844,0.4156,1.4061597690086622
2025-04-12 10:00:00,0.5889,0.4111,1.4324981756263682
2025-04-12 11:00:00,0.5955,0.4045,1.4721878862793571
2025-04-12 12:00:00,0.599,0.401,1.4937655860349126
2025-04-12 13:00:00,0.5972,0.4028,1.4826216484607746
2025-04-12 14:00:00,0.5934,0.4066,1.4594195769798328
2025-04-12 15:00:00,0.5887,0.4113,1.4313153415998054
2025-04-12 16:00:00,0.5909,0.4091,1.4443901246638962
2025-04-12 17:00:00,0.5934,0.4066,1.4594195769798328
2025-04-12 18:00:00,0.6031,0.3969,1.5195263290501386
2025-04-12 19:00:00,0.5891,0.4109,1.433682161109759
2025-04-12 20:00:00,0.5808,0.4192,1.3854961832061068
2025-04-12 21:00:00,0.5707,0.4293,1.3293733985557885
2025-04-12 22:00:00,0.5752,0.4248,1.3540489642184559
2025-04-12 23:00:00,0.5805,0.4195,1.3837902264600717
2025-04-13 00:00:00,0.5729,0.4271,1.3413720440177943
2025-04-13 01:00:00,0.5692,0.4308,1.3212627669452182
2025-04-13 02:00:00,0.5678,0.4322,1.3137436372049978
2025-04-13 03:00:00,0.5649,0.4351,1.2983222247759136
2025-04-13 04:00:00,0.5608,0.4392,1.2768670309653916
2025-04-13 05:00:00,0.5596,0.4404,1.270663033605813
2025-04-13 06:00:00,0.5602,0.4398,1.2737608003638017
2025-04-13 07:00:00,0.5584,0.4416,1.2644927536231885
2025-04-13 08:00:00,0.5582,0.4418,1.2634676324128564
2025-04-13 09:00:00,0.5584,0.4416,1.2644927536231885
2025-04-13 10:00:00,0.5591,0.4409,1.2680880018144705
2025-04-13 11:00:00,0.5604,0.4396,1.2747952684258417
2025-04-13 12:00:00,0.5563,0.4437,1.25377507324769
2025-04-13 13:00:00,0.5552,0.4448,1.248201438848921
2025-04-13 14:00:00,0.5674,0.4326,1.3116042533518262
2025-04-13 15:00:00,0.5672,0.4328,1.310536044362292
2025-04-13 16:00:00,0.5606,0.4394,1.2758306781975421
2025-04-13 17:00:00,0.5609,0.4391,1.2773855613755407
2025-04-13 18:00:00,0.5527,0.4473,1.23563603845294
2025-04-13 19:00:00,0.5627,0.4373,1.28675966155957
2025-04-13 20:00:00,0.5597,0.4403,1.2711787417669769
2025-04-13 21:00:00,0.5691,0.4309,1.3207240659085635
2025-04-13 22:00:00,0.5798,0.4202,1.3798191337458352
2025-04-13 23:00:00,0.5775,0.4225,1.3668639053254439
2025-04-14 00:00:00,0.575,0.425,1.352941176470588
2025-04-14 01:00:00,0.5763,0.4237,1.3601604909133822
2025-04-14 02:00:00,0.5777,0.4223,1.3679848448969927
2025-04-14 03:00:00,0.5809,0.4191,1.3860653781913626
2025-04-14 04:00:00,0.5823,0.4177,1.3940627244433805
2025-04-14 05:00:00,0.5844,0.4156,1.4061597690086622
2025-04-14 06:00:00,0.5861,0.4139,1.4160425223483932
2025-04-14 07:00:00,0.5868,0.4132,1.4201355275895449
2025-04-14 08:00:00,0.5899,0.4101,1.4384296513045598
2025-04-14 09:00:00,0.593,0.407,1.4570024570024571
2025-04-14 10:00:00,0.5927,0.4073,1.4551927326295115
2025-04-14 11:00:00,0.5913,0.4087,1.446782481037436
2025-04-14 12:00:00,0.5923,0.4077,1.4527839097375521
2025-04-14 13:00:00,0.5943,0.4057,1.464875523786049
2025-04-14 14:00:00,0.596,0.404,1.475247524752475
2025-04-14 15:00:00,0.5968,0.4032,1.4801587301587302
2025-04-14 16:00:00,0.5974,0.4026,1.4838549428713363
2025-04-14 17:00:00,0.5991,0.4009,1.494387627837366
2025-04-14 18:00:00,0.5952,0.4048,1.4703557312252964
2025-04-14 19:00:00,0.5889,0.4111,1.4324981756263682
2025-04-14 20:00:00,0.6018,0.3982,1.5113008538422903
2025-04-14 21:00:00,0.6022,0.3978,1.513826043237808
2025-04-14 22:00:00,0.6018,0.3982,1.5113008538422903
2025-04-14 23:00:00,0.5958,0.4042,1.4740227610094012
2025-04-15 00:00:00,0.5924,0.4076,1.4533856722276741
2025-04-15 01:00:00,0.5869,0.4131,1.420721374969741
2025-04-15 02:00:00,0.5859,0.4141,1.4148756339048538
2025-04-15 03:00:00,0.5859,0.4141,1.4148756339048538
2025-04-15 04:00:00,0.5874,0.4126,1.4236548715462918
2025-04-15 05:00:00,0.587,0.413,1.4213075060532687
2025-04-15 06:00:00,0.5873,0.4127,1.42306760358614
2025-04-15 07:00:00,0.5868,0.4132,1.4201355275895449
2025-04-15 08:00:00,0.5843,0.4157,1.4055809477988934
2025-04-15 09:00:00,0.5793,0.4207,1.376990729736154
2025-04-15 10:00:00,0.5734,0.4266,1.3441162681669012
2025-04-15 11:00:00,0.5677,0.4323,1.313208420078649
2025-04-15 12:00:00,0.5659,0.4341,1.30361667818475
2025-04-15 13:00:00,0.5666,0.4334,1.3073373327180433
2025-04-15 14:00:00,0.5654,0.4346,1.300966405890474
2025-04-15 15:00:00,0.5618,0.4382,1.2820629849383842
2025-04-15 16:00:00,0.562,0.438,1.2831050228310503
2025-04-15 17:00:00,0.5658,0.4342,1.3030861354214647
2025-04-15 18:00:00,0.5703,0.4297,1.327205026762858
2025-04-15 19:00:00,0.5732,0.4268,1.3430178069353327
2025-04-15 20:00:00,0.5691,0.4309,1.3207240659085635
2025-04-15 21:00:00,0.5703,0.4297,1.327205026762858
2025-04-15 22:00:00,0.5701,0.4299,1.3261223540358225
2025-04-15 23:00:00,0.5717,0.4283,1.3348120476301657
2025-04-16 00:00:00,0.5752,0.4248,1.3540489642184559
2025-04-16 01:00:00,0.5814,0.4186,1.3889154323936932
2025-04-16 02:00:00,0.5928,0.4072,1.455795677799607
2025-04-16 03:00:00,0.5927,0.4073,1.4551927326295115
2025-04-16 04:00:00,0.5939,0.4061,1.4624476729869489
2025-04-16 05:00:00,0.6042,0.3958,1.5265285497726124
2025-04-16 06:00:00,0.6142,0.3858,1.592016588906169
2025-04-16 07:00:00,0.6228,0.3772,1.6511134676564159
2025-04-16 08:00:00,0.6252,0.3748,1.6680896478121663
2025-04-16 09:00:00,0.6204,0.3796,1.6343519494204424
2025-04-16 10:00:00,0.6243,0.3757,1.6616981634282673
2025-04-16 11:00:00,0.6288,0.3712,1.6939655172413794
2025-04-16 12:00:00,0.6275,0.3725,1.6845637583892616
2025-04-16 13:00:00,0.6315,0.3685,1.7137042062415195
2025-04-16 14:00:00,0.6311,0.3689,1.7107617240444564
2025-04-16 15:00:00,0.6356,0.3644,1.7442371020856204
2025-04-16 16:00:00,0.6375,0.3625,1.7586206896551724
2025-04-16 17:00:00,0.6343,0.3657,1.7344818156959254
2025-04-16 18:00:00,0.6303,0.3697,1.704895861509332
2025-04-16 19:00:00,0.6211,0.3789,1.6392187912377936
2025-04-16 20:00:00,0.6022,0.3978,1.513826043237808
2025-04-16 21:00:00,0.5949,0.4051,1.4685262898049862
2025-04-16 22:00:00,0.5945,0.4055,1.4660912453760788
2025-04-16 23:00:00,0.6002,0.3998,1.5012506253126563
2025-04-17 00:00:00,0.5995,0.4005,1.4968789013732835
2025-04-17 01:00:00,0.5988,0.4012,1.4925224327018942
2025-04-17 02:00:00,0.599,0.401,1.4937655860349126
2025-04-17 03:00:00,0.5966,0.4034,1.478929102627665
2025-04-17 04:00:00,0.5936,0.4064,1.4606299212598426
2025-04-17 05:00:00,0.5945,0.4055,1.4660912453760788
2025-04-17 06:00:00,0.598,0.402,1.4875621890547261
2025-04-17 07:00:00,0.5977,0.4023,1.485707183693761
2025-04-17 08:00:00,0.5972,0.4028,1.4826216484607746
2025-04-17 09:00:00,0.5979,0.4021,1.486943546381497
2025-04-17 10:00:00,0.5972,0.4028,1.4826216484607746
2025-04-17 11:00:00,0.5988,0.4012,1.4925224327018942
2025-04-17 12:00:00,0.592,0.408,1.4509803921568627
2025-04-17 13:00:00,0.5889,0.4111,1.4324981756263682
2025-04-17 14:00:00,0.5928,0.4072,1.455795677799607
2025-04-17 15:00:00,0.5958,0.4042,1.4740227610094012
2025-04-17 16:00:00,0.5976,0.4024,1.4850894632206761
2025-04-17 17:00:00,0.5943,0.4057,1.464875523786049
2025-04-17 18:00:00,0.5951,0.4049,1.4697456162015312
2025-04-17 19:00:00,0.6027,0.3973,1.5169896803423106
2025-04-17 20:00:00,0.5961,0.4039,1.4758603614756127
2025-04-17 21:00:00,0.5955,0.4045,1.4721878862793571
2025-04-17 22:00:00,0.593,0.407,1.4570024570024571
2025-04-17 23:00:00,0.58,0.42,1.380952380952381
2025-04-18 00:00:00,0.5836,0.4164,1.4015369836695486
2025-04-18 01:00:00,0.5837,0.4163,1.4021138601969734
2025-04-18 02:00:00,0.5831,0.4169,1.3986567522187574
2025-04-18 03:00:00,0.5818,0.4182,1.3912003825920611
2025-04-18 04:00:00,0.583,0.417,1.3980815347721822
2025-04-18 05:00:00,0.5823,0.4177,1.3940627244433805
2025-04-18 06:00:00,0.5822,0.4178,1.3934897079942556
2025-04-18 07:00:00,0.5829,0.4171,1.397506593143131
2025-04-18 08:00:00,0.5845,0.4155,1.4067388688327318
2025-04-18 09:00:00,0.5853,0.4147,1.4113817217265494
2025-04-18 10:00:00,0.5878,0.4122,1.4260067928190199
2025-04-18 11:00:00,0.5891,0.4109,1.433682161109759
2025-04-18 12:00:00,0.5915,0.4085,1.447980416156671
2025-04-18 13:00:00,0.5926,0.4074,1.454590083456063
2025-04-18 14:00:00,0.5951,0.4049,1.4697456162015312
2025-04-18 15:00:00,0.594,0.406,1.463054187192118
2025-04-18 16:00:00,0.5964,0.4036,1.4777006937561943
2025-04-18 17:00:00,0.5996,0.4004,1.4975024975024975
2025-04-18 18:00:00,0.6004,0.3996,1.5025025025025025
2025-04-18 19:00:00,0.6006,0.3994,1.5037556334501754
2025-04-18 20:00:00,0.5997,0.4003,1.498126405196103
2025-04-18 21:00:00,0.6008,0.3992,1.5050100200400802
2025-04-18 22:00:00,0.6021,0.3979,1.5131942699170646
2025-04-18 23:00:00,0.6038,0.3962,1.5239777889954569
2025-04-19 00:00:00,0.6027,0.3973,1.5169896803423106
2025-04-19 01:00:00,0.6027,0.3973,1.5169896803423106
2025-04-19 02:00:00,0.6066,0.3934,1.541942043721403
2025-04-19 03:00:00,0.6077,0.3923,1.5490695895997961
2025-04-19 04:00:00,0.6074,0.3926,1.5471217524197658
2025-04-19 05:00:00,0.6077,0.3923,1.5490695895997961
2025-04-19 06:00:00,0.6079,0.3921,1.550369803621525
2025-04-19 07:00:00,0.6105,0.3895,1.5673940949935816
2025-04-19 08:00:00,0.6091,0.3909,1.5581990278843691
2025-04-19 09:00:00,0.6034,0.3966,1.5214321734745335
2025-04-19 10:00:00,0.5981,0.4019,1.488181139586962
2025-04-19 11:00:00,0.5925,0.4075,1.45398773006135
2025-04-19 12:00:00,0.5916,0.4084,1.4485798237022527
2025-04-19 13:00:00,0.5885,0.4115,1.4301336573511545
2025-04-19 14:00:00,0.5838,0.4162,1.4026910139356077
2025-04-19 15:00:00,0.5802,0.4198,1.3820867079561696
2025-04-19 16:00:00,0.5769,0.4231,1.363507445048452
2025-04-19 17:00:00,0.5767,0.4233,1.3623907394283015
2025-04-19 18:00:00,0.5772,0.4228,1.3651844843897825
2025-04-19 19:00:00,0.5731,0.4269,1.3424689622862498
2025-04-19 20:00:00,0.5701,0.4299,1.3261223540358225
2025-04-19 21:00:00,0.573,0.427,1.3419203747072599
2025-04-19 22:00:00,0.5762,0.4238,1.3596035865974516
2025-04-19 23:00:00,0.5756,0.4244,1.3562676720075402
2025-04-20 00:00:00,0.5751,0.4249,1.3534949399858789
2025-04-20 01:00:00,0.5756,0.4244,1.3562676720075402
2025-04-20 02:00:00,0.5757,0.4243,1.3568230025925052
2025-04-20 03:00:00,0.5756,0.4244,1.3562676720075402
2025-04-20 04:00:00,0.5761,0.4239,1.359046945034206
2025-04-20 05:00:00,0.5775,0.4225,1.3668639053254439
2025-04-20 06:00:00,0.5787,0.4213,1.3736055067647757
2025-04-20 07:00:00,0.5791,0.4209,1.3758612497030172
2025-04-20 08:00:00,0.5793,0.4207,1.376990729736154
2025-04-20 09:00:00,0.581,0.419,1.3866348448687351
2025-04-20 10:00:00,0.5815,0.4185,1.3894862604540026
2025-04-20 11:00:00,0.583,0.417,1.3980815347721822
2025-04-20 12:00:00,0.5908,0.4092,1.4437927663734116
2025-04-20 13:00:00,0.5908,0.4092,1.4437927663734116
2025-04-20 14:00:00,0.5965,0.4035,1.4783147459727386
2025-04-20 15:00:00,0.603,0.397,1.5188916876574305
2025-04-20 16:00:00,0.6124,0.3876,1.5799793601651189
2025-04-20 17:00:00,0.6208,0.3792,1.637130801687764
2025-04-20 18:00:00,0.6215,0.3785,1.642007926023778
2025-04-20 19:00:00,0.6223,0.3777,1.6476039184537994
2025-04-20 20:00:00,0.6204,0.3796,1.6343519494204424
2025-04-20 21:00:00,0.6205,0.3795,1.635046113306983
2025-04-20 22:00:00,0.619,0.381,1.6246719160104985
2025-04-20 23:00:00,0.6184,0.3816,1.620545073375262
2025-04-21 00:00:00,0.6193,0.3807,1.6267402153926975
2025-04-21 01:00:00,0.6067,0.3933,1.5425883549453345
2025-04-21 02:00:00,0.6057,0.3943,1.5361399949277201
2025-04-21 03:00:00,0.6105,0.3895,1.5673940949935816
2025-04-21 04:00:00,0.6068,0.3932,1.54323499491353
2025-04-21 05:00:00,0.592,0.408,1.4509803921568627
2025-04-21 06:00:00,0.5852,0.4148,1.4108003857280618
2025-04-21 07:00:00,0.5764,0.4236,1.3607176581680833
2025-04-21 08:00:00,0.5648,0.4352,1.2977941176470589
2025-04-21 09:00:00,0.5564,0.4436,1.254283137962128
2025-04-21 10:00:00,0.5584,0.4416,1.2644927536231885
2025-04-21 11:00:00,0.5512,0.4488,1.2281639928698753
2025-04-21 12:00:00,0.5459,0.4541,1.2021581149526537
2025-04-21 13:00:00,0.5444,0.4556,1.1949078138718174
2025-04-21 14:00:00,0.5387,0.4613,1.1677866897897247
2025-04-21 15:00:00,0.5324,0.4676,1.13857998289136
2025-04-21 16:00:00,0.5329,0.4671,1.1408691928923143
2025-04-21 17:00:00,0.5323,0.4677,1.1381227282446011
2025-04-21 18:00:00,0.536,0.464,1.1551724137931034
2025-04-21 19:00:00,0.5297,0.4703,1.1263023601956197
2025-04-21 20:00:00,0.5245,0.4755,1.103049421661409
2025-04-21 21:00:00,0.5239,0.4761,1.1003990758244067
2025-04-21 22:00:00,0.5419,0.4581,1.1829294913774286
2025-04-21 23:00:00,0.5494,0.4506,1.2192632046160674
2025-04-22 00:00:00,0.5559,0.4441,1.251745102454402
2025-04-22 01:00:00,0.5512,0.4488,1.2281639928698753
2025-04-22 02:00:00,0.5529,0.4471,1.2366360993066428
2025-04-22 03:00:00,0.5528,0.4472,1.2361359570661896
2025-04-22 04:00:00,0.5568,0.4432,1.2563176895306858
2025-04-22 05:00:00,0.5572,0.4428,1.2583559168925023
2025-04-22 06:00:00,0.5577,0.4423,1.2609088853719195
2025-04-22 07:00:00,0.5533,0.4467,1.2386389075442132
2025-04-22 08:00:00,0.5507,0.4493,1.2256843979523704
2025-04-22 09:00:00,0.5494,0.4506,1.2192632046160674
2025-04-22 10:00:00,0.5468,0.4532,1.206531332744925
2025-04-22 11:00:00,0.5466,0.4534,1.2055580061755622
2025-04-22 12:00:00,0.5467,0.4533,1.2060445621001543
2025-04-22 13:00:00,0.5423,0.4577,1.184837229626393
2025-04-22 14:00:00,0.5415,0.4585,1.1810250817884405
2025-04-22 15:00:00,0.5403,0.4597,1.1753317380900588
2025-04-22 16:00:00,0.5404,0.4596,1.1758050478677111
2025-04-22 17:00:00,0.5524,0.4476,1.2341376228775693
2025-04-22 18:00:00,0.5369,0.4631,1.1593608291945585
2025-04-22 19:00:00,0.5363,0.4637,1.1565667457407807
2025-04-22 20:00:00,0.5267,0.4733,1.1128248468201984
2025-04-22 21:00:00,0.522,0.478,1.092050209205021
2025-04-22 22:00:00,0.5278,0.4722,1.117746717492588
2025-04-22 23:00:00,0.5243,0.4757,1.1021652301870926
2025-04-23 00:00:00,0.5193,0.4807,1.0802995631370917
2025-04-23 01:00:00,0.5117,0.4883,1.047921359819783
2025-04-23 02:00:00,0.5407,0.4593,1.177226213803614
2025-04-23 03:00:00,0.5396,0.4604,1.1720243266724588
2025-04-23 04:00:00,0.5401,0.4599,1.1743857360295717
2025-04-23 05:00:00,0.5368,0.4632,1.1588946459412781
2025-04-23 06:00:00,0.5358,0.4642,1.154243860404998
2025-04-23 07:00:00,0.5379,0.4621,1.1640337589266394
2025-04-23 08:00:00,0.5406,0.4594,1.1767522855899
2025-04-23 09:00:00,0.5433,0.4567,1.1896211955331728
2025-04-23 10:00:00,0.5398,0.4602,1.1729682746631898
2025-04-23 11:00:00,0.5401,0.4599,1.1743857360295717
2025-04-23 12:00:00,0.5477,0.4523,1.2109219544550076
2025-04-23 13:00:00,0.548,0.452,1.2123893805309736
2025-04-23 14:00:00,0.5405,0.4595,1.176278563656148
2025-04-23 15:00:00,0.539,0.461,1.1691973969631237
2025-04-23 16:00:00,0.5341,0.4659,1.1463833440652502
2025-04-23 17:00:00,0.5412,0.4588,1.1795989537925022
2025-04-23 18:00:00,0.5323,0.4677,1.1381227282446011
2025-04-23 19:00:00,0.5274,0.4726,1.1159542953872195
2025-04-23 20:00:00,0.5349,0.4651,1.1500752526338422
2025-04-23 21:00:00,0.5395,0.4605,1.1715526601520085
2025-04-23 22:00:00,0.5358,0.4642,1.154243860404998
2025-04-23 23:00:00,0.5324,0.4676,1.13857998289136
2025-04-24 00:00:00,0.5349,0.4651,1.1500752526338422
2025-04-24 01:00:00,0.5338,0.4662,1.145002145002145
2025-04-24 02:00:00,0.5317,0.4683,1.1353833013025838
2025-04-24 03:00:00,0.5321,0.4679,1.137208805300278
2025-04-24 04:00:00,0.5315,0.4685,1.134471718249733
2025-04-24 05:00:00,0.5317,0.4683,1.1353833013025838
2025-04-24 06:00:00,0.5298,0.4702,1.126754572522331
2025-04-24 07:00:00,0.5309,0.4691,1.1317416329140908
2025-04-24 08:00:00,0.5244,0.4756,1.1026072329688814
2025-04-24 09:00:00,0.5285,0.4715,1.1208907741251326
2025-04-24 10:00:00,0.5317,0.4683,1.1353833013025838
2025-04-24 11:00:00,0.5301,0.4699,1.1281123643328368
2025-04-24 12:00:00,0.5286,0.4714,1.1213406873143827
2025-04-24 13:00:00,0.5291,0.4709,1.1235931195582927
2025-04-24 14:00:00,0.5476,0.4524,1.2104332449160033
2025-04-24 15:00:00,0.5563,0.4437,1.25377507324769
2025-04-24 16:00:00,0.556,0.444,1.2522522522522523
2025-04-24 17:00:00,0.5605,0.4395,1.2753128555176336
2025-04-24 18:00:00,0.5597,0.4403,1.2711787417669769
2025-04-24 19:00:00,0.5666,0.4334,1.3073373327180433
2025-04-24 20:00:00,0.5641,0.4359,1.2941041523285157
2025-04-24 21:00:00,0.5615,0.4385,1.2805017103762828
2025-04-24 22:00:00,0.5522,0.4478,1.233139794551139
2025-04-24 23:00:00,0.5541,0.4459,1.2426553038797936
2025-04-25 00:00:00,0.5546,0.4454,1.2451728783116298
2025-04-25 01:00:00,0.5502,0.4498,1.223210315695865
2025-04-25 02:00:00,0.5495,0.4505,1.2197558268590454
2025-04-25 03:00:00,0.5484,0.4516,1.2143489813994686
2025-04-25 04:00:00,0.5524,0.4476,1.2341376228775693
2025-04-25 05:00:00,0.5507,0.4493,1.2256843979523704
2025-04-25 06:00:00,0.5503,0.4497,1.2237046920169001
2025-04-25 07:00:00,0.5445,0.4555,1.1953896816684961
2025-04-25 08:00:00,0.5489,0.4511,1.2168033695411218
2025-04-25 09:00:00,0.5426,0.4574,1.1862702229995628
2025-04-25 10:00:00,0.5416,0.4584,1.181500872600349
2025-04-25 11:00:00,0.5472,0.4528,1.2084805653710249
2025-04-25 12:00:00,0.5472,0.4528,1.2084805653710249
2025-04-25 13:00:00,0.5446,0.4554,1.1958717610891523
2025-04-25 14:00:00,0.5433,0.4567,1.1896211955331728
2025-04-25 15:00:00,0.5401,0.4599,1.1743857360295717
2025-04-25 16:00:00,0.538,0.462,1.1645021645021645
2025-04-25 17:00:00,0.5305,0.4695,1.1299254526091587
2025-04-25 18:00:00,0.5312,0.4688,1.1331058020477816
2025-04-25 19:00:00,0.5297,0.4703,1.1263023601956197
2025-04-25 20:00:00,0.5221,0.4779,1.0924879681941828
2025-04-25 21:00:00,0.5218,0.4782,1.0911752404851527
2025-04-25 22:00:00,0.5167,0.4833,1.0691082143596111
2025-04-25 23:00:00,0.5171,0.4829,1.070822116380203
2025-04-26 00:00:00,0.5148,0.4852,1.0610057708161582
2025-04-26 01:00:00,0.5132,0.4868,1.0542317173377156
2025-04-26 02:00:00,0.5118,0.4882,1.0483408439164277
2025-04-26 03:00:00,0.5133,0.4867,1.054653790836244
2025-04-26 04:00:00,0.5135,0.4865,1.0554984583761562
2025-04-26 05:00:00,0.5141,0.4859,1.0580366330520683
2025-04-26 06:00:00,0.5189,0.4811,1.0785699438786116
2025-04-26 07:00:00,0.5198,0.4802,1.0824656393169514
2025-04-26 08:00:00,0.5204,0.4796,1.0850708924103418
2025-04-26 09:00:00,0.5194,0.4806,1.0807324178110693
2025-04-26 10:00:00,0.521,0.479,1.0876826722338206
2025-04-26 11:00:00,0.5238,0.4762,1.0999580008399832
2025-04-26 12:00:00,0.5257,0.4743,1.108370229812355
2025-04-26 13:00:00,0.523,0.477,1.0964360587002098
2025-04-26 14:00:00,0.5199,0.4801,1.0828993959591753
2025-04-26 15:00:00,0.5226,0.4774,1.0946795140343526
2025-04-26 16:00:00,0.5165,0.4835,1.0682523267838675
2025-04-26 17:00:00,0.5187,0.4813,1.077706212341575
2025-04-26 18:00:00,0.5156,0.4844,1.0644095788604457
2025-04-26 19:00:00,0.5199,0.4801,1.0828993959591753
2025-04-26 20:00:00,0.5261,0.4739,1.1101498206372653
2025-04-26 21:00:00,0.5275,0.4725,1.1164021164021163
2025-04-26 22:00:00,0.5288,0.4712,1.1222410865874364
2025-04-26 23:00:00,0.5289,0.4711,1.1226915729144555
2025-04-27 00:00:00,0.5302,0.4698,1.1285653469561516
2025-04-27 01:00:00,0.5303,0.4697,1.1290185224611453
2025-04-27 02:00:00,0.5306,0.4694,1.1303792074989347
2025-04-27 03:00:00,0.538,0.462,1.1645021645021645
2025-04-27 04:00:00,0.5383,0.4617,1.1659085986571367
2025-04-27 05:00:00,0.5398,0.4602,1.1729682746631898
2025-04-27 06:00:00,0.5384,0.4616,1.166377816291161
2025-04-27 07:00:00,0.5379,0.4621,1.1640337589266394
2025-04-27 08:00:00,0.5379,0.4621,1.1640337589266394
2025-04-27 09:00:00,0.535,0.465,1.1505376344086022
2025-04-27 10:00:00,0.5298,0.4702,1.126754572522331
2025-04-27 11:00:00,0.5304,0.4696,1.129471890971039
2025-04-27 12:00:00,0.5336,0.4664,1.1440823327615781
2025-04-27 13:00:00,0.5372,0.4628,1.1607605877268798
2025-04-27 14:00:00,0.536,0.464,1.1551724137931034
2025-04-27 15:00:00,0.5335,0.4665,1.1436227224008573
2025-04-27 16:00:00,0.532,0.468,1.1367521367521367
2025-04-27 17:00:00,0.5333,0.4667,1.1427040925648169
2025-04-27 18:00:00,0.5373,0.4627,1.1612275772638858
2025-04-27 19:00:00,0.5383,0.4617,1.1659085986571367
2025-04-27 20:00:00,0.5374,0.4626,1.1616947686986596
2025-04-27 21:00:00,0.537,0.463,1.1598272138228942
2025-04-27 22:00:00,0.5379,0.4621,1.1640337589266394
2025-04-27 23:00:00,0.5431,0.4569,1.188662727073758
2025-04-28 00:00:00,0.5445,0.4555,1.1953896816684961
2025-04-28 01:00:00,0.5439,0.4561,1.1925016443762333
2025-04-28 02:00:00,0.545,0.455,1.1978021978021978
2025-04-28 03:00:00,0.5452,0.4548,1.1987686895338612
2025-04-28 04:00:00,0.5453,0.4547,1.1992522542335606
2025-04-28 05:00:00,0.5386,0.4614,1.1673168617251841
2025-04-28 06:00:00,0.53,0.47,1.1276595744680853
2025-04-28 07:00:00,0.5338,0.4662,1.145002145002145
2025-04-28 08:00:00,0.5352,0.4648,1.151462994836489
2025-04-28 09:00:00,0.5355,0.4645,1.1528525296017222
2025-04-28 10:00:00,0.5422,0.4578,1.1843599825251203
2025-04-28 11:00:00,0.5435,0.4565,1.1905805038335158
2025-04-28 12:00:00,0.5442,0.4558,1.1939447125932428
2025-04-28 13:00:00,0.5388,0.4612,1.1682567215958368
2025-04-28 14:00:00,0.5373,0.4627,1.1612275772638858
2025-04-28 15:00:00,0.5337,0.4663,1.1445421402530558
2025-04-28 16:00:00,0.5349,0.4651,1.1500752526338422
2025-04-28 17:00:00,0.533,0.467,1.1413276231263383
2025-04-28 18:00:00,0.5285,0.4715,1.1208907741251326
2025-04-28 19:00:00,0.5363,0.4637,1.1565667457407807
2025-04-28 20:00:00,0.5404,0.4596,1.1758050478677111
2025-04-28 21:00:00,0.5485,0.4515,1.2148394241417497
2025-04-28 22:00:00,0.5565,0.4435,1.2547914317925593
2025-04-28 23:00:00,0.5593,0.4407,1.269117313365101
2025-04-29 00:00:00,0.5564,0.4436,1.254283137962128
2025-04-29 01:00:00,0.5527,0.4473,1.23563603845294
2025-04-29 02:00:00,0.553,0.447,1.2371364653243848
2025-04-29 03:00:00,0.5557,0.4443,1.2507314877335134
2025-04-29 04:00:00,0.5537,0.4463,1.2406453058480842
2025-04-29 05:00:00,0.5537,0.4463,1.2406453058480842
2025-04-29 06:00:00,0.5537,0.4463,1.2406453058480842
2025-04-29 07:00:00,0.5537,0.4463,1.2406453058480842
2025-04-29 08:00:00,0.5537,0.4463,1.2406453058480842
2025-04-29 09:00:00,0.5537,0.4463,1.2406453058480842
2025-04-29 10:00:00,0.5537,0.4463,1.2406453058480842
2025-04-29 11:00:00,0.5537,0.4463,1.2406453058480842
2025-04-29 12:00:00,0.5537,0.4463,1.2406453058480842
2025-04-29 13:00:00,0.5537,0.4463,1.2406453058480842
2025-04-29 14:00:00,0.5537,0.4463,1.2406453058480842
2025-04-29 15:00:00,0.5537,0.4463,1.2406453058480842
2025-04-29 16:00:00,0.5537,0.4463,1.2406453058480842
2025-04-29 17:00:00,0.5537,0.4463,1.2406453058480842
2025-04-29 18:00:00,0.5537,0.4463,1.2406453058480842
2025-04-29 19:00:00,0.5537,0.4463,1.2406453058480842
2025-04-29 20:00:00,0.5537,0.4463,1.2406453058480842
2025-04-29 21:00:00,0.5537,0.4463,1.2406453058480842
2025-04-29 22:00:00,0.5537,0.4463,1.2406453058480842
2025-04-29 23:00:00,0.5537,0.4463,1.2406453058480842
2025-04-30 00:00:00,0.5537,0.4463,1.2406453058480842
2025-04-30 01:00:00,0.5537,0.4463,1.2406453058480842
2025-04-30 02:00:00,0.5537,0.4463,1.2406453058480842
2025-04-30 03:00:00,0.5537,0.4463,1.2406453058480842
2025-04-30 04:00:00,0.5537,0.4463,1.2406453058480842
2025-04-30 05:00:00,0.5537,0.4463,1.2406453058480842
2025-04-30 06:00:00,0.5537,0.4463,1.2406453058480842
2025-04-30 07:00:00,0.5537,0.4463,1.2406453058480842
2025-04-30 08:00:00,0.5537,0.4463,1.2406453058480842
2025-04-30 09:00:00,0.5537,0.4463,1.2406453058480842
2025-04-30 10:00:00,0.5537,0.4463,1.2406453058480842
2025-04-30 11:00:00,0.5537,0.4463,1.2406453058480842
2025-04-30 12:00:00,0.5537,0.4463,1.2406453058480842
2025-04-30 13:00:00,0.5537,0.4463,1.2406453058480842
2025-04-30 14:00:00,0.5537,0.4463,1.2406453058480842
2025-04-30 15:00:00,0.5537,0.4463,1.2406453058480842
2025-04-30 16:00:00,0.5537,0.4463,1.2406453058480842
2025-04-30 17:00:00,0.5537,0.4463,1.2406453058480842
2025-04-30 18:00:00,0.5537,0.4463,1.2406453058480842
2025-04-30 19:00:00,0.5537,0.4463,1.2406453058480842
2025-04-30 20:00:00,0.5537,0.4463,1.2406453058480842
2025-04-30 21:00:00,0.5537,0.4463,1.2406453058480842
2025-04-30 22:00:00,0.5537,0.4463,1.2406453058480842
2025-04-30 23:00:00,0.5537,0.4463,1.2406453058480842
2025-05-01 00:00:00,0.5537,0.4463,1.2406453058480842
2025-05-01 01:00:00,0.5537,0.4463,1.2406453058480842
2025-05-01 02:00:00,0.5537,0.4463,1.2406453058480842
2025-05-01 03:00:00,0.5537,0.4463,1.2406453058480842
2025-05-01 04:00:00,0.5537,0.4463,1.2406453058480842
2025-05-01 05:00:00,0.5537,0.4463,1.2406453058480842
2025-05-01 06:00:00,0.5537,0.4463,1.2406453058480842
2025-05-01 07:00:00,0.5537,0.4463,1.2406453058480842
2025-05-01 08:00:00,0.5537,0.4463,1.2406453058480842
2025-05-01 09:00:00,0.5537,0.4463,1.2406453058480842
2025-05-01 10:00:00,0.5537,0.4463,1.2406453058480842
2025-05-01 11:00:00,0.5537,0.4463,1.2406453058480842
2025-05-01 12:00:00,0.5537,0.4463,1.2406453058480842
2025-05-01 13:00:00,0.5537,0.4463,1.2406453058480842
2025-05-01 14:00:00,0.5537,0.4463,1.2406453058480842
2025-05-01 15:00:00,0.5537,0.4463,1.2406453058480842
2025-05-01 16:00:00,0.5537,0.4463,1.2406453058480842
2025-05-01 17:00:00,0.5537,0.4463,1.2406453058480842
2025-05-01 18:00:00,0.5537,0.4463,1.2406453058480842
2025-05-01 19:00:00,0.5537,0.4463,1.2406453058480842
2025-05-01 20:00:00,0.5537,0.4463,1.2406453058480842
2025-05-01 21:00:00,0.5537,0.4463,1.2406453058480842
2025-05-01 22:00:00,0.5537,0.4463,1.2406453058480842
2025-05-01 23:00:00,0.5537,0.4463,1.2406453058480842
2025-05-02 00:00:00,0.5537,0.4463,1.2406453058480842
2025-05-02 01:00:00,0.5537,0.4463,1.2406453058480842
2025-05-02 02:00:00,0.5537,0.4463,1.2406453058480842
2025-05-02 03:00:00,0.5537,0.4463,1.2406453058480842
2025-05-02 04:00:00,0.5537,0.4463,1.2406453058480842
2025-05-02 05:00:00,0.5537,0.4463,1.2406453058480842
2025-05-02 06:00:00,0.5537,0.4463,1.2406453058480842
2025-05-02 07:00:00,0.5537,0.4463,1.2406453058480842
2025-05-02 08:00:00,0.5537,0.4463,1.2406453058480842
2025-05-02 09:00:00,0.5537,0.4463,1.2406453058480842
2025-05-02 10:00:00,0.5537,0.4463,1.2406453058480842
2025-05-02 11:00:00,0.5537,0.4463,1.2406453058480842
2025-05-02 12:00:00,0.5537,0.4463,1.2406453058480842
2025-05-02 13:00:00,0.5537,0.4463,1.2406453058480842
2025-05-02 14:00:00,0.5537,0.4463,1.2406453058480842
2025-05-02 15:00:00,0.5537,0.4463,1.2406453058480842
2025-05-02 16:00:00,0.5537,0.4463,1.2406453058480842
2025-05-02 17:00:00,0.5537,0.4463,1.2406453058480842
2025-05-02 18:00:00,0.5537,0.4463,1.2406453058480842
2025-05-02 19:00:00,0.5537,0.4463,1.2406453058480842
2025-05-02 20:00:00,0.5537,0.4463,1.2406453058480842
2025-05-02 21:00:00,0.5537,0.4463,1.2406453058480842
2025-05-02 22:00:00,0.5537,0.4463,1.2406453058480842
2025-05-02 23:00:00,0.5537,0.4463,1.2406453058480842
2025-05-03 00:00:00,0.5537,0.4463,1.2406453058480842
2025-05-03 01:00:00,0.5537,0.4463,1.2406453058480842
2025-05-03 02:00:00,0.5537,0.4463,1.2406453058480842
2025-05-03 03:00:00,0.5537,0.4463,1.2406453058480842
2025-05-03 04:00:00,0.5537,0.4463,1.2406453058480842
2025-05-03 05:00:00,0.5537,0.4463,1.2406453058480842
2025-05-03 06:00:00,0.5537,0.4463,1.2406453058480842
2025-05-03 07:00:00,0.5537,0.4463,1.2406453058480842
2025-05-03 08:00:00,0.5537,0.4463,1.2406453058480842
2025-05-03 09:00:00,0.5537,0.4463,1.2406453058480842
2025-05-03 10:00:00,0.5537,0.4463,1.2406453058480842
2025-05-03 11:00:00,0.5537,0.4463,1.2406453058480842
2025-05-03 12:00:00,0.5537,0.4463,1.2406453058480842
2025-05-03 13:00:00,0.5537,0.4463,1.2406453058480842
2025-05-03 14:00:00,0.5537,0.4463,1.2406453058480842
2025-05-03 15:00:00,0.5537,0.4463,1.2406453058480842
2025-05-03 16:00:00,0.5537,0.4463,1.2406453058480842
2025-05-03 17:00:00,0.5537,0.4463,1.2406453058480842
2025-05-03 18:00:00,0.5537,0.4463,1.2406453058480842
2025-05-03 19:00:00,0.5537,0.4463,1.2406453058480842
2025-05-03 20:00:00,0.5537,0.4463,1.2406453058480842
2025-05-03 21:00:00,0.5537,0.4463,1.2406453058480842
2025-05-03 22:00:00,0.5537,0.4463,1.2406453058480842
2025-05-03 23:00:00,0.5537,0.4463,1.2406453058480842
2025-05-04 00:00:00,0.5537,0.4463,1.2406453058480842
2025-05-04 01:00:00,0.5537,0.4463,1.2406453058480842
2025-05-04 02:00:00,0.5537,0.4463,1.2406453058480842
2025-05-04 03:00:00,0.5537,0.4463,1.2406453058480842
2025-05-04 04:00:00,0.5537,0.4463,1.2406453058480842
2025-05-04 05:00:00,0.5537,0.4463,1.2406453058480842
2025-05-04 06:00:00,0.5537,0.4463,1.2406453058480842
2025-05-04 07:00:00,0.5537,0.4463,1.2406453058480842
2025-05-04 08:00:00,0.5537,0.4463,1.2406453058480842
2025-05-04 09:00:00,0.5537,0.4463,1.2406453058480842
2025-05-04 10:00:00,0.5537,0.4463,1.2406453058480842
2025-05-04 11:00:00,0.5537,0.4463,1.2406453058480842
2025-05-04 12:00:00,0.5537,0.4463,1.2406453058480842
2025-05-04 13:00:00,0.5537,0.4463,1.2406453058480842
2025-05-04 14:00:00,0.5537,0.4463,1.2406453058480842
2025-05-04 15:00:00,0.5537,0.4463,1.2406453058480842
2025-05-04 16:00:00,0.5537,0.4463,1.2406453058480842
2025-05-04 17:00:00,0.5537,0.4463,1.2406453058480842
2025-05-04 18:00:00,0.5537,0.4463,1.2406453058480842
2025-05-04 19:00:00,0.5537,0.4463,1.2406453058480842
2025-05-04 20:00:00,0.5537,0.4463,1.2406453058480842
2025-05-04 21:00:00,0.5537,0.4463,1.2406453058480842
2025-05-04 22:00:00,0.5537,0.4463,1.2406453058480842
2025-05-04 23:00:00,0.5537,0.4463,1.2406453058480842
2025-05-05 00:00:00,0.5537,0.4463,1.2406453058480842
2025-05-05 01:00:00,0.5537,0.4463,1.2406453058480842
2025-05-05 02:00:00,0.5537,0.4463,1.2406453058480842
2025-05-05 03:00:00,0.5537,0.4463,1.2406453058480842
2025-05-05 04:00:00,0.5537,0.4463,1.2406453058480842
2025-05-05 05:00:00,0.5537,0.4463,1.2406453058480842
2025-05-05 06:00:00,0.5537,0.4463,1.2406453058480842
2025-05-05 07:00:00,0.5537,0.4463,1.2406453058480842
2025-05-05 08:00:00,0.5537,0.4463,1.2406453058480842
2025-05-05 09:00:00,0.5537,0.4463,1.2406453058480842
2025-05-05 10:00:00,0.5537,0.4463,1.2406453058480842
2025-05-05 11:00:00,0.5537,0.4463,1.2406453058480842
2025-05-05 12:00:00,0.5537,0.4463,1.2406453058480842
2025-05-05 13:00:00,0.5537,0.4463,1.2406453058480842
2025-05-05 14:00:00,0.5537,0.4463,1.2406453058480842
2025-05-05 15:00:00,0.5537,0.4463,1.2406453058480842
2025-05-05 16:00:00,0.5537,0.4463,1.2406453058480842
2025-05-05 17:00:00,0.5537,0.4463,1.2406453058480842
2025-05-05 18:00:00,0.5537,0.4463,1.2406453058480842
2025-05-05 19:00:00,0.5537,0.4463,1.2406453058480842
2025-05-05 20:00:00,0.5537,0.4463,1.2406453058480842
2025-05-05 21:00:00,0.5537,0.4463,1.2406453058480842
2025-05-05 22:00:00,0.5537,0.4463,1.2406453058480842
2025-05-05 23:00:00,0.5537,0.4463,1.2406453058480842
2025-05-06 00:00:00,0.5537,0.4463,1.2406453058480842
2025-05-06 01:00:00,0.5537,0.4463,1.2406453058480842
2025-05-06 02:00:00,0.5537,0.4463,1.2406453058480842
2025-05-06 03:00:00,0.5537,0.4463,1.2406453058480842
2025-05-06 04:00:00,0.5537,0.4463,1.2406453058480842
2025-05-06 05:00:00,0.5537,0.4463,1.2406453058480842
2025-05-06 06:00:00,0.5537,0.4463,1.2406453058480842
2025-05-06 07:00:00,0.5537,0.4463,1.2406453058480842
2025-05-06 08:00:00,0.5537,0.4463,1.2406453058480842
2025-05-06 09:00:00,0.5537,0.4463,1.2406453058480842
2025-05-06 10:00:00,0.5537,0.4463,1.2406453058480842
2025-05-06 11:00:00,0.5537,0.4463,1.2406453058480842
2025-05-06 12:00:00,0.5537,0.4463,1.2406453058480842
2025-05-06 13:00:00,0.5537,0.4463,1.2406453058480842
2025-05-06 14:00:00,0.5537,0.4463,1.2406453058480842
2025-05-06 15:00:00,0.5537,0.4463,1.2406453058480842
2025-05-06 16:00:00,0.5537,0.4463,1.2406453058480842
2025-05-06 17:00:00,0.5537,0.4463,1.2406453058480842
2025-05-06 18:00:00,0.5537,0.4463,1.2406453058480842
2025-05-06 19:00:00,0.5537,0.4463,1.2406453058480842
2025-05-06 20:00:00,0.5537,0.4463,1.2406453058480842
2025-05-06 21:00:00,0.5537,0.4463,1.2406453058480842
2025-05-06 22:00:00,0.5537,0.4463,1.2406453058480842
2025-05-06 23:00:00,0.5537,0.4463,1.2406453058480842
2025-05-07 00:00:00,0.5537,0.4463,1.2406453058480842
2025-05-07 01:00:00,0.5537,0.4463,1.2406453058480842
2025-05-07 02:00:00,0.5537,0.4463,1.2406453058480842
2025-05-07 03:00:00,0.5537,0.4463,1.2406453058480842
2025-05-07 04:00:00,0.5537,0.4463,1.2406453058480842
2025-05-07 05:00:00,0.5537,0.4463,1.2406453058480842
2025-05-07 06:00:00,0.5537,0.4463,1.2406453058480842
2025-05-07 07:00:00,0.5537,0.4463,1.2406453058480842
2025-05-07 08:00:00,0.5537,0.4463,1.2406453058480842
2025-05-07 09:00:00,0.5537,0.4463,1.2406453058480842
2025-05-07 10:00:00,0.5537,0.4463,1.2406453058480842
2025-05-07 11:00:00,0.5537,0.4463,1.2406453058480842
2025-05-07 12:00:00,0.5537,0.4463,1.2406453058480842
2025-05-07 13:00:00,0.5537,0.4463,1.2406453058480842
2025-05-07 14:00:00,0.5537,0.4463,1.2406453058480842
2025-05-07 15:00:00,0.5537,0.4463,1.2406453058480842
2025-05-07 16:00:00,0.5537,0.4463,1.2406453058480842
2025-05-07 17:00:00,0.5537,0.4463,1.2406453058480842
2025-05-07 18:00:00,0.5537,0.4463,1.2406453058480842
2025-05-07 19:00:00,0.5537,0.4463,1.2406453058480842
2025-05-07 20:00:00,0.5537,0.4463,1.2406453058480842
2025-05-07 21:00:00,0.5537,0.4463,1.2406453058480842
2025-05-07 22:00:00,0.5537,0.4463,1.2406453058480842
2025-05-07 23:00:00,0.5537,0.4463,1.2406453058480842
2025-05-08 00:00:00,0.5537,0.4463,1.2406453058480842
2025-05-08 01:00:00,0.5537,0.4463,1.2406453058480842
2025-05-08 02:00:00,0.5537,0.4463,1.2406453058480842
2025-05-08 03:00:00,0.5537,0.4463,1.2406453058480842
2025-05-08 04:00:00,0.5537,0.4463,1.2406453058480842
2025-05-08 05:00:00,0.5537,0.4463,1.2406453058480842
2025-05-08 06:00:00,0.5537,0.4463,1.2406453058480842
2025-05-08 07:00:00,0.5537,0.4463,1.2406453058480842
2025-05-08 08:00:00,0.5537,0.4463,1.2406453058480842
2025-05-08 09:00:00,0.5537,0.4463,1.2406453058480842
2025-05-08 10:00:00,0.5537,0.4463,1.2406453058480842
2025-05-08 11:00:00,0.5537,0.4463,1.2406453058480842
2025-05-08 12:00:00,0.5537,0.4463,1.2406453058480842
2025-05-08 13:00:00,0.5537,0.4463,1.2406453058480842
2025-05-08 14:00:00,0.5537,0.4463,1.2406453058480842
2025-05-08 15:00:00,0.5537,0.4463,1.2406453058480842
2025-05-08 16:00:00,0.5537,0.4463,1.2406453058480842
2025-05-08 17:00:00,0.5537,0.4463,1.2406453058480842
2025-05-08 18:00:00,0.5537,0.4463,1.2406453058480842
2025-05-08 19:00:00,0.5537,0.4463,1.2406453058480842
2025-05-08 20:00:00,0.5537,0.4463,1.2406453058480842
2025-05-08 21:00:00,0.5537,0.4463,1.2406453058480842
2025-05-08 22:00:00,0.5537,0.4463,1.2406453058480842
2025-05-08 23:00:00,0.5537,0.4463,1.2406453058480842
2025-05-09 00:00:00,0.5537,0.4463,1.2406453058480842
2025-05-09 01:00:00,0.5537,0.4463,1.2406453058480842
2025-05-09 02:00:00,0.5537,0.4463,1.2406453058480842
2025-05-09 03:00:00,0.5537,0.4463,1.2406453058480842
2025-05-09 04:00:00,0.5537,0.4463,1.2406453058480842
2025-05-09 05:00:00,0.5537,0.4463,1.2406453058480842
2025-05-09 06:00:00,0.5537,0.4463,1.2406453058480842
2025-05-09 07:00:00,0.5537,0.4463,1.2406453058480842
2025-05-09 08:00:00,0.5537,0.4463,1.2406453058480842
2025-05-09 09:00:00,0.5537,0.4463,1.2406453058480842
2025-05-09 10:00:00,0.5537,0.4463,1.2406453058480842
2025-05-09 11:00:00,0.5537,0.4463,1.2406453058480842
2025-05-09 12:00:00,0.5537,0.4463,1.2406453058480842
2025-05-09 13:00:00,0.5537,0.4463,1.2406453058480842
2025-05-09 14:00:00,0.5537,0.4463,1.2406453058480842
2025-05-09 15:00:00,0.5537,0.4463,1.2406453058480842
2025-05-09 16:00:00,0.5537,0.4463,1.2406453058480842
2025-05-09 17:00:00,0.5537,0.4463,1.2406453058480842
2025-05-09 18:00:00,0.5537,0.4463,1.2406453058480842
2025-05-09 19:00:00,0.5537,0.4463,1.2406453058480842
2025-05-09 20:00:00,0.5537,0.4463,1.2406453058480842
2025-05-09 21:00:00,0.5537,0.4463,1.2406453058480842
2025-05-09 22:00:00,0.5537,0.4463,1.2406453058480842
2025-05-09 23:00:00,0.5537,0.4463,1.2406453058480842
2025-05-10 00:00:00,0.5537,0.4463,1.2406453058480842
2025-05-10 01:00:00,0.5537,0.4463,1.2406453058480842
2025-05-10 02:00:00,0.5537,0.4463,1.2406453058480842
2025-05-10 03:00:00,0.5537,0.4463,1.2406453058480842
2025-05-10 04:00:00,0.5537,0.4463,1.2406453058480842
2025-05-10 05:00:00,0.5537,0.4463,1.2406453058480842
2025-05-10 06:00:00,0.5537,0.4463,1.2406453058480842
2025-05-10 07:00:00,0.5537,0.4463,1.2406453058480842
2025-05-10 08:00:00,0.5537,0.4463,1.2406453058480842
2025-05-10 09:00:00,0.5537,0.4463,1.2406453058480842
2025-05-10 10:00:00,0.5537,0.4463,1.2406453058480842
2025-05-10 11:00:00,0.5537,0.4463,1.2406453058480842
2025-05-10 12:00:00,0.5537,0.4463,1.2406453058480842
2025-05-10 13:00:00,0.5537,0.4463,1.2406453058480842
2025-05-10 14:00:00,0.5537,0.4463,1.2406453058480842
2025-05-10 15:00:00,0.5537,0.4463,1.2406453058480842
2025-05-10 16:00:00,0.5537,0.4463,1.2406453058480842
2025-05-10 17:00:00,0.5537,0.4463,1.2406453058480842
2025-05-10 18:00:00,0.5537,0.4463,1.2406453058480842
2025-05-10 19:00:00,0.5537,0.4463,1.2406453058480842
2025-05-10 20:00:00,0.5537,0.4463,1.2406453058480842
2025-05-10 21:00:00,0.5537,0.4463,1.2406453058480842
2025-05-10 22:00:00,0.5537,0.4463,1.2406453058480842
2025-05-10 23:00:00,0.5537,0.4463,1.2406453058480842
2025-05-11 00:00:00,0.5537,0.4463,1.2406453058480842
2025-05-11 01:00:00,0.5537,0.4463,1.2406453058480842
2025-05-11 02:00:00,0.5537,0.4463,1.2406453058480842
2025-05-11 03:00:00,0.5537,0.4463,1.2406453058480842
2025-05-11 04:00:00,0.5537,0.4463,1.2406453058480842
2025-05-11 05:00:00,0.5537,0.4463,1.2406453058480842
2025-05-11 06:00:00,0.5537,0.4463,1.2406453058480842
2025-05-11 07:00:00,0.5537,0.4463,1.2406453058480842
2025-05-11 08:00:00,0.5537,0.4463,1.2406453058480842
2025-05-11 09:00:00,0.5537,0.4463,1.2406453058480842
2025-05-11 10:00:00,0.5537,0.4463,1.2406453058480842
2025-05-11 11:00:00,0.5537,0.4463,1.2406453058480842
2025-05-11 12:00:00,0.5537,0.4463,1.2406453058480842
2025-05-11 13:00:00,0.5537,0.4463,1.2406453058480842
2025-05-11 14:00:00,0.5537,0.4463,1.2406453058480842
2025-05-11 15:00:00,0.5537,0.4463,1.2406453058480842
2025-05-11 16:00:00,0.5537,0.4463,1.2406453058480842
2025-05-11 17:00:00,0.5537,0.4463,1.2406453058480842
2025-05-11 18:00:00,0.5537,0.4463,1.2406453058480842
2025-05-11 19:00:00,0.5537,0.4463,1.2406453058480842
2025-05-11 20:00:00,0.5537,0.4463,1.2406453058480842
2025-05-11 21:00:00,0.5537,0.4463,1.2406453058480842
2025-05-11 22:00:00,0.5537,0.4463,1.2406453058480842
2025-05-11 23:00:00,0.5537,0.4463,1.2406453058480842
2025-05-12 00:00:00,0.5537,0.4463,1.2406453058480842
2025-05-12 01:00:00,0.5537,0.4463,1.2406453058480842
2025-05-12 02:00:00,0.5537,0.4463,1.2406453058480842
2025-05-12 03:00:00,0.5537,0.4463,1.2406453058480842
2025-05-12 04:00:00,0.5537,0.4463,1.2406453058480842
2025-05-12 05:00:00,0.5537,0.4463,1.2406453058480842
2025-05-12 06:00:00,0.5537,0.4463,1.2406453058480842
2025-05-12 07:00:00,0.5537,0.4463,1.2406453058480842
2025-05-12 08:00:00,0.5537,0.4463,1.2406453058480842
2025-05-12 09:00:00,0.5537,0.4463,1.2406453058480842
2025-05-12 10:00:00,0.5537,0.4463,1.2406453058480842
2025-05-12 11:00:00,0.5537,0.4463,1.2406453058480842
2025-05-12 12:00:00,0.5537,0.4463,1.2406453058480842
2025-05-12 13:00:00,0.5537,0.4463,1.2406453058480842
2025-05-12 14:00:00,0.5537,0.4463,1.2406453058480842
2025-05-12 15:00:00,0.5537,0.4463,1.2406453058480842
2025-05-12 16:00:00,0.5537,0.4463,1.2406453058480842
2025-05-12 17:00:00,0.5537,0.4463,1.2406453058480842
2025-05-12 18:00:00,0.5537,0.4463,1.2406453058480842
2025-05-12 19:00:00,0.5537,0.4463,1.2406453058480842
2025-05-12 20:00:00,0.5537,0.4463,1.2406453058480842
2025-05-12 21:00:00,0.5537,0.4463,1.2406453058480842
2025-05-12 22:00:00,0.5537,0.4463,1.2406453058480842
2025-05-12 23:00:00,0.5537,0.4463,1.2406453058480842
2025-05-13 00:00:00,0.5537,0.4463,1.2406453058480842
2025-05-13 01:00:00,0.5537,0.4463,1.2406453058480842
2025-05-13 02:00:00,0.5537,0.4463,1.2406453058480842
2025-05-13 03:00:00,0.5537,0.4463,1.2406453058480842
2025-05-13 04:00:00,0.5537,0.4463,1.2406453058480842
2025-05-13 05:00:00,0.5537,0.4463,1.2406453058480842
2025-05-13 06:00:00,0.5537,0.4463,1.2406453058480842
2025-05-13 07:00:00,0.5537,0.4463,1.2406453058480842
2025-05-13 08:00:00,0.5537,0.4463,1.2406453058480842
2025-05-13 09:00:00,0.5537,0.4463,1.2406453058480842
2025-05-13 10:00:00,0.5537,0.4463,1.2406453058480842
2025-05-13 11:00:00,0.5537,0.4463,1.2406453058480842
2025-05-13 12:00:00,0.5537,0.4463,1.2406453058480842
2025-05-13 13:00:00,0.5537,0.4463,1.2406453058480842
2025-05-13 14:00:00,0.5537,0.4463,1.2406453058480842
2025-05-13 15:00:00,0.5537,0.4463,1.2406453058480842
2025-05-13 16:00:00,0.5537,0.4463,1.2406453058480842
2025-05-13 17:00:00,0.5537,0.4463,1.2406453058480842
2025-05-13 18:00:00,0.5537,0.4463,1.2406453058480842
2025-05-13 19:00:00,0.5537,0.4463,1.2406453058480842
2025-05-13 20:00:00,0.5537,0.4463,1.2406453058480842
2025-05-13 21:00:00,0.5537,0.4463,1.2406453058480842
2025-05-13 22:00:00,0.5537,0.4463,1.2406453058480842
2025-05-13 23:00:00,0.5537,0.4463,1.2406453058480842
2025-05-14 00:00:00,0.5537,0.4463,1.2406453058480842
2025-05-14 01:00:00,0.5537,0.4463,1.2406453058480842
2025-05-14 02:00:00,0.5537,0.4463,1.2406453058480842
2025-05-14 03:00:00,0.5537,0.4463,1.2406453058480842
2025-05-14 04:00:00,0.5537,0.4463,1.2406453058480842
2025-05-14 05:00:00,0.5537,0.4463,1.2406453058480842
2025-05-14 06:00:00,0.5537,0.4463,1.2406453058480842
2025-05-14 07:00:00,0.5537,0.4463,1.2406453058480842
2025-05-14 08:00:00,0.5537,0.4463,1.2406453058480842
2025-05-14 09:00:00,0.5537,0.4463,1.2406453058480842
2025-05-14 10:00:00,0.5537,0.4463,1.2406453058480842
2025-05-14 11:00:00,0.5537,0.4463,1.2406453058480842
2025-05-14 12:00:00,0.5537,0.4463,1.2406453058480842
2025-05-14 13:00:00,0.5537,0.4463,1.2406453058480842
2025-05-14 14:00:00,0.5537,0.4463,1.2406453058480842
2025-05-14 15:00:00,0.5537,0.4463,1.2406453058480842
2025-05-14 16:00:00,0.5537,0.4463,1.2406453058480842
2025-05-14 17:00:00,0.5537,0.4463,1.2406453058480842
2025-05-14 18:00:00,0.5537,0.4463,1.2406453058480842
2025-05-14 19:00:00,0.5537,0.4463,1.2406453058480842
2025-05-14 20:00:00,0.5537,0.4463,1.2406453058480842
2025-05-14 21:00:00,0.5537,0.4463,1.2406453058480842
2025-05-14 22:00:00,0.5537,0.4463,1.2406453058480842
2025-05-14 23:00:00,0.5537,0.4463,1.2406453058480842
2025-05-15 00:00:00,0.5537,0.4463,1.2406453058480842
2025-05-15 01:00:00,0.5537,0.4463,1.2406453058480842
2025-05-15 02:00:00,0.5537,0.4463,1.2406453058480842
2025-05-15 03:00:00,0.5537,0.4463,1.2406453058480842
2025-05-15 04:00:00,0.5537,0.4463,1.2406453058480842
2025-05-15 05:00:00,0.5537,0.4463,1.2406453058480842
2025-05-15 06:00:00,0.5537,0.4463,1.2406453058480842
2025-05-15 07:00:00,0.5537,0.4463,1.2406453058480842
2025-05-15 08:00:00,0.5537,0.4463,1.2406453058480842
2025-05-15 09:00:00,0.5537,0.4463,1.2406453058480842
2025-05-15 10:00:00,0.5537,0.4463,1.2406453058480842
2025-05-15 11:00:00,0.5537,0.4463,1.2406453058480842
2025-05-15 12:00:00,0.5537,0.4463,1.2406453058480842
2025-05-15 13:00:00,0.5537,0.4463,1.2406453058480842
2025-05-15 14:00:00,0.5537,0.4463,1.2406453058480842
2025-05-15 15:00:00,0.5537,0.4463,1.2406453058480842
2025-05-15 16:00:00,0.5537,0.4463,1.2406453058480842
2025-05-15 17:00:00,0.5537,0.4463,1.2406453058480842
2025-05-15 18:00:00,0.5537,0.4463,1.2406453058480842
2025-05-15 19:00:00,0.5537,0.4463,1.2406453058480842
2025-05-15 20:00:00,0.5537,0.4463,1.2406453058480842
2025-05-15 21:00:00,0.5537,0.4463,1.2406453058480842
2025-05-15 22:00:00,0.5537,0.4463,1.2406453058480842
2025-05-15 23:00:00,0.5537,0.4463,1.2406453058480842
2025-05-16 00:00:00,0.5537,0.4463,1.2406453058480842
2025-05-16 01:00:00,0.5537,0.4463,1.2406453058480842
2025-05-16 02:00:00,0.5537,0.4463,1.2406453058480842
2025-05-16 03:00:00,0.5537,0.4463,1.2406453058480842
2025-05-16 04:00:00,0.5537,0.4463,1.2406453058480842
2025-05-16 05:00:00,0.5537,0.4463,1.2406453058480842
2025-05-16 06:00:00,0.5537,0.4463,1.2406453058480842
2025-05-16 07:00:00,0.5537,0.4463,1.2406453058480842
2025-05-16 08:00:00,0.5537,0.4463,1.2406453058480842
2025-05-16 09:00:00,0.5537,0.4463,1.2406453058480842
2025-05-16 10:00:00,0.5537,0.4463,1.2406453058480842
2025-05-16 11:00:00,0.5537,0.4463,1.2406453058480842
2025-05-16 12:00:00,0.5537,0.4463,1.2406453058480842
2025-05-16 13:00:00,0.5537,0.4463,1.2406453058480842
2025-05-16 14:00:00,0.5537,0.4463,1.2406453058480842
2025-05-16 15:00:00,0.5537,0.4463,1.2406453058480842
2025-05-16 16:00:00,0.5537,0.4463,1.2406453058480842
2025-05-16 17:00:00,0.5537,0.4463,1.2406453058480842
2025-05-16 18:00:00,0.5537,0.4463,1.2406453058480842
2025-05-16 19:00:00,0.5537,0.4463,1.2406453058480842
2025-05-16 20:00:00,0.5537,0.4463,1.2406453058480842
2025-05-16 21:00:00,0.5537,0.4463,1.2406453058480842
2025-05-16 22:00:00,0.5537,0.4463,1.2406453058480842
2025-05-16 23:00:00,0.5537,0.4463,1.2406453058480842
2025-05-17 00:00:00,0.5537,0.4463,1.2406453058480842
2025-05-17 01:00:00,0.5537,0.4463,1.2406453058480842
2025-05-17 02:00:00,0.5537,0.4463,1.2406453058480842
2025-05-17 03:00:00,0.5537,0.4463,1.2406453058480842
2025-05-17 04:00:00,0.5537,0.4463,1.2406453058480842
2025-05-17 05:00:00,0.5537,0.4463,1.2406453058480842
2025-05-17 06:00:00,0.5537,0.4463,1.2406453058480842
2025-05-17 07:00:00,0.5537,0.4463,1.2406453058480842
2025-05-17 08:00:00,0.5537,0.4463,1.2406453058480842
2025-05-17 09:00:00,0.5537,0.4463,1.2406453058480842
2025-05-17 10:00:00,0.5537,0.4463,1.2406453058480842
2025-05-17 11:00:00,0.5537,0.4463,1.2406453058480842
2025-05-17 12:00:00,0.5537,0.4463,1.2406453058480842
2025-05-17 13:00:00,0.5537,0.4463,1.2406453058480842
2025-05-17 14:00:00,0.5537,0.4463,1.2406453058480842
2025-05-17 15:00:00,0.5537,0.4463,1.2406453058480842
2025-05-17 16:00:00,0.5537,0.4463,1.2406453058480842
2025-05-17 17:00:00,0.5537,0.4463,1.2406453058480842
2025-05-17 18:00:00,0.5537,0.4463,1.2406453058480842
2025-05-17 19:00:00,0.5537,0.4463,1.2406453058480842
2025-05-17 20:00:00,0.5537,0.4463,1.2406453058480842
2025-05-17 21:00:00,0.5537,0.4463,1.2406453058480842
2025-05-17 22:00:00,0.5537,0.4463,1.2406453058480842
2025-05-17 23:00:00,0.5537,0.4463,1.2406453058480842
2025-05-18 00:00:00,0.5537,0.4463,1.2406453058480842
2025-05-18 01:00:00,0.5537,0.4463,1.2406453058480842
2025-05-18 02:00:00,0.5537,0.4463,1.2406453058480842
2025-05-18 03:00:00,0.5537,0.4463,1.2406453058480842
2025-05-18 04:00:00,0.5537,0.4463,1.2406453058480842
2025-05-18 05:00:00,0.5537,0.4463,1.2406453058480842
2025-05-18 06:00:00,0.5537,0.4463,1.2406453058480842
2025-05-18 07:00:00,0.5537,0.4463,1.2406453058480842
2025-05-18 08:00:00,0.5537,0.4463,1.2406453058480842
2025-05-18 09:00:00,0.5537,0.4463,1.2406453058480842
2025-05-18 10:00:00,0.5537,0.4463,1.2406453058480842
2025-05-18 11:00:00,0.5537,0.4463,1.2406453058480842
2025-05-18 12:00:00,0.5537,0.4463,1.2406453058480842
2025-05-18 13:00:00,0.5537,0.4463,1.2406453058480842
2025-05-18 14:00:00,0.5537,0.4463,1.2406453058480842
2025-05-18 15:00:00,0.5537,0.4463,1.2406453058480842
2025-05-18 16:00:00,0.5537,0.4463,1.2406453058480842
2025-05-18 17:00:00,0.5537,0.4463,1.2406453058480842
2025-05-18 18:00:00,0.5537,0.4463,1.2406453058480842
2025-05-18 19:00:00,0.5537,0.4463,1.2406453058480842
2025-05-18 20:00:00,0.5537,0.4463,1.2406453058480842
2025-05-18 21:00:00,0.5537,0.4463,1.2406453058480842
2025-05-18 22:00:00,0.5537,0.4463,1.2406453058480842
2025-05-18 23:00:00,0.5537,0.4463,1.2406453058480842
2025-05-19 00:00:00,0.5537,0.4463,1.2406453058480842
2025-05-19 01:00:00,0.5537,0.4463,1.2406453058480842
2025-05-19 02:00:00,0.5537,0.4463,1.2406453058480842
2025-05-19 03:00:00,0.5537,0.4463,1.2406453058480842
2025-05-19 04:00:00,0.5537,0.4463,1.2406453058480842
2025-05-19 05:00:00,0.5537,0.4463,1.2406453058480842
2025-05-19 06:00:00,0.5537,0.4463,1.2406453058480842
2025-05-19 07:00:00,0.5537,0.4463,1.2406453058480842
2025-05-19 08:00:00,0.5537,0.4463,1.2406453058480842
2025-05-19 09:00:00,0.5537,0.4463,1.2406453058480842
2025-05-19 10:00:00,0.5537,0.4463,1.2406453058480842
2025-05-19 11:00:00,0.5537,0.4463,1.2406453058480842
2025-05-19 12:00:00,0.5537,0.4463,1.2406453058480842
2025-05-19 13:00:00,0.5537,0.4463,1.2406453058480842
2025-05-19 14:00:00,0.5537,0.4463,1.2406453058480842
2025-05-19 15:00:00,0.5537,0.4463,1.2406453058480842
2025-05-19 16:00:00,0.5537,0.4463,1.2406453058480842
2025-05-19 17:00:00,0.5537,0.4463,1.2406453058480842
2025-05-19 18:00:00,0.5537,0.4463,1.2406453058480842
2025-05-19 19:00:00,0.5537,0.4463,1.2406453058480842
2025-05-19 20:00:00,0.5537,0.4463,1.2406453058480842
2025-05-19 21:00:00,0.5537,0.4463,1.2406453058480842
2025-05-19 22:00:00,0.5537,0.4463,1.2406453058480842
2025-05-19 23:00:00,0.5537,0.4463,1.2406453058480842
2025-05-20 00:00:00,0.5537,0.4463,1.2406453058480842
2025-05-20 01:00:00,0.5537,0.4463,1.2406453058480842
2025-05-20 02:00:00,0.5537,0.4463,1.2406453058480842
2025-05-20 03:00:00,0.5537,0.4463,1.2406453058480842
2025-05-20 04:00:00,0.5537,0.4463,1.2406453058480842
2025-05-20 05:00:00,0.5537,0.4463,1.2406453058480842
2025-05-20 06:00:00,0.5537,0.4463,1.2406453058480842
2025-05-20 07:00:00,0.5537,0.4463,1.2406453058480842
2025-05-20 08:00:00,0.5537,0.4463,1.2406453058480842
2025-05-20 09:00:00,0.5537,0.4463,1.2406453058480842
2025-05-20 10:00:00,0.5537,0.4463,1.2406453058480842
2025-05-20 11:00:00,0.5537,0.4463,1.2406453058480842
2025-05-20 12:00:00,0.5537,0.4463,1.2406453058480842
2025-05-20 13:00:00,0.5537,0.4463,1.2406453058480842
2025-05-20 14:00:00,0.5537,0.4463,1.2406453058480842
2025-05-20 15:00:00,0.5537,0.4463,1.2406453058480842
2025-05-20 16:00:00,0.5537,0.4463,1.2406453058480842
2025-05-20 17:00:00,0.5537,0.4463,1.2406453058480842
2025-05-20 18:00:00,0.5537,0.4463,1.2406453058480842
2025-05-20 19:00:00,0.5537,0.4463,1.2406453058480842
2025-05-20 20:00:00,0.5537,0.4463,1.2406453058480842
2025-05-20 21:00:00,0.5537,0.4463,1.2406453058480842
2025-05-20 22:00:00,0.5537,0.4463,1.2406453058480842
2025-05-20 23:00:00,0.5537,0.4463,1.2406453058480842
2025-05-21 00:00:00,0.5537,0.4463,1.2406453058480842
2025-05-21 01:00:00,0.5537,0.4463,1.2406453058480842
2025-05-21 02:00:00,0.5537,0.4463,1.2406453058480842
2025-05-21 03:00:00,0.5537,0.4463,1.2406453058480842
2025-05-21 04:00:00,0.5537,0.4463,1.2406453058480842
2025-05-21 05:00:00,0.5537,0.4463,1.2406453058480842
2025-05-21 06:00:00,0.5537,0.4463,1.2406453058480842
2025-05-21 07:00:00,0.5537,0.4463,1.2406453058480842
2025-05-21 08:00:00,0.5537,0.4463,1.2406453058480842
2025-05-21 09:00:00,0.5537,0.4463,1.2406453058480842
2025-05-21 10:00:00,0.5537,0.4463,1.2406453058480842
2025-05-21 11:00:00,0.5537,0.4463,1.2406453058480842
2025-05-21 12:00:00,0.5537,0.4463,1.2406453058480842
2025-05-21 13:00:00,0.5537,0.4463,1.2406453058480842
2025-05-21 14:00:00,0.5537,0.4463,1.2406453058480842
2025-05-21 15:00:00,0.5537,0.4463,1.2406453058480842
2025-05-21 16:00:00,0.5537,0.4463,1.2406453058480842
2025-05-21 17:00:00,0.5537,0.4463,1.2406453058480842
2025-05-21 18:00:00,0.5537,0.4463,1.2406453058480842
2025-05-21 19:00:00,0.5537,0.4463,1.2406453058480842
2025-05-21 20:00:00,0.5537,0.4463,1.2406453058480842
2025-05-21 21:00:00,0.5537,0.4463,1.2406453058480842
2025-05-21 22:00:00,0.5537,0.4463,1.2406453058480842
2025-05-21 23:00:00,0.5537,0.4463,1.2406453058480842
2025-05-22 00:00:00,0.5537,0.4463,1.2406453058480842
2025-05-22 01:00:00,0.5537,0.4463,1.2406453058480842
2025-05-22 02:00:00,0.5537,0.4463,1.2406453058480842
2025-05-22 03:00:00,0.5537,0.4463,1.2406453058480842
2025-05-22 04:00:00,0.5537,0.4463,1.2406453058480842
2025-05-22 05:00:00,0.5537,0.4463,1.2406453058480842
2025-05-22 06:00:00,0.5537,0.4463,1.2406453058480842
2025-05-22 07:00:00,0.5537,0.4463,1.2406453058480842
2025-05-22 08:00:00,0.5537,0.4463,1.2406453058480842
2025-05-22 09:00:00,0.5537,0.4463,1.2406453058480842
2025-05-22 10:00:00,0.5537,0.4463,1.2406453058480842
2025-05-22 11:00:00,0.5537,0.4463,1.2406453058480842
2025-05-22 12:00:00,0.5537,0.4463,1.2406453058480842
2025-05-22 13:00:00,0.5537,0.4463,1.2406453058480842
2025-05-22 14:00:00,0.5537,0.4463,1.2406453058480842
2025-05-22 15:00:00,0.5537,0.4463,1.2406453058480842
2025-05-22 16:00:00,0.5537,0.4463,1.2406453058480842
2025-05-22 17:00:00,0.5537,0.4463,1.2406453058480842
2025-05-22 18:00:00,0.5537,0.4463,1.2406453058480842
2025-05-22 19:00:00,0.5537,0.4463,1.2406453058480842
2025-05-22 20:00:00,0.5537,0.4463,1.2406453058480842
2025-05-22 21:00:00,0.5537,0.4463,1.2406453058480842
2025-05-22 22:00:00,0.5537,0.4463,1.2406453058480842
2025-05-22 23:00:00,0.5537,0.4463,1.2406453058480842
2025-05-23 00:00:00,0.5537,0.4463,1.2406453058480842
2025-05-23 01:00:00,0.5537,0.4463,1.2406453058480842
2025-05-23 02:00:00,0.5537,0.4463,1.2406453058480842
2025-05-23 03:00:00,0.5537,0.4463,1.2406453058480842
2025-05-23 04:00:00,0.5537,0.4463,1.2406453058480842
2025-05-23 05:00:00,0.5537,0.4463,1.2406453058480842
2025-05-23 06:00:00,0.5537,0.4463,1.2406453058480842
2025-05-23 07:00:00,0.5537,0.4463,1.2406453058480842
2025-05-23 08:00:00,0.5537,0.4463,1.2406453058480842
2025-05-23 09:00:00,0.5537,0.4463,1.2406453058480842
2025-05-23 10:00:00,0.5537,0.4463,1.2406453058480842
2025-05-23 11:00:00,0.5537,0.4463,1.2406453058480842
2025-05-23 12:00:00,0.5537,0.4463,1.2406453058480842
2025-05-23 13:00:00,0.5537,0.4463,1.2406453058480842
2025-05-23 14:00:00,0.5537,0.4463,1.2406453058480842
2025-05-23 15:00:00,0.5537,0.4463,1.2406453058480842
2025-05-23 16:00:00,0.5537,0.4463,1.2406453058480842
2025-05-23 17:00:00,0.5537,0.4463,1.2406453058480842
2025-05-23 18:00:00,0.5537,0.4463,1.2406453058480842
2025-05-23 19:00:00,0.5537,0.4463,1.2406453058480842
2025-05-23 20:00:00,0.5537,0.4463,1.2406453058480842
2025-05-23 21:00:00,0.5537,0.4463,1.2406453058480842
2025-05-23 22:00:00,0.5537,0.4463,1.2406453058480842
2025-05-23 23:00:00,0.5537,0.4463,1.2406453058480842
2025-05-24 00:00:00,0.5537,0.4463,1.2406453058480842
2025-05-24 01:00:00,0.5537,0.4463,1.2406453058480842
2025-05-24 02:00:00,0.5537,0.4463,1.2406453058480842
2025-05-24 03:00:00,0.5537,0.4463,1.2406453058480842
2025-05-24 04:00:00,0.5537,0.4463,1.2406453058480842
2025-05-24 05:00:00,0.5537,0.4463,1.2406453058480842
2025-05-24 06:00:00,0.5537,0.4463,1.2406453058480842
2025-05-24 07:00:00,0.5537,0.4463,1.2406453058480842
2025-05-24 08:00:00,0.5537,0.4463,1.2406453058480842
2025-05-24 09:00:00,0.5537,0.4463,1.2406453058480842
2025-05-24 10:00:00,0.5537,0.4463,1.2406453058480842
2025-05-24 11:00:00,0.5537,0.4463,1.2406453058480842
2025-05-24 12:00:00,0.5537,0.4463,1.2406453058480842
2025-05-24 13:00:00,0.5537,0.4463,1.2406453058480842
2025-05-24 14:00:00,0.5537,0.4463,1.2406453058480842
2025-05-24 15:00:00,0.5537,0.4463,1.2406453058480842
2025-05-24 16:00:00,0.5537,0.4463,1.2406453058480842
2025-05-24 17:00:00,0.5537,0.4463,1.2406453058480842
2025-05-24 18:00:00,0.5537,0.4463,1.2406453058480842
2025-05-24 19:00:00,0.5537,0.4463,1.2406453058480842
2025-05-24 20:00:00,0.5537,0.4463,1.2406453058480842
2025-05-24 21:00:00,0.5537,0.4463,1.2406453058480842
2025-05-24 22:00:00,0.5537,0.4463,1.2406453058480842
2025-05-24 23:00:00,0.5537,0.4463,1.2406453058480842
2025-05-25 00:00:00,0.5537,0.4463,1.2406453058480842
2025-05-25 01:00:00,0.5537,0.4463,1.2406453058480842
2025-05-25 02:00:00,0.5537,0.4463,1.2406453058480842
2025-05-25 03:00:00,0.5537,0.4463,1.2406453058480842
2025-05-25 04:00:00,0.5537,0.4463,1.2406453058480842
2025-05-25 05:00:00,0.5537,0.4463,1.2406453058480842
2025-05-25 06:00:00,0.5537,0.4463,1.2406453058480842
2025-05-25 07:00:00,0.5537,0.4463,1.2406453058480842
2025-05-25 08:00:00,0.5537,0.4463,1.2406453058480842
2025-05-25 09:00:00,0.5537,0.4463,1.2406453058480842
2025-05-25 10:00:00,0.5537,0.4463,1.2406453058480842
2025-05-25 11:00:00,0.5537,0.4463,1.2406453058480842
2025-05-25 12:00:00,0.5537,0.4463,1.2406453058480842
2025-05-25 13:00:00,0.5537,0.4463,1.2406453058480842
2025-05-25 14:00:00,0.5537,0.4463,1.2406453058480842
2025-05-25 15:00:00,0.5537,0.4463,1.2406453058480842
2025-05-25 16:00:00,0.5537,0.4463,1.2406453058480842
2025-05-25 17:00:00,0.5537,0.4463,1.2406453058480842
2025-05-25 18:00:00,0.5537,0.4463,1.2406453058480842
2025-05-25 19:00:00,0.5537,0.4463,1.2406453058480842
2025-05-25 20:00:00,0.5537,0.4463,1.2406453058480842
2025-05-25 21:00:00,0.5537,0.4463,1.2406453058480842
2025-05-25 22:00:00,0.5537,0.4463,1.2406453058480842
2025-05-25 23:00:00,0.5537,0.4463,1.2406453058480842
2025-05-26 00:00:00,0.5537,0.4463,1.2406453058480842
2025-05-26 01:00:00,0.5537,0.4463,1.2406453058480842
2025-05-26 02:00:00,0.5537,0.4463,1.2406453058480842
2025-05-26 03:00:00,0.5537,0.4463,1.2406453058480842
2025-05-26 04:00:00,0.5537,0.4463,1.2406453058480842
2025-05-26 05:00:00,0.5537,0.4463,1.2406453058480842
2025-05-26 06:00:00,0.5537,0.4463,1.2406453058480842
2025-05-26 07:00:00,0.5537,0.4463,1.2406453058480842
2025-05-26 08:00:00,0.5537,0.4463,1.2406453058480842
2025-05-26 09:00:00,0.5537,0.4463,1.2406453058480842
2025-05-26 10:00:00,0.5537,0.4463,1.2406453058480842
2025-05-26 11:00:00,0.5537,0.4463,1.2406453058480842
2025-05-26 12:00:00,0.5537,0.4463,1.2406453058480842
2025-05-26 13:00:00,0.5537,0.4463,1.2406453058480842
2025-05-26 14:00:00,0.5537,0.4463,1.2406453058480842
2025-05-26 15:00:00,0.5537,0.4463,1.2406453058480842
2025-05-26 16:00:00,0.5537,0.4463,1.2406453058480842
2025-05-26 17:00:00,0.5537,0.4463,1.2406453058480842
2025-05-26 18:00:00,0.5537,0.4463,1.2406453058480842
2025-05-26 19:00:00,0.5537,0.4463,1.2406453058480842
2025-05-26 20:00:00,0.5537,0.4463,1.2406453058480842
2025-05-26 21:00:00,0.5537,0.4463,1.2406453058480842
2025-05-26 22:00:00,0.5537,0.4463,1.2406453058480842
2025-05-26 23:00:00,0.5537,0.4463,1.2406453058480842
2025-05-27 00:00:00,0.5537,0.4463,1.2406453058480842
2025-05-27 01:00:00,0.5537,0.4463,1.2406453058480842
2025-05-27 02:00:00,0.5537,0.4463,1.2406453058480842
2025-05-27 03:00:00,0.5537,0.4463,1.2406453058480842
2025-05-27 04:00:00,0.5537,0.4463,1.2406453058480842
2025-05-27 05:00:00,0.5537,0.4463,1.2406453058480842
2025-05-27 06:00:00,0.5537,0.4463,1.2406453058480842
2025-05-27 07:00:00,0.5537,0.4463,1.2406453058480842
2025-05-27 08:00:00,0.5537,0.4463,1.2406453058480842
2025-05-27 09:00:00,0.5537,0.4463,1.2406453058480842
2025-05-27 10:00:00,0.5537,0.4463,1.2406453058480842
2025-05-27 11:00:00,0.5537,0.4463,1.2406453058480842
2025-05-27 12:00:00,0.5537,0.4463,1.2406453058480842
2025-05-27 13:00:00,0.5537,0.4463,1.2406453058480842
2025-05-27 14:00:00,0.5537,0.4463,1.2406453058480842
2025-05-27 15:00:00,0.5537,0.4463,1.2406453058480842
2025-05-27 16:00:00,0.5537,0.4463,1.2406453058480842
2025-05-27 17:00:00,0.5537,0.4463,1.2406453058480842
2025-05-27 18:00:00,0.5537,0.4463,1.2406453058480842
2025-05-27 19:00:00,0.5537,0.4463,1.2406453058480842
2025-05-27 20:00:00,0.5537,0.4463,1.2406453058480842
2025-05-27 21:00:00,0.5537,0.4463,1.2406453058480842
2025-05-27 22:00:00,0.5537,0.4463,1.2406453058480842
2025-05-27 23:00:00,0.5537,0.4463,1.2406453058480842
2025-05-28 00:00:00,0.5537,0.4463,1.2406453058480842
2025-05-28 01:00:00,0.5537,0.4463,1.2406453058480842
2025-05-28 02:00:00,0.5537,0.4463,1.2406453058480842
2025-05-28 03:00:00,0.5537,0.4463,1.2406453058480842
2025-05-28 04:00:00,0.5537,0.4463,1.2406453058480842
2025-05-28 05:00:00,0.5537,0.4463,1.2406453058480842
2025-05-28 06:00:00,0.5537,0.4463,1.2406453058480842
2025-05-28 07:00:00,0.5537,0.4463,1.2406453058480842
2025-05-28 08:00:00,0.5537,0.4463,1.2406453058480842
2025-05-28 09:00:00,0.5537,0.4463,1.2406453058480842
2025-05-28 10:00:00,0.5537,0.4463,1.2406453058480842
2025-05-28 11:00:00,0.5537,0.4463,1.2406453058480842
2025-05-28 12:00:00,0.5537,0.4463,1.2406453058480842
2025-05-28 13:00:00,0.5537,0.4463,1.2406453058480842
2025-05-28 14:00:00,0.5537,0.4463,1.2406453058480842
2025-05-28 15:00:00,0.5537,0.4463,1.2406453058480842
2025-05-28 16:00:00,0.5537,0.4463,1.2406453058480842
2025-05-28 17:00:00,0.5537,0.4463,1.2406453058480842
2025-05-28 18:00:00,0.5537,0.4463,1.2406453058480842
2025-05-28 19:00:00,0.5537,0.4463,1.2406453058480842
2025-05-28 20:00:00,0.5537,0.4463,1.2406453058480842
2025-05-28 21:00:00,0.5537,0.4463,1.2406453058480842
2025-05-28 22:00:00,0.5537,0.4463,1.2406453058480842
2025-05-28 23:00:00,0.5537,0.4463,1.2406453058480842
2025-05-29 00:00:00,0.5537,0.4463,1.2406453058480842
2025-05-29 01:00:00,0.5537,0.4463,1.2406453058480842
2025-05-29 02:00:00,0.5537,0.4463,1.2406453058480842
2025-05-29 03:00:00,0.5537,0.4463,1.2406453058480842
2025-05-29 04:00:00,0.5537,0.4463,1.2406453058480842
2025-05-29 05:00:00,0.5537,0.4463,1.2406453058480842
2025-05-29 06:00:00,0.5537,0.4463,1.2406453058480842
2025-05-29 07:00:00,0.5537,0.4463,1.2406453058480842
2025-05-29 08:00:00,0.5537,0.4463,1.2406453058480842
2025-05-29 09:00:00,0.5537,0.4463,1.2406453058480842
2025-05-29 10:00:00,0.5537,0.4463,1.2406453058480842
2025-05-29 11:00:00,0.5537,0.4463,1.2406453058480842
2025-05-29 12:00:00,0.5537,0.4463,1.2406453058480842
2025-05-29 13:00:00,0.5537,0.4463,1.2406453058480842
2025-05-29 14:00:00,0.5537,0.4463,1.2406453058480842
2025-05-29 15:00:00,0.5537,0.4463,1.2406453058480842
2025-05-29 16:00:00,0.5537,0.4463,1.2406453058480842
2025-05-29 17:00:00,0.5537,0.4463,1.2406453058480842
2025-05-29 18:00:00,0.5537,0.4463,1.2406453058480842
2025-05-29 19:00:00,0.5537,0.4463,1.2406453058480842
2025-05-29 20:00:00,0.5537,0.4463,1.2406453058480842
2025-05-29 21:00:00,0.5537,0.4463,1.2406453058480842
2025-05-29 22:00:00,0.5537,0.4463,1.2406453058480842
2025-05-29 23:00:00,0.5537,0.4463,1.2406453058480842
2025-05-30 00:00:00,0.5537,0.4463,1.2406453058480842
2025-05-30 01:00:00,0.5537,0.4463,1.2406453058480842
2025-05-30 02:00:00,0.5537,0.4463,1.2406453058480842
2025-05-30 03:00:00,0.5537,0.4463,1.2406453058480842
2025-05-30 04:00:00,0.5537,0.4463,1.2406453058480842
2025-05-30 05:00:00,0.5537,0.4463,1.2406453058480842
2025-05-30 06:00:00,0.5537,0.4463,1.2406453058480842
2025-05-30 07:00:00,0.5537,0.4463,1.2406453058480842
2025-05-30 08:00:00,0.5537,0.4463,1.2406453058480842
2025-05-30 09:00:00,0.5537,0.4463,1.2406453058480842
2025-05-30 10:00:00,0.5537,0.4463,1.2406453058480842
2025-05-30 11:00:00,0.5537,0.4463,1.2406453058480842
2025-05-30 12:00:00,0.5537,0.4463,1.2406453058480842
2025-05-30 13:00:00,0.5537,0.4463,1.2406453058480842
2025-05-30 14:00:00,0.5537,0.4463,1.2406453058480842
2025-05-30 15:00:00,0.5537,0.4463,1.2406453058480842
2025-05-30 16:00:00,0.5537,0.4463,1.2406453058480842
2025-05-30 17:00:00,0.5537,0.4463,1.2406453058480842
2025-05-30 18:00:00,0.5537,0.4463,1.2406453058480842
2025-05-30 19:00:00,0.5537,0.4463,1.2406453058480842
2025-05-30 20:00:00,0.5537,0.4463,1.2406453058480842
2025-05-30 21:00:00,0.5537,0.4463,1.2406453058480842
2025-05-30 22:00:00,0.5537,0.4463,1.2406453058480842
2025-05-30 23:00:00,0.5537,0.4463,1.2406453058480842
2025-05-31 00:00:00,0.5537,0.4463,1.2406453058480842
2025-05-31 01:00:00,0.5537,0.4463,1.2406453058480842
2025-05-31 02:00:00,0.5537,0.4463,1.2406453058480842
2025-05-31 03:00:00,0.5537,0.4463,1.2406453058480842
2025-05-31 04:00:00,0.5537,0.4463,1.2406453058480842
2025-05-31 05:00:00,0.5537,0.4463,1.2406453058480842
2025-05-31 06:00:00,0.5537,0.4463,1.2406453058480842
2025-05-31 07:00:00,0.5537,0.4463,1.2406453058480842
2025-05-31 08:00:00,0.5537,0.4463,1.2406453058480842
2025-05-31 09:00:00,0.5537,0.4463,1.2406453058480842
2025-05-31 10:00:00,0.5537,0.4463,1.2406453058480842
2025-05-31 11:00:00,0.5537,0.4463,1.2406453058480842
2025-05-31 12:00:00,0.5537,0.4463,1.2406453058480842
2025-05-31 13:00:00,0.5537,0.4463,1.2406453058480842
2025-05-31 14:00:00,0.5537,0.4463,1.2406453058480842
2025-05-31 15:00:00,0.5537,0.4463,1.2406453058480842
2025-05-31 16:00:00,0.5537,0.4463,1.2406453058480842
2025-05-31 17:00:00,0.5537,0.4463,1.2406453058480842
2025-05-31 18:00:00,0.5537,0.4463,1.2406453058480842
2025-05-31 19:00:00,0.5537,0.4463,1.2406453058480842
2025-05-31 20:00:00,0.5537,0.4463,1.2406453058480842
2025-05-31 21:00:00,0.5537,0.4463,1.2406453058480842
2025-05-31 22:00:00,0.5537,0.4463,1.2406453058480842
2025-05-31 23:00:00,0.5537,0.4463,1.2406453058480842
2025-06-01 00:00:00,0.5537,0.4463,1.2406453058480842
2025-06-01 01:00:00,0.5537,0.4463,1.2406453058480842
2025-06-01 02:00:00,0.5537,0.4463,1.2406453058480842
2025-06-01 03:00:00,0.5537,0.4463,1.2406453058480842
2025-06-01 04:00:00,0.5537,0.4463,1.2406453058480842
2025-06-01 05:00:00,0.5537,0.4463,1.2406453058480842
2025-06-01 06:00:00,0.5537,0.4463,1.2406453058480842
2025-06-01 07:00:00,0.5537,0.4463,1.2406453058480842
2025-06-01 08:00:00,0.5537,0.4463,1.2406453058480842
2025-06-01 09:00:00,0.5537,0.4463,1.2406453058480842
2025-06-01 10:00:00,0.5537,0.4463,1.2406453058480842
2025-06-01 11:00:00,0.5537,0.4463,1.2406453058480842
2025-06-01 12:00:00,0.5537,0.4463,1.2406453058480842
2025-06-01 13:00:00,0.5537,0.4463,1.2406453058480842
2025-06-01 14:00:00,0.5537,0.4463,1.2406453058480842
2025-06-01 15:00:00,0.5537,0.4463,1.2406453058480842
2025-06-01 16:00:00,0.5537,0.4463,1.2406453058480842
2025-06-01 17:00:00,0.5537,0.4463,1.2406453058480842
2025-06-01 18:00:00,0.5537,0.4463,1.2406453058480842
2025-06-01 19:00:00,0.5537,0.4463,1.2406453058480842
2025-06-01 20:00:00,0.5537,0.4463,1.2406453058480842
2025-06-01 21:00:00,0.5537,0.4463,1.2406453058480842
2025-06-01 22:00:00,0.5537,0.4463,1.2406453058480842
2025-06-01 23:00:00,0.5537,0.4463,1.2406453058480842
2025-06-02 00:00:00,0.5537,0.4463,1.2406453058480842
2025-06-02 01:00:00,0.5537,0.4463,1.2406453058480842
2025-06-02 02:00:00,0.5537,0.4463,1.2406453058480842
2025-06-02 03:00:00,0.5537,0.4463,1.2406453058480842
2025-06-02 04:00:00,0.5537,0.4463,1.2406453058480842
2025-06-02 05:00:00,0.5537,0.4463,1.2406453058480842
2025-06-02 06:00:00,0.5537,0.4463,1.2406453058480842
2025-06-02 07:00:00,0.5537,0.4463,1.2406453058480842
2025-06-02 08:00:00,0.5537,0.4463,1.2406453058480842
2025-06-02 09:00:00,0.5537,0.4463,1.2406453058480842
2025-06-02 10:00:00,0.5537,0.4463,1.2406453058480842
2025-06-02 11:00:00,0.5537,0.4463,1.2406453058480842
2025-06-02 12:00:00,0.5537,0.4463,1.2406453058480842
2025-06-02 13:00:00,0.5537,0.4463,1.2406453058480842
2025-06-02 14:00:00,0.5537,0.4463,1.2406453058480842
2025-06-02 15:00:00,0.5537,0.4463,1.2406453058480842
2025-06-02 16:00:00,0.5537,0.4463,1.2406453058480842
2025-06-02 17:00:00,0.5537,0.4463,1.2406453058480842
2025-06-02 18:00:00,0.5537,0.4463,1.2406453058480842
2025-06-02 19:00:00,0.5537,0.4463,1.2406453058480842
2025-06-02 20:00:00,0.5537,0.4463,1.2406453058480842
2025-06-02 21:00:00,0.5537,0.4463,1.2406453058480842
2025-06-02 22:00:00,0.5537,0.4463,1.2406453058480842
2025-06-02 23:00:00,0.5537,0.4463,1.2406453058480842
2025-06-03 00:00:00,0.5537,0.4463,1.2406453058480842
2025-06-03 01:00:00,0.5537,0.4463,1.2406453058480842
2025-06-03 02:00:00,0.5537,0.4463,1.2406453058480842
2025-06-03 03:00:00,0.5537,0.4463,1.2406453058480842
2025-06-03 04:00:00,0.5537,0.4463,1.2406453058480842
2025-06-03 05:00:00,0.5537,0.4463,1.2406453058480842
2025-06-03 06:00:00,0.5537,0.4463,1.2406453058480842
2025-06-03 07:00:00,0.5537,0.4463,1.2406453058480842
2025-06-03 08:00:00,0.5537,0.4463,1.2406453058480842
2025-06-03 09:00:00,0.5537,0.4463,1.2406453058480842
2025-06-03 10:00:00,0.5537,0.4463,1.2406453058480842
2025-06-03 11:00:00,0.5537,0.4463,1.2406453058480842
2025-06-03 12:00:00,0.5537,0.4463,1.2406453058480842
2025-06-03 13:00:00,0.5537,0.4463,1.2406453058480842
2025-06-03 14:00:00,0.5537,0.4463,1.2406453058480842
2025-06-03 15:00:00,0.5537,0.4463,1.2406453058480842
2025-06-03 16:00:00,0.5537,0.4463,1.2406453058480842
2025-06-03 17:00:00,0.5537,0.4463,1.2406453058480842
2025-06-03 18:00:00,0.5537,0.4463,1.2406453058480842
2025-06-03 19:00:00,0.5537,0.4463,1.2406453058480842
2025-06-03 20:00:00,0.5537,0.4463,1.2406453058480842
2025-06-03 21:00:00,0.5537,0.4463,1.2406453058480842
2025-06-03 22:00:00,0.5537,0.4463,1.2406453058480842
2025-06-03 23:00:00,0.5537,0.4463,1.2406453058480842
2025-06-04 00:00:00,0.5537,0.4463,1.2406453058480842
2025-06-04 01:00:00,0.5537,0.4463,1.2406453058480842
2025-06-04 02:00:00,0.5537,0.4463,1.2406453058480842
2025-06-04 03:00:00,0.5537,0.4463,1.2406453058480842
2025-06-04 04:00:00,0.5537,0.4463,1.2406453058480842
2025-06-04 05:00:00,0.5537,0.4463,1.2406453058480842
2025-06-04 06:00:00,0.5537,0.4463,1.2406453058480842
2025-06-04 07:00:00,0.5537,0.4463,1.2406453058480842
2025-06-04 08:00:00,0.5537,0.4463,1.2406453058480842
2025-06-04 09:00:00,0.5537,0.4463,1.2406453058480842
2025-06-04 10:00:00,0.5537,0.4463,1.2406453058480842
2025-06-04 11:00:00,0.5537,0.4463,1.2406453058480842
2025-06-04 12:00:00,0.5537,0.4463,1.2406453058480842
2025-06-04 13:00:00,0.5537,0.4463,1.2406453058480842
2025-06-04 14:00:00,0.5537,0.4463,1.2406453058480842
2025-06-04 15:00:00,0.5537,0.4463,1.2406453058480842
2025-06-04 16:00:00,0.5537,0.4463,1.2406453058480842
2025-06-04 17:00:00,0.5537,0.4463,1.2406453058480842
2025-06-04 18:00:00,0.5537,0.4463,1.2406453058480842
2025-06-04 19:00:00,0.5537,0.4463,1.2406453058480842
2025-06-04 20:00:00,0.5537,0.4463,1.2406453058480842
2025-06-04 21:00:00,0.5537,0.4463,1.2406453058480842
2025-06-04 22:00:00,0.5537,0.4463,1.2406453058480842
2025-06-04 23:00:00,0.5537,0.4463,1.2406453058480842
2025-06-05 00:00:00,0.5537,0.4463,1.2406453058480842
2025-06-05 01:00:00,0.5537,0.4463,1.2406453058480842
2025-06-05 02:00:00,0.5537,0.4463,1.2406453058480842
2025-06-05 03:00:00,0.5537,0.4463,1.2406453058480842
2025-06-05 04:00:00,0.5537,0.4463,1.2406453058480842
2025-06-05 05:00:00,0.5537,0.4463,1.2406453058480842
2025-06-05 06:00:00,0.5537,0.4463,1.2406453058480842
2025-06-05 07:00:00,0.5537,0.4463,1.2406453058480842
2025-06-05 08:00:00,0.5537,0.4463,1.2406453058480842
2025-06-05 09:00:00,0.5537,0.4463,1.2406453058480842
2025-06-05 10:00:00,0.5537,0.4463,1.2406453058480842
2025-06-05 11:00:00,0.5537,0.4463,1.2406453058480842
2025-06-05 12:00:00,0.5537,0.4463,1.2406453058480842
2025-06-05 13:00:00,0.5537,0.4463,1.2406453058480842
2025-06-05 14:00:00,0.5537,0.4463,1.2406453058480842
2025-06-05 15:00:00,0.5537,0.4463,1.2406453058480842
2025-06-05 16:00:00,0.5537,0.4463,1.2406453058480842
2025-06-05 17:00:00,0.5537,0.4463,1.2406453058480842
2025-06-05 18:00:00,0.5537,0.4463,1.2406453058480842
2025-06-05 19:00:00,0.5537,0.4463,1.2406453058480842
2025-06-05 20:00:00,0.5537,0.4463,1.2406453058480842
2025-06-05 21:00:00,0.5537,0.4463,1.2406453058480842
2025-06-05 22:00:00,0.5537,0.4463,1.2406453058480842
2025-06-05 23:00:00,0.5537,0.4463,1.2406453058480842
2025-06-06 00:00:00,0.5537,0.4463,1.2406453058480842
2025-06-06 01:00:00,0.5537,0.4463,1.2406453058480842
2025-06-06 02:00:00,0.5537,0.4463,1.2406453058480842
2025-06-06 03:00:00,0.5537,0.4463,1.2406453058480842
2025-06-06 04:00:00,0.5537,0.4463,1.2406453058480842
2025-06-06 05:00:00,0.5537,0.4463,1.2406453058480842
2025-06-06 06:00:00,0.5537,0.4463,1.2406453058480842
2025-06-06 07:00:00,0.5537,0.4463,1.2406453058480842
2025-06-06 08:00:00,0.5537,0.4463,1.2406453058480842
2025-06-06 09:00:00,0.5537,0.4463,1.2406453058480842
2025-06-06 10:00:00,0.5537,0.4463,1.2406453058480842
2025-06-06 11:00:00,0.5537,0.4463,1.2406453058480842
2025-06-06 12:00:00,0.5537,0.4463,1.2406453058480842
2025-06-06 13:00:00,0.5537,0.4463,1.2406453058480842
2025-06-06 14:00:00,0.5537,0.4463,1.2406453058480842
2025-06-06 15:00:00,0.5537,0.4463,1.2406453058480842
2025-06-06 16:00:00,0.5537,0.4463,1.2406453058480842
2025-06-06 17:00:00,0.5537,0.4463,1.2406453058480842
2025-06-06 18:00:00,0.5537,0.4463,1.2406453058480842
2025-06-06 19:00:00,0.5537,0.4463,1.2406453058480842
2025-06-06 20:00:00,0.5537,0.4463,1.2406453058480842
2025-06-06 21:00:00,0.5537,0.4463,1.2406453058480842
2025-06-06 22:00:00,0.5537,0.4463,1.2406453058480842
2025-06-06 23:00:00,0.5537,0.4463,1.2406453058480842
2025-06-07 00:00:00,0.5537,0.4463,1.2406453058480842
2025-06-07 01:00:00,0.5537,0.4463,1.2406453058480842
2025-06-07 02:00:00,0.5537,0.4463,1.2406453058480842
2025-06-07 03:00:00,0.5537,0.4463,1.2406453058480842
2025-06-07 04:00:00,0.5537,0.4463,1.2406453058480842
2025-06-07 05:00:00,0.5537,0.4463,1.2406453058480842
2025-06-07 06:00:00,0.5537,0.4463,1.2406453058480842
2025-06-07 07:00:00,0.5537,0.4463,1.2406453058480842
2025-06-07 08:00:00,0.5537,0.4463,1.2406453058480842
2025-06-07 09:00:00,0.5537,0.4463,1.2406453058480842
2025-06-07 10:00:00,0.5537,0.4463,1.2406453058480842
2025-06-07 11:00:00,0.5537,0.4463,1.2406453058480842
2025-06-07 12:00:00,0.5537,0.4463,1.2406453058480842
2025-06-07 13:00:00,0.5537,0.4463,1.2406453058480842
2025-06-07 14:00:00,0.5537,0.4463,1.2406453058480842
2025-06-07 15:00:00,0.5537,0.4463,1.2406453058480842
2025-06-07 16:00:00,0.5537,0.4463,1.2406453058480842
2025-06-07 17:00:00,0.5537,0.4463,1.2406453058480842
2025-06-07 18:00:00,0.5537,0.4463,1.2406453058480842
2025-06-07 19:00:00,0.5537,0.4463,1.2406453058480842
2025-06-07 20:00:00,0.5537,0.4463,1.2406453058480842
2025-06-07 21:00:00,0.5537,0.4463,1.2406453058480842
2025-06-07 22:00:00,0.5537,0.4463,1.2406453058480842
2025-06-07 23:00:00,0.5537,0.4463,1.2406453058480842
2025-06-08 00:00:00,0.5537,0.4463,1.2406453058480842
2025-06-08 01:00:00,0.5537,0.4463,1.2406453058480842
2025-06-08 02:00:00,0.5537,0.4463,1.2406453058480842
2025-06-08 03:00:00,0.5537,0.4463,1.2406453058480842
2025-06-08 04:00:00,0.5537,0.4463,1.2406453058480842
2025-06-08 05:00:00,0.5537,0.4463,1.2406453058480842
2025-06-08 06:00:00,0.5537,0.4463,1.2406453058480842
2025-06-08 07:00:00,0.5537,0.4463,1.2406453058480842
2025-06-08 08:00:00,0.5537,0.4463,1.2406453058480842
2025-06-08 09:00:00,0.5537,0.4463,1.2406453058480842
2025-06-08 10:00:00,0.5537,0.4463,1.2406453058480842
2025-06-08 11:00:00,0.5537,0.4463,1.2406453058480842
2025-06-08 12:00:00,0.5537,0.4463,1.2406453058480842
2025-06-08 13:00:00,0.5537,0.4463,1.2406453058480842
2025-06-08 14:00:00,0.5537,0.4463,1.2406453058480842
2025-06-08 15:00:00,0.5537,0.4463,1.2406453058480842
2025-06-08 16:00:00,0.5537,0.4463,1.2406453058480842
2025-06-08 17:00:00,0.5537,0.4463,1.2406453058480842
2025-06-08 18:00:00,0.5537,0.4463,1.2406453058480842
2025-06-08 19:00:00,0.5537,0.4463,1.2406453058480842
2025-06-08 20:00:00,0.5537,0.4463,1.2406453058480842
2025-06-08 21:00:00,0.5537,0.4463,1.2406453058480842
2025-06-08 22:00:00,0.5537,0.4463,1.2406453058480842
2025-06-08 23:00:00,0.5537,0.4463,1.2406453058480842
2025-06-09 00:00:00,0.5537,0.4463,1.2406453058480842
2025-06-09 01:00:00,0.5537,0.4463,1.2406453058480842
2025-06-09 02:00:00,0.5537,0.4463,1.2406453058480842
2025-06-09 03:00:00,0.5537,0.4463,1.2406453058480842
2025-06-09 04:00:00,0.5537,0.4463,1.2406453058480842
2025-06-09 05:00:00,0.5537,0.4463,1.2406453058480842
2025-06-09 06:00:00,0.5537,0.4463,1.2406453058480842
2025-06-09 07:00:00,0.5537,0.4463,1.2406453058480842
2025-06-09 08:00:00,0.5537,0.4463,1.2406453058480842
2025-06-09 09:00:00,0.5537,0.4463,1.2406453058480842
2025-06-09 10:00:00,0.5537,0.4463,1.2406453058480842
2025-06-09 11:00:00,0.5537,0.4463,1.2406453058480842
2025-06-09 12:00:00,0.5537,0.4463,1.2406453058480842
2025-06-09 13:00:00,0.5537,0.4463,1.2406453058480842
2025-06-09 14:00:00,0.5537,0.4463,1.2406453058480842
2025-06-09 15:00:00,0.5537,0.4463,1.2406453058480842
2025-06-09 16:00:00,0.5537,0.4463,1.2406453058480842
2025-06-09 17:00:00,0.5537,0.4463,1.2406453058480842
2025-06-09 18:00:00,0.5537,0.4463,1.2406453058480842
2025-06-09 19:00:00,0.5537,0.4463,1.2406453058480842
2025-06-09 20:00:00,0.5537,0.4463,1.2406453058480842
2025-06-09 21:00:00,0.5537,0.4463,1.2406453058480842
2025-06-09 22:00:00,0.5537,0.4463,1.2406453058480842
2025-06-09 23:00:00,0.5537,0.4463,1.2406453058480842
2025-06-10 00:00:00,0.5537,0.4463,1.2406453058480842
2025-06-10 01:00:00,0.5537,0.4463,1.2406453058480842
2025-06-10 02:00:00,0.5537,0.4463,1.2406453058480842
2025-06-10 03:00:00,0.5537,0.4463,1.2406453058480842
2025-06-10 04:00:00,0.5537,0.4463,1.2406453058480842
2025-06-10 05:00:00,0.5537,0.4463,1.2406453058480842
2025-06-10 06:00:00,0.5537,0.4463,1.2406453058480842
2025-06-10 07:00:00,0.5537,0.4463,1.2406453058480842
2025-06-10 08:00:00,0.5537,0.4463,1.2406453058480842
2025-06-10 09:00:00,0.5537,0.4463,1.2406453058480842
2025-06-10 10:00:00,0.5537,0.4463,1.2406453058480842
2025-06-10 11:00:00,0.5537,0.4463,1.2406453058480842
2025-06-10 12:00:00,0.5537,0.4463,1.2406453058480842
2025-06-10 13:00:00,0.5537,0.4463,1.2406453058480842
2025-06-10 14:00:00,0.5537,0.4463,1.2406453058480842
2025-06-10 15:00:00,0.5537,0.4463,1.2406453058480842
2025-06-10 16:00:00,0.5537,0.4463,1.2406453058480842
2025-06-10 17:00:00,0.5537,0.4463,1.2406453058480842
2025-06-10 18:00:00,0.5537,0.4463,1.2406453058480842
2025-06-10 19:00:00,0.5537,0.4463,1.2406453058480842
2025-06-10 20:00:00,0.5537,0.4463,1.2406453058480842
2025-06-10 21:00:00,0.5537,0.4463,1.2406453058480842
2025-06-10 22:00:00,0.5537,0.4463,1.2406453058480842
2025-06-10 23:00:00,0.5537,0.4463,1.2406453058480842
2025-06-11 00:00:00,0.5537,0.4463,1.2406453058480842
2025-06-11 01:00:00,0.5537,0.4463,1.2406453058480842
2025-06-11 02:00:00,0.5537,0.4463,1.2406453058480842
2025-06-11 03:00:00,0.5537,0.4463,1.2406453058480842
2025-06-11 04:00:00,0.5537,0.4463,1.2406453058480842
2025-06-11 05:00:00,0.5537,0.4463,1.2406453058480842
2025-06-11 06:00:00,0.5537,0.4463,1.2406453058480842
2025-06-11 07:00:00,0.5537,0.4463,1.2406453058480842
2025-06-11 08:00:00,0.5537,0.4463,1.2406453058480842
2025-06-11 09:00:00,0.5537,0.4463,1.2406453058480842
2025-06-11 10:00:00,0.5537,0.4463,1.2406453058480842
2025-06-11 11:00:00,0.5537,0.4463,1.2406453058480842
2025-06-11 12:00:00,0.5537,0.4463,1.2406453058480842
2025-06-11 13:00:00,0.5537,0.4463,1.2406453058480842
2025-06-11 14:00:00,0.5537,0.4463,1.2406453058480842
2025-06-11 15:00:00,0.5537,0.4463,1.2406453058480842
2025-06-11 16:00:00,0.5537,0.4463,1.2406453058480842
2025-06-11 17:00:00,0.5537,0.4463,1.2406453058480842
2025-06-11 18:00:00,0.5537,0.4463,1.2406453058480842
2025-06-11 19:00:00,0.5537,0.4463,1.2406453058480842
2025-06-11 20:00:00,0.5537,0.4463,1.2406453058480842
2025-06-11 21:00:00,0.5537,0.4463,1.2406453058480842
2025-06-11 22:00:00,0.5537,0.4463,1.2406453058480842
2025-06-11 23:00:00,0.5537,0.4463,1.2406453058480842
2025-06-12 00:00:00,0.5537,0.4463,1.2406453058480842
2025-06-12 01:00:00,0.5537,0.4463,1.2406453058480842
2025-06-12 02:00:00,0.5537,0.4463,1.2406453058480842
2025-06-12 03:00:00,0.5537,0.4463,1.2406453058480842
2025-06-12 04:00:00,0.5537,0.4463,1.2406453058480842
2025-06-12 05:00:00,0.5537,0.4463,1.2406453058480842
2025-06-12 06:00:00,0.5537,0.4463,1.2406453058480842
2025-06-12 07:00:00,0.5537,0.4463,1.2406453058480842
2025-06-12 08:00:00,0.5537,0.4463,1.2406453058480842
2025-06-12 09:00:00,0.5537,0.4463,1.2406453058480842
2025-06-12 10:00:00,0.5537,0.4463,1.2406453058480842
2025-06-12 11:00:00,0.5537,0.4463,1.2406453058480842
2025-06-12 12:00:00,0.5537,0.4463,1.2406453058480842
2025-06-12 13:00:00,0.5537,0.4463,1.2406453058480842
2025-06-12 14:00:00,0.5537,0.4463,1.2406453058480842
2025-06-12 15:00:00,0.5537,0.4463,1.2406453058480842
2025-06-12 16:00:00,0.5537,0.4463,1.2406453058480842
2025-06-12 17:00:00,0.5537,0.4463,1.2406453058480842
2025-06-12 18:00:00,0.5537,0.4463,1.2406453058480842
2025-06-12 19:00:00,0.5537,0.4463,1.2406453058480842
2025-06-12 20:00:00,0.5537,0.4463,1.2406453058480842
2025-06-12 21:00:00,0.5537,0.4463,1.2406453058480842
2025-06-12 22:00:00,0.5537,0.4463,1.2406453058480842
2025-06-12 23:00:00,0.5537,0.4463,1.2406453058480842
2025-06-13 00:00:00,0.5537,0.4463,1.2406453058480842
2025-06-13 01:00:00,0.5537,0.4463,1.2406453058480842
2025-06-13 02:00:00,0.5537,0.4463,1.2406453058480842
2025-06-13 03:00:00,0.5537,0.4463,1.2406453058480842
2025-06-13 04:00:00,0.5537,0.4463,1.2406453058480842
2025-06-13 05:00:00,0.5537,0.4463,1.2406453058480842
2025-06-13 06:00:00,0.5537,0.4463,1.2406453058480842
2025-06-13 07:00:00,0.5537,0.4463,1.2406453058480842
2025-06-13 08:00:00,0.5537,0.4463,1.2406453058480842
2025-06-13 09:00:00,0.5537,0.4463,1.2406453058480842
2025-06-13 10:00:00,0.5537,0.4463,1.2406453058480842
2025-06-13 11:00:00,0.5537,0.4463,1.2406453058480842
2025-06-13 12:00:00,0.5537,0.4463,1.2406453058480842
2025-06-13 13:00:00,0.5537,0.4463,1.2406453058480842
2025-06-13 14:00:00,0.5537,0.4463,1.2406453058480842
2025-06-13 15:00:00,0.5537,0.4463,1.2406453058480842
2025-06-13 16:00:00,0.5537,0.4463,1.2406453058480842
2025-06-13 17:00:00,0.5537,0.4463,1.2406453058480842
2025-06-13 18:00:00,0.5537,0.4463,1.2406453058480842
2025-06-13 19:00:00,0.5537,0.4463,1.2406453058480842
2025-06-13 20:00:00,0.5537,0.4463,1.2406453058480842
2025-06-13 21:00:00,0.5537,0.4463,1.2406453058480842
2025-06-13 22:00:00,0.5537,0.4463,1.2406453058480842
2025-06-13 23:00:00,0.5537,0.4463,1.2406453058480842
2025-06-14 00:00:00,0.5537,0.4463,1.2406453058480842
2025-06-14 01:00:00,0.5537,0.4463,1.2406453058480842
2025-06-14 02:00:00,0.5537,0.4463,1.2406453058480842
2025-06-14 03:00:00,0.5537,0.4463,1.2406453058480842
2025-06-14 04:00:00,0.5537,0.4463,1.2406453058480842
2025-06-14 05:00:00,0.5537,0.4463,1.2406453058480842
2025-06-14 06:00:00,0.5537,0.4463,1.2406453058480842
2025-06-14 07:00:00,0.5537,0.4463,1.2406453058480842
2025-06-14 08:00:00,0.5537,0.4463,1.2406453058480842
2025-06-14 09:00:00,0.5537,0.4463,1.2406453058480842
2025-06-14 10:00:00,0.5537,0.4463,1.2406453058480842
2025-06-14 11:00:00,0.5537,0.4463,1.2406453058480842
2025-06-14 12:00:00,0.5537,0.4463,1.2406453058480842
2025-06-14 13:00:00,0.5537,0.4463,1.2406453058480842
2025-06-14 14:00:00,0.5537,0.4463,1.2406453058480842
2025-06-14 15:00:00,0.5537,0.4463,1.2406453058480842
2025-06-14 16:00:00,0.5537,0.4463,1.2406453058480842
2025-06-14 17:00:00,0.5537,0.4463,1.2406453058480842
2025-06-14 18:00:00,0.5537,0.4463,1.2406453058480842
2025-06-14 19:00:00,0.5537,0.4463,1.2406453058480842
2025-06-14 20:00:00,0.5537,0.4463,1.2406453058480842
2025-06-14 21:00:00,0.5537,0.4463,1.2406453058480842
2025-06-14 22:00:00,0.5537,0.4463,1.2406453058480842
2025-06-14 23:00:00,0.5537,0.4463,1.2406453058480842
2025-06-15 00:00:00,0.5537,0.4463,1.2406453058480842
2025-06-15 01:00:00,0.5537,0.4463,1.2406453058480842
2025-06-15 02:00:00,0.5537,0.4463,1.2406453058480842
2025-06-15 03:00:00,0.5537,0.4463,1.2406453058480842
2025-06-15 04:00:00,0.5537,0.4463,1.2406453058480842
2025-06-15 05:00:00,0.5537,0.4463,1.2406453058480842
2025-06-15 06:00:00,0.5537,0.4463,1.2406453058480842
2025-06-15 07:00:00,0.5537,0.4463,1.2406453058480842
2025-06-15 08:00:00,0.5537,0.4463,1.2406453058480842
2025-06-15 09:00:00,0.5537,0.4463,1.2406453058480842
2025-06-15 10:00:00,0.5537,0.4463,1.2406453058480842
2025-06-15 11:00:00,0.5537,0.4463,1.2406453058480842
2025-06-15 12:00:00,0.5537,0.4463,1.2406453058480842
2025-06-15 13:00:00,0.5537,0.4463,1.2406453058480842
2025-06-15 14:00:00,0.5537,0.4463,1.2406453058480842
2025-06-15 15:00:00,0.5537,0.4463,1.2406453058480842
2025-06-15 16:00:00,0.5537,0.4463,1.2406453058480842
2025-06-15 17:00:00,0.5537,0.4463,1.2406453058480842
2025-06-15 18:00:00,0.5537,0.4463,1.2406453058480842
2025-06-15 19:00:00,0.5537,0.4463,1.2406453058480842
2025-06-15 20:00:00,0.5537,0.4463,1.2406453058480842
2025-06-15 21:00:00,0.5537,0.4463,1.2406453058480842
2025-06-15 22:00:00,0.5537,0.4463,1.2406453058480842
2025-06-15 23:00:00,0.5537,0.4463,1.2406453058480842
2025-06-16 00:00:00,0.5537,0.4463,1.2406453058480842
2025-06-16 01:00:00,0.5537,0.4463,1.2406453058480842
2025-06-16 02:00:00,0.5537,0.4463,1.2406453058480842
2025-06-16 03:00:00,0.5537,0.4463,1.2406453058480842
2025-06-16 04:00:00,0.5537,0.4463,1.2406453058480842
2025-06-16 05:00:00,0.5537,0.4463,1.2406453058480842
2025-06-16 06:00:00,0.5537,0.4463,1.2406453058480842
2025-06-16 07:00:00,0.5537,0.4463,1.2406453058480842
2025-06-16 08:00:00,0.5537,0.4463,1.2406453058480842
2025-06-16 09:00:00,0.5537,0.4463,1.2406453058480842
2025-06-16 10:00:00,0.5537,0.4463,1.2406453058480842
2025-06-16 11:00:00,0.5537,0.4463,1.2406453058480842
2025-06-16 12:00:00,0.5537,0.4463,1.2406453058480842
2025-06-16 13:00:00,0.5537,0.4463,1.2406453058480842
2025-06-16 14:00:00,0.5537,0.4463,1.2406453058480842
2025-06-16 15:00:00,0.5537,0.4463,1.2406453058480842
2025-06-16 16:00:00,0.5537,0.4463,1.2406453058480842
2025-06-16 17:00:00,0.5537,0.4463,1.2406453058480842
2025-06-16 18:00:00,0.5537,0.4463,1.2406453058480842
2025-06-16 19:00:00,0.5537,0.4463,1.2406453058480842
2025-06-16 20:00:00,0.5537,0.4463,1.2406453058480842
2025-06-16 21:00:00,0.5537,0.4463,1.2406453058480842
2025-06-16 22:00:00,0.5537,0.4463,1.2406453058480842
2025-06-16 23:00:00,0.5537,0.4463,1.2406453058480842
2025-06-17 00:00:00,0.5537,0.4463,1.2406453058480842
2025-06-17 01:00:00,0.5537,0.4463,1.2406453058480842
2025-06-17 02:00:00,0.5537,0.4463,1.2406453058480842
2025-06-17 03:00:00,0.5537,0.4463,1.2406453058480842
2025-06-17 04:00:00,0.5537,0.4463,1.2406453058480842
2025-06-17 05:00:00,0.5537,0.4463,1.2406453058480842
2025-06-17 06:00:00,0.5537,0.4463,1.2406453058480842
2025-06-17 07:00:00,0.5537,0.4463,1.2406453058480842
2025-06-17 08:00:00,0.5537,0.4463,1.2406453058480842
2025-06-17 09:00:00,0.5537,0.4463,1.2406453058480842
2025-06-17 10:00:00,0.5537,0.4463,1.2406453058480842
2025-06-17 11:00:00,0.5537,0.4463,1.2406453058480842
2025-06-17 12:00:00,0.5537,0.4463,1.2406453058480842
2025-06-17 13:00:00,0.5537,0.4463,1.2406453058480842
2025-06-17 14:00:00,0.5537,0.4463,1.2406453058480842
2025-06-17 15:00:00,0.5537,0.4463,1.2406453058480842
2025-06-17 16:00:00,0.5537,0.4463,1.2406453058480842
2025-06-17 17:00:00,0.5537,0.4463,1.2406453058480842
2025-06-17 18:00:00,0.5537,0.4463,1.2406453058480842
2025-06-17 19:00:00,0.5537,0.4463,1.2406453058480842
2025-06-17 20:00:00,0.5537,0.4463,1.2406453058480842
2025-06-17 21:00:00,0.5537,0.4463,1.2406453058480842
2025-06-17 22:00:00,0.5537,0.4463,1.2406453058480842
2025-06-17 23:00:00,0.5537,0.4463,1.2406453058480842
2025-06-18 00:00:00,0.5537,0.4463,1.2406453058480842
2025-06-18 01:00:00,0.5537,0.4463,1.2406453058480842
2025-06-18 02:00:00,0.5537,0.4463,1.2406453058480842
2025-06-18 03:00:00,0.5537,0.4463,1.2406453058480842
2025-06-18 04:00:00,0.5537,0.4463,1.2406453058480842
2025-06-18 05:00:00,0.5537,0.4463,1.2406453058480842
2025-06-18 06:00:00,0.5537,0.4463,1.2406453058480842
2025-06-18 07:00:00,0.5537,0.4463,1.2406453058480842
2025-06-18 08:00:00,0.5537,0.4463,1.2406453058480842
2025-06-18 09:00:00,0.5537,0.4463,1.2406453058480842
2025-06-18 10:00:00,0.5537,0.4463,1.2406453058480842
2025-06-18 11:00:00,0.5537,0.4463,1.2406453058480842
2025-06-18 12:00:00,0.5537,0.4463,1.2406453058480842
2025-06-18 13:00:00,0.5537,0.4463,1.2406453058480842
2025-06-18 14:00:00,0.5537,0.4463,1.2406453058480842
2025-06-18 15:00:00,0.5537,0.4463,1.2406453058480842
2025-06-18 16:00:00,0.5537,0.4463,1.2406453058480842
2025-06-18 17:00:00,0.5537,0.4463,1.2406453058480842
2025-06-18 18:00:00,0.5537,0.4463,1.2406453058480842
2025-06-18 19:00:00,0.5537,0.4463,1.2406453058480842
2025-06-18 20:00:00,0.5537,0.4463,1.2406453058480842
2025-06-18 21:00:00,0.5537,0.4463,1.2406453058480842
2025-06-18 22:00:00,0.5537,0.4463,1.2406453058480842
2025-06-18 23:00:00,0.5537,0.4463,1.2406453058480842
2025-06-19 00:00:00,0.5537,0.4463,1.2406453058480842
2025-06-19 01:00:00,0.5537,0.4463,1.2406453058480842
2025-06-19 02:00:00,0.5537,0.4463,1.2406453058480842
2025-06-19 03:00:00,0.5537,0.4463,1.2406453058480842
2025-06-19 04:00:00,0.5537,0.4463,1.2406453058480842
2025-06-19 05:00:00,0.5537,0.4463,1.2406453058480842
2025-06-19 06:00:00,0.5537,0.4463,1.2406453058480842
2025-06-19 07:00:00,0.5537,0.4463,1.2406453058480842
2025-06-19 08:00:00,0.5537,0.4463,1.2406453058480842
2025-06-19 09:00:00,0.5537,0.4463,1.2406453058480842
2025-06-19 10:00:00,0.5537,0.4463,1.2406453058480842
2025-06-19 11:00:00,0.5537,0.4463,1.2406453058480842
2025-06-19 12:00:00,0.5537,0.4463,1.2406453058480842
2025-06-19 13:00:00,0.5537,0.4463,1.2406453058480842
2025-06-19 14:00:00,0.5537,0.4463,1.2406453058480842
2025-06-19 15:00:00,0.5537,0.4463,1.2406453058480842
2025-06-19 16:00:00,0.5537,0.4463,1.2406453058480842
2025-06-19 17:00:00,0.5537,0.4463,1.2406453058480842
2025-06-19 18:00:00,0.5537,0.4463,1.2406453058480842
2025-06-19 19:00:00,0.5537,0.4463,1.2406453058480842
2025-06-19 20:00:00,0.5537,0.4463,1.2406453058480842
2025-06-19 21:00:00,0.5537,0.4463,1.2406453058480842
2025-06-19 22:00:00,0.5537,0.4463,1.2406453058480842
2025-06-19 23:00:00,0.5537,0.4463,1.2406453058480842
2025-06-20 00:00:00,0.5537,0.4463,1.2406453058480842
2025-06-20 01:00:00,0.5537,0.4463,1.2406453058480842
2025-06-20 02:00:00,0.5537,0.4463,1.2406453058480842
2025-06-20 03:00:00,0.5537,0.4463,1.2406453058480842
2025-06-20 04:00:00,0.5537,0.4463,1.2406453058480842
2025-06-20 05:00:00,0.5537,0.4463,1.2406453058480842
2025-06-20 06:00:00,0.5537,0.4463,1.2406453058480842
2025-06-20 07:00:00,0.5537,0.4463,1.2406453058480842
2025-06-20 08:00:00,0.5537,0.4463,1.2406453058480842
2025-06-20 09:00:00,0.5537,0.4463,1.2406453058480842
2025-06-20 10:00:00,0.5537,0.4463,1.2406453058480842
2025-06-20 11:00:00,0.5537,0.4463,1.2406453058480842
2025-06-20 12:00:00,0.5537,0.4463,1.2406453058480842
2025-06-20 13:00:00,0.5537,0.4463,1.2406453058480842
2025-06-20 14:00:00,0.5537,0.4463,1.2406453058480842
2025-06-20 15:00:00,0.5537,0.4463,1.2406453058480842
2025-06-20 16:00:00,0.5537,0.4463,1.2406453058480842
2025-06-20 17:00:00,0.5537,0.4463,1.2406453058480842
2025-06-20 18:00:00,0.5537,0.4463,1.2406453058480842
2025-06-20 19:00:00,0.5537,0.4463,1.2406453058480842
2025-06-20 20:00:00,0.5537,0.4463,1.2406453058480842
2025-06-20 21:00:00,0.5537,0.4463,1.2406453058480842
2025-06-20 22:00:00,0.5537,0.4463,1.2406453058480842
2025-06-20 23:00:00,0.5537,0.4463,1.2406453058480842
2025-06-21 00:00:00,0.5537,0.4463,1.2406453058480842
2025-06-21 01:00:00,0.5537,0.4463,1.2406453058480842
2025-06-21 02:00:00,0.5537,0.4463,1.2406453058480842
2025-06-21 03:00:00,0.5537,0.4463,1.2406453058480842
2025-06-21 04:00:00,0.5537,0.4463,1.2406453058480842
2025-06-21 05:00:00,0.5537,0.4463,1.2406453058480842
2025-06-21 06:00:00,0.5537,0.4463,1.2406453058480842
2025-06-21 07:00:00,0.5537,0.4463,1.2406453058480842
2025-06-21 08:00:00,0.5537,0.4463,1.2406453058480842
2025-06-21 09:00:00,0.5537,0.4463,1.2406453058480842
2025-06-21 10:00:00,0.5537,0.4463,1.2406453058480842
2025-06-21 11:00:00,0.5537,0.4463,1.2406453058480842
2025-06-21 12:00:00,0.5537,0.4463,1.2406453058480842
2025-06-21 13:00:00,0.5537,0.4463,1.2406453058480842
2025-06-21 14:00:00,0.5537,0.4463,1.2406453058480842
2025-06-21 15:00:00,0.5537,0.4463,1.2406453058480842
2025-06-21 16:00:00,0.5537,0.4463,1.2406453058480842
2025-06-21 17:00:00,0.5537,0.4463,1.2406453058480842
2025-06-21 18:00:00,0.5537,0.4463,1.2406453058480842
2025-06-21 19:00:00,0.5537,0.4463,1.2406453058480842
2025-06-21 20:00:00,0.5537,0.4463,1.2406453058480842
2025-06-21 21:00:00,0.5537,0.4463,1.2406453058480842
2025-06-21 22:00:00,0.5537,0.4463,1.2406453058480842
2025-06-21 23:00:00,0.5537,0.4463,1.2406453058480842
2025-06-22 00:00:00,0.5537,0.4463,1.2406453058480842
2025-06-22 01:00:00,0.5537,0.4463,1.2406453058480842
2025-06-22 02:00:00,0.5537,0.4463,1.2406453058480842
2025-06-22 03:00:00,0.5537,0.4463,1.2406453058480842
2025-06-22 04:00:00,0.5537,0.4463,1.2406453058480842
2025-06-22 05:00:00,0.5537,0.4463,1.2406453058480842
2025-06-22 06:00:00,0.5537,0.4463,1.2406453058480842
2025-06-22 07:00:00,0.5537,0.4463,1.2406453058480842
2025-06-22 08:00:00,0.5537,0.4463,1.2406453058480842
2025-06-22 09:00:00,0.5537,0.4463,1.2406453058480842
2025-06-22 10:00:00,0.5537,0.4463,1.2406453058480842
2025-06-22 11:00:00,0.5537,0.4463,1.2406453058480842
2025-06-22 12:00:00,0.5537,0.4463,1.2406453058480842
2025-06-22 13:00:00,0.5537,0.4463,1.2406453058480842
2025-06-22 14:00:00,0.5537,0.4463,1.2406453058480842
2025-06-22 15:00:00,0.5537,0.4463,1.2406453058480842
2025-06-22 16:00:00,0.5537,0.4463,1.2406453058480842
2025-06-22 17:00:00,0.5537,0.4463,1.2406453058480842
2025-06-22 18:00:00,0.5537,0.4463,1.2406453058480842
2025-06-22 19:00:00,0.5537,0.4463,1.2406453058480842
2025-06-22 20:00:00,0.5537,0.4463,1.2406453058480842
2025-06-22 21:00:00,0.5537,0.4463,1.2406453058480842
2025-06-22 22:00:00,0.5537,0.4463,1.2406453058480842
2025-06-22 23:00:00,0.5537,0.4463,1.2406453058480842
2025-06-23 00:00:00,0.5537,0.4463,1.2406453058480842
2025-06-23 01:00:00,0.5537,0.4463,1.2406453058480842
2025-06-23 02:00:00,0.5537,0.4463,1.2406453058480842
2025-06-23 03:00:00,0.5537,0.4463,1.2406453058480842
2025-06-23 04:00:00,0.5537,0.4463,1.2406453058480842
2025-06-23 05:00:00,0.5537,0.4463,1.2406453058480842
2025-06-23 06:00:00,0.5537,0.4463,1.2406453058480842
2025-06-23 07:00:00,0.5537,0.4463,1.2406453058480842
2025-06-23 08:00:00,0.5537,0.4463,1.2406453058480842
2025-06-23 09:00:00,0.5537,0.4463,1.2406453058480842
2025-06-23 10:00:00,0.5537,0.4463,1.2406453058480842
2025-06-23 11:00:00,0.5537,0.4463,1.2406453058480842
2025-06-23 12:00:00,0.5537,0.4463,1.2406453058480842
2025-06-23 13:00:00,0.5537,0.4463,1.2406453058480842
2025-06-23 14:00:00,0.5537,0.4463,1.2406453058480842
2025-06-23 15:00:00,0.5537,0.4463,1.2406453058480842
2025-06-23 16:00:00,0.5537,0.4463,1.2406453058480842
2025-06-23 17:00:00,0.5537,0.4463,1.2406453058480842
2025-06-23 18:00:00,0.5537,0.4463,1.2406453058480842
2025-06-23 19:00:00,0.5537,0.4463,1.2406453058480842
2025-06-23 20:00:00,0.5537,0.4463,1.2406453058480842
2025-06-23 21:00:00,0.5537,0.4463,1.2406453058480842
2025-06-23 22:00:00,0.5537,0.4463,1.2406453058480842
2025-06-23 23:00:00,0.5537,0.4463,1.2406453058480842
2025-06-24 00:00:00,0.5537,0.4463,1.2406453058480842
2025-06-24 01:00:00,0.5537,0.4463,1.2406453058480842
2025-06-24 02:00:00,0.5537,0.4463,1.2406453058480842
2025-06-24 03:00:00,0.5537,0.4463,1.2406453058480842
2025-06-24 04:00:00,0.5537,0.4463,1.2406453058480842
2025-06-24 05:00:00,0.5537,0.4463,1.2406453058480842
2025-06-24 06:00:00,0.5537,0.4463,1.2406453058480842
2025-06-24 07:00:00,0.5537,0.4463,1.2406453058480842
2025-06-24 08:00:00,0.5537,0.4463,1.2406453058480842
2025-06-24 09:00:00,0.5537,0.4463,1.2406453058480842
2025-06-24 10:00:00,0.5537,0.4463,1.2406453058480842
2025-06-24 11:00:00,0.5537,0.4463,1.2406453058480842
2025-06-24 12:00:00,0.5537,0.4463,1.2406453058480842
2025-06-24 13:00:00,0.5537,0.4463,1.2406453058480842
2025-06-24 14:00:00,0.5537,0.4463,1.2406453058480842
2025-06-24 15:00:00,0.5537,0.4463,1.2406453058480842
2025-06-24 16:00:00,0.5537,0.4463,1.2406453058480842
2025-06-24 17:00:00,0.5537,0.4463,1.2406453058480842
2025-06-24 18:00:00,0.5537,0.4463,1.2406453058480842
2025-06-24 19:00:00,0.5537,0.4463,1.2406453058480842
2025-06-24 20:00:00,0.5537,0.4463,1.2406453058480842
2025-06-24 21:00:00,0.5537,0.4463,1.2406453058480842
2025-06-24 22:00:00,0.5537,0.4463,1.2406453058480842
2025-06-24 23:00:00,0.5537,0.4463,1.2406453058480842
2025-06-25 00:00:00,0.5537,0.4463,1.2406453058480842
2025-06-25 01:00:00,0.5537,0.4463,1.2406453058480842
2025-06-25 02:00:00,0.5537,0.4463,1.2406453058480842
2025-06-25 03:00:00,0.5537,0.4463,1.2406453058480842
2025-06-25 04:00:00,0.5537,0.4463,1.2406453058480842
2025-06-25 05:00:00,0.5537,0.4463,1.2406453058480842
2025-06-25 06:00:00,0.5537,0.4463,1.2406453058480842
2025-06-25 07:00:00,0.5537,0.4463,1.2406453058480842
2025-06-25 08:00:00,0.5537,0.4463,1.2406453058480842
2025-06-25 09:00:00,0.5537,0.4463,1.2406453058480842
2025-06-25 10:00:00,0.5537,0.4463,1.2406453058480842
2025-06-25 11:00:00,0.5537,0.4463,1.2406453058480842
2025-06-25 12:00:00,0.5537,0.4463,1.2406453058480842
2025-06-25 13:00:00,0.5537,0.4463,1.2406453058480842
2025-06-25 14:00:00,0.5537,0.4463,1.2406453058480842
2025-06-25 15:00:00,0.5537,0.4463,1.2406453058480842
2025-06-25 16:00:00,0.5537,0.4463,1.2406453058480842
2025-06-25 17:00:00,0.5537,0.4463,1.2406453058480842
2025-06-25 18:00:00,0.5537,0.4463,1.2406453058480842
2025-06-25 19:00:00,0.5537,0.4463,1.2406453058480842
2025-06-25 20:00:00,0.5537,0.4463,1.2406453058480842
2025-06-25 21:00:00,0.5537,0.4463,1.2406453058480842
2025-06-25 22:00:00,0.5537,0.4463,1.2406453058480842
2025-06-25 23:00:00,0.5537,0.4463,1.2406453058480842
2025-06-26 00:00:00,0.5537,0.4463,1.2406453058480842
2025-06-26 01:00:00,0.5537,0.4463,1.2406453058480842
2025-06-26 02:00:00,0.5537,0.4463,1.2406453058480842
2025-06-26 03:00:00,0.5537,0.4463,1.2406453058480842
2025-06-26 04:00:00,0.5537,0.4463,1.2406453058480842
2025-06-26 05:00:00,0.5537,0.4463,1.2406453058480842
2025-06-26 06:00:00,0.5537,0.4463,1.2406453058480842
2025-06-26 07:00:00,0.5537,0.4463,1.2406453058480842
2025-06-26 08:00:00,0.5537,0.4463,1.2406453058480842
2025-06-26 09:00:00,0.5537,0.4463,1.2406453058480842
2025-06-26 10:00:00,0.5537,0.4463,1.2406453058480842
2025-06-26 11:00:00,0.5537,0.4463,1.2406453058480842
2025-06-26 12:00:00,0.5537,0.4463,1.2406453058480842
2025-06-26 13:00:00,0.5537,0.4463,1.2406453058480842
2025-06-26 14:00:00,0.5537,0.4463,1.2406453058480842
2025-06-26 15:00:00,0.5537,0.4463,1.2406453058480842
2025-06-26 16:00:00,0.5537,0.4463,1.2406453058480842
2025-06-26 17:00:00,0.5537,0.4463,1.2406453058480842
2025-06-26 18:00:00,0.5537,0.4463,1.2406453058480842
2025-06-26 19:00:00,0.5537,0.4463,1.2406453058480842
2025-06-26 20:00:00,0.5537,0.4463,1.2406453058480842
2025-06-26 21:00:00,0.5537,0.4463,1.2406453058480842
2025-06-26 22:00:00,0.5537,0.4463,1.2406453058480842
2025-06-26 23:00:00,0.5537,0.4463,1.2406453058480842
2025-06-27 00:00:00,0.5537,0.4463,1.2406453058480842
2025-06-27 01:00:00,0.5537,0.4463,1.2406453058480842
2025-06-27 02:00:00,0.5537,0.4463,1.2406453058480842
2025-06-27 03:00:00,0.5537,0.4463,1.2406453058480842
2025-06-27 04:00:00,0.5537,0.4463,1.2406453058480842
2025-06-27 05:00:00,0.5537,0.4463,1.2406453058480842
2025-06-27 06:00:00,0.5537,0.4463,1.2406453058480842
2025-06-27 07:00:00,0.5537,0.4463,1.2406453058480842
2025-06-27 08:00:00,0.5537,0.4463,1.2406453058480842
2025-06-27 09:00:00,0.4985,0.5015,0.9940179461615155
2025-06-27 10:00:00,0.4954,0.5046,0.9817677368212445
2025-06-27 11:00:00,0.4944,0.5056,0.9778481012658227
2025-06-27 12:00:00,0.4938,0.5062,0.9755037534571316
2025-06-27 13:00:00,0.502,0.498,1.0080321285140563
2025-06-27 14:00:00,0.5043,0.4957,1.0173492031470648
2025-06-27 15:00:00,0.5041,0.4959,1.0165355918531962
2025-06-27 16:00:00,0.5029,0.4971,1.011667672500503
2025-06-27 17:00:00,0.502,0.498,1.0080321285140563
2025-06-27 18:00:00,0.5028,0.4972,1.0112630732099759
2025-06-27 19:00:00,0.5067,0.4933,1.0271639975674032
2025-06-27 20:00:00,0.5049,0.4951,1.0197939810139367
2025-06-27 21:00:00,0.4997,0.5003,0.9988007195682591
2025-06-27 22:00:00,0.5046,0.4954,1.0185708518368997
2025-06-27 23:00:00,0.5092,0.4908,1.037489812550937
2025-06-28 00:00:00,0.5114,0.4886,1.0466639377814162
2025-06-28 01:00:00,0.5113,0.4887,1.046245140167792
2025-06-28 02:00:00,0.5089,0.4911,1.0362451639177357
2025-06-28 03:00:00,0.5085,0.4915,1.034587995930824
2025-06-28 04:00:00,0.5071,0.4929,1.028809089064719
2025-06-28 05:00:00,0.5064,0.4936,1.025931928687196
2025-06-28 06:00:00,0.5077,0.4923,1.0312817387771684
2025-06-28 07:00:00,0.5076,0.4924,1.0308692120227458
2025-06-28 08:00:00,0.5079,0.4921,1.0321072952651902
2025-06-28 09:00:00,0.5064,0.4936,1.025931928687196
2025-06-28 10:00:00,0.5062,0.4938,1.0251113811259618
2025-06-28 11:00:00,0.5073,0.4927,1.0296326364927948
2025-06-28 12:00:00,0.5071,0.4929,1.028809089064719
2025-06-28 13:00:00,0.5033,0.4967,1.0132876988121602
2025-06-28 14:00:00,0.5012,0.4988,1.0048115477145148
2025-06-28 15:00:00,0.5017,0.4983,1.006823198876179
2025-06-28 16:00:00,0.5028,0.4972,1.0112630732099759
2025-06-28 17:00:00,0.5029,0.4971,1.011667672500503
2025-06-28 18:00:00,0.5025,0.4975,1.0100502512562812
2025-06-28 19:00:00,0.5033,0.4967,1.0132876988121602
2025-06-28 20:00:00,0.5064,0.4936,1.025931928687196
2025-06-28 21:00:00,0.5062,0.4938,1.0251113811259618
2025-06-28 22:00:00,0.5073,0.4927,1.0296326364927948
2025-06-28 23:00:00,0.5081,0.4919,1.0329335230737955
2025-06-29 00:00:00,0.5094,0.4906,1.038320423970648
2025-06-29 01:00:00,0.5104,0.4896,1.042483660130719
2025-06-29 02:00:00,0.5117,0.4883,1.047921359819783
2025-06-29 03:00:00,0.5122,0.4878,1.050020500205002
2025-06-29 04:00:00,0.5122,0.4878,1.050020500205002
2025-06-29 05:00:00,0.5121,0.4879,1.0496003279360524
2025-06-29 06:00:00,0.5116,0.4884,1.0475020475020476
2025-06-29 07:00:00,0.5132,0.4868,1.0542317173377156
2025-06-29 08:00:00,0.5136,0.4864,1.0559210526315788
2025-06-29 09:00:00,0.5145,0.4855,1.0597322348094746
2025-06-29 10:00:00,0.5148,0.4852,1.0610057708161582
2025-06-29 11:00:00,0.5157,0.4843,1.0648358455502789
2025-06-29 12:00:00,0.5154,0.4846,1.0635575732562939
2025-06-29 13:00:00,0.5155,0.4845,1.0639834881320949
2025-06-29 14:00:00,0.5167,0.4833,1.0691082143596111
2025-06-29 15:00:00,0.5091,0.4909,1.0370747606437156
2025-06-29 16:00:00,0.5113,0.4887,1.046245140167792
2025-06-29 17:00:00,0.5063,0.4937,1.0255215718047397
2025-06-29 18:00:00,0.5027,0.4973,1.0108586366378445
2025-06-29 19:00:00,0.5016,0.4984,1.0064205457463886
2025-06-29 20:00:00,0.5021,0.4979,1.008435428800964
2025-06-29 21:00:00,0.5059,0.4941,1.0238818053025704
2025-06-29 22:00:00,0.5095,0.4905,1.038735983690112
2025-06-29 23:00:00,0.516,0.484,1.0661157024793388
2025-06-30 00:00:00,0.5164,0.4836,1.0678246484698097
2025-06-30 01:00:00,0.5179,0.4821,1.0742584526031944
2025-06-30 02:00:00,0.5208,0.4792,1.0868113522537564
2025-06-30 03:00:00,0.5214,0.4786,1.0894274968658586
2025-06-30 04:00:00,0.52,0.48,1.0833333333333335
2025-06-30 05:00:00,0.5189,0.4811,1.0785699438786116
2025-06-30 06:00:00,0.5152,0.4848,1.0627062706270627
2025-06-30 07:00:00,0.5124,0.4876,1.0508613617719442
2025-06-30 08:00:00,0.5094,0.4906,1.038320423970648
2025-06-30 09:00:00,0.504,0.496,1.0161290322580645
2025-06-30 10:00:00,0.5005,0.4995,1.002002002002002
2025-06-30 11:00:00,0.5067,0.4933,1.0271639975674032
2025-06-30 12:00:00,0.5205,0.4795,1.0855057351407715
2025-06-30 13:00:00,0.5225,0.4775,1.094240837696335
2025-06-30 14:00:00,0.5275,0.4725,1.1164021164021163
2025-06-30 15:00:00,0.5313,0.4687,1.1335609131640707
2025-06-30 16:00:00,0.5368,0.4632,1.1588946459412781
2025-06-30 17:00:00,0.5341,0.4659,1.1463833440652502
2025-06-30 18:00:00,0.5346,0.4654,1.1486892995272884
2025-06-30 19:00:00,0.523,0.477,1.0964360587002098
2025-06-30 20:00:00,0.5312,0.4688,1.1331058020477816
2025-06-30 21:00:00,0.53,0.47,1.1276595744680853
2025-06-30 22:00:00,0.5293,0.4707,1.1244954323348204
2025-06-30 23:00:00,0.5288,0.4712,1.1222410865874364
2025-07-01 00:00:00,0.5309,0.4691,1.1317416329140908
2025-07-01 01:00:00,0.5316,0.4684,1.134927412467976
2025-07-01 02:00:00,0.5294,0.4706,1.1249468763280916
2025-07-01 03:00:00,0.5273,0.4727,1.1155066638459912
2025-07-01 04:00:00,0.5273,0.4727,1.1155066638459912
2025-07-01 05:00:00,0.5281,0.4719,1.1190930281839373
2025-07-01 06:00:00,0.5273,0.4727,1.1155066638459912
2025-07-01 07:00:00,0.5273,0.4727,1.1155066638459912
2025-07-01 08:00:00,0.5276,0.4724,1.1168501270110076
2025-07-01 09:00:00,0.5258,0.4742,1.1088148460565164
2025-07-01 10:00:00,0.5289,0.4711,1.1226915729144555
2025-07-01 11:00:00,0.5307,0.4693,1.1308331557639035
2025-07-01 12:00:00,0.5331,0.4669,1.1417862497322768
2025-07-01 13:00:00,0.5333,0.4667,1.1427040925648169
2025-07-01 14:00:00,0.5325,0.4675,1.13903743315508
2025-07-01 15:00:00,0.5345,0.4655,1.1482277121374864
2025-07-01 16:00:00,0.5397,0.4603,1.1724961981316533
2025-07-01 17:00:00,0.5406,0.4594,1.1767522855899
2025-07-01 18:00:00,0.5402,0.4598,1.174858634188778
2025-07-01 19:00:00,0.5471,0.4529,1.20799293442261
2025-07-01 20:00:00,0.5548,0.4452,1.2461814914645102
2025-07-01 21:00:00,0.5556,0.4444,1.2502250225022502
2025-07-01 22:00:00,0.5551,0.4449,1.2476961114857272
2025-07-01 23:00:00,0.5521,0.4479,1.2326412145568209
2025-07-02 00:00:00,0.5539,0.4461,1.2416498542927594
2025-07-02 01:00:00,0.5613,0.4387,1.2794620469569182
2025-07-02 02:00:00,0.56,0.44,1.272727272727273
2025-07-02 03:00:00,0.5598,0.4402,1.2716946842344388
2025-07-02 04:00:00,0.5618,0.4382,1.2820629849383842
2025-07-02 05:00:00,0.5621,0.4379,1.2836263987211693
2025-07-02 06:00:00,0.564,0.436,1.293577981651376
2025-07-02 07:00:00,0.5664,0.4336,1.3062730627306274
2025-07-02 08:00:00,0.5689,0.4311,1.3196474135931338
2025-07-02 09:00:00,0.5712,0.4288,1.332089552238806
2025-07-02 10:00:00,0.5707,0.4293,1.3293733985557885
2025-07-02 11:00:00,0.568,0.432,1.3148148148148147
2025-07-02 12:00:00,0.5599,0.4401,1.2722108611679164
2025-07-02 13:00:00,0.5564,0.4436,1.254283137962128
2025-07-02 14:00:00,0.5462,0.4538,1.2036139268400177
2025-07-02 15:00:00,0.5435,0.4565,1.1905805038335158
2025-07-02 16:00:00,0.5317,0.4683,1.1353833013025838
2025-07-02 17:00:00,0.5304,0.4696,1.129471890971039
2025-07-02 18:00:00,0.5317,0.4683,1.1353833013025838
2025-07-02 19:00:00,0.5282,0.4718,1.1195421788893598
2025-07-02 20:00:00,0.5114,0.4886,1.0466639377814162
2025-07-02 21:00:00,0.4977,0.5023,0.9908421262193908
2025-07-02 22:00:00,0.4873,0.5127,0.9504583577140627
2025-07-02 23:00:00,0.4888,0.5112,0.9561815336463224
2025-07-03 00:00:00,0.4842,0.5158,0.9387359441644048
2025-07-03 01:00:00,0.4797,0.5203,0.9219680953296175
2025-07-03 02:00:00,0.4806,0.5194,0.9252984212552947
2025-07-03 03:00:00,0.4799,0.5201,0.9227071716977504
2025-07-03 04:00:00,0.4754,0.5246,0.9062142584826535
2025-07-03 05:00:00,0.4797,0.5203,0.9219680953296175
2025-07-03 06:00:00,0.4835,0.5165,0.936108422071636
2025-07-03 07:00:00,0.4806,0.5194,0.9252984212552947
2025-07-03 08:00:00,0.4822,0.5178,0.9312475859405175
2025-07-03 09:00:00,0.4866,0.5134,0.9477989871445267
2025-07-03 10:00:00,0.4984,0.5016,0.9936204146730462
2025-07-03 11:00:00,0.5016,0.4984,1.0064205457463886
2025-07-03 12:00:00,0.4989,0.5011,0.9956096587507484
2025-07-03 13:00:00,0.4985,0.5015,0.9940179461615155
2025-07-03 14:00:00,0.4995,0.5005,0.9980019980019981
2025-07-03 15:00:00,0.495,0.505,0.9801980198019802
2025-07-03 16:00:00,0.4942,0.5058,0.9770660340055357
2025-07-03 17:00:00,0.4997,0.5003,0.9988007195682591
2025-07-03 18:00:00,0.4981,0.5019,0.9924287706714484
2025-07-03 19:00:00,0.4897,0.5103,0.9596315892612189
2025-07-03 20:00:00,0.4925,0.5075,0.9704433497536946
2025-07-03 21:00:00,0.4997,0.5003,0.9988007195682591
2025-07-03 22:00:00,0.4998,0.5002,0.9992003198720513
2025-07-03 23:00:00,0.4998,0.5002,0.9992003198720513
2025-07-04 00:00:00,0.4999,0.5001,0.9996000799840032
2025-07-04 01:00:00,0.4998,0.5002,0.9992003198720513
2025-07-04 02:00:00,0.4976,0.5024,0.9904458598726115
2025-07-04 03:00:00,0.4958,0.5042,0.9833399444664817
2025-07-04 04:00:00,0.495,0.505,0.9801980198019802
2025-07-04 05:00:00,0.4966,0.5034,0.986491855383393
2025-07-04 06:00:00,0.4955,0.5045,0.9821605550049555
2025-07-04 07:00:00,0.4947,0.5053,0.9790223629527014
2025-07-04 08:00:00,0.4974,0.5026,0.9896538002387584
2025-07-04 09:00:00,0.4959,0.5041,0.9837333862328903
2025-07-04 10:00:00,0.4975,0.5025,0.9900497512437811
2025-07-04 11:00:00,0.5001,0.4999,1.0004000800160031
2025-07-04 12:00:00,0.4988,0.5012,0.9952114924181964
2025-07-04 13:00:00,0.5075,0.4925,1.030456852791878
2025-07-04 14:00:00,0.517,0.483,1.0703933747412009
2025-07-04 15:00:00,0.5175,0.4825,1.072538860103627
2025-07-04 16:00:00,0.5198,0.4802,1.0824656393169514
2025-07-04 17:00:00,0.5172,0.4828,1.0712510356255178
2025-07-04 18:00:00,0.5131,0.4869,1.0538098172109263
2025-07-04 19:00:00,0.53,0.47,1.1276595744680853
2025-07-04 20:00:00,0.5308,0.4692,1.1312872975277068
2025-07-04 21:00:00,0.5336,0.4664,1.1440823327615781
2025-07-04 22:00:00,0.5416,0.4584,1.181500872600349
2025-07-04 23:00:00,0.5404,0.4596,1.1758050478677111
2025-07-05 00:00:00,0.541,0.459,1.1786492374727668
2025-07-05 01:00:00,0.5439,0.4561,1.1925016443762333
2025-07-05 02:00:00,0.5468,0.4532,1.206531332744925
2025-07-05 03:00:00,0.5569,0.4431,1.2568269013766644
2025-07-05 04:00:00,0.5537,0.4463,1.2406453058480842
2025-07-05 05:00:00,0.5557,0.4443,1.2507314877335134
2025-07-05 06:00:00,0.5529,0.4471,1.2366360993066428
2025-07-05 07:00:00,0.5516,0.4484,1.2301516503122212
2025-07-05 08:00:00,0.5527,0.4473,1.23563603845294
2025-07-05 09:00:00,0.5535,0.4465,1.2396416573348263
2025-07-05 10:00:00,0.552,0.448,1.2321428571428572
2025-07-05 11:00:00,0.5531,0.4469,1.2376370552696352
2025-07-05 12:00:00,0.5502,0.4498,1.223210315695865
2025-07-05 13:00:00,0.5476,0.4524,1.2104332449160033
2025-07-05 14:00:00,0.5471,0.4529,1.20799293442261
2025-07-05 15:00:00,0.5495,0.4505,1.2197558268590454
2025-07-05 16:00:00,0.5499,0.4501,1.2217285047767164
2025-07-05 17:00:00,0.5489,0.4511,1.2168033695411218
2025-07-05 18:00:00,0.5496,0.4504,1.220248667850799
2025-07-05 19:00:00,0.5498,0.4502,1.221235006663705
2025-07-05 20:00:00,0.5483,0.4517,1.2138587558113794
2025-07-05 21:00:00,0.547,0.453,1.2075055187637969
2025-07-05 22:00:00,0.5466,0.4534,1.2055580061755622
2025-07-05 23:00:00,0.5454,0.4546,1.199736031676199
2025-07-06 00:00:00,0.5451,0.4549,1.1982853374367992
2025-07-06 01:00:00,0.5453,0.4547,1.1992522542335606
2025-07-06 02:00:00,0.5454,0.4546,1.199736031676199
2025-07-06 03:00:00,0.5458,0.4542,1.2016732716864817
2025-07-06 04:00:00,0.5461,0.4539,1.2031284423881912
2025-07-06 05:00:00,0.5465,0.4535,1.2050716648291069
2025-07-06 06:00:00,0.5465,0.4535,1.2050716648291069
2025-07-06 07:00:00,0.5478,0.4522,1.2114108801415302
2025-07-06 08:00:00,0.5472,0.4528,1.2084805653710249
2025-07-06 09:00:00,0.547,0.453,1.2075055187637969
2025-07-06 10:00:00,0.5472,0.4528,1.2084805653710249
2025-07-06 11:00:00,0.5471,0.4529,1.20799293442261
2025-07-06 12:00:00,0.547,0.453,1.2075055187637969
2025-07-06 13:00:00,0.5484,0.4516,1.2143489813994686
2025-07-06 14:00:00,0.5478,0.4522,1.2114108801415302
2025-07-06 15:00:00,0.5474,0.4526,1.209456473707468
2025-07-06 16:00:00,0.5475,0.4525,1.2099447513812154
2025-07-06 17:00:00,0.5497,0.4503,1.2207417277370642
2025-07-06 18:00:00,0.5515,0.4485,1.229654403567447
2025-07-06 19:00:00,0.545,0.455,1.1978021978021978
2025-07-06 20:00:00,0.5427,0.4573,1.1867483052700634
2025-07-06 21:00:00,0.5421,0.4579,1.1838829438742084
2025-07-06 22:00:00,0.5444,0.4556,1.1949078138718174
2025-07-06 23:00:00,0.5418,0.4582,1.1824530772588389
2025-07-07 00:00:00,0.5433,0.4567,1.1896211955331728
2025-07-07 01:00:00,0.5448,0.4552,1.196836555360281
2025-07-07 02:00:00,0.5453,0.4547,1.1992522542335606
2025-07-07 03:00:00,0.5422,0.4578,1.1843599825251203
2025-07-07 04:00:00,0.5424,0.4576,1.1853146853146852
2025-07-07 05:00:00,0.542,0.458,1.1834061135371179
2025-07-07 06:00:00,0.5441,0.4559,1.1934634788330774
2025-07-07 07:00:00,0.5407,0.4593,1.177226213803614
2025-07-07 08:00:00,0.5374,0.4626,1.1616947686986596
2025-07-07 09:00:00,0.5347,0.4653,1.149151085321298
2025-07-07 10:00:00,0.5357,0.4643,1.1537798836958861
2025-07-07 11:00:00,0.5372,0.4628,1.1607605877268798
2025-07-07 12:00:00,0.5438,0.4562,1.1920210434020166
2025-07-07 13:00:00,0.5435,0.4565,1.1905805038335158
2025-07-07 14:00:00,0.5423,0.4577,1.184837229626393
2025-07-07 15:00:00,0.5414,0.4586,1.1805494984736153
2025-07-07 16:00:00,0.5416,0.4584,1.181500872600349
2025-07-07 17:00:00,0.5432,0.4568,1.1891418563922942
2025-07-07 18:00:00,0.5562,0.4438,1.253267237494367
2025-07-07 19:00:00,0.5588,0.4412,1.2665457842248413
2025-07-07 20:00:00,0.5576,0.4424,1.2603978300180831
2025-07-07 21:00:00,0.5577,0.4423,1.2609088853719195
2025-07-07 22:00:00,0.5565,0.4435,1.2547914317925593
2025-07-07 23:00:00,0.5549,0.4451,1.2466861379465288
2025-07-08 00:00:00,0.5563,0.4437,1.25377507324769
2025-07-08 01:00:00,0.5573,0.4427,1.25886604924328
2025-07-08 02:00:00,0.5578,0.4422,1.261420171867933
2025-07-08 03:00:00,0.5593,0.4407,1.269117313365101
2025-07-08 04:00:00,0.5617,0.4383,1.2815423226100844
2025-07-08 05:00:00,0.5638,0.4362,1.2925263640531865
2025-07-08 06:00:00,0.5619,0.4381,1.2825838849577722
2025-07-08 07:00:00,0.5636,0.4364,1.29147571035747
2025-07-08 08:00:00,0.5646,0.4354,1.2967386311437759
2025-07-08 09:00:00,0.5652,0.4348,1.299908003679853
2025-07-08 10:00:00,0.5649,0.4351,1.2983222247759136
2025-07-08 11:00:00,0.563,0.437,1.2883295194508009
2025-07-08 12:00:00,0.5624,0.4376,1.2851919561243146
2025-07-08 13:00:00,0.557,0.443,1.2573363431151243
2025-07-08 14:00:00,0.5571,0.4429,1.2578460149017838
2025-07-08 15:00:00,0.5603,0.4397,1.2742779167614284
2025-07-08 16:00:00,0.5547,0.4453,1.2456770716370986
2025-07-08 17:00:00,0.5525,0.4475,1.2346368715083798
2025-07-08 18:00:00,0.5479,0.4521,1.2119000221190004
2025-07-08 19:00:00,0.5455,0.4545,1.2002200220022001
2025-07-08 20:00:00,0.5464,0.4536,1.2045855379188712
2025-07-08 21:00:00,0.5471,0.4529,1.20799293442261
2025-07-08 22:00:00,0.5413,0.4587,1.1800741225201656
2025-07-08 23:00:00,0.5359,0.4641,1.1547080370609784
2025-07-09 00:00:00,0.5334,0.4666,1.143163309044149
2025-07-09 01:00:00,0.5328,0.4672,1.1404109589041096
2025-07-09 02:00:00,0.5337,0.4663,1.1445421402530558
2025-07-09 03:00:00,0.5334,0.4666,1.143163309044149
2025-07-09 04:00:00,0.5337,0.4663,1.1445421402530558
2025-07-09 05:00:00,0.5326,0.4674,1.1394950791613179
2025-07-09 06:00:00,0.532,0.468,1.1367521367521367
2025-07-09 07:00:00,0.5318,0.4682,1.1358393848782573
2025-07-09 08:00:00,0.5341,0.4659,1.1463833440652502
2025-07-09 09:00:00,0.5391,0.4609,1.1696680407897593
2025-07-09 10:00:00,0.5398,0.4602,1.1729682746631898
2025-07-09 11:00:00,0.54,0.46,1.173913043478261
2025-07-09 12:00:00,0.5396,0.4604,1.1720243266724588
2025-07-09 13:00:00,0.5389,0.4611,1.168726957276079
2025-07-09 14:00:00,0.5393,0.4607,1.1706099413935316
2025-07-09 15:00:00,0.5408,0.4592,1.1777003484320556
2025-07-09 16:00:00,0.538,0.462,1.1645021645021645
2025-07-09 17:00:00,0.5282,0.4718,1.1195421788893598
2025-07-09 18:00:00,0.5232,0.4768,1.0973154362416107
2025-07-09 19:00:00,0.5343,0.4657,1.1473051320592655
2025-07-09 20:00:00,0.5352,0.4648,1.151462994836489
2025-07-09 21:00:00,0.5377,0.4623,1.163097555699762
2025-07-09 22:00:00,0.5326,0.4674,1.1394950791613179
2025-07-09 23:00:00,0.5304,0.4696,1.129471890971039
2025-07-10 00:00:00,0.5019,0.4981,1.007628990162618
2025-07-10 01:00:00,0.4771,0.5229,0.9124115509657679
2025-07-10 02:00:00,0.483,0.517,0.9342359767891683
2025-07-10 03:00:00,0.4834,0.5166,0.9357336430507163
2025-07-10 04:00:00,0.4794,0.5206,0.920860545524395
2025-07-10 05:00:00,0.4748,0.5252,0.904036557501904
2025-07-10 06:00:00,0.4778,0.5222,0.9149751053236308
2025-07-10 07:00:00,0.4771,0.5229,0.9124115509657679
2025-07-10 08:00:00,0.4782,0.5218,0.9164430816404753
2025-07-10 09:00:00,0.4811,0.5189,0.927153594141453
2025-07-10 10:00:00,0.482,0.518,0.9305019305019304
2025-07-10 11:00:00,0.4834,0.5166,0.9357336430507163
2025-07-10 12:00:00,0.4839,0.5161,0.9376089905057159
2025-07-10 13:00:00,0.4847,0.5153,0.9406171162429653
2025-07-10 14:00:00,0.4845,0.5155,0.9398642095053347
2025-07-10 15:00:00,0.4862,0.5138,0.9462826002335539
2025-07-10 16:00:00,0.4872,0.5128,0.9500780031201248
2025-07-10 17:00:00,0.4863,0.5137,0.9466614755693984
2025-07-10 18:00:00,0.4908,0.5092,0.9638648860958366
2025-07-10 19:00:00,0.4957,0.5043,0.9829466587348801
2025-07-10 20:00:00,0.4949,0.5051,0.9798059790140566
2025-07-10 21:00:00,0.489,0.511,0.9569471624266145
2025-07-10 22:00:00,0.4885,0.5115,0.9550342130987293
2025-07-10 23:00:00,0.4759,0.5241,0.9080328181644723
2025-07-11 00:00:00,0.4751,0.5249,0.9051247856734616
2025-07-11 01:00:00,0.4752,0.5248,0.9054878048780487
2025-07-11 02:00:00,0.5003,0.4997,1.0012007204322593
2025-07-11 03:00:00,0.4967,0.5033,0.9868865487780648
2025-07-11 04:00:00,0.495,0.505,0.9801980198019802
2025-07-11 05:00:00,0.4934,0.5066,0.9739439399921042
2025-07-11 06:00:00,0.4986,0.5014,0.994415636218588
2025-07-11 07:00:00,0.503,0.497,1.012072434607646
2025-07-11 08:00:00,0.5026,0.4974,1.010454362685967
2025-07-11 09:00:00,0.4975,0.5025,0.9900497512437811
2025-07-11 10:00:00,0.5071,0.4929,1.028809089064719
2025-07-11 11:00:00,0.4931,0.5069,0.9727756954034326
2025-07-11 12:00:00,0.4921,0.5079,0.9688915140775742
2025-07-11 13:00:00,0.4927,0.5073,0.9712201852946976
2025-07-11 14:00:00,0.4981,0.5019,0.9924287706714484
2025-07-11 15:00:00,0.4942,0.5058,0.9770660340055357
2025-07-11 16:00:00,0.4939,0.5061,0.9758940920766647
2025-07-11 17:00:00,0.4934,0.5066,0.9739439399921042
2025-07-11 18:00:00,0.4929,0.5071,0.9719976336028398
2025-07-11 19:00:00,0.4953,0.5047,0.9813750743015652
2025-07-11 20:00:00,0.4886,0.5114,0.9554165037152914
2025-07-11 21:00:00,0.4909,0.5091,0.9642506383814575
2025-07-11 22:00:00,0.4924,0.5076,0.9700551615445232
2025-07-11 23:00:00,0.4925,0.5075,0.9704433497536946
2025-07-12 00:00:00,0.4959,0.5041,0.9837333862328903
2025-07-12 01:00:00,0.4934,0.5066,0.9739439399921042
2025-07-12 02:00:00,0.4923,0.5077,0.9696671262556628
2025-07-12 03:00:00,0.489,0.511,0.9569471624266145
2025-07-12 04:00:00,0.4881,0.5119,0.9535065442469232
2025-07-12 05:00:00,0.4882,0.5118,0.9538882375928097
2025-07-12 06:00:00,0.4892,0.5108,0.9577133907595928
2025-07-12 07:00:00,0.489,0.511,0.9569471624266145
2025-07-12 08:00:00,0.4906,0.5094,0.9630938358853554
2025-07-12 09:00:00,0.4897,0.5103,0.9596315892612189
2025-07-12 10:00:00,0.4886,0.5114,0.9554165037152914
2025-07-12 11:00:00,0.4896,0.5104,0.9592476489028213
2025-07-12 12:00:00,0.49,0.51,0.9607843137254901
2025-07-12 13:00:00,0.4899,0.5101,0.9603999215840031
2025-07-12 14:00:00,0.4896,0.5104,0.9592476489028213
2025-07-12 15:00:00,0.4891,0.5109,0.9573302016050107
2025-07-12 16:00:00,0.4914,0.5086,0.9661816751867872
2025-07-12 17:00:00,0.4889,0.5111,0.9565642731363725
2025-07-12 18:00:00,0.4911,0.5089,0.9650225977598742
2025-07-12 19:00:00,0.4923,0.5077,0.9696671262556628
2025-07-12 20:00:00,0.4898,0.5102,0.960015680125441
2025-07-12 21:00:00,0.4895,0.5105,0.9588638589618023
2025-07-12 22:00:00,0.4918,0.5082,0.9677292404565132
2025-07-12 23:00:00,0.4908,0.5092,0.9638648860958366
2025-07-13 00:00:00,0.4921,0.5079,0.9688915140775742
2025-07-13 01:00:00,0.4898,0.5102,0.960015680125441
2025-07-13 02:00:00,0.4922,0.5078,0.9692792437967703
2025-07-13 03:00:00,0.4922,0.5078,0.9692792437967703
2025-07-13 04:00:00,0.4915,0.5085,0.9665683382497543
2025-07-13 05:00:00,0.4912,0.5088,0.9654088050314465
2025-07-13 06:00:00,0.4921,0.5079,0.9688915140775742
2025-07-13 07:00:00,0.494,0.506,0.9762845849802372
2025-07-13 08:00:00,0.4951,0.5049,0.9805902158843335
2025-07-13 09:00:00,0.4965,0.5035,0.9860973187686197
2025-07-13 10:00:00,0.4957,0.5043,0.9829466587348801
2025-07-13 11:00:00,0.4905,0.5095,0.9627085377821394
2025-07-13 12:00:00,0.4898,0.5102,0.960015680125441
2025-07-13 13:00:00,0.487,0.513,0.949317738791423
2025-07-13 14:00:00,0.484,0.516,0.937984496124031
2025-07-13 15:00:00,0.4835,0.5165,0.936108422071636
2025-07-13 16:00:00,0.4862,0.5138,0.9462826002335539
2025-07-13 17:00:00,0.4945,0.5055,0.9782393669634026
2025-07-13 18:00:00,0.4924,0.5076,0.9700551615445232
2025-07-13 19:00:00,0.4939,0.5061,0.9758940920766647
2025-07-13 20:00:00,0.4929,0.5071,0.9719976336028398
2025-07-13 21:00:00,0.4924,0.5076,0.9700551615445232
2025-07-13 22:00:00,0.4918,0.5082,0.9677292404565132
2025-07-13 23:00:00,0.4934,0.5066,0.9739439399921042
2025-07-14 00:00:00,0.4945,0.5055,0.9782393669634026
2025-07-14 01:00:00,0.4926,0.5074,0.9708316909735909
2025-07-14 02:00:00,0.4893,0.5107,0.9580967299784608
2025-07-14 03:00:00,0.4883,0.5117,0.9542700801250732
2025-07-14 04:00:00,0.4882,0.5118,0.9538882375928097
2025-07-14 05:00:00,0.4852,0.5148,0.9425019425019425
2025-07-14 06:00:00,0.4842,0.5158,0.9387359441644048
2025-07-14 07:00:00,0.4834,0.5166,0.9357336430507163
2025-07-14 08:00:00,0.4941,0.5059,0.9766752322593397
2025-07-14 09:00:00,0.4907,0.5093,0.9634792852935402
2025-07-14 10:00:00,0.491,0.509,0.9646365422396856
2025-07-14 11:00:00,0.4858,0.5142,0.9447685725398678
2025-07-14 12:00:00,0.4931,0.5069,0.9727756954034326
2025-07-14 13:00:00,0.4926,0.5074,0.9708316909735909
2025-07-14 14:00:00,0.4879,0.5121,0.9527436047646944
2025-07-14 15:00:00,0.4887,0.5113,0.9557989438685704
2025-07-14 16:00:00,0.4871,0.5129,0.9496977968414895
2025-07-14 17:00:00,0.4931,0.5069,0.9727756954034326
2025-07-14 18:00:00,0.499,0.501,0.9960079840319361
2025-07-14 19:00:00,0.4982,0.5018,0.9928258270227182
2025-07-14 20:00:00,0.5032,0.4968,1.0128824476650562
2025-07-14 21:00:00,0.5281,0.4719,1.1190930281839373
2025-07-14 22:00:00,0.5255,0.4745,1.107481559536354
2025-07-14 23:00:00,0.5245,0.4755,1.103049421661409
2025-07-15 00:00:00,0.5254,0.4746,1.1070375052675936
2025-07-15 01:00:00,0.5329,0.4671,1.1408691928923143
2025-07-15 02:00:00,0.534,0.466,1.145922746781116
2025-07-15 03:00:00,0.5356,0.4644,1.1533161068044788
2025-07-15 04:00:00,0.5356,0.4644,1.1533161068044788
2025-07-15 05:00:00,0.5288,0.4712,1.1222410865874364
2025-07-15 06:00:00,0.5256,0.4744,1.1079258010118043
2025-07-15 07:00:00,0.5333,0.4667,1.1427040925648169
2025-07-15 08:00:00,0.5375,0.4625,1.162162162162162
2025-07-15 09:00:00,0.5504,0.4496,1.2241992882562278
2025-07-15 10:00:00,0.5613,0.4387,1.2794620469569182
2025-07-15 11:00:00,0.5653,0.4347,1.3004370830457788
2025-07-15 12:00:00,0.5671,0.4329,1.3100023100023102
2025-07-15 13:00:00,0.5686,0.4314,1.3180343069077423
2025-07-15 14:00:00,0.5792,0.4208,1.376425855513308
2025-07-15 15:00:00,0.5832,0.4168,1.3992322456813822
2025-07-15 16:00:00,0.585,0.415,1.4096385542168675
2025-07-15 17:00:00,0.5899,0.4101,1.4384296513045598
2025-07-15 18:00:00,0.6038,0.3962,1.5239777889954569
2025-07-15 19:00:00,0.59,0.41,1.4390243902439024
2025-07-15 20:00:00,0.6055,0.3945,1.5348542458808618
2025-07-15 21:00:00,0.6057,0.3943,1.5361399949277201
2025-07-15 22:00:00,0.6063,0.3937,1.54000508001016
2025-07-15 23:00:00,0.5999,0.4001,1.4993751562109472
2025-07-16 00:00:00,0.6,0.4,1.4999999999999998
2025-07-16 01:00:00,0.6025,0.3975,1.5157232704402517
2025-07-16 02:00:00,0.6027,0.3973,1.5169896803423106
2025-07-16 03:00:00,0.6034,0.3966,1.5214321734745335
2025-07-16 04:00:00,0.6028,0.3972,1.5176233635448138
2025-07-16 05:00:00,0.6039,0.3961,1.5246149962130775
2025-07-16 06:00:00,0.6029,0.3971,1.5182573659027951
2025-07-16 07:00:00,0.5997,0.4003,1.498126405196103
2025-07-16 08:00:00,0.6007,0.3993,1.504382669671926
2025-07-16 09:00:00,0.6011,0.3989,1.5068939583855603
2025-07-16 10:00:00,0.6024,0.3976,1.5150905432595574
2025-07-16 11:00:00,0.6036,0.3964,1.5227043390514634
2025-07-16 12:00:00,0.604,0.396,1.525252525252525
2025-07-16 13:00:00,0.6092,0.3908,1.5588536335721597
2025-07-16 14:00:00,0.6073,0.3927,1.5464731347084286
2025-07-16 15:00:00,0.5998,0.4002,1.498750624687656
2025-07-16 16:00:00,0.5964,0.4036,1.4777006937561943
2025-07-16 17:00:00,0.5966,0.4034,1.478929102627665
2025-07-16 18:00:00,0.5919,0.4081,1.4503798088703748
2025-07-16 19:00:00,0.595,0.405,1.4691358024691357
2025-07-16 20:00:00,0.5861,0.4139,1.4160425223483932
2025-07-16 21:00:00,0.5873,0.4127,1.42306760358614
2025-07-16 22:00:00,0.5859,0.4141,1.4148756339048538
2025-07-16 23:00:00,0.5863,0.4137,1.4172105390379504
2025-07-17 00:00:00,0.5852,0.4148,1.4108003857280618
2025-07-17 01:00:00,0.5834,0.4166,1.400384061449832
2025-07-17 02:00:00,0.5805,0.4195,1.3837902264600717
2025-07-17 03:00:00,0.5764,0.4236,1.3607176581680833
2025-07-17 04:00:00,0.5772,0.4228,1.3651844843897825
2025-07-17 05:00:00,0.5794,0.4206,1.3775558725630053
2025-07-17 06:00:00,0.5709,0.4291,1.3304591004427873
2025-07-17 07:00:00,0.571,0.429,1.331002331002331
2025-07-17 08:00:00,0.57,0.43,1.3255813953488371
2025-07-17 09:00:00,0.5715,0.4285,1.3337222870478413
2025-07-17 10:00:00,0.5741,0.4259,1.3479690068091101
2025-07-17 11:00:00,0.5785,0.4215,1.372479240806643
2025-07-17 12:00:00,0.58,0.42,1.380952380952381
2025-07-17 13:00:00,0.5796,0.4204,1.378686964795433
2025-07-17 14:00:00,0.584,0.416,1.4038461538461537
2025-07-17 15:00:00,0.5855,0.4145,1.4125452352231604
2025-07-17 16:00:00,0.5853,0.4147,1.4113817217265494
2025-07-17 17:00:00,0.5871,0.4129,1.421893921046258
2025-07-17 18:00:00,0.5862,0.4138,1.416626389560174
2025-07-17 19:00:00,0.5818,0.4182,1.3912003825920611
2025-07-17 20:00:00,0.5798,0.4202,1.3798191337458352
2025-07-17 21:00:00,0.5789,0.4211,1.3747328425552126
2025-07-17 22:00:00,0.5816,0.4184,1.3900573613766731
2025-07-17 23:00:00,0.5765,0.4235,1.361275088547816
2025-07-18 00:00:00,0.571,0.429,1.331002331002331
2025-07-18 01:00:00,0.5731,0.4269,1.3424689622862498
2025-07-18 02:00:00,0.564,0.436,1.293577981651376
2025-07-18 03:00:00,0.5631,0.4369,1.2888532845044633
2025-07-18 04:00:00,0.5628,0.4372,1.2872827081427265
2025-07-18 05:00:00,0.5628,0.4372,1.2872827081427265
2025-07-18 06:00:00,0.5628,0.4372,1.2872827081427265
2025-07-18 07:00:00,0.5628,0.4372,1.2872827081427265
2025-07-18 08:00:00,0.5628,0.4372,1.2872827081427265
2025-07-18 09:00:00,0.5628,0.4372,1.2872827081427265
2025-07-18 10:00:00,0.5628,0.4372,1.2872827081427265
2025-07-18 11:00:00,0.5628,0.4372,1.2872827081427265
2025-07-18 12:00:00,0.5628,0.4372,1.2872827081427265
2025-07-18 13:00:00,0.5628,0.4372,1.2872827081427265
2025-07-18 14:00:00,0.5628,0.4372,1.2872827081427265
2025-07-18 15:00:00,0.5628,0.4372,1.2872827081427265
2025-07-18 16:00:00,0.5628,0.4372,1.2872827081427265
2025-07-18 17:00:00,0.5628,0.4372,1.2872827081427265
2025-07-18 18:00:00,0.5628,0.4372,1.2872827081427265
2025-07-18 19:00:00,0.5628,0.4372,1.2872827081427265
2025-07-18 20:00:00,0.5628,0.4372,1.2872827081427265
2025-07-18 21:00:00,0.5628,0.4372,1.2872827081427265
2025-07-18 22:00:00,0.5628,0.4372,1.2872827081427265
2025-07-18 23:00:00,0.5628,0.4372,1.2872827081427265
2025-07-19 00:00:00,0.5628,0.4372,1.2872827081427265
2025-07-19 01:00:00,0.5628,0.4372,1.2872827081427265
2025-07-19 02:00:00,0.5628,0.4372,1.2872827081427265
2025-07-19 03:00:00,0.5628,0.4372,1.2872827081427265
2025-07-19 04:00:00,0.5628,0.4372,1.2872827081427265
2025-07-19 05:00:00,0.5628,0.4372,1.2872827081427265
2025-07-19 06:00:00,0.5628,0.4372,1.2872827081427265
2025-07-19 07:00:00,0.5628,0.4372,1.2872827081427265
2025-07-19 08:00:00,0.5628,0.4372,1.2872827081427265
2025-07-19 09:00:00,0.5628,0.4372,1.2872827081427265
2025-07-19 10:00:00,0.5628,0.4372,1.2872827081427265
2025-07-19 11:00:00,0.5628,0.4372,1.2872827081427265
2025-07-19 12:00:00,0.5628,0.4372,1.2872827081427265
2025-07-19 13:00:00,0.5628,0.4372,1.2872827081427265
2025-07-19 14:00:00,0.5628,0.4372,1.2872827081427265
2025-07-19 15:00:00,0.5628,0.4372,1.2872827081427265
2025-07-19 16:00:00,0.5628,0.4372,1.2872827081427265
2025-07-19 17:00:00,0.5628,0.4372,1.2872827081427265
2025-07-19 18:00:00,0.5628,0.4372,1.2872827081427265
2025-07-19 19:00:00,0.5628,0.4372,1.2872827081427265
2025-07-19 20:00:00,0.5628,0.4372,1.2872827081427265
2025-07-19 21:00:00,0.5628,0.4372,1.2872827081427265
2025-07-19 22:00:00,0.5628,0.4372,1.2872827081427265
2025-07-19 23:00:00,0.5628,0.4372,1.2872827081427265
2025-07-20 00:00:00,0.5628,0.4372,1.2872827081427265
2025-07-20 01:00:00,0.5628,0.4372,1.2872827081427265
2025-07-20 02:00:00,0.5628,0.4372,1.2872827081427265
2025-07-20 03:00:00,0.5628,0.4372,1.2872827081427265
2025-07-20 04:00:00,0.5628,0.4372,1.2872827081427265
2025-07-20 05:00:00,0.5628,0.4372,1.2872827081427265
2025-07-20 06:00:00,0.5628,0.4372,1.2872827081427265
2025-07-20 07:00:00,0.5628,0.4372,1.2872827081427265
2025-07-20 08:00:00,0.5628,0.4372,1.2872827081427265
2025-07-20 09:00:00,0.5628,0.4372,1.2872827081427265
2025-07-20 10:00:00,0.5628,0.4372,1.2872827081427265
2025-07-20 11:00:00,0.5628,0.4372,1.2872827081427265
2025-07-20 12:00:00,0.5628,0.4372,1.2872827081427265
2025-07-20 13:00:00,0.5628,0.4372,1.2872827081427265
2025-07-20 14:00:00,0.5628,0.4372,1.2872827081427265
2025-07-20 15:00:00,0.5628,0.4372,1.2872827081427265
2025-07-20 16:00:00,0.5628,0.4372,1.2872827081427265
2025-07-20 17:00:00,0.5628,0.4372,1.2872827081427265
2025-07-20 18:00:00,0.5628,0.4372,1.2872827081427265
2025-07-20 19:00:00,0.5628,0.4372,1.2872827081427265
2025-07-20 20:00:00,0.5628,0.4372,1.2872827081427265
2025-07-20 21:00:00,0.5628,0.4372,1.2872827081427265
2025-07-20 22:00:00,0.5628,0.4372,1.2872827081427265
2025-07-20 23:00:00,0.5628,0.4372,1.2872827081427265
2025-07-21 00:00:00,0.5628,0.4372,1.2872827081427265
2025-07-21 01:00:00,0.5628,0.4372,1.2872827081427265
2025-07-21 02:00:00,0.5628,0.4372,1.2872827081427265
2025-07-21 03:00:00,0.5628,0.4372,1.2872827081427265
2025-07-21 04:00:00,0.5628,0.4372,1.2872827081427265
2025-07-21 05:00:00,0.5628,0.4372,1.2872827081427265
2025-07-21 06:00:00,0.5628,0.4372,1.2872827081427265
2025-07-21 07:00:00,0.5628,0.4372,1.2872827081427265
2025-07-21 08:00:00,0.5628,0.4372,1.2872827081427265
2025-07-21 09:00:00,0.5628,0.4372,1.2872827081427265
2025-07-21 10:00:00,0.5628,0.4372,1.2872827081427265
2025-07-21 11:00:00,0.5628,0.4372,1.2872827081427265
2025-07-21 12:00:00,0.5628,0.4372,1.2872827081427265
2025-07-21 13:00:00,0.5628,0.4372,1.2872827081427265
2025-07-21 14:00:00,0.5628,0.4372,1.2872827081427265
2025-07-21 15:00:00,0.5628,0.4372,1.2872827081427265
2025-07-21 16:00:00,0.5628,0.4372,1.2872827081427265
2025-07-21 17:00:00,0.5628,0.4372,1.2872827081427265
2025-07-21 18:00:00,0.5628,0.4372,1.2872827081427265
2025-07-21 19:00:00,0.5628,0.4372,1.2872827081427265
2025-07-21 20:00:00,0.5628,0.4372,1.2872827081427265
2025-07-21 21:00:00,0.5628,0.4372,1.2872827081427265
2025-07-21 22:00:00,0.5628,0.4372,1.2872827081427265
2025-07-21 23:00:00,0.5628,0.4372,1.2872827081427265
2025-07-22 00:00:00,0.5628,0.4372,1.2872827081427265
2025-07-22 01:00:00,0.5628,0.4372,1.2872827081427265
2025-07-22 02:00:00,0.5628,0.4372,1.2872827081427265
2025-07-22 03:00:00,0.5628,0.4372,1.2872827081427265
2025-07-22 04:00:00,0.5628,0.4372,1.2872827081427265
2025-07-22 05:00:00,0.5628,0.4372,1.2872827081427265
2025-07-22 06:00:00,0.5628,0.4372,1.2872827081427265
2025-07-22 07:00:00,0.5628,0.4372,1.2872827081427265
2025-07-22 08:00:00,0.5628,0.4372,1.2872827081427265
2025-07-22 09:00:00,0.5628,0.4372,1.2872827081427265
2025-07-22 10:00:00,0.5628,0.4372,1.2872827081427265
2025-07-22 11:00:00,0.5628,0.4372,1.2872827081427265
2025-07-22 12:00:00,0.5628,0.4372,1.2872827081427265
2025-07-22 13:00:00,0.5628,0.4372,1.2872827081427265
2025-07-22 14:00:00,0.5628,0.4372,1.2872827081427265
2025-07-22 15:00:00,0.5628,0.4372,1.2872827081427265
2025-07-22 16:00:00,0.5628,0.4372,1.2872827081427265
2025-07-22 17:00:00,0.5628,0.4372,1.2872827081427265
2025-07-22 18:00:00,0.5628,0.4372,1.2872827081427265
2025-07-22 19:00:00,0.5628,0.4372,1.2872827081427265
2025-07-22 20:00:00,0.5628,0.4372,1.2872827081427265
2025-07-22 21:00:00,0.5628,0.4372,1.2872827081427265
2025-07-22 22:00:00,0.5628,0.4372,1.2872827081427265
2025-07-22 23:00:00,0.5628,0.4372,1.2872827081427265
2025-07-23 00:00:00,0.5628,0.4372,1.2872827081427265
2025-07-23 01:00:00,0.5628,0.4372,1.2872827081427265
2025-07-23 02:00:00,0.5628,0.4372,1.2872827081427265
2025-07-23 03:00:00,0.5628,0.4372,1.2872827081427265
2025-07-23 04:00:00,0.5628,0.4372,1.2872827081427265
2025-07-23 05:00:00,0.5628,0.4372,1.2872827081427265
2025-07-23 06:00:00,0.5628,0.4372,1.2872827081427265
2025-07-23 07:00:00,0.5628,0.4372,1.2872827081427265
2025-07-23 08:00:00,0.5628,0.4372,1.2872827081427265
2025-07-23 09:00:00,0.5628,0.4372,1.2872827081427265
2025-07-23 10:00:00,0.5628,0.4372,1.2872827081427265
2025-07-23 11:00:00,0.5628,0.4372,1.2872827081427265
2025-07-23 12:00:00,0.5628,0.4372,1.2872827081427265
2025-07-23 13:00:00,0.5628,0.4372,1.2872827081427265
2025-07-23 14:00:00,0.5628,0.4372,1.2872827081427265
2025-07-23 15:00:00,0.5628,0.4372,1.2872827081427265
2025-07-23 16:00:00,0.5628,0.4372,1.2872827081427265
2025-07-23 17:00:00,0.5628,0.4372,1.2872827081427265
2025-07-23 18:00:00,0.5628,0.4372,1.2872827081427265
2025-07-23 19:00:00,0.5628,0.4372,1.2872827081427265
2025-07-23 20:00:00,0.5628,0.4372,1.2872827081427265
2025-07-23 21:00:00,0.5628,0.4372,1.2872827081427265
2025-07-23 22:00:00,0.5628,0.4372,1.2872827081427265
2025-07-23 23:00:00,0.5628,0.4372,1.2872827081427265
2025-07-24 00:00:00,0.5628,0.4372,1.2872827081427265
2025-07-24 01:00:00,0.5628,0.4372,1.2872827081427265
2025-07-24 02:00:00,0.5628,0.4372,1.2872827081427265
2025-07-24 03:00:00,0.5628,0.4372,1.2872827081427265
2025-07-24 04:00:00,0.5628,0.4372,1.2872827081427265
2025-07-24 05:00:00,0.5628,0.4372,1.2872827081427265
2025-07-24 06:00:00,0.5628,0.4372,1.2872827081427265
2025-07-24 07:00:00,0.5628,0.4372,1.2872827081427265
2025-07-24 08:00:00,0.5628,0.4372,1.2872827081427265
2025-07-24 09:00:00,0.5628,0.4372,1.2872827081427265
2025-07-24 10:00:00,0.5628,0.4372,1.2872827081427265
2025-07-24 11:00:00,0.5628,0.4372,1.2872827081427265
2025-07-24 12:00:00,0.5628,0.4372,1.2872827081427265
2025-07-24 13:00:00,0.5628,0.4372,1.2872827081427265
2025-07-24 14:00:00,0.5628,0.4372,1.2872827081427265
2025-07-24 15:00:00,0.5628,0.4372,1.2872827081427265
2025-07-24 16:00:00,0.5628,0.4372,1.2872827081427265
2025-07-24 17:00:00,0.5628,0.4372,1.2872827081427265
2025-07-24 18:00:00,0.5628,0.4372,1.2872827081427265
2025-07-24 19:00:00,0.5628,0.4372,1.2872827081427265
2025-07-24 20:00:00,0.5628,0.4372,1.2872827081427265
2025-07-24 21:00:00,0.5628,0.4372,1.2872827081427265
2025-07-24 22:00:00,0.5628,0.4372,1.2872827081427265
2025-07-24 23:00:00,0.5628,0.4372,1.2872827081427265
2025-07-25 00:00:00,0.5628,0.4372,1.2872827081427265
2025-07-25 01:00:00,0.5628,0.4372,1.2872827081427265
2025-07-25 02:00:00,0.5628,0.4372,1.2872827081427265
2025-07-25 03:00:00,0.5628,0.4372,1.2872827081427265
2025-07-25 04:00:00,0.5628,0.4372,1.2872827081427265
2025-07-25 05:00:00,0.5628,0.4372,1.2872827081427265
2025-07-25 06:00:00,0.5628,0.4372,1.2872827081427265
2025-07-25 07:00:00,0.5628,0.4372,1.2872827081427265
2025-07-25 08:00:00,0.5628,0.4372,1.2872827081427265
2025-07-25 09:00:00,0.5628,0.4372,1.2872827081427265
2025-07-25 10:00:00,0.5628,0.4372,1.2872827081427265
2025-07-25 11:00:00,0.5628,0.4372,1.2872827081427265
2025-07-25 12:00:00,0.5628,0.4372,1.2872827081427265
2025-07-25 13:00:00,0.5628,0.4372,1.2872827081427265
2025-07-25 14:00:00,0.5628,0.4372,1.2872827081427265
2025-07-25 15:00:00,0.5628,0.4372,1.2872827081427265
2025-07-25 16:00:00,0.5628,0.4372,1.2872827081427265
2025-07-25 17:00:00,0.5628,0.4372,1.2872827081427265
2025-07-25 18:00:00,0.5628,0.4372,1.2872827081427265
2025-07-25 19:00:00,0.5628,0.4372,1.2872827081427265
2025-07-25 20:00:00,0.5628,0.4372,1.2872827081427265
2025-07-25 21:00:00,0.5628,0.4372,1.2872827081427265
2025-07-25 22:00:00,0.5628,0.4372,1.2872827081427265
2025-07-25 23:00:00,0.5628,0.4372,1.2872827081427265
2025-07-26 00:00:00,0.5628,0.4372,1.2872827081427265
2025-07-26 01:00:00,0.5628,0.4372,1.2872827081427265
2025-07-26 02:00:00,0.5628,0.4372,1.2872827081427265
2025-07-26 03:00:00,0.5628,0.4372,1.2872827081427265
2025-07-26 04:00:00,0.5628,0.4372,1.2872827081427265
2025-07-26 05:00:00,0.5628,0.4372,1.2872827081427265
2025-07-26 06:00:00,0.5628,0.4372,1.2872827081427265
2025-07-26 07:00:00,0.5628,0.4372,1.2872827081427265
2025-07-26 08:00:00,0.5628,0.4372,1.2872827081427265
2025-07-26 09:00:00,0.5628,0.4372,1.2872827081427265
2025-07-26 10:00:00,0.5628,0.4372,1.2872827081427265
2025-07-26 11:00:00,0.5628,0.4372,1.2872827081427265
2025-07-26 12:00:00,0.5628,0.4372,1.2872827081427265
2025-07-26 13:00:00,0.5628,0.4372,1.2872827081427265
2025-07-26 14:00:00,0.5628,0.4372,1.2872827081427265
2025-07-26 15:00:00,0.5628,0.4372,1.2872827081427265
2025-07-26 16:00:00,0.5628,0.4372,1.2872827081427265
2025-07-26 17:00:00,0.5628,0.4372,1.2872827081427265
2025-07-26 18:00:00,0.5628,0.4372,1.2872827081427265
2025-07-26 19:00:00,0.5628,0.4372,1.2872827081427265
2025-07-26 20:00:00,0.5628,0.4372,1.2872827081427265
2025-07-26 21:00:00,0.5628,0.4372,1.2872827081427265
2025-07-26 22:00:00,0.5628,0.4372,1.2872827081427265
2025-07-26 23:00:00,0.5628,0.4372,1.2872827081427265
2025-07-27 00:00:00,0.5628,0.4372,1.2872827081427265
2025-07-27 01:00:00,0.5628,0.4372,1.2872827081427265
2025-07-27 02:00:00,0.5628,0.4372,1.2872827081427265
2025-07-27 03:00:00,0.5628,0.4372,1.2872827081427265
2025-07-27 04:00:00,0.5628,0.4372,1.2872827081427265
2025-07-27 05:00:00,0.5628,0.4372,1.2872827081427265
2025-07-27 06:00:00,0.5628,0.4372,1.2872827081427265
2025-07-27 07:00:00,0.5628,0.4372,1.2872827081427265
2025-07-27 08:00:00,0.5628,0.4372,1.2872827081427265
2025-07-27 09:00:00,0.5628,0.4372,1.2872827081427265
2025-07-27 10:00:00,0.5628,0.4372,1.2872827081427265
2025-07-27 11:00:00,0.5628,0.4372,1.2872827081427265
2025-07-27 12:00:00,0.5628,0.4372,1.2872827081427265
2025-07-27 13:00:00,0.5628,0.4372,1.2872827081427265
2025-07-27 14:00:00,0.5628,0.4372,1.2872827081427265
2025-07-27 15:00:00,0.5628,0.4372,1.2872827081427265
2025-07-27 16:00:00,0.5628,0.4372,1.2872827081427265
2025-07-27 17:00:00,0.5628,0.4372,1.2872827081427265
2025-07-27 18:00:00,0.5628,0.4372,1.2872827081427265
2025-07-27 19:00:00,0.5628,0.4372,1.2872827081427265
2025-07-27 20:00:00,0.5628,0.4372,1.2872827081427265
2025-07-27 21:00:00,0.5628,0.4372,1.2872827081427265
2025-07-27 22:00:00,0.5628,0.4372,1.2872827081427265
2025-07-27 23:00:00,0.5628,0.4372,1.2872827081427265
2025-07-28 00:00:00,0.5628,0.4372,1.2872827081427265
2025-07-28 01:00:00,0.5628,0.4372,1.2872827081427265
2025-07-28 02:00:00,0.5628,0.4372,1.2872827081427265
2025-07-28 03:00:00,0.5628,0.4372,1.2872827081427265
2025-07-28 04:00:00,0.5628,0.4372,1.2872827081427265
2025-07-28 05:00:00,0.5628,0.4372,1.2872827081427265
2025-07-28 06:00:00,0.5628,0.4372,1.2872827081427265
2025-07-28 07:00:00,0.5628,0.4372,1.2872827081427265
2025-07-28 08:00:00,0.5628,0.4372,1.2872827081427265
2025-07-28 09:00:00,0.5628,0.4372,1.2872827081427265
2025-07-28 10:00:00,0.5628,0.4372,1.2872827081427265
2025-07-28 11:00:00,0.5628,0.4372,1.2872827081427265
2025-07-28 12:00:00,0.5628,0.4372,1.2872827081427265
2025-07-28 13:00:00,0.5628,0.4372,1.2872827081427265
2025-07-28 14:00:00,0.5628,0.4372,1.2872827081427265
2025-07-28 15:00:00,0.5628,0.4372,1.2872827081427265
2025-07-28 16:00:00,0.5628,0.4372,1.2872827081427265
2025-07-28 17:00:00,0.5628,0.4372,1.2872827081427265
2025-07-28 18:00:00,0.5628,0.4372,1.2872827081427265
2025-07-28 19:00:00,0.5628,0.4372,1.2872827081427265
2025-07-28 20:00:00,0.5628,0.4372,1.2872827081427265
2025-07-28 21:00:00,0.5628,0.4372,1.2872827081427265
2025-07-28 22:00:00,0.5628,0.4372,1.2872827081427265
2025-07-28 23:00:00,0.5628,0.4372,1.2872827081427265
2025-07-29 00:00:00,0.5628,0.4372,1.2872827081427265
2025-07-29 01:00:00,0.5628,0.4372,1.2872827081427265
2025-07-29 02:00:00,0.5628,0.4372,1.2872827081427265
2025-07-29 03:00:00,0.5628,0.4372,1.2872827081427265
2025-07-29 04:00:00,0.5628,0.4372,1.2872827081427265
2025-07-29 05:00:00,0.5628,0.4372,1.2872827081427265
2025-07-29 06:00:00,0.5628,0.4372,1.2872827081427265
2025-07-29 07:00:00,0.5628,0.4372,1.2872827081427265
2025-07-29 08:00:00,0.5628,0.4372,1.2872827081427265
2025-07-29 09:00:00,0.5628,0.4372,1.2872827081427265
2025-07-29 10:00:00,0.5628,0.4372,1.2872827081427265
2025-07-29 11:00:00,0.5628,0.4372,1.2872827081427265
2025-07-29 12:00:00,0.5628,0.4372,1.2872827081427265
2025-07-29 13:00:00,0.5628,0.4372,1.2872827081427265
2025-07-29 14:00:00,0.5628,0.4372,1.2872827081427265
2025-07-29 15:00:00,0.5628,0.4372,1.2872827081427265
2025-07-29 16:00:00,0.5628,0.4372,1.2872827081427265
2025-07-29 17:00:00,0.5628,0.4372,1.2872827081427265
2025-07-29 18:00:00,0.5628,0.4372,1.2872827081427265
2025-07-29 19:00:00,0.5628,0.4372,1.2872827081427265
2025-07-29 20:00:00,0.5628,0.4372,1.2872827081427265
2025-07-29 21:00:00,0.5628,0.4372,1.2872827081427265
2025-07-29 22:00:00,0.5628,0.4372,1.2872827081427265
2025-07-29 23:00:00,0.5628,0.4372,1.2872827081427265
2025-07-30 00:00:00,0.5628,0.4372,1.2872827081427265
2025-07-30 01:00:00,0.5628,0.4372,1.2872827081427265
2025-07-30 02:00:00,0.5628,0.4372,1.2872827081427265
2025-07-30 03:00:00,0.5628,0.4372,1.2872827081427265
2025-07-30 04:00:00,0.5628,0.4372,1.2872827081427265
2025-07-30 05:00:00,0.5628,0.4372,1.2872827081427265
2025-07-30 06:00:00,0.5628,0.4372,1.2872827081427265
2025-07-30 07:00:00,0.5628,0.4372,1.2872827081427265
2025-07-30 08:00:00,0.5628,0.4372,1.2872827081427265
2025-07-30 09:00:00,0.5628,0.4372,1.2872827081427265
2025-07-30 10:00:00,0.5628,0.4372,1.2872827081427265
2025-07-30 11:00:00,0.5628,0.4372,1.2872827081427265
2025-07-30 12:00:00,0.5628,0.4372,1.2872827081427265
2025-07-30 13:00:00,0.5628,0.4372,1.2872827081427265
2025-07-30 14:00:00,0.5628,0.4372,1.2872827081427265
2025-07-30 15:00:00,0.5628,0.4372,1.2872827081427265
2025-07-30 16:00:00,0.5628,0.4372,1.2872827081427265
2025-07-30 17:00:00,0.5628,0.4372,1.2872827081427265
2025-07-30 18:00:00,0.5628,0.4372,1.2872827081427265
2025-07-30 19:00:00,0.5628,0.4372,1.2872827081427265
2025-07-30 20:00:00,0.5628,0.4372,1.2872827081427265
2025-07-30 21:00:00,0.5628,0.4372,1.2872827081427265
2025-07-30 22:00:00,0.5628,0.4372,1.2872827081427265
2025-07-30 23:00:00,0.5628,0.4372,1.2872827081427265
2025-07-31 00:00:00,0.5628,0.4372,1.2872827081427265
2025-07-31 01:00:00,0.5628,0.4372,1.2872827081427265
2025-07-31 02:00:00,0.5628,0.4372,1.2872827081427265
2025-07-31 03:00:00,0.5628,0.4372,1.2872827081427265
2025-07-31 04:00:00,0.5628,0.4372,1.2872827081427265
2025-07-31 05:00:00,0.5628,0.4372,1.2872827081427265
2025-07-31 06:00:00,0.5628,0.4372,1.2872827081427265
2025-07-31 07:00:00,0.5628,0.4372,1.2872827081427265
2025-07-31 08:00:00,0.5628,0.4372,1.2872827081427265
2025-07-31 09:00:00,0.5628,0.4372,1.2872827081427265
2025-07-31 10:00:00,0.5628,0.4372,1.2872827081427265
2025-07-31 11:00:00,0.5628,0.4372,1.2872827081427265
2025-07-31 12:00:00,0.5628,0.4372,1.2872827081427265
2025-07-31 13:00:00,0.5628,0.4372,1.2872827081427265
2025-07-31 14:00:00,0.5628,0.4372,1.2872827081427265
2025-07-31 15:00:00,0.5628,0.4372,1.2872827081427265
2025-07-31 16:00:00,0.5628,0.4372,1.2872827081427265
2025-07-31 17:00:00,0.5628,0.4372,1.2872827081427265
2025-07-31 18:00:00,0.5628,0.4372,1.2872827081427265
2025-07-31 19:00:00,0.5628,0.4372,1.2872827081427265
2025-07-31 20:00:00,0.5628,0.4372,1.2872827081427265
2025-07-31 21:00:00,0.5628,0.4372,1.2872827081427265
2025-07-31 22:00:00,0.5628,0.4372,1.2872827081427265
2025-07-31 23:00:00,0.5628,0.4372,1.2872827081427265
2025-08-01 00:00:00,0.5628,0.4372,1.2872827081427265
2025-08-01 01:00:00,0.5628,0.4372,1.2872827081427265
2025-08-01 02:00:00,0.5628,0.4372,1.2872827081427265
2025-08-01 03:00:00,0.5628,0.4372,1.2872827081427265
2025-08-01 04:00:00,0.5628,0.4372,1.2872827081427265
2025-08-01 05:00:00,0.5628,0.4372,1.2872827081427265
2025-08-01 06:00:00,0.5628,0.4372,1.2872827081427265
2025-08-01 07:00:00,0.5628,0.4372,1.2872827081427265
2025-08-01 08:00:00,0.5628,0.4372,1.2872827081427265
2025-08-01 09:00:00,0.5628,0.4372,1.2872827081427265
2025-08-01 10:00:00,0.5628,0.4372,1.2872827081427265
2025-08-01 11:00:00,0.5628,0.4372,1.2872827081427265
2025-08-01 12:00:00,0.5628,0.4372,1.2872827081427265
2025-08-01 13:00:00,0.5628,0.4372,1.2872827081427265
2025-08-01 14:00:00,0.5628,0.4372,1.2872827081427265
2025-08-01 15:00:00,0.5628,0.4372,1.2872827081427265
2025-08-01 16:00:00,0.5628,0.4372,1.2872827081427265
2025-08-01 17:00:00,0.5628,0.4372,1.2872827081427265
2025-08-01 18:00:00,0.5628,0.4372,1.2872827081427265
2025-08-01 19:00:00,0.5628,0.4372,1.2872827081427265
2025-08-01 20:00:00,0.5628,0.4372,1.2872827081427265
2025-08-01 21:00:00,0.5628,0.4372,1.2872827081427265
2025-08-01 22:00:00,0.5628,0.4372,1.2872827081427265
2025-08-01 23:00:00,0.5628,0.4372,1.2872827081427265
2025-08-02 00:00:00,0.5628,0.4372,1.2872827081427265
2025-08-02 01:00:00,0.5628,0.4372,1.2872827081427265
2025-08-02 02:00:00,0.5628,0.4372,1.2872827081427265
2025-08-02 03:00:00,0.5628,0.4372,1.2872827081427265
2025-08-02 04:00:00,0.5628,0.4372,1.2872827081427265
2025-08-02 05:00:00,0.5628,0.4372,1.2872827081427265
2025-08-02 06:00:00,0.5628,0.4372,1.2872827081427265
2025-08-02 07:00:00,0.5628,0.4372,1.2872827081427265
2025-08-02 08:00:00,0.5628,0.4372,1.2872827081427265
2025-08-02 09:00:00,0.5628,0.4372,1.2872827081427265
2025-08-02 10:00:00,0.5628,0.4372,1.2872827081427265
2025-08-02 11:00:00,0.5628,0.4372,1.2872827081427265
2025-08-02 12:00:00,0.5628,0.4372,1.2872827081427265
2025-08-02 13:00:00,0.5628,0.4372,1.2872827081427265
2025-08-02 14:00:00,0.5628,0.4372,1.2872827081427265
2025-08-02 15:00:00,0.5628,0.4372,1.2872827081427265
2025-08-02 16:00:00,0.5628,0.4372,1.2872827081427265
2025-08-02 17:00:00,0.5628,0.4372,1.2872827081427265
2025-08-02 18:00:00,0.5628,0.4372,1.2872827081427265
2025-08-02 19:00:00,0.5628,0.4372,1.2872827081427265
2025-08-02 20:00:00,0.5628,0.4372,1.2872827081427265
2025-08-02 21:00:00,0.5628,0.4372,1.2872827081427265
2025-08-02 22:00:00,0.5628,0.4372,1.2872827081427265
2025-08-02 23:00:00,0.5628,0.4372,1.2872827081427265
2025-08-03 00:00:00,0.5628,0.4372,1.2872827081427265
2025-08-03 01:00:00,0.5628,0.4372,1.2872827081427265
2025-08-03 02:00:00,0.5628,0.4372,1.2872827081427265
2025-08-03 03:00:00,0.5628,0.4372,1.2872827081427265
2025-08-03 04:00:00,0.5628,0.4372,1.2872827081427265
2025-08-03 05:00:00,0.5628,0.4372,1.2872827081427265
2025-08-03 06:00:00,0.5628,0.4372,1.2872827081427265
2025-08-03 07:00:00,0.5628,0.4372,1.2872827081427265
2025-08-03 08:00:00,0.5628,0.4372,1.2872827081427265
2025-08-03 09:00:00,0.5628,0.4372,1.2872827081427265
2025-08-03 10:00:00,0.5628,0.4372,1.2872827081427265
2025-08-03 11:00:00,0.5628,0.4372,1.2872827081427265
2025-08-03 12:00:00,0.5628,0.4372,1.2872827081427265
2025-08-03 13:00:00,0.5628,0.4372,1.2872827081427265
2025-08-03 14:00:00,0.5628,0.4372,1.2872827081427265
2025-08-03 15:00:00,0.5628,0.4372,1.2872827081427265
2025-08-03 16:00:00,0.5628,0.4372,1.2872827081427265
2025-08-03 17:00:00,0.5628,0.4372,1.2872827081427265
2025-08-03 18:00:00,0.5628,0.4372,1.2872827081427265
2025-08-03 19:00:00,0.5628,0.4372,1.2872827081427265
2025-08-03 20:00:00,0.5628,0.4372,1.2872827081427265
2025-08-03 21:00:00,0.5628,0.4372,1.2872827081427265
2025-08-03 22:00:00,0.5628,0.4372,1.2872827081427265
2025-08-03 23:00:00,0.5628,0.4372,1.2872827081427265
2025-08-04 00:00:00,0.5628,0.4372,1.2872827081427265
2025-08-04 01:00:00,0.5628,0.4372,1.2872827081427265
2025-08-04 02:00:00,0.5628,0.4372,1.2872827081427265
2025-08-04 03:00:00,0.5628,0.4372,1.2872827081427265
2025-08-04 04:00:00,0.5628,0.4372,1.2872827081427265
2025-08-04 05:00:00,0.5628,0.4372,1.2872827081427265
2025-08-04 06:00:00,0.5628,0.4372,1.2872827081427265
2025-08-04 07:00:00,0.5628,0.4372,1.2872827081427265
2025-08-04 08:00:00,0.5628,0.4372,1.2872827081427265
2025-08-04 09:00:00,0.5628,0.4372,1.2872827081427265
2025-08-04 10:00:00,0.5628,0.4372,1.2872827081427265
2025-08-04 11:00:00,0.5628,0.4372,1.2872827081427265
2025-08-04 12:00:00,0.5628,0.4372,1.2872827081427265
2025-08-04 13:00:00,0.5628,0.4372,1.2872827081427265
2025-08-04 14:00:00,0.5628,0.4372,1.2872827081427265
2025-08-04 15:00:00,0.5628,0.4372,1.2872827081427265
2025-08-04 16:00:00,0.5628,0.4372,1.2872827081427265
2025-08-04 17:00:00,0.5628,0.4372,1.2872827081427265
2025-08-04 18:00:00,0.5628,0.4372,1.2872827081427265
2025-08-04 19:00:00,0.5628,0.4372,1.2872827081427265
2025-08-04 20:00:00,0.5628,0.4372,1.2872827081427265
2025-08-04 21:00:00,0.5628,0.4372,1.2872827081427265
2025-08-04 22:00:00,0.5628,0.4372,1.2872827081427265
2025-08-04 23:00:00,0.5628,0.4372,1.2872827081427265
2025-08-05 00:00:00,0.5628,0.4372,1.2872827081427265
2025-08-05 01:00:00,0.5628,0.4372,1.2872827081427265
2025-08-05 02:00:00,0.5628,0.4372,1.2872827081427265
2025-08-05 03:00:00,0.5628,0.4372,1.2872827081427265
2025-08-05 04:00:00,0.5628,0.4372,1.2872827081427265
2025-08-05 05:00:00,0.5628,0.4372,1.2872827081427265
2025-08-05 06:00:00,0.5628,0.4372,1.2872827081427265
2025-08-05 07:00:00,0.5628,0.4372,1.2872827081427265
2025-08-05 08:00:00,0.5628,0.4372,1.2872827081427265
2025-08-05 09:00:00,0.5628,0.4372,1.2872827081427265
2025-08-05 10:00:00,0.5628,0.4372,1.2872827081427265
2025-08-05 11:00:00,0.5628,0.4372,1.2872827081427265
2025-08-05 12:00:00,0.5628,0.4372,1.2872827081427265
2025-08-05 13:00:00,0.5628,0.4372,1.2872827081427265
2025-08-05 14:00:00,0.5628,0.4372,1.2872827081427265
2025-08-05 15:00:00,0.5628,0.4372,1.2872827081427265
2025-08-05 16:00:00,0.5628,0.4372,1.2872827081427265
2025-08-05 17:00:00,0.5628,0.4372,1.2872827081427265
2025-08-05 18:00:00,0.5628,0.4372,1.2872827081427265
2025-08-05 19:00:00,0.5628,0.4372,1.2872827081427265
2025-08-05 20:00:00,0.5628,0.4372,1.2872827081427265
2025-08-05 21:00:00,0.5628,0.4372,1.2872827081427265
2025-08-05 22:00:00,0.5628,0.4372,1.2872827081427265
2025-08-05 23:00:00,0.5628,0.4372,1.2872827081427265
2025-08-06 00:00:00,0.5628,0.4372,1.2872827081427265
2025-08-06 01:00:00,0.5628,0.4372,1.2872827081427265
2025-08-06 02:00:00,0.5628,0.4372,1.2872827081427265
2025-08-06 03:00:00,0.5628,0.4372,1.2872827081427265
2025-08-06 04:00:00,0.5628,0.4372,1.2872827081427265
2025-08-06 05:00:00,0.5628,0.4372,1.2872827081427265
2025-08-06 06:00:00,0.5628,0.4372,1.2872827081427265
2025-08-06 07:00:00,0.5628,0.4372,1.2872827081427265
2025-08-06 08:00:00,0.5628,0.4372,1.2872827081427265
2025-08-06 09:00:00,0.5628,0.4372,1.2872827081427265
2025-08-06 10:00:00,0.5628,0.4372,1.2872827081427265
2025-08-06 11:00:00,0.5628,0.4372,1.2872827081427265
2025-08-06 12:00:00,0.5628,0.4372,1.2872827081427265
2025-08-06 13:00:00,0.5628,0.4372,1.2872827081427265
2025-08-06 14:00:00,0.5628,0.4372,1.2872827081427265
2025-08-06 15:00:00,0.5628,0.4372,1.2872827081427265
2025-08-06 16:00:00,0.5628,0.4372,1.2872827081427265
2025-08-06 17:00:00,0.5628,0.4372,1.2872827081427265
2025-08-06 18:00:00,0.5628,0.4372,1.2872827081427265
2025-08-06 19:00:00,0.5628,0.4372,1.2872827081427265
2025-08-06 20:00:00,0.5628,0.4372,1.2872827081427265
2025-08-06 21:00:00,0.5628,0.4372,1.2872827081427265
2025-08-06 22:00:00,0.5628,0.4372,1.2872827081427265
2025-08-06 23:00:00,0.5628,0.4372,1.2872827081427265
2025-08-07 00:00:00,0.5628,0.4372,1.2872827081427265
2025-08-07 01:00:00,0.5628,0.4372,1.2872827081427265
2025-08-07 02:00:00,0.5628,0.4372,1.2872827081427265
2025-08-07 03:00:00,0.5628,0.4372,1.2872827081427265
2025-08-07 04:00:00,0.5628,0.4372,1.2872827081427265
2025-08-07 05:00:00,0.5628,0.4372,1.2872827081427265
2025-08-07 06:00:00,0.5628,0.4372,1.2872827081427265
2025-08-07 07:00:00,0.5628,0.4372,1.2872827081427265
2025-08-07 08:00:00,0.5628,0.4372,1.2872827081427265
2025-08-07 09:00:00,0.5628,0.4372,1.2872827081427265
2025-08-07 10:00:00,0.5628,0.4372,1.2872827081427265
2025-08-07 11:00:00,0.5628,0.4372,1.2872827081427265
2025-08-07 12:00:00,0.5628,0.4372,1.2872827081427265
2025-08-07 13:00:00,0.5628,0.4372,1.2872827081427265
2025-08-07 14:00:00,0.5628,0.4372,1.2872827081427265
2025-08-07 15:00:00,0.5628,0.4372,1.2872827081427265
2025-08-07 16:00:00,0.5628,0.4372,1.2872827081427265
2025-08-07 17:00:00,0.5628,0.4372,1.2872827081427265
2025-08-07 18:00:00,0.5628,0.4372,1.2872827081427265
2025-08-07 19:00:00,0.5628,0.4372,1.2872827081427265
2025-08-07 20:00:00,0.5628,0.4372,1.2872827081427265
2025-08-07 21:00:00,0.5628,0.4372,1.2872827081427265
2025-08-07 22:00:00,0.5628,0.4372,1.2872827081427265
2025-08-07 23:00:00,0.5628,0.4372,1.2872827081427265
2025-08-08 00:00:00,0.5628,0.4372,1.2872827081427265
2025-08-08 01:00:00,0.5628,0.4372,1.2872827081427265
2025-08-08 02:00:00,0.5628,0.4372,1.2872827081427265
2025-08-08 03:00:00,0.5628,0.4372,1.2872827081427265
2025-08-08 04:00:00,0.5628,0.4372,1.2872827081427265
2025-08-08 05:00:00,0.5628,0.4372,1.2872827081427265
2025-08-08 06:00:00,0.5628,0.4372,1.2872827081427265
2025-08-08 07:00:00,0.5628,0.4372,1.2872827081427265
2025-08-08 08:00:00,0.5628,0.4372,1.2872827081427265
2025-08-08 09:00:00,0.5628,0.4372,1.2872827081427265
2025-08-08 10:00:00,0.5628,0.4372,1.2872827081427265
2025-08-08 11:00:00,0.5628,0.4372,1.2872827081427265
2025-08-08 12:00:00,0.5628,0.4372,1.2872827081427265
2025-08-08 13:00:00,0.5628,0.4372,1.2872827081427265
2025-08-08 14:00:00,0.5628,0.4372,1.2872827081427265
2025-08-08 15:00:00,0.5628,0.4372,1.2872827081427265
2025-08-08 16:00:00,0.5628,0.4372,1.2872827081427265
2025-08-08 17:00:00,0.5628,0.4372,1.2872827081427265
2025-08-08 18:00:00,0.5628,0.4372,1.2872827081427265
2025-08-08 19:00:00,0.5628,0.4372,1.2872827081427265
2025-08-08 20:00:00,0.5628,0.4372,1.2872827081427265
2025-08-08 21:00:00,0.5628,0.4372,1.2872827081427265
2025-08-08 22:00:00,0.5628,0.4372,1.2872827081427265
2025-08-08 23:00:00,0.5628,0.4372,1.2872827081427265
2025-08-09 00:00:00,0.5628,0.4372,1.2872827081427265
2025-08-09 01:00:00,0.5628,0.4372,1.2872827081427265
2025-08-09 02:00:00,0.5628,0.4372,1.2872827081427265
2025-08-09 03:00:00,0.5628,0.4372,1.2872827081427265
2025-08-09 04:00:00,0.5628,0.4372,1.2872827081427265
2025-08-09 05:00:00,0.5628,0.4372,1.2872827081427265
2025-08-09 06:00:00,0.5628,0.4372,1.2872827081427265
2025-08-09 07:00:00,0.5628,0.4372,1.2872827081427265
2025-08-09 08:00:00,0.5628,0.4372,1.2872827081427265
2025-08-09 09:00:00,0.5628,0.4372,1.2872827081427265
2025-08-09 10:00:00,0.5628,0.4372,1.2872827081427265
2025-08-09 11:00:00,0.5628,0.4372,1.2872827081427265
2025-08-09 12:00:00,0.5628,0.4372,1.2872827081427265
2025-08-09 13:00:00,0.5628,0.4372,1.2872827081427265
2025-08-09 14:00:00,0.5628,0.4372,1.2872827081427265
2025-08-09 15:00:00,0.5628,0.4372,1.2872827081427265
2025-08-09 16:00:00,0.5628,0.4372,1.2872827081427265
2025-08-09 17:00:00,0.5628,0.4372,1.2872827081427265
2025-08-09 18:00:00,0.5628,0.4372,1.2872827081427265
2025-08-09 19:00:00,0.5628,0.4372,1.2872827081427265
2025-08-09 20:00:00,0.5628,0.4372,1.2872827081427265
2025-08-09 21:00:00,0.5628,0.4372,1.2872827081427265
2025-08-09 22:00:00,0.5628,0.4372,1.2872827081427265
2025-08-09 23:00:00,0.5628,0.4372,1.2872827081427265
2025-08-10 00:00:00,0.5628,0.4372,1.2872827081427265
2025-08-10 01:00:00,0.5628,0.4372,1.2872827081427265
2025-08-10 02:00:00,0.5628,0.4372,1.2872827081427265
2025-08-10 03:00:00,0.5628,0.4372,1.2872827081427265
2025-08-10 04:00:00,0.5628,0.4372,1.2872827081427265
2025-08-10 05:00:00,0.5628,0.4372,1.2872827081427265
2025-08-10 06:00:00,0.5628,0.4372,1.2872827081427265
2025-08-10 07:00:00,0.5628,0.4372,1.2872827081427265
2025-08-10 08:00:00,0.5628,0.4372,1.2872827081427265
2025-08-10 09:00:00,0.5628,0.4372,1.2872827081427265
2025-08-10 10:00:00,0.5628,0.4372,1.2872827081427265
2025-08-10 11:00:00,0.5628,0.4372,1.2872827081427265
2025-08-10 12:00:00,0.5628,0.4372,1.2872827081427265
2025-08-10 13:00:00,0.5628,0.4372,1.2872827081427265
2025-08-10 14:00:00,0.5628,0.4372,1.2872827081427265
2025-08-10 15:00:00,0.5628,0.4372,1.2872827081427265
2025-08-10 16:00:00,0.5628,0.4372,1.2872827081427265
2025-08-10 17:00:00,0.5628,0.4372,1.2872827081427265
2025-08-10 18:00:00,0.5628,0.4372,1.2872827081427265
2025-08-10 19:00:00,0.5628,0.4372,1.2872827081427265
2025-08-10 20:00:00,0.5628,0.4372,1.2872827081427265
2025-08-10 21:00:00,0.5628,0.4372,1.2872827081427265
2025-08-10 22:00:00,0.5628,0.4372,1.2872827081427265
2025-08-10 23:00:00,0.5628,0.4372,1.2872827081427265
2025-08-11 00:00:00,0.5628,0.4372,1.2872827081427265
2025-08-11 01:00:00,0.5628,0.4372,1.2872827081427265
2025-08-11 02:00:00,0.5628,0.4372,1.2872827081427265
2025-08-11 03:00:00,0.5628,0.4372,1.2872827081427265
2025-08-11 04:00:00,0.5628,0.4372,1.2872827081427265
2025-08-11 05:00:00,0.5628,0.4372,1.2872827081427265
2025-08-11 06:00:00,0.5628,0.4372,1.2872827081427265
2025-08-11 07:00:00,0.5628,0.4372,1.2872827081427265
2025-08-11 08:00:00,0.5628,0.4372,1.2872827081427265
2025-08-11 09:00:00,0.5628,0.4372,1.2872827081427265
2025-08-11 10:00:00,0.5628,0.4372,1.2872827081427265
2025-08-11 11:00:00,0.5628,0.4372,1.2872827081427265
2025-08-11 12:00:00,0.5628,0.4372,1.2872827081427265
2025-08-11 13:00:00,0.5628,0.4372,1.2872827081427265
2025-08-11 14:00:00,0.5628,0.4372,1.2872827081427265
2025-08-11 15:00:00,0.5628,0.4372,1.2872827081427265
2025-08-11 16:00:00,0.5628,0.4372,1.2872827081427265
2025-08-11 17:00:00,0.5628,0.4372,1.2872827081427265
2025-08-11 18:00:00,0.5628,0.4372,1.2872827081427265
2025-08-11 19:00:00,0.5628,0.4372,1.2872827081427265
2025-08-11 20:00:00,0.5628,0.4372,1.2872827081427265
2025-08-11 21:00:00,0.5628,0.4372,1.2872827081427265
2025-08-11 22:00:00,0.5628,0.4372,1.2872827081427265
2025-08-11 23:00:00,0.5628,0.4372,1.2872827081427265
2025-08-12 00:00:00,0.5628,0.4372,1.2872827081427265
2025-08-12 01:00:00,0.5628,0.4372,1.2872827081427265
2025-08-12 02:00:00,0.5628,0.4372,1.2872827081427265
2025-08-12 03:00:00,0.5628,0.4372,1.2872827081427265
2025-08-12 04:00:00,0.5628,0.4372,1.2872827081427265
2025-08-12 05:00:00,0.5628,0.4372,1.2872827081427265
2025-08-12 06:00:00,0.5628,0.4372,1.2872827081427265
2025-08-12 07:00:00,0.5628,0.4372,1.2872827081427265
2025-08-12 08:00:00,0.5628,0.4372,1.2872827081427265
2025-08-12 09:00:00,0.5628,0.4372,1.2872827081427265
2025-08-12 10:00:00,0.5628,0.4372,1.2872827081427265
2025-08-12 11:00:00,0.5628,0.4372,1.2872827081427265
2025-08-12 12:00:00,0.5628,0.4372,1.2872827081427265
2025-08-12 13:00:00,0.5628,0.4372,1.2872827081427265
2025-08-12 14:00:00,0.5628,0.4372,1.2872827081427265
2025-08-12 15:00:00,0.5628,0.4372,1.2872827081427265
2025-08-12 16:00:00,0.5628,0.4372,1.2872827081427265
2025-08-12 17:00:00,0.5628,0.4372,1.2872827081427265
2025-08-12 18:00:00,0.5628,0.4372,1.2872827081427265
2025-08-12 19:00:00,0.5628,0.4372,1.2872827081427265
2025-08-12 20:00:00,0.5628,0.4372,1.2872827081427265
2025-08-12 21:00:00,0.5628,0.4372,1.2872827081427265
2025-08-12 22:00:00,0.5628,0.4372,1.2872827081427265
2025-08-12 23:00:00,0.5628,0.4372,1.2872827081427265
2025-08-13 00:00:00,0.5628,0.4372,1.2872827081427265
2025-08-13 01:00:00,0.5628,0.4372,1.2872827081427265
2025-08-13 02:00:00,0.5628,0.4372,1.2872827081427265
2025-08-13 03:00:00,0.5628,0.4372,1.2872827081427265
2025-08-13 04:00:00,0.5628,0.4372,1.2872827081427265
2025-08-13 05:00:00,0.5628,0.4372,1.2872827081427265
2025-08-13 06:00:00,0.5628,0.4372,1.2872827081427265
2025-08-13 07:00:00,0.5628,0.4372,1.2872827081427265
2025-08-13 08:00:00,0.5628,0.4372,1.2872827081427265
2025-08-13 09:00:00,0.5628,0.4372,1.2872827081427265
2025-08-13 10:00:00,0.5628,0.4372,1.2872827081427265
2025-08-13 11:00:00,0.5628,0.4372,1.2872827081427265
2025-08-13 12:00:00,0.5628,0.4372,1.2872827081427265
2025-08-13 13:00:00,0.5628,0.4372,1.2872827081427265
2025-08-13 14:00:00,0.5628,0.4372,1.2872827081427265
2025-08-13 15:00:00,0.5628,0.4372,1.2872827081427265
2025-08-13 16:00:00,0.5628,0.4372,1.2872827081427265
2025-08-13 17:00:00,0.5628,0.4372,1.2872827081427265
2025-08-13 18:00:00,0.5628,0.4372,1.2872827081427265
2025-08-13 19:00:00,0.5628,0.4372,1.2872827081427265
2025-08-13 20:00:00,0.5628,0.4372,1.2872827081427265
2025-08-13 21:00:00,0.5628,0.4372,1.2872827081427265
2025-08-13 22:00:00,0.5628,0.4372,1.2872827081427265
2025-08-13 23:00:00,0.5628,0.4372,1.2872827081427265
2025-08-14 00:00:00,0.5628,0.4372,1.2872827081427265
2025-08-14 01:00:00,0.5628,0.4372,1.2872827081427265
2025-08-14 02:00:00,0.5628,0.4372,1.2872827081427265
2025-08-14 03:00:00,0.5628,0.4372,1.2872827081427265
2025-08-14 04:00:00,0.5628,0.4372,1.2872827081427265
2025-08-14 05:00:00,0.5628,0.4372,1.2872827081427265
2025-08-14 06:00:00,0.5628,0.4372,1.2872827081427265
2025-08-14 07:00:00,0.5628,0.4372,1.2872827081427265
2025-08-14 08:00:00,0.5628,0.4372,1.2872827081427265
2025-08-14 09:00:00,0.5628,0.4372,1.2872827081427265
2025-08-14 10:00:00,0.5628,0.4372,1.2872827081427265
2025-08-14 11:00:00,0.5628,0.4372,1.2872827081427265
2025-08-14 12:00:00,0.5628,0.4372,1.2872827081427265
2025-08-14 13:00:00,0.5628,0.4372,1.2872827081427265
2025-08-14 14:00:00,0.5628,0.4372,1.2872827081427265
2025-08-14 15:00:00,0.5628,0.4372,1.2872827081427265
2025-08-14 16:00:00,0.5628,0.4372,1.2872827081427265
2025-08-14 17:00:00,0.5628,0.4372,1.2872827081427265
2025-08-14 18:00:00,0.5628,0.4372,1.2872827081427265
2025-08-14 19:00:00,0.5628,0.4372,1.2872827081427265
2025-08-14 20:00:00,0.5628,0.4372,1.2872827081427265
2025-08-14 21:00:00,0.5628,0.4372,1.2872827081427265
2025-08-14 22:00:00,0.5628,0.4372,1.2872827081427265
2025-08-14 23:00:00,0.5628,0.4372,1.2872827081427265
2025-08-15 00:00:00,0.5628,0.4372,1.2872827081427265
2025-08-15 01:00:00,0.5628,0.4372,1.2872827081427265
2025-08-15 02:00:00,0.5628,0.4372,1.2872827081427265
2025-08-15 03:00:00,0.5628,0.4372,1.2872827081427265
2025-08-15 04:00:00,0.5628,0.4372,1.2872827081427265
2025-08-15 05:00:00,0.5628,0.4372,1.2872827081427265
2025-08-15 06:00:00,0.5628,0.4372,1.2872827081427265
2025-08-15 07:00:00,0.5628,0.4372,1.2872827081427265
2025-08-15 08:00:00,0.5628,0.4372,1.2872827081427265
2025-08-15 09:00:00,0.5628,0.4372,1.2872827081427265
2025-08-15 10:00:00,0.5628,0.4372,1.2872827081427265
2025-08-15 11:00:00,0.5628,0.4372,1.2872827081427265
2025-08-15 12:00:00,0.5628,0.4372,1.2872827081427265
2025-08-15 13:00:00,0.5628,0.4372,1.2872827081427265
2025-08-15 14:00:00,0.5628,0.4372,1.2872827081427265
2025-08-15 15:00:00,0.5628,0.4372,1.2872827081427265
2025-08-15 16:00:00,0.5628,0.4372,1.2872827081427265
2025-08-15 17:00:00,0.5628,0.4372,1.2872827081427265
2025-08-15 18:00:00,0.5628,0.4372,1.2872827081427265
2025-08-15 19:00:00,0.5628,0.4372,1.2872827081427265
2025-08-15 20:00:00,0.5628,0.4372,1.2872827081427265
2025-08-15 21:00:00,0.5628,0.4372,1.2872827081427265
2025-08-15 22:00:00,0.5628,0.4372,1.2872827081427265
2025-08-15 23:00:00,0.5628,0.4372,1.2872827081427265
2025-08-16 00:00:00,0.5628,0.4372,1.2872827081427265
2025-08-16 01:00:00,0.5628,0.4372,1.2872827081427265
2025-08-16 02:00:00,0.5628,0.4372,1.2872827081427265
2025-08-16 03:00:00,0.5628,0.4372,1.2872827081427265
2025-08-16 04:00:00,0.5628,0.4372,1.2872827081427265
2025-08-16 05:00:00,0.5628,0.4372,1.2872827081427265
2025-08-16 06:00:00,0.5628,0.4372,1.2872827081427265
2025-08-16 07:00:00,0.5628,0.4372,1.2872827081427265
2025-08-16 08:00:00,0.5628,0.4372,1.2872827081427265
2025-08-16 09:00:00,0.5628,0.4372,1.2872827081427265
2025-08-16 10:00:00,0.5628,0.4372,1.2872827081427265
2025-08-16 11:00:00,0.5628,0.4372,1.2872827081427265
2025-08-16 12:00:00,0.5628,0.4372,1.2872827081427265
2025-08-16 13:00:00,0.5628,0.4372,1.2872827081427265
2025-08-16 14:00:00,0.5628,0.4372,1.2872827081427265
2025-08-16 15:00:00,0.5628,0.4372,1.2872827081427265
2025-08-16 16:00:00,0.5628,0.4372,1.2872827081427265
2025-08-16 17:00:00,0.5628,0.4372,1.2872827081427265
2025-08-16 18:00:00,0.5628,0.4372,1.2872827081427265
2025-08-16 19:00:00,0.5628,0.4372,1.2872827081427265
2025-08-16 20:00:00,0.5628,0.4372,1.2872827081427265
2025-08-16 21:00:00,0.5628,0.4372,1.2872827081427265
2025-08-16 22:00:00,0.5628,0.4372,1.2872827081427265
2025-08-16 23:00:00,0.5628,0.4372,1.2872827081427265
2025-08-17 00:00:00,0.5628,0.4372,1.2872827081427265
2025-08-17 01:00:00,0.5628,0.4372,1.2872827081427265
2025-08-17 02:00:00,0.5628,0.4372,1.2872827081427265
2025-08-17 03:00:00,0.5628,0.4372,1.2872827081427265
2025-08-17 04:00:00,0.5628,0.4372,1.2872827081427265
2025-08-17 05:00:00,0.5628,0.4372,1.2872827081427265
2025-08-17 06:00:00,0.5628,0.4372,1.2872827081427265
2025-08-17 07:00:00,0.5628,0.4372,1.2872827081427265
2025-08-17 08:00:00,0.5628,0.4372,1.2872827081427265
2025-08-17 09:00:00,0.5628,0.4372,1.2872827081427265
2025-08-17 10:00:00,0.5628,0.4372,1.2872827081427265
2025-08-17 11:00:00,0.5628,0.4372,1.2872827081427265
2025-08-17 12:00:00,0.5628,0.4372,1.2872827081427265
2025-08-17 13:00:00,0.5628,0.4372,1.2872827081427265
2025-08-17 14:00:00,0.5628,0.4372,1.2872827081427265
2025-08-17 15:00:00,0.5628,0.4372,1.2872827081427265
2025-08-17 16:00:00,0.5628,0.4372,1.2872827081427265
2025-08-17 17:00:00,0.5628,0.4372,1.2872827081427265
2025-08-17 18:00:00,0.5628,0.4372,1.2872827081427265
2025-08-17 19:00:00,0.5628,0.4372,1.2872827081427265
2025-08-17 20:00:00,0.5628,0.4372,1.2872827081427265
2025-08-17 21:00:00,0.5628,0.4372,1.2872827081427265
2025-08-17 22:00:00,0.5628,0.4372,1.2872827081427265
2025-08-17 23:00:00,0.5628,0.4372,1.2872827081427265
2025-08-18 00:00:00,0.5628,0.4372,1.2872827081427265
2025-08-18 01:00:00,0.5628,0.4372,1.2872827081427265
2025-08-18 02:00:00,0.5628,0.4372,1.2872827081427265
2025-08-18 03:00:00,0.5628,0.4372,1.2872827081427265
2025-08-18 04:00:00,0.5628,0.4372,1.2872827081427265
2025-08-18 05:00:00,0.5628,0.4372,1.2872827081427265
2025-08-18 06:00:00,0.5628,0.4372,1.2872827081427265
2025-08-18 07:00:00,0.5628,0.4372,1.2872827081427265
2025-08-18 08:00:00,0.5628,0.4372,1.2872827081427265
2025-08-18 09:00:00,0.5628,0.4372,1.2872827081427265
2025-08-18 10:00:00,0.5628,0.4372,1.2872827081427265
2025-08-18 11:00:00,0.5628,0.4372,1.2872827081427265
2025-08-18 12:00:00,0.5628,0.4372,1.2872827081427265
2025-08-18 13:00:00,0.5628,0.4372,1.2872827081427265
2025-08-18 14:00:00,0.5628,0.4372,1.2872827081427265
2025-08-18 15:00:00,0.5628,0.4372,1.2872827081427265
2025-08-18 16:00:00,0.5628,0.4372,1.2872827081427265
2025-08-18 17:00:00,0.5628,0.4372,1.2872827081427265
2025-08-18 18:00:00,0.5628,0.4372,1.2872827081427265
2025-08-18 19:00:00,0.5628,0.4372,1.2872827081427265
2025-08-18 20:00:00,0.5628,0.4372,1.2872827081427265
2025-08-18 21:00:00,0.5628,0.4372,1.2872827081427265
2025-08-18 22:00:00,0.5628,0.4372,1.2872827081427265
2025-08-18 23:00:00,0.5628,0.4372,1.2872827081427265
2025-08-19 00:00:00,0.5628,0.4372,1.2872827081427265
2025-08-19 01:00:00,0.5628,0.4372,1.2872827081427265
2025-08-19 02:00:00,0.5628,0.4372,1.2872827081427265
2025-08-19 03:00:00,0.5628,0.4372,1.2872827081427265
2025-08-19 04:00:00,0.5628,0.4372,1.2872827081427265
2025-08-19 05:00:00,0.5628,0.4372,1.2872827081427265
2025-08-19 06:00:00,0.5628,0.4372,1.2872827081427265
2025-08-19 07:00:00,0.5628,0.4372,1.2872827081427265
2025-08-19 08:00:00,0.5628,0.4372,1.2872827081427265
2025-08-19 09:00:00,0.5628,0.4372,1.2872827081427265
2025-08-19 10:00:00,0.5628,0.4372,1.2872827081427265
2025-08-19 11:00:00,0.5628,0.4372,1.2872827081427265
2025-08-19 12:00:00,0.5628,0.4372,1.2872827081427265
2025-08-19 13:00:00,0.5628,0.4372,1.2872827081427265
2025-08-19 14:00:00,0.5628,0.4372,1.2872827081427265
2025-08-19 15:00:00,0.5628,0.4372,1.2872827081427265
2025-08-19 16:00:00,0.5628,0.4372,1.2872827081427265
2025-08-19 17:00:00,0.5628,0.4372,1.2872827081427265
2025-08-19 18:00:00,0.5628,0.4372,1.2872827081427265
2025-08-19 19:00:00,0.5628,0.4372,1.2872827081427265
2025-08-19 20:00:00,0.5628,0.4372,1.2872827081427265
2025-08-19 21:00:00,0.5628,0.4372,1.2872827081427265
2025-08-19 22:00:00,0.5628,0.4372,1.2872827081427265
2025-08-19 23:00:00,0.5628,0.4372,1.2872827081427265
2025-08-20 00:00:00,0.5628,0.4372,1.2872827081427265
2025-08-20 01:00:00,0.5628,0.4372,1.2872827081427265
2025-08-20 02:00:00,0.5628,0.4372,1.2872827081427265
2025-08-20 03:00:00,0.5628,0.4372,1.2872827081427265
2025-08-20 04:00:00,0.5628,0.4372,1.2872827081427265
2025-08-20 05:00:00,0.5628,0.4372,1.2872827081427265
2025-08-20 06:00:00,0.5628,0.4372,1.2872827081427265
2025-08-20 07:00:00,0.5628,0.4372,1.2872827081427265
2025-08-20 08:00:00,0.5628,0.4372,1.2872827081427265
2025-08-20 09:00:00,0.5628,0.4372,1.2872827081427265
2025-08-20 10:00:00,0.5628,0.4372,1.2872827081427265
2025-08-20 11:00:00,0.5628,0.4372,1.2872827081427265
2025-08-20 12:00:00,0.5628,0.4372,1.2872827081427265
2025-08-20 13:00:00,0.5628,0.4372,1.2872827081427265
2025-08-20 14:00:00,0.5628,0.4372,1.2872827081427265
2025-08-20 15:00:00,0.5628,0.4372,1.2872827081427265
2025-08-20 16:00:00,0.5628,0.4372,1.2872827081427265
2025-08-20 17:00:00,0.5628,0.4372,1.2872827081427265
2025-08-20 18:00:00,0.5628,0.4372,1.2872827081427265
2025-08-20 19:00:00,0.5628,0.4372,1.2872827081427265
2025-08-20 20:00:00,0.5628,0.4372,1.2872827081427265
2025-08-20 21:00:00,0.5628,0.4372,1.2872827081427265
2025-08-20 22:00:00,0.5628,0.4372,1.2872827081427265
2025-08-20 23:00:00,0.5628,0.4372,1.2872827081427265
2025-08-21 00:00:00,0.5628,0.4372,1.2872827081427265
2025-08-21 01:00:00,0.5628,0.4372,1.2872827081427265
2025-08-21 02:00:00,0.5628,0.4372,1.2872827081427265
2025-08-21 03:00:00,0.5628,0.4372,1.2872827081427265
2025-08-21 04:00:00,0.5628,0.4372,1.2872827081427265
2025-08-21 05:00:00,0.5628,0.4372,1.2872827081427265
2025-08-21 06:00:00,0.5628,0.4372,1.2872827081427265
2025-08-21 07:00:00,0.5628,0.4372,1.2872827081427265
2025-08-21 08:00:00,0.5628,0.4372,1.2872827081427265
2025-08-21 09:00:00,0.5628,0.4372,1.2872827081427265
2025-08-21 10:00:00,0.5628,0.4372,1.2872827081427265
2025-08-21 11:00:00,0.5628,0.4372,1.2872827081427265
2025-08-21 12:00:00,0.5628,0.4372,1.2872827081427265
2025-08-21 13:00:00,0.5628,0.4372,1.2872827081427265
2025-08-21 14:00:00,0.5628,0.4372,1.2872827081427265
2025-08-21 15:00:00,0.5628,0.4372,1.2872827081427265
2025-08-21 16:00:00,0.5628,0.4372,1.2872827081427265
2025-08-21 17:00:00,0.5628,0.4372,1.2872827081427265
2025-08-21 18:00:00,0.5628,0.4372,1.2872827081427265
2025-08-21 19:00:00,0.5628,0.4372,1.2872827081427265
2025-08-21 20:00:00,0.5628,0.4372,1.2872827081427265
2025-08-21 21:00:00,0.5628,0.4372,1.2872827081427265
2025-08-21 22:00:00,0.5628,0.4372,1.2872827081427265
2025-08-21 23:00:00,0.5628,0.4372,1.2872827081427265
2025-08-22 00:00:00,0.5628,0.4372,1.2872827081427265
2025-08-22 01:00:00,0.5628,0.4372,1.2872827081427265
2025-08-22 02:00:00,0.5628,0.4372,1.2872827081427265
2025-08-22 03:00:00,0.5628,0.4372,1.2872827081427265
2025-08-22 04:00:00,0.5628,0.4372,1.2872827081427265
2025-08-22 05:00:00,0.5628,0.4372,1.2872827081427265
2025-08-22 06:00:00,0.5628,0.4372,1.2872827081427265
2025-08-22 07:00:00,0.5628,0.4372,1.2872827081427265
2025-08-22 08:00:00,0.5628,0.4372,1.2872827081427265
2025-08-22 09:00:00,0.5628,0.4372,1.2872827081427265
2025-08-22 10:00:00,0.5628,0.4372,1.2872827081427265
2025-08-22 11:00:00,0.5628,0.4372,1.2872827081427265
2025-08-22 12:00:00,0.5628,0.4372,1.2872827081427265
2025-08-22 13:00:00,0.5628,0.4372,1.2872827081427265
2025-08-22 14:00:00,0.5628,0.4372,1.2872827081427265
2025-08-22 15:00:00,0.5628,0.4372,1.2872827081427265
2025-08-22 16:00:00,0.5628,0.4372,1.2872827081427265
2025-08-22 17:00:00,0.5628,0.4372,1.2872827081427265
2025-08-22 18:00:00,0.5628,0.4372,1.2872827081427265
2025-08-22 19:00:00,0.5628,0.4372,1.2872827081427265
2025-08-22 20:00:00,0.5628,0.4372,1.2872827081427265
2025-08-22 21:00:00,0.5628,0.4372,1.2872827081427265
2025-08-22 22:00:00,0.5628,0.4372,1.2872827081427265
2025-08-22 23:00:00,0.5628,0.4372,1.2872827081427265
2025-08-23 00:00:00,0.5628,0.4372,1.2872827081427265
2025-08-23 01:00:00,0.5628,0.4372,1.2872827081427265
2025-08-23 02:00:00,0.5628,0.4372,1.2872827081427265
2025-08-23 03:00:00,0.5628,0.4372,1.2872827081427265
2025-08-23 04:00:00,0.5628,0.4372,1.2872827081427265
2025-08-23 05:00:00,0.5628,0.4372,1.2872827081427265
2025-08-23 06:00:00,0.5628,0.4372,1.2872827081427265
2025-08-23 07:00:00,0.5628,0.4372,1.2872827081427265
2025-08-23 08:00:00,0.5628,0.4372,1.2872827081427265
2025-08-23 09:00:00,0.5628,0.4372,1.2872827081427265
2025-08-23 10:00:00,0.5628,0.4372,1.2872827081427265
2025-08-23 11:00:00,0.5628,0.4372,1.2872827081427265
2025-08-23 12:00:00,0.5628,0.4372,1.2872827081427265
2025-08-23 13:00:00,0.5628,0.4372,1.2872827081427265
2025-08-23 14:00:00,0.5628,0.4372,1.2872827081427265
2025-08-23 15:00:00,0.5628,0.4372,1.2872827081427265
2025-08-23 16:00:00,0.5628,0.4372,1.2872827081427265
2025-08-23 17:00:00,0.5628,0.4372,1.2872827081427265
2025-08-23 18:00:00,0.5628,0.4372,1.2872827081427265
2025-08-23 19:00:00,0.5628,0.4372,1.2872827081427265
2025-08-23 20:00:00,0.5628,0.4372,1.2872827081427265
2025-08-23 21:00:00,0.5628,0.4372,1.2872827081427265
2025-08-23 22:00:00,0.5628,0.4372,1.2872827081427265
2025-08-23 23:00:00,0.5628,0.4372,1.2872827081427265
2025-08-24 00:00:00,0.5628,0.4372,1.2872827081427265
2025-08-24 01:00:00,0.5628,0.4372,1.2872827081427265
2025-08-24 02:00:00,0.5628,0.4372,1.2872827081427265
2025-08-24 03:00:00,0.5628,0.4372,1.2872827081427265
2025-08-24 04:00:00,0.5628,0.4372,1.2872827081427265
2025-08-24 05:00:00,0.5628,0.4372,1.2872827081427265
2025-08-24 06:00:00,0.5628,0.4372,1.2872827081427265
2025-08-24 07:00:00,0.5628,0.4372,1.2872827081427265
2025-08-24 08:00:00,0.5628,0.4372,1.2872827081427265
2025-08-24 09:00:00,0.5628,0.4372,1.2872827081427265
2025-08-24 10:00:00,0.5628,0.4372,1.2872827081427265
2025-08-24 11:00:00,0.5628,0.4372,1.2872827081427265
2025-08-24 12:00:00,0.5628,0.4372,1.2872827081427265
2025-08-24 13:00:00,0.5628,0.4372,1.2872827081427265
2025-08-24 14:00:00,0.5628,0.4372,1.2872827081427265
2025-08-24 15:00:00,0.5628,0.4372,1.2872827081427265
2025-08-24 16:00:00,0.5628,0.4372,1.2872827081427265
2025-08-24 17:00:00,0.5628,0.4372,1.2872827081427265
2025-08-24 18:00:00,0.5628,0.4372,1.2872827081427265
2025-08-24 19:00:00,0.5628,0.4372,1.2872827081427265
2025-08-24 20:00:00,0.5628,0.4372,1.2872827081427265
2025-08-24 21:00:00,0.5628,0.4372,1.2872827081427265
2025-08-24 22:00:00,0.5628,0.4372,1.2872827081427265
2025-08-24 23:00:00,0.5628,0.4372,1.2872827081427265
2025-08-25 00:00:00,0.5628,0.4372,1.2872827081427265
2025-08-25 01:00:00,0.5628,0.4372,1.2872827081427265
2025-08-25 02:00:00,0.5628,0.4372,1.2872827081427265
2025-08-25 03:00:00,0.5628,0.4372,1.2872827081427265
2025-08-25 04:00:00,0.5628,0.4372,1.2872827081427265
2025-08-25 05:00:00,0.5628,0.4372,1.2872827081427265
2025-08-25 06:00:00,0.5628,0.4372,1.2872827081427265
2025-08-25 07:00:00,0.5628,0.4372,1.2872827081427265
2025-08-25 08:00:00,0.5628,0.4372,1.2872827081427265
2025-08-25 09:00:00,0.5628,0.4372,1.2872827081427265
2025-08-25 10:00:00,0.5628,0.4372,1.2872827081427265
2025-08-25 11:00:00,0.5628,0.4372,1.2872827081427265
2025-08-25 12:00:00,0.5628,0.4372,1.2872827081427265
2025-08-25 13:00:00,0.5628,0.4372,1.2872827081427265
2025-08-25 14:00:00,0.5628,0.4372,1.2872827081427265
2025-08-25 15:00:00,0.5628,0.4372,1.2872827081427265
2025-08-25 16:00:00,0.5628,0.4372,1.2872827081427265
2025-08-25 17:00:00,0.5628,0.4372,1.2872827081427265
2025-08-25 18:00:00,0.5628,0.4372,1.2872827081427265
2025-08-25 19:00:00,0.5628,0.4372,1.2872827081427265
2025-08-25 20:00:00,0.5628,0.4372,1.2872827081427265
2025-08-25 21:00:00,0.5628,0.4372,1.2872827081427265
2025-08-25 22:00:00,0.5628,0.4372,1.2872827081427265
2025-08-25 23:00:00,0.5628,0.4372,1.2872827081427265
2025-08-26 00:00:00,0.5628,0.4372,1.2872827081427265
2025-08-26 01:00:00,0.5628,0.4372,1.2872827081427265
2025-08-26 02:00:00,0.5628,0.4372,1.2872827081427265
2025-08-26 03:00:00,0.5628,0.4372,1.2872827081427265
2025-08-26 04:00:00,0.5628,0.4372,1.2872827081427265
2025-08-26 05:00:00,0.5628,0.4372,1.2872827081427265
2025-08-26 06:00:00,0.5628,0.4372,1.2872827081427265
2025-08-26 07:00:00,0.5628,0.4372,1.2872827081427265
2025-08-26 08:00:00,0.5628,0.4372,1.2872827081427265
2025-08-26 09:00:00,0.5628,0.4372,1.2872827081427265
2025-08-26 10:00:00,0.5628,0.4372,1.2872827081427265
2025-08-26 11:00:00,0.5628,0.4372,1.2872827081427265
2025-08-26 12:00:00,0.5628,0.4372,1.2872827081427265
2025-08-26 13:00:00,0.5628,0.4372,1.2872827081427265
2025-08-26 14:00:00,0.5628,0.4372,1.2872827081427265
2025-08-26 15:00:00,0.5628,0.4372,1.2872827081427265
2025-08-26 16:00:00,0.5628,0.4372,1.2872827081427265
2025-08-26 17:00:00,0.5628,0.4372,1.2872827081427265
2025-08-26 18:00:00,0.5628,0.4372,1.2872827081427265
2025-08-26 19:00:00,0.5628,0.4372,1.2872827081427265
2025-08-26 20:00:00,0.5628,0.4372,1.2872827081427265
2025-08-26 21:00:00,0.5628,0.4372,1.2872827081427265
2025-08-26 22:00:00,0.5628,0.4372,1.2872827081427265
2025-08-26 23:00:00,0.5628,0.4372,1.2872827081427265
2025-08-27 00:00:00,0.5628,0.4372,1.2872827081427265
2025-08-27 01:00:00,0.5628,0.4372,1.2872827081427265
2025-08-27 02:00:00,0.5628,0.4372,1.2872827081427265
2025-08-27 03:00:00,0.5628,0.4372,1.2872827081427265
2025-08-27 04:00:00,0.5628,0.4372,1.2872827081427265
2025-08-27 05:00:00,0.5628,0.4372,1.2872827081427265
2025-08-27 06:00:00,0.5628,0.4372,1.2872827081427265
2025-08-27 07:00:00,0.5628,0.4372,1.2872827081427265
2025-08-27 08:00:00,0.5628,0.4372,1.2872827081427265
2025-08-27 09:00:00,0.5628,0.4372,1.2872827081427265
2025-08-27 10:00:00,0.5628,0.4372,1.2872827081427265
2025-08-27 11:00:00,0.5628,0.4372,1.2872827081427265
2025-08-27 12:00:00,0.5628,0.4372,1.2872827081427265
2025-08-27 13:00:00,0.5628,0.4372,1.2872827081427265
2025-08-27 14:00:00,0.5628,0.4372,1.2872827081427265
2025-08-27 15:00:00,0.5628,0.4372,1.2872827081427265
2025-08-27 16:00:00,0.5628,0.4372,1.2872827081427265
2025-08-27 17:00:00,0.5628,0.4372,1.2872827081427265
2025-08-27 18:00:00,0.5628,0.4372,1.2872827081427265
2025-08-27 19:00:00,0.5628,0.4372,1.2872827081427265
2025-08-27 20:00:00,0.5628,0.4372,1.2872827081427265
2025-08-27 21:00:00,0.5628,0.4372,1.2872827081427265
2025-08-27 22:00:00,0.5628,0.4372,1.2872827081427265
2025-08-27 23:00:00,0.5628,0.4372,1.2872827081427265
2025-08-28 00:00:00,0.5628,0.4372,1.2872827081427265
2025-08-28 01:00:00,0.5628,0.4372,1.2872827081427265
2025-08-28 02:00:00,0.5628,0.4372,1.2872827081427265
2025-08-28 03:00:00,0.5628,0.4372,1.2872827081427265
2025-08-28 04:00:00,0.5628,0.4372,1.2872827081427265
2025-08-28 05:00:00,0.5628,0.4372,1.2872827081427265
2025-08-28 06:00:00,0.5628,0.4372,1.2872827081427265
2025-08-28 07:00:00,0.5628,0.4372,1.2872827081427265
2025-08-28 08:00:00,0.5628,0.4372,1.2872827081427265
2025-08-28 09:00:00,0.5628,0.4372,1.2872827081427265
2025-08-28 10:00:00,0.5628,0.4372,1.2872827081427265
2025-08-28 11:00:00,0.5628,0.4372,1.2872827081427265
2025-08-28 12:00:00,0.5628,0.4372,1.2872827081427265
2025-08-28 13:00:00,0.5628,0.4372,1.2872827081427265
2025-08-28 14:00:00,0.5628,0.4372,1.2872827081427265
2025-08-28 15:00:00,0.5628,0.4372,1.2872827081427265
2025-08-28 16:00:00,0.5628,0.4372,1.2872827081427265
2025-08-28 17:00:00,0.5628,0.4372,1.2872827081427265
2025-08-28 18:00:00,0.5628,0.4372,1.2872827081427265
2025-08-28 19:00:00,0.5628,0.4372,1.2872827081427265
2025-08-28 20:00:00,0.5628,0.4372,1.2872827081427265
2025-08-28 21:00:00,0.5628,0.4372,1.2872827081427265
2025-08-28 22:00:00,0.5628,0.4372,1.2872827081427265
2025-08-28 23:00:00,0.5628,0.4372,1.2872827081427265
2025-08-29 00:00:00,0.5628,0.4372,1.2872827081427265
2025-08-29 01:00:00,0.5628,0.4372,1.2872827081427265
2025-08-29 02:00:00,0.5628,0.4372,1.2872827081427265
2025-08-29 03:00:00,0.5628,0.4372,1.2872827081427265
2025-08-29 04:00:00,0.5628,0.4372,1.2872827081427265
2025-08-29 05:00:00,0.5628,0.4372,1.2872827081427265
2025-08-29 06:00:00,0.5628,0.4372,1.2872827081427265
2025-08-29 07:00:00,0.5628,0.4372,1.2872827081427265
2025-08-29 08:00:00,0.5628,0.4372,1.2872827081427265
2025-08-29 09:00:00,0.5628,0.4372,1.2872827081427265
2025-08-29 10:00:00,0.5628,0.4372,1.2872827081427265
2025-08-29 11:00:00,0.5628,0.4372,1.2872827081427265
2025-08-29 12:00:00,0.5628,0.4372,1.2872827081427265
2025-08-29 13:00:00,0.5628,0.4372,1.2872827081427265
2025-08-29 14:00:00,0.5628,0.4372,1.2872827081427265
2025-08-29 15:00:00,0.5628,0.4372,1.2872827081427265
2025-08-29 16:00:00,0.5628,0.4372,1.2872827081427265
2025-08-29 17:00:00,0.5628,0.4372,1.2872827081427265
2025-08-29 18:00:00,0.5628,0.4372,1.2872827081427265
2025-08-29 19:00:00,0.5628,0.4372,1.2872827081427265
2025-08-29 20:00:00,0.5628,0.4372,1.2872827081427265
2025-08-29 21:00:00,0.5628,0.4372,1.2872827081427265
2025-08-29 22:00:00,0.5628,0.4372,1.2872827081427265
2025-08-29 23:00:00,0.5628,0.4372,1.2872827081427265
2025-08-30 00:00:00,0.5628,0.4372,1.2872827081427265
2025-08-30 01:00:00,0.5628,0.4372,1.2872827081427265
2025-08-30 02:00:00,0.5628,0.4372,1.2872827081427265
2025-08-30 03:00:00,0.5628,0.4372,1.2872827081427265
2025-08-30 04:00:00,0.5628,0.4372,1.2872827081427265
2025-08-30 05:00:00,0.5628,0.4372,1.2872827081427265
2025-08-30 06:00:00,0.5628,0.4372,1.2872827081427265
2025-08-30 07:00:00,0.5628,0.4372,1.2872827081427265
2025-08-30 08:00:00,0.5628,0.4372,1.2872827081427265
2025-08-30 09:00:00,0.5628,0.4372,1.2872827081427265
2025-08-30 10:00:00,0.5628,0.4372,1.2872827081427265
2025-08-30 11:00:00,0.5628,0.4372,1.2872827081427265
2025-08-30 12:00:00,0.5628,0.4372,1.2872827081427265
2025-08-30 13:00:00,0.5628,0.4372,1.2872827081427265
2025-08-30 14:00:00,0.5628,0.4372,1.2872827081427265
2025-08-30 15:00:00,0.5628,0.4372,1.2872827081427265
2025-08-30 16:00:00,0.5628,0.4372,1.2872827081427265
2025-08-30 17:00:00,0.5628,0.4372,1.2872827081427265
2025-08-30 18:00:00,0.5628,0.4372,1.2872827081427265
2025-08-30 19:00:00,0.5628,0.4372,1.2872827081427265
2025-08-30 20:00:00,0.5628,0.4372,1.2872827081427265
2025-08-30 21:00:00,0.5628,0.4372,1.2872827081427265
2025-08-30 22:00:00,0.5628,0.4372,1.2872827081427265
2025-08-30 23:00:00,0.5628,0.4372,1.2872827081427265
2025-08-31 00:00:00,0.5628,0.4372,1.2872827081427265
2025-08-31 01:00:00,0.5628,0.4372,1.2872827081427265
2025-08-31 02:00:00,0.5628,0.4372,1.2872827081427265
2025-08-31 03:00:00,0.5628,0.4372,1.2872827081427265
2025-08-31 04:00:00,0.5628,0.4372,1.2872827081427265
2025-08-31 05:00:00,0.5628,0.4372,1.2872827081427265
2025-08-31 06:00:00,0.5628,0.4372,1.2872827081427265
2025-08-31 07:00:00,0.5628,0.4372,1.2872827081427265
2025-08-31 08:00:00,0.5628,0.4372,1.2872827081427265
2025-08-31 09:00:00,0.5628,0.4372,1.2872827081427265
2025-08-31 10:00:00,0.5628,0.4372,1.2872827081427265
2025-08-31 11:00:00,0.5628,0.4372,1.2872827081427265
2025-08-31 12:00:00,0.5628,0.4372,1.2872827081427265
2025-08-31 13:00:00,0.5628,0.4372,1.2872827081427265
2025-08-31 14:00:00,0.5628,0.4372,1.2872827081427265
2025-08-31 15:00:00,0.5628,0.4372,1.2872827081427265
2025-08-31 16:00:00,0.5628,0.4372,1.2872827081427265
2025-08-31 17:00:00,0.5628,0.4372,1.2872827081427265
2025-08-31 18:00:00,0.5628,0.4372,1.2872827081427265
2025-08-31 19:00:00,0.5628,0.4372,1.2872827081427265
2025-08-31 20:00:00,0.5628,0.4372,1.2872827081427265
2025-08-31 21:00:00,0.5628,0.4372,1.2872827081427265
2025-08-31 22:00:00,0.5628,0.4372,1.2872827081427265
2025-08-31 23:00:00,0.5628,0.4372,1.2872827081427265
2025-09-01 00:00:00,0.5628,0.4372,1.2872827081427265
2025-09-01 01:00:00,0.5628,0.4372,1.2872827081427265
2025-09-01 02:00:00,0.5628,0.4372,1.2872827081427265
2025-09-01 03:00:00,0.5628,0.4372,1.2872827081427265
2025-09-01 04:00:00,0.5628,0.4372,1.2872827081427265
2025-09-01 05:00:00,0.5628,0.4372,1.2872827081427265
2025-09-01 06:00:00,0.5628,0.4372,1.2872827081427265
2025-09-01 07:00:00,0.5628,0.4372,1.2872827081427265
2025-09-01 08:00:00,0.5628,0.4372,1.2872827081427265
2025-09-01 09:00:00,0.5628,0.4372,1.2872827081427265
2025-09-01 10:00:00,0.5628,0.4372,1.2872827081427265
2025-09-01 11:00:00,0.5628,0.4372,1.2872827081427265
2025-09-01 12:00:00,0.5628,0.4372,1.2872827081427265
2025-09-01 13:00:00,0.5628,0.4372,1.2872827081427265
2025-09-01 14:00:00,0.5628,0.4372,1.2872827081427265
2025-09-01 15:00:00,0.5628,0.4372,1.2872827081427265
2025-09-01 16:00:00,0.5628,0.4372,1.2872827081427265
2025-09-01 17:00:00,0.5628,0.4372,1.2872827081427265
2025-09-01 18:00:00,0.5628,0.4372,1.2872827081427265
2025-09-01 19:00:00,0.5628,0.4372,1.2872827081427265
2025-09-01 20:00:00,0.5628,0.4372,1.2872827081427265
2025-09-01 21:00:00,0.5628,0.4372,1.2872827081427265
2025-09-01 22:00:00,0.5628,0.4372,1.2872827081427265
2025-09-01 23:00:00,0.5628,0.4372,1.2872827081427265
2025-09-02 00:00:00,0.5628,0.4372,1.2872827081427265
2025-09-02 01:00:00,0.5628,0.4372,1.2872827081427265
2025-09-02 02:00:00,0.5628,0.4372,1.2872827081427265
2025-09-02 03:00:00,0.5628,0.4372,1.2872827081427265
2025-09-02 04:00:00,0.5628,0.4372,1.2872827081427265
2025-09-02 05:00:00,0.5628,0.4372,1.2872827081427265
2025-09-02 06:00:00,0.5628,0.4372,1.2872827081427265
2025-09-02 07:00:00,0.5628,0.4372,1.2872827081427265
2025-09-02 08:00:00,0.5628,0.4372,1.2872827081427265
2025-09-02 09:00:00,0.5628,0.4372,1.2872827081427265
2025-09-02 10:00:00,0.5628,0.4372,1.2872827081427265
2025-09-02 11:00:00,0.5628,0.4372,1.2872827081427265
2025-09-02 12:00:00,0.5628,0.4372,1.2872827081427265
2025-09-02 13:00:00,0.5628,0.4372,1.2872827081427265
2025-09-02 14:00:00,0.5628,0.4372,1.2872827081427265
2025-09-02 15:00:00,0.5628,0.4372,1.2872827081427265
2025-09-02 16:00:00,0.5628,0.4372,1.2872827081427265
2025-09-02 17:00:00,0.5628,0.4372,1.2872827081427265
2025-09-02 18:00:00,0.5628,0.4372,1.2872827081427265
2025-09-02 19:00:00,0.5628,0.4372,1.2872827081427265
2025-09-02 20:00:00,0.5628,0.4372,1.2872827081427265
2025-09-02 21:00:00,0.5628,0.4372,1.2872827081427265
2025-09-02 22:00:00,0.5628,0.4372,1.2872827081427265
2025-09-02 23:00:00,0.5628,0.4372,1.2872827081427265
2025-09-03 00:00:00,0.5628,0.4372,1.2872827081427265
2025-09-03 01:00:00,0.5628,0.4372,1.2872827081427265
2025-09-03 02:00:00,0.5628,0.4372,1.2872827081427265
2025-09-03 03:00:00,0.5628,0.4372,1.2872827081427265
2025-09-03 04:00:00,0.5628,0.4372,1.2872827081427265
2025-09-03 05:00:00,0.5628,0.4372,1.2872827081427265
2025-09-03 06:00:00,0.5628,0.4372,1.2872827081427265
2025-09-03 07:00:00,0.5628,0.4372,1.2872827081427265
2025-09-03 08:00:00,0.5628,0.4372,1.2872827081427265
2025-09-03 09:00:00,0.5628,0.4372,1.2872827081427265
2025-09-03 10:00:00,0.5628,0.4372,1.2872827081427265
2025-09-03 11:00:00,0.5628,0.4372,1.2872827081427265
2025-09-03 12:00:00,0.5628,0.4372,1.2872827081427265
2025-09-03 13:00:00,0.5628,0.4372,1.2872827081427265
2025-09-03 14:00:00,0.5628,0.4372,1.2872827081427265
2025-09-03 15:00:00,0.5628,0.4372,1.2872827081427265
2025-09-03 16:00:00,0.5628,0.4372,1.2872827081427265
2025-09-03 17:00:00,0.5628,0.4372,1.2872827081427265
2025-09-03 18:00:00,0.5628,0.4372,1.2872827081427265
2025-09-03 19:00:00,0.5628,0.4372,1.2872827081427265
2025-09-03 20:00:00,0.5628,0.4372,1.2872827081427265
2025-09-03 21:00:00,0.5628,0.4372,1.2872827081427265
2025-09-03 22:00:00,0.5628,0.4372,1.2872827081427265
2025-09-03 23:00:00,0.5628,0.4372,1.2872827081427265
2025-09-04 00:00:00,0.5628,0.4372,1.2872827081427265
2025-09-04 01:00:00,0.5628,0.4372,1.2872827081427265
2025-09-04 02:00:00,0.5628,0.4372,1.2872827081427265
2025-09-04 03:00:00,0.5628,0.4372,1.2872827081427265
2025-09-04 04:00:00,0.5628,0.4372,1.2872827081427265
2025-09-04 05:00:00,0.5628,0.4372,1.2872827081427265
2025-09-04 06:00:00,0.5628,0.4372,1.2872827081427265
2025-09-04 07:00:00,0.5628,0.4372,1.2872827081427265
2025-09-04 08:00:00,0.5628,0.4372,1.2872827081427265
2025-09-04 09:00:00,0.5628,0.4372,1.2872827081427265
2025-09-04 10:00:00,0.5628,0.4372,1.2872827081427265
2025-09-04 11:00:00,0.5628,0.4372,1.2872827081427265
2025-09-04 12:00:00,0.5628,0.4372,1.2872827081427265
2025-09-04 13:00:00,0.5628,0.4372,1.2872827081427265
2025-09-04 14:00:00,0.5628,0.4372,1.2872827081427265
2025-09-04 15:00:00,0.5628,0.4372,1.2872827081427265
2025-09-04 16:00:00,0.5628,0.4372,1.2872827081427265
2025-09-04 17:00:00,0.5628,0.4372,1.2872827081427265
2025-09-04 18:00:00,0.5628,0.4372,1.2872827081427265
2025-09-04 19:00:00,0.5628,0.4372,1.2872827081427265
2025-09-04 20:00:00,0.5628,0.4372,1.2872827081427265
2025-09-04 21:00:00,0.5628,0.4372,1.2872827081427265
2025-09-04 22:00:00,0.5628,0.4372,1.2872827081427265
2025-09-04 23:00:00,0.5628,0.4372,1.2872827081427265
2025-09-05 00:00:00,0.5628,0.4372,1.2872827081427265
2025-09-05 01:00:00,0.5628,0.4372,1.2872827081427265
2025-09-05 02:00:00,0.5628,0.4372,1.2872827081427265
2025-09-05 03:00:00,0.5628,0.4372,1.2872827081427265
2025-09-05 04:00:00,0.5628,0.4372,1.2872827081427265
2025-09-05 05:00:00,0.5628,0.4372,1.2872827081427265
2025-09-05 06:00:00,0.5628,0.4372,1.2872827081427265
2025-09-05 07:00:00,0.5628,0.4372,1.2872827081427265
2025-09-05 08:00:00,0.5628,0.4372,1.2872827081427265
2025-09-05 09:00:00,0.5628,0.4372,1.2872827081427265
2025-09-05 10:00:00,0.5628,0.4372,1.2872827081427265
2025-09-05 11:00:00,0.5628,0.4372,1.2872827081427265
2025-09-05 12:00:00,0.5628,0.4372,1.2872827081427265
2025-09-05 13:00:00,0.5628,0.4372,1.2872827081427265
2025-09-05 14:00:00,0.5628,0.4372,1.2872827081427265
2025-09-05 15:00:00,0.5628,0.4372,1.2872827081427265
2025-09-05 16:00:00,0.5628,0.4372,1.2872827081427265
2025-09-05 17:00:00,0.5628,0.4372,1.2872827081427265
2025-09-05 18:00:00,0.5628,0.4372,1.2872827081427265
2025-09-05 19:00:00,0.5628,0.4372,1.2872827081427265
2025-09-05 20:00:00,0.5628,0.4372,1.2872827081427265
2025-09-05 21:00:00,0.5628,0.4372,1.2872827081427265
2025-09-05 22:00:00,0.5628,0.4372,1.2872827081427265
2025-09-05 23:00:00,0.5628,0.4372,1.2872827081427265
2025-09-06 00:00:00,0.5628,0.4372,1.2872827081427265
2025-09-06 01:00:00,0.5628,0.4372,1.2872827081427265
2025-09-06 02:00:00,0.5628,0.4372,1.2872827081427265
2025-09-06 03:00:00,0.5628,0.4372,1.2872827081427265
2025-09-06 04:00:00,0.5628,0.4372,1.2872827081427265
2025-09-06 05:00:00,0.5628,0.4372,1.2872827081427265
2025-09-06 06:00:00,0.5628,0.4372,1.2872827081427265
2025-09-06 07:00:00,0.5628,0.4372,1.2872827081427265
2025-09-06 08:00:00,0.5628,0.4372,1.2872827081427265
2025-09-06 09:00:00,0.5628,0.4372,1.2872827081427265
2025-09-06 10:00:00,0.5628,0.4372,1.2872827081427265
2025-09-06 11:00:00,0.5628,0.4372,1.2872827081427265
2025-09-06 12:00:00,0.5628,0.4372,1.2872827081427265
2025-09-06 13:00:00,0.5628,0.4372,1.2872827081427265
2025-09-06 14:00:00,0.5628,0.4372,1.2872827081427265
2025-09-06 15:00:00,0.5628,0.4372,1.2872827081427265
2025-09-06 16:00:00,0.5628,0.4372,1.2872827081427265
2025-09-06 17:00:00,0.5628,0.4372,1.2872827081427265
2025-09-06 18:00:00,0.5628,0.4372,1.2872827081427265
2025-09-06 19:00:00,0.5628,0.4372,1.2872827081427265
2025-09-06 20:00:00,0.5628,0.4372,1.2872827081427265
2025-09-06 21:00:00,0.5628,0.4372,1.2872827081427265
2025-09-06 22:00:00,0.5628,0.4372,1.2872827081427265
2025-09-06 23:00:00,0.5628,0.4372,1.2872827081427265
2025-09-07 00:00:00,0.5628,0.4372,1.2872827081427265
2025-09-07 01:00:00,0.5628,0.4372,1.2872827081427265
2025-09-07 02:00:00,0.5628,0.4372,1.2872827081427265
2025-09-07 03:00:00,0.5628,0.4372,1.2872827081427265
2025-09-07 04:00:00,0.5628,0.4372,1.2872827081427265
2025-09-07 05:00:00,0.5628,0.4372,1.2872827081427265
2025-09-07 06:00:00,0.5628,0.4372,1.2872827081427265
2025-09-07 07:00:00,0.5628,0.4372,1.2872827081427265
2025-09-07 08:00:00,0.5628,0.4372,1.2872827081427265
2025-09-07 09:00:00,0.5628,0.4372,1.2872827081427265
2025-09-07 10:00:00,0.5628,0.4372,1.2872827081427265
2025-09-07 11:00:00,0.5628,0.4372,1.2872827081427265
2025-09-07 12:00:00,0.5628,0.4372,1.2872827081427265
2025-09-07 13:00:00,0.5628,0.4372,1.2872827081427265
2025-09-07 14:00:00,0.5628,0.4372,1.2872827081427265
2025-09-07 15:00:00,0.5628,0.4372,1.2872827081427265
2025-09-07 16:00:00,0.5628,0.4372,1.2872827081427265
2025-09-07 17:00:00,0.5628,0.4372,1.2872827081427265
2025-09-07 18:00:00,0.5628,0.4372,1.2872827081427265
2025-09-07 19:00:00,0.5628,0.4372,1.2872827081427265
2025-09-07 20:00:00,0.5628,0.4372,1.2872827081427265
2025-09-07 21:00:00,0.5628,0.4372,1.2872827081427265
2025-09-07 22:00:00,0.5628,0.4372,1.2872827081427265
2025-09-07 23:00:00,0.5628,0.4372,1.2872827081427265
2025-09-08 00:00:00,0.5628,0.4372,1.2872827081427265
2025-09-08 01:00:00,0.5628,0.4372,1.2872827081427265
2025-09-08 02:00:00,0.5628,0.4372,1.2872827081427265
2025-09-08 03:00:00,0.5628,0.4372,1.2872827081427265
2025-09-08 04:00:00,0.5628,0.4372,1.2872827081427265
2025-09-08 05:00:00,0.5628,0.4372,1.2872827081427265
2025-09-08 06:00:00,0.5628,0.4372,1.2872827081427265
2025-09-08 07:00:00,0.5628,0.4372,1.2872827081427265
2025-09-08 08:00:00,0.5628,0.4372,1.2872827081427265
2025-09-08 09:00:00,0.5628,0.4372,1.2872827081427265
2025-09-08 10:00:00,0.5628,0.4372,1.2872827081427265
2025-09-08 11:00:00,0.5628,0.4372,1.2872827081427265
2025-09-08 12:00:00,0.5628,0.4372,1.2872827081427265
2025-09-08 13:00:00,0.5628,0.4372,1.2872827081427265
2025-09-08 14:00:00,0.5628,0.4372,1.2872827081427265
2025-09-08 15:00:00,0.5628,0.4372,1.2872827081427265
2025-09-08 16:00:00,0.5628,0.4372,1.2872827081427265
2025-09-08 17:00:00,0.5628,0.4372,1.2872827081427265
2025-09-08 18:00:00,0.5628,0.4372,1.2872827081427265
2025-09-08 19:00:00,0.5628,0.4372,1.2872827081427265
2025-09-08 20:00:00,0.5628,0.4372,1.2872827081427265
2025-09-08 21:00:00,0.5628,0.4372,1.2872827081427265
2025-09-08 22:00:00,0.5628,0.4372,1.2872827081427265
2025-09-08 23:00:00,0.5628,0.4372,1.2872827081427265
2025-09-09 00:00:00,0.5628,0.4372,1.2872827081427265
2025-09-09 01:00:00,0.5628,0.4372,1.2872827081427265
2025-09-09 02:00:00,0.5628,0.4372,1.2872827081427265
2025-09-09 03:00:00,0.5628,0.4372,1.2872827081427265
2025-09-09 04:00:00,0.5628,0.4372,1.2872827081427265
2025-09-09 05:00:00,0.5628,0.4372,1.2872827081427265
2025-09-09 06:00:00,0.5628,0.4372,1.2872827081427265
2025-09-09 07:00:00,0.5628,0.4372,1.2872827081427265
2025-09-09 08:00:00,0.5628,0.4372,1.2872827081427265
2025-09-09 09:00:00,0.5628,0.4372,1.2872827081427265
2025-09-09 10:00:00,0.5628,0.4372,1.2872827081427265
2025-09-09 11:00:00,0.5628,0.4372,1.2872827081427265
2025-09-09 12:00:00,0.5628,0.4372,1.2872827081427265
2025-09-09 13:00:00,0.5628,0.4372,1.2872827081427265
2025-09-09 14:00:00,0.5628,0.4372,1.2872827081427265
2025-09-09 15:00:00,0.5628,0.4372,1.2872827081427265
2025-09-09 16:00:00,0.5628,0.4372,1.2872827081427265
2025-09-09 17:00:00,0.5628,0.4372,1.2872827081427265
2025-09-09 18:00:00,0.5628,0.4372,1.2872827081427265
2025-09-09 19:00:00,0.5628,0.4372,1.2872827081427265
2025-09-09 20:00:00,0.5628,0.4372,1.2872827081427265
2025-09-09 21:00:00,0.5628,0.4372,1.2872827081427265
2025-09-09 22:00:00,0.5628,0.4372,1.2872827081427265
2025-09-09 23:00:00,0.5628,0.4372,1.2872827081427265
2025-09-10 00:00:00,0.5628,0.4372,1.2872827081427265
2025-09-10 01:00:00,0.5628,0.4372,1.2872827081427265
2025-09-10 02:00:00,0.5628,0.4372,1.2872827081427265
2025-09-10 03:00:00,0.5628,0.4372,1.2872827081427265
2025-09-10 04:00:00,0.5628,0.4372,1.2872827081427265
2025-09-10 05:00:00,0.5628,0.4372,1.2872827081427265
2025-09-10 06:00:00,0.5628,0.4372,1.2872827081427265
2025-09-10 07:00:00,0.5628,0.4372,1.2872827081427265
2025-09-10 08:00:00,0.5628,0.4372,1.2872827081427265
2025-09-10 09:00:00,0.5628,0.4372,1.2872827081427265
2025-09-10 10:00:00,0.5628,0.4372,1.2872827081427265
2025-09-10 11:00:00,0.5628,0.4372,1.2872827081427265
2025-09-10 12:00:00,0.5628,0.4372,1.2872827081427265
2025-09-10 13:00:00,0.5628,0.4372,1.2872827081427265
2025-09-10 14:00:00,0.5628,0.4372,1.2872827081427265
2025-09-10 15:00:00,0.5628,0.4372,1.2872827081427265
2025-09-10 16:00:00,0.5628,0.4372,1.2872827081427265
2025-09-10 17:00:00,0.5628,0.4372,1.2872827081427265
2025-09-10 18:00:00,0.5628,0.4372,1.2872827081427265
2025-09-10 19:00:00,0.5628,0.4372,1.2872827081427265
2025-09-10 20:00:00,0.5628,0.4372,1.2872827081427265
2025-09-10 21:00:00,0.5628,0.4372,1.2872827081427265
2025-09-10 22:00:00,0.5628,0.4372,1.2872827081427265
2025-09-10 23:00:00,0.5628,0.4372,1.2872827081427265
2025-09-11 00:00:00,0.5628,0.4372,1.2872827081427265
2025-09-11 01:00:00,0.5628,0.4372,1.2872827081427265
2025-09-11 02:00:00,0.5628,0.4372,1.2872827081427265
2025-09-11 03:00:00,0.5628,0.4372,1.2872827081427265
2025-09-11 04:00:00,0.5628,0.4372,1.2872827081427265
2025-09-11 05:00:00,0.5628,0.4372,1.2872827081427265
2025-09-11 06:00:00,0.5628,0.4372,1.2872827081427265
2025-09-11 07:00:00,0.5628,0.4372,1.2872827081427265
2025-09-11 08:00:00,0.5628,0.4372,1.2872827081427265
2025-09-11 09:00:00,0.5628,0.4372,1.2872827081427265
2025-09-11 10:00:00,0.5628,0.4372,1.2872827081427265
2025-09-11 11:00:00,0.5628,0.4372,1.2872827081427265
2025-09-11 12:00:00,0.5628,0.4372,1.2872827081427265
2025-09-11 13:00:00,0.5628,0.4372,1.2872827081427265
2025-09-11 14:00:00,0.5628,0.4372,1.2872827081427265
2025-09-11 15:00:00,0.5628,0.4372,1.2872827081427265
2025-09-11 16:00:00,0.5628,0.4372,1.2872827081427265
2025-09-11 17:00:00,0.5628,0.4372,1.2872827081427265
2025-09-11 18:00:00,0.5628,0.4372,1.2872827081427265
2025-09-11 19:00:00,0.5628,0.4372,1.2872827081427265
2025-09-11 20:00:00,0.5628,0.4372,1.2872827081427265
2025-09-11 21:00:00,0.5628,0.4372,1.2872827081427265
2025-09-11 22:00:00,0.5628,0.4372,1.2872827081427265
2025-09-11 23:00:00,0.5628,0.4372,1.2872827081427265
2025-09-12 00:00:00,0.5628,0.4372,1.2872827081427265
2025-09-12 01:00:00,0.5628,0.4372,1.2872827081427265
2025-09-12 02:00:00,0.5628,0.4372,1.2872827081427265
2025-09-12 03:00:00,0.5628,0.4372,1.2872827081427265
2025-09-12 04:00:00,0.5628,0.4372,1.2872827081427265
2025-09-12 05:00:00,0.5628,0.4372,1.2872827081427265
2025-09-12 06:00:00,0.5628,0.4372,1.2872827081427265
2025-09-12 07:00:00,0.5628,0.4372,1.2872827081427265
2025-09-12 08:00:00,0.5628,0.4372,1.2872827081427265
2025-09-12 09:00:00,0.5628,0.4372,1.2872827081427265
2025-09-12 10:00:00,0.5628,0.4372,1.2872827081427265
2025-09-12 11:00:00,0.5628,0.4372,1.2872827081427265
2025-09-12 12:00:00,0.5628,0.4372,1.2872827081427265
2025-09-12 13:00:00,0.5628,0.4372,1.2872827081427265
2025-09-12 14:00:00,0.5628,0.4372,1.2872827081427265
2025-09-12 15:00:00,0.5628,0.4372,1.2872827081427265
2025-09-12 16:00:00,0.5628,0.4372,1.2872827081427265
2025-09-12 17:00:00,0.5628,0.4372,1.2872827081427265
2025-09-12 18:00:00,0.5628,0.4372,1.2872827081427265
2025-09-12 19:00:00,0.5628,0.4372,1.2872827081427265
2025-09-12 20:00:00,0.5628,0.4372,1.2872827081427265
2025-09-12 21:00:00,0.5628,0.4372,1.2872827081427265
2025-09-12 22:00:00,0.5628,0.4372,1.2872827081427265
2025-09-12 23:00:00,0.5628,0.4372,1.2872827081427265
2025-09-13 00:00:00,0.5628,0.4372,1.2872827081427265
2025-09-13 01:00:00,0.5628,0.4372,1.2872827081427265
2025-09-13 02:00:00,0.5628,0.4372,1.2872827081427265
2025-09-13 03:00:00,0.5628,0.4372,1.2872827081427265
2025-09-13 04:00:00,0.5628,0.4372,1.2872827081427265
2025-09-13 05:00:00,0.5628,0.4372,1.2872827081427265
2025-09-13 06:00:00,0.5628,0.4372,1.2872827081427265
2025-09-13 07:00:00,0.5628,0.4372,1.2872827081427265
2025-09-13 08:00:00,0.5628,0.4372,1.2872827081427265
2025-09-13 09:00:00,0.5628,0.4372,1.2872827081427265
2025-09-13 10:00:00,0.5628,0.4372,1.2872827081427265
2025-09-13 11:00:00,0.5628,0.4372,1.2872827081427265
2025-09-13 12:00:00,0.5628,0.4372,1.2872827081427265
2025-09-13 13:00:00,0.5628,0.4372,1.2872827081427265
2025-09-13 14:00:00,0.5628,0.4372,1.2872827081427265
2025-09-13 15:00:00,0.5628,0.4372,1.2872827081427265
2025-09-13 16:00:00,0.5628,0.4372,1.2872827081427265
2025-09-13 17:00:00,0.5628,0.4372,1.2872827081427265
2025-09-13 18:00:00,0.5628,0.4372,1.2872827081427265
2025-09-13 19:00:00,0.5628,0.4372,1.2872827081427265
2025-09-13 20:00:00,0.5628,0.4372,1.2872827081427265
2025-09-13 21:00:00,0.5628,0.4372,1.2872827081427265
2025-09-13 22:00:00,0.5628,0.4372,1.2872827081427265
2025-09-13 23:00:00,0.5628,0.4372,1.2872827081427265
2025-09-14 00:00:00,0.5628,0.4372,1.2872827081427265
2025-09-14 01:00:00,0.5628,0.4372,1.2872827081427265
2025-09-14 02:00:00,0.5628,0.4372,1.2872827081427265
2025-09-14 03:00:00,0.5628,0.4372,1.2872827081427265
2025-09-14 04:00:00,0.5628,0.4372,1.2872827081427265
2025-09-14 05:00:00,0.5628,0.4372,1.2872827081427265
2025-09-14 06:00:00,0.5628,0.4372,1.2872827081427265
2025-09-14 07:00:00,0.5628,0.4372,1.2872827081427265
2025-09-14 08:00:00,0.5628,0.4372,1.2872827081427265
2025-09-14 09:00:00,0.5628,0.4372,1.2872827081427265
2025-09-14 10:00:00,0.5628,0.4372,1.2872827081427265
2025-09-14 11:00:00,0.5628,0.4372,1.2872827081427265
2025-09-14 12:00:00,0.5628,0.4372,1.2872827081427265
2025-09-14 13:00:00,0.5628,0.4372,1.2872827081427265
2025-09-14 14:00:00,0.5628,0.4372,1.2872827081427265
2025-09-14 15:00:00,0.5628,0.4372,1.2872827081427265
2025-09-14 16:00:00,0.5628,0.4372,1.2872827081427265
2025-09-14 17:00:00,0.5628,0.4372,1.2872827081427265
2025-09-14 18:00:00,0.5628,0.4372,1.2872827081427265
2025-09-14 19:00:00,0.5628,0.4372,1.2872827081427265
2025-09-14 20:00:00,0.5628,0.4372,1.2872827081427265
2025-09-14 21:00:00,0.5628,0.4372,1.2872827081427265
2025-09-14 22:00:00,0.5628,0.4372,1.2872827081427265
2025-09-14 23:00:00,0.5628,0.4372,1.2872827081427265
2025-09-15 00:00:00,0.5628,0.4372,1.2872827081427265
2025-09-15 01:00:00,0.5628,0.4372,1.2872827081427265
2025-09-15 02:00:00,0.5628,0.4372,1.2872827081427265
2025-09-15 03:00:00,0.5628,0.4372,1.2872827081427265
2025-09-15 04:00:00,0.5628,0.4372,1.2872827081427265
2025-09-15 05:00:00,0.5628,0.4372,1.2872827081427265
2025-09-15 06:00:00,0.5628,0.4372,1.2872827081427265
2025-09-15 07:00:00,0.5628,0.4372,1.2872827081427265
2025-09-15 08:00:00,0.5628,0.4372,1.2872827081427265
2025-09-15 09:00:00,0.609,0.391,1.557544757033248
2025-09-15 10:00:00,0.6083,0.3917,1.5529742149604289
2025-09-15 11:00:00,0.6017,0.3983,1.5106703489831785
2025-09-15 12:00:00,0.6022,0.3978,1.513826043237808
2025-09-15 13:00:00,0.6094,0.3906,1.5601638504864312
2025-09-15 14:00:00,0.6171,0.3829,1.6116479498563592
2025-09-15 15:00:00,0.6219,0.3781,1.6448029621793177
2025-09-15 16:00:00,0.6262,0.3738,1.6752273943285179
2025-09-15 17:00:00,0.6261,0.3739,1.674511901577962
2025-09-15 18:00:00,0.6264,0.3736,1.676659528907923
2025-09-15 19:00:00,0.6275,0.3725,1.6845637583892616
2025-09-15 20:00:00,0.6272,0.3728,1.6824034334763946
2025-09-15 21:00:00,0.6333,0.3667,1.7270248159258248
2025-09-15 22:00:00,0.6346,0.3654,1.7367268746579092
2025-09-15 23:00:00,0.6366,0.3634,1.7517886626307102
2025-09-16 00:00:00,0.6341,0.3659,1.7329871549603717
2025-09-16 01:00:00,0.6332,0.3668,1.7262813522355507
2025-09-16 02:00:00,0.6332,0.3668,1.7262813522355507
2025-09-16 03:00:00,0.6312,0.3688,1.7114967462039044
2025-09-16 04:00:00,0.6303,0.3697,1.704895861509332
2025-09-16 05:00:00,0.6259,0.3741,1.6730820636193533
2025-09-16 06:00:00,0.627,0.373,1.6809651474530831
2025-09-16 07:00:00,0.6264,0.3736,1.676659528907923
2025-09-16 08:00:00,0.6256,0.3744,1.670940170940171
2025-09-16 09:00:00,0.6277,0.3723,1.6860059092130002
2025-09-16 10:00:00,0.6277,0.3723,1.6860059092130002
2025-09-16 11:00:00,0.6251,0.3749,1.6673779674579887
2025-09-16 12:00:00,0.6228,0.3772,1.6511134676564159
2025-09-16 13:00:00,0.6215,0.3785,1.642007926023778
2025-09-16 14:00:00,0.622,0.378,1.6455026455026456
2025-09-16 15:00:00,0.6245,0.3755,1.6631158455392812
2025-09-16 16:00:00,0.627,0.373,1.6809651474530831
2025-09-16 17:00:00,0.6289,0.3711,1.6946914578280787
2025-09-16 18:00:00,0.6274,0.3726,1.6838432635534084
2025-09-16 19:00:00,0.631,0.369,1.7100271002710028
2025-09-16 20:00:00,0.6341,0.3659,1.7329871549603717
2025-09-16 21:00:00,0.6276,0.3724,1.6852846401718582
2025-09-16 22:00:00,0.6101,0.3899,1.5647601949217746
2025-09-16 23:00:00,0.6037,0.3963,1.5233409033560434
2025-09-17 00:00:00,0.6008,0.3992,1.5050100200400802
2025-09-17 01:00:00,0.5987,0.4013,1.4919013207077
2025-09-17 02:00:00,0.5982,0.4018,1.4888003982080635
2025-09-17 03:00:00,0.5968,0.4032,1.4801587301587302
2025-09-17 04:00:00,0.5944,0.4056,1.4654832347140039
2025-09-17 05:00:00,0.5917,0.4083,1.4491795248591721
2025-09-17 06:00:00,0.59,0.41,1.4390243902439024
2025-09-17 07:00:00,0.5936,0.4064,1.4606299212598426
2025-09-17 08:00:00,0.5911,0.4089,1.445585717779408
2025-09-17 09:00:00,0.5908,0.4092,1.4437927663734116
2025-09-17 10:00:00,0.5941,0.4059,1.4636610002463661
2025-09-17 11:00:00,0.5907,0.4093,1.443195699975568
2025-09-17 12:00:00,0.5896,0.4104,1.4366471734892787
2025-09-17 13:00:00,0.5881,0.4119,1.4277737314882253
2025-09-17 14:00:00,0.59,0.41,1.4390243902439024
2025-09-17 15:00:00,0.5939,0.4061,1.4624476729869489
2025-09-17 16:00:00,0.6012,0.3988,1.5075225677031092
2025-09-17 17:00:00,0.6099,0.3901,1.563445270443476
2025-09-17 18:00:00,0.6148,0.3852,1.596053997923157
2025-09-17 19:00:00,0.6264,0.3736,1.676659528907923
2025-09-17 20:00:00,0.6332,0.3668,1.7262813522355507
2025-09-17 21:00:00,0.6341,0.3659,1.7329871549603717
2025-09-17 22:00:00,0.6448,0.3552,1.8153153153153154
2025-09-17 23:00:00,0.646,0.354,1.824858757062147
2025-09-18 00:00:00,0.6434,0.3566,1.8042624789680315
2025-09-18 01:00:00,0.6427,0.3573,1.7987685418415897
2025-09-18 02:00:00,0.6448,0.3552,1.8153153153153154
2025-09-18 03:00:00,0.6512,0.3488,1.8669724770642202
2025-09-18 04:00:00,0.6459,0.3541,1.8240609997175938
2025-09-18 05:00:00,0.6461,0.3539,1.8256569652444194
2025-09-18 06:00:00,0.6449,0.3551,1.8161081385525204
2025-09-18 07:00:00,0.6404,0.3596,1.7808676307007787
2025-09-18 08:00:00,0.622,0.378,1.6455026455026456
2025-09-18 09:00:00,0.6154,0.3846,1.6001040041601662
2025-09-18 10:00:00,0.6123,0.3877,1.5793139025019345
2025-09-18 11:00:00,0.6126,0.3874,1.581311306143521
2025-09-18 12:00:00,0.615,0.385,1.5974025974025974
2025-09-18 13:00:00,0.618,0.382,1.6178010471204187
2025-09-18 14:00:00,0.6177,0.3823,1.6157467957101754
2025-09-18 15:00:00,0.6154,0.3846,1.6001040041601662
2025-09-18 16:00:00,0.6146,0.3854,1.594706798131811
2025-09-18 17:00:00,0.6126,0.3874,1.581311306143521
2025-09-18 18:00:00,0.6124,0.3876,1.5799793601651189
2025-09-18 19:00:00,0.6035,0.3965,1.5220680958385877
2025-09-18 20:00:00,0.6037,0.3963,1.5233409033560434
2025-09-18 21:00:00,0.6013,0.3987,1.5081514923501378
2025-09-18 22:00:00,0.6005,0.3995,1.5031289111389237
2025-09-18 23:00:00,0.5988,0.4012,1.4925224327018942
2025-09-19 00:00:00,0.5999,0.4001,1.4993751562109472
2025-09-19 01:00:00,0.5986,0.4014,1.491280518186348
2025-09-19 02:00:00,0.5978,0.4022,1.486325211337643
2025-09-19 03:00:00,0.5977,0.4023,1.485707183693761
2025-09-19 04:00:00,0.5997,0.4003,1.498126405196103
2025-09-19 05:00:00,0.6022,0.3978,1.513826043237808
2025-09-19 06:00:00,0.6006,0.3994,1.5037556334501754
2025-09-19 07:00:00,0.6008,0.3992,1.5050100200400802
2025-09-19 08:00:00,0.6001,0.3999,1.5006251562890722
2025-09-19 09:00:00,0.6015,0.3985,1.5094102885821832
2025-09-19 10:00:00,0.6008,0.3992,1.5050100200400802
2025-09-19 11:00:00,0.6021,0.3979,1.5131942699170646
2025-09-19 12:00:00,0.6036,0.3964,1.5227043390514634
2025-09-19 13:00:00,0.606,0.394,1.5380710659898476
2025-09-19 14:00:00,0.6035,0.3965,1.5220680958385877
2025-09-19 15:00:00,0.6067,0.3933,1.5425883549453345
2025-09-19 16:00:00,0.6067,0.3933,1.5425883549453345
2025-09-19 17:00:00,0.6101,0.3899,1.5647601949217746
2025-09-19 18:00:00,0.6163,0.3837,1.6062027625749282
2025-09-19 19:00:00,0.6193,0.3807,1.6267402153926975
2025-09-19 20:00:00,0.6245,0.3755,1.6631158455392812
2025-09-19 21:00:00,0.6266,0.3734,1.678093197643278
2025-09-19 22:00:00,0.6263,0.3737,1.675943270002676
2025-09-19 23:00:00,0.6282,0.3718,1.6896180742334588
2025-09-20 00:00:00,0.6297,0.3703,1.7005130974885228
2025-09-20 01:00:00,0.6329,0.3671,1.7240533914464724
2025-09-20 02:00:00,0.6364,0.3636,1.7502750275027503
2025-09-20 03:00:00,0.6384,0.3616,1.7654867256637168
2025-09-20 04:00:00,0.6381,0.3619,1.7631942525559547
2025-09-20 05:00:00,0.6388,0.3612,1.7685492801771872
2025-09-20 06:00:00,0.6397,0.3603,1.775464890369137
2025-09-20 07:00:00,0.6393,0.3607,1.7723870252287217
2025-09-20 08:00:00,0.6385,0.3615,1.7662517289073305
2025-09-20 09:00:00,0.6382,0.3618,1.7639579878385847
2025-09-20 10:00:00,0.6408,0.3592,1.7839643652561248
2025-09-20 11:00:00,0.6413,0.3587,1.7878449958182323
2025-09-20 12:00:00,0.6436,0.3564,1.8058361391694724
2025-09-20 13:00:00,0.6423,0.3577,1.795638803466592
2025-09-20 14:00:00,0.6411,0.3589,1.7862914460852606
2025-09-20 15:00:00,0.6416,0.3584,1.7901785714285714
2025-09-20 16:00:00,0.6417,0.3583,1.7909572983533353
2025-09-20 17:00:00,0.6398,0.3602,1.77623542476402
2025-09-20 18:00:00,0.6401,0.3599,1.7785495971103085
2025-09-20 19:00:00,0.6399,0.3601,1.7770063871146906
2025-09-20 20:00:00,0.6408,0.3592,1.7839643652561248
2025-09-20 21:00:00,0.6402,0.3598,1.7793218454697053
2025-09-20 22:00:00,0.6385,0.3615,1.7662517289073305
2025-09-20 23:00:00,0.6362,0.3638,1.748763056624519
2025-09-21 00:00:00,0.6367,0.3633,1.7525461051472613
2025-09-21 01:00:00,0.6369,0.3631,1.754062241806665
2025-09-21 02:00:00,0.6376,0.3624,1.759381898454746
2025-09-21 03:00:00,0.6377,0.3623,1.760143527463428
2025-09-21 04:00:00,0.6366,0.3634,1.7517886626307102
2025-09-21 05:00:00,0.6359,0.3641,1.7464982147761605
2025-09-21 06:00:00,0.6354,0.3646,1.7427317608337904
2025-09-21 07:00:00,0.637,0.363,1.7548209366391185
2025-09-21 08:00:00,0.6372,0.3628,1.7563395810363835
2025-09-21 09:00:00,0.6367,0.3633,1.7525461051472613
2025-09-21 10:00:00,0.6381,0.3619,1.7631942525559547
2025-09-21 11:00:00,0.6382,0.3618,1.7639579878385847
2025-09-21 12:00:00,0.6394,0.3606,1.7731558513588463
2025-09-21 13:00:00,0.6395,0.3605,1.7739251040221913
2025-09-21 14:00:00,0.6368,0.3632,1.7533039647577093
2025-09-21 15:00:00,0.6362,0.3638,1.748763056624519
2025-09-21 16:00:00,0.6365,0.3635,1.751031636863824
2025-09-21 17:00:00,0.6361,0.3639,1.7480076944215444
2025-09-21 18:00:00,0.6363,0.3637,1.7495188342040142
2025-09-21 19:00:00,0.6351,0.3649,1.740476842970677
2025-09-21 20:00:00,0.6347,0.3653,1.737476047084588
2025-09-21 21:00:00,0.6343,0.3657,1.7344818156959254
2025-09-21 22:00:00,0.6346,0.3654,1.7367268746579092
2025-09-21 23:00:00,0.6352,0.3648,1.7412280701754386
2025-09-22 00:00:00,0.635,0.365,1.7397260273972603
2025-09-22 01:00:00,0.636,0.364,1.7472527472527473
2025-09-22 02:00:00,0.6361,0.3639,1.7480076944215444
2025-09-22 03:00:00,0.6355,0.3645,1.7434842249657063
2025-09-22 04:00:00,0.6361,0.3639,1.7480076944215444
2025-09-22 05:00:00,0.6353,0.3647,1.7419797093501506
2025-09-22 06:00:00,0.6364,0.3636,1.7502750275027503
2025-09-22 07:00:00,0.6364,0.3636,1.7502750275027503
2025-09-22 08:00:00,0.6388,0.3612,1.7685492801771872
2025-09-22 09:00:00,0.6389,0.3611,1.7693159789531987
2025-09-22 10:00:00,0.6389,0.3611,1.7693159789531987
2025-09-22 11:00:00,0.6626,0.3374,1.9638411381149972
2025-09-22 12:00:00,0.6653,0.3347,1.9877502240812668
2025-09-22 13:00:00,0.6665,0.3335,1.9985007496251872
2025-09-22 14:00:00,0.6628,0.3372,1.9655990510083035
2025-09-22 15:00:00,0.6665,0.3335,1.9985007496251872
2025-09-22 16:00:00,0.6677,0.3323,2.0093289196509176
2025-09-22 17:00:00,0.6687,0.3313,2.0184123151222457
2025-09-22 18:00:00,0.6735,0.3265,2.0627871362940273
2025-09-22 19:00:00,0.6727,0.3273,2.0553009471432935
2025-09-22 20:00:00,0.6724,0.3276,2.0525030525030523
2025-09-22 21:00:00,0.6732,0.3268,2.0599755201958385
2025-09-22 22:00:00,0.6726,0.3274,2.054367745876603
2025-09-22 23:00:00,0.6739,0.3261,2.0665440049064707
2025-09-23 00:00:00,0.6715,0.3285,2.0441400304414
2025-09-23 01:00:00,0.6751,0.3249,2.077870113881194
2025-09-23 02:00:00,0.6755,0.3245,2.081664098613251
2025-09-23 03:00:00,0.6745,0.3255,2.0721966205837172
2025-09-23 04:00:00,0.6755,0.3245,2.081664098613251
2025-09-23 05:00:00,0.6739,0.3261,2.0665440049064707
2025-09-23 06:00:00,0.6749,0.3251,2.075976622577669
2025-09-23 07:00:00,0.6768,0.3232,2.094059405940594
2025-09-23 08:00:00,0.6804,0.3196,2.128911138923655
2025-09-23 09:00:00,0.6827,0.3173,2.1515915537346357
2025-09-23 10:00:00,0.6815,0.3185,2.1397174254317113
2025-09-23 11:00:00,0.6846,0.3154,2.1705770450221937
2025-09-23 12:00:00,0.684,0.316,2.1645569620253164
2025-09-23 13:00:00,0.6837,0.3163,2.161555485298767
2025-09-23 14:00:00,0.6807,0.3193,2.131850923896023
2025-09-23 15:00:00,0.6779,0.3221,2.104625892579944
2025-09-23 16:00:00,0.679,0.321,2.115264797507788
2025-09-23 17:00:00,0.6794,0.3206,2.1191515907673115
2025-09-23 18:00:00,0.679,0.321,2.115264797507788
2025-09-23 19:00:00,0.6793,0.3207,2.1181789834736517
2025-09-23 20:00:00,0.6798,0.3202,2.1230480949406623
2025-09-23 21:00:00,0.6809,0.3191,2.1338138514572234
2025-09-23 22:00:00,0.6842,0.3158,2.1665611146295123
2025-09-23 23:00:00,0.6849,0.3151,2.17359568390987
2025-09-24 00:00:00,0.6871,0.3129,2.1959092361776924
2025-09-24 01:00:00,0.6871,0.3129,2.1959092361776924
2025-09-24 02:00:00,0.6922,0.3078,2.248862897985705
2025-09-24 03:00:00,0.6923,0.3077,2.2499187520311996
2025-09-24 04:00:00,0.6913,0.3087,2.2393909944930357
2025-09-24 05:00:00,0.6929,0.3071,2.2562683165092805
2025-09-24 06:00:00,0.6943,0.3057,2.2711808963035653
2025-09-24 07:00:00,0.6952,0.3048,2.2808398950131235
2025-09-24 08:00:00,0.6923,0.3077,2.2499187520311996
2025-09-24 09:00:00,0.6863,0.3137,2.1877590054191907
2025-09-24 10:00:00,0.6895,0.3105,2.2206119162640903
2025-09-24 11:00:00,0.6862,0.3138,2.186743148502231
2025-09-24 12:00:00,0.6859,0.3141,2.183699458771092
2025-09-24 13:00:00,0.6848,0.3152,2.1725888324873095
2025-09-24 14:00:00,0.6853,0.3147,2.1776294884016525
2025-09-24 15:00:00,0.6843,0.3157,2.1675641431738994
2025-09-24 16:00:00,0.6792,0.3208,2.117206982543641
2025-09-24 17:00:00,0.6767,0.3233,2.093102381688834
2025-09-24 18:00:00,0.6712,0.3288,2.0413625304136254
2025-09-24 19:00:00,0.6731,0.3269,2.059039461609055
2025-09-24 20:00:00,0.6697,0.3303,2.0275507114744173
2025-09-24 21:00:00,0.669,0.331,2.0211480362537766
2025-09-24 22:00:00,0.6678,0.3322,2.0102347983142685
2025-09-24 23:00:00,0.6655,0.3345,1.9895366218236172
2025-09-25 00:00:00,0.6619,0.3381,1.9577048210588583
2025-09-25 01:00:00,0.6615,0.3385,1.9542097488921713
2025-09-25 02:00:00,0.6604,0.3396,1.9446407538280328
2025-09-25 03:00:00,0.6597,0.3403,1.9385836027034968
2025-09-25 04:00:00,0.6591,0.3409,1.9334115576415374
2025-09-25 05:00:00,0.6577,0.3423,1.9214139643587496
2025-09-25 06:00:00,0.6574,0.3426,1.918855808523059
2025-09-25 07:00:00,0.6596,0.3404,1.937720329024677
2025-09-25 08:00:00,0.6616,0.3384,1.955082742316785
2025-09-25 09:00:00,0.6671,0.3329,2.0039050765995796
2025-09-25 10:00:00,0.6727,0.3273,2.0553009471432935
2025-09-25 11:00:00,0.6739,0.3261,2.0665440049064707
2025-09-25 12:00:00,0.6784,0.3216,2.109452736318408
2025-09-25 13:00:00,0.6787,0.3213,2.1123560535325243
2025-09-25 14:00:00,0.6784,0.3216,2.109452736318408
2025-09-25 15:00:00,0.6787,0.3213,2.1123560535325243
2025-09-25 16:00:00,0.6757,0.3243,2.0835646006783843
2025-09-25 17:00:00,0.6795,0.3205,2.1201248049921997
2025-09-25 18:00:00,0.682,0.318,2.1446540880503147
2025-09-25 19:00:00,0.6836,0.3164,2.1605562579013906
2025-09-25 20:00:00,0.6838,0.3162,2.1625553447185326
2025-09-25 21:00:00,0.6847,0.3153,2.1715826197272436
2025-09-25 22:00:00,0.6854,0.3146,2.178639542275906
2025-09-25 23:00:00,0.6955,0.3045,2.284072249589491
2025-09-26 00:00:00,0.6933,0.3067,2.260515161395501
2025-09-26 01:00:00,0.6906,0.3094,2.2320620555914674
2025-09-26 02:00:00,0.6933,0.3067,2.260515161395501
2025-09-26 03:00:00,0.694,0.306,2.2679738562091503
2025-09-26 04:00:00,0.6935,0.3065,2.2626427406199023
2025-09-26 05:00:00,0.6925,0.3075,2.252032520325203
2025-09-26 06:00:00,0.6914,0.3086,2.240440699935191
2025-09-26 07:00:00,0.6909,0.3091,2.2351989647363313
2025-09-26 08:00:00,0.6907,0.3093,2.2331070158422244
2025-09-26 09:00:00,0.6899,0.3101,2.2247662044501775
2025-09-26 10:00:00,0.6899,0.3101,2.2247662044501775
2025-09-26 11:00:00,0.6885,0.3115,2.2102728731942216
2025-09-26 12:00:00,0.6913,0.3087,2.2393909944930357
2025-09-26 13:00:00,0.6873,0.3127,2.197953309881676
2025-09-26 14:00:00,0.6843,0.3157,2.1675641431738994
2025-09-26 15:00:00,0.6895,0.3105,2.2206119162640903
2025-09-26 16:00:00,0.6894,0.3106,2.2195750160978753
2025-09-26 17:00:00,0.6878,0.3122,2.2030749519538757
2025-09-26 18:00:00,0.6903,0.3097,2.228931223764934
2025-09-26 19:00:00,0.6932,0.3068,2.259452411994785
2025-09-26 20:00:00,0.6936,0.3064,2.2637075718015667
2025-09-26 21:00:00,0.692,0.308,2.2467532467532467
2025-09-26 22:00:00,0.6915,0.3085,2.2414910858995136
2025-09-26 23:00:00,0.693,0.307,2.2573289902280127
2025-09-27 00:00:00,0.6928,0.3072,2.2552083333333335
2025-09-27 01:00:00,0.6928,0.3072,2.2552083333333335
2025-09-27 02:00:00,0.694,0.306,2.2679738562091503
2025-09-27 03:00:00,0.6954,0.3046,2.282994090610637
2025-09-27 04:00:00,0.6946,0.3054,2.2743942370661427
2025-09-27 05:00:00,0.693,0.307,2.2573289902280127
2025-09-27 06:00:00,0.6944,0.3056,2.2722513089005236
2025-09-27 07:00:00,0.693,0.307,2.2573289902280127
2025-09-27 08:00:00,0.6928,0.3072,2.2552083333333335
2025-09-27 09:00:00,0.693,0.307,2.2573289902280127
2025-09-27 10:00:00,0.6924,0.3076,2.2509752925877766
2025-09-27 11:00:00,0.6913,0.3087,2.2393909944930357
2025-09-27 12:00:00,0.6922,0.3078,2.248862897985705
2025-09-27 13:00:00,0.6897,0.3103,2.2226877215597804
2025-09-27 14:00:00,0.6912,0.3088,2.238341968911917
2025-09-27 15:00:00,0.6905,0.3095,2.2310177705977385
2025-09-27 16:00:00,0.6897,0.3103,2.2226877215597804
2025-09-27 17:00:00,0.6897,0.3103,2.2226877215597804
2025-09-27 18:00:00,0.6907,0.3093,2.2331070158422244
2025-09-27 19:00:00,0.6914,0.3086,2.240440699935191
2025-09-27 20:00:00,0.6904,0.3096,2.2299741602067185
2025-09-27 21:00:00,0.6892,0.3108,2.2175032175032174
2025-09-27 22:00:00,0.6889,0.3111,2.2144005143040824
2025-09-27 23:00:00,0.6888,0.3112,2.2133676092544987
2025-09-28 00:00:00,0.6893,0.3107,2.21853878339234
2025-09-28 01:00:00,0.6896,0.3104,2.2216494845360826
2025-09-28 02:00:00,0.6903,0.3097,2.228931223764934
2025-09-28 03:00:00,0.6901,0.3099,2.2268473701193936
2025-09-28 04:00:00,0.69,0.31,2.225806451612903
2025-09-28 05:00:00,0.6905,0.3095,2.2310177705977385
2025-09-28 06:00:00,0.692,0.308,2.2467532467532467
2025-09-28 07:00:00,0.6902,0.3098,2.2278889606197545
2025-09-28 08:00:00,0.6898,0.3102,2.2237266279819474
2025-09-28 09:00:00,0.69,0.31,2.225806451612903
2025-09-28 10:00:00,0.6892,0.3108,2.2175032175032174
2025-09-28 11:00:00,0.6882,0.3118,2.207184092366902
2025-09-28 12:00:00,0.6902,0.3098,2.2278889606197545
2025-09-28 13:00:00,0.6899,0.3101,2.2247662044501775
2025-09-28 14:00:00,0.6893,0.3107,2.21853878339234
2025-09-28 15:00:00,0.6887,0.3113,2.2123353678123996
2025-09-28 16:00:00,0.6898,0.3102,2.2237266279819474
2025-09-28 17:00:00,0.6874,0.3126,2.198976327575176
2025-09-28 18:00:00,0.6858,0.3142,2.1826861871419476
2025-09-28 19:00:00,0.6873,0.3127,2.197953309881676
2025-09-28 20:00:00,0.6871,0.3129,2.1959092361776924
2025-09-28 21:00:00,0.6839,0.3161,2.1635558367605188
2025-09-28 22:00:00,0.6822,0.3178,2.146633102580239
2025-09-28 23:00:00,0.6813,0.3187,2.1377470975839348
2025-09-29 00:00:00,0.6807,0.3193,2.131850923896023
2025-09-29 01:00:00,0.6824,0.3176,2.1486146095717884
2025-09-29 02:00:00,0.6794,0.3206,2.1191515907673115
2025-09-29 03:00:00,0.6816,0.3184,2.1407035175879394
2025-09-29 04:00:00,0.6757,0.3243,2.0835646006783843
2025-09-29 05:00:00,0.6714,0.3286,2.0432136335970785
2025-09-29 06:00:00,0.6663,0.3337,1.9967036260113875
2025-09-29 07:00:00,0.6637,0.3363,1.9735355337496283
2025-09-29 08:00:00,0.6628,0.3372,1.9655990510083035
2025-09-29 09:00:00,0.661,0.339,1.9498525073746311
2025-09-29 10:00:00,0.659,0.341,1.9325513196480937
2025-09-29 11:00:00,0.6582,0.3418,1.9256875365710944
2025-09-29 12:00:00,0.6588,0.3412,1.9308323563892147
2025-09-29 13:00:00,0.6576,0.3424,1.9205607476635513
2025-09-29 14:00:00,0.6527,0.3473,1.8793550244745176
2025-09-29 15:00:00,0.649,0.351,1.8490028490028492
2025-09-29 16:00:00,0.6434,0.3566,1.8042624789680315
2025-09-29 17:00:00,0.6436,0.3564,1.8058361391694724
2025-09-29 18:00:00,0.6395,0.3605,1.7739251040221913
2025-09-29 19:00:00,0.6256,0.3744,1.670940170940171
2025-09-29 20:00:00,0.6085,0.3915,1.554278416347382
2025-09-29 21:00:00,0.6028,0.3972,1.5176233635448138
2025-09-29 22:00:00,0.5995,0.4005,1.4968789013732835
2025-09-29 23:00:00,0.5973,0.4027,1.4832381425378696
2025-09-30 00:00:00,0.6007,0.3993,1.504382669671926
2025-09-30 01:00:00,0.5997,0.4003,1.498126405196103
2025-09-30 02:00:00,0.5967,0.4033,1.4795437639474338
2025-09-30 03:00:00,0.5929,0.4071,1.4563989191844755
2025-09-30 04:00:00,0.5926,0.4074,1.454590083456063
2025-09-30 05:00:00,0.5991,0.4009,1.494387627837366
2025-09-30 06:00:00,0.5975,0.4025,1.484472049689441
2025-09-30 07:00:00,0.5961,0.4039,1.4758603614756127
2025-09-30 08:00:00,0.594,0.406,1.463054187192118
2025-09-30 09:00:00,0.5896,0.4104,1.4366471734892787
2025-09-30 10:00:00,0.5845,0.4155,1.4067388688327318
2025-09-30 11:00:00,0.5848,0.4152,1.4084778420038535
2025-09-30 12:00:00,0.5814,0.4186,1.3889154323936932
2025-09-30 13:00:00,0.5814,0.4186,1.3889154323936932
2025-09-30 14:00:00,0.5824,0.4176,1.3946360153256705
2025-09-30 15:00:00,0.5941,0.4059,1.4636610002463661
2025-09-30 16:00:00,0.6021,0.3979,1.5131942699170646
2025-09-30 17:00:00,0.6078,0.3922,1.5497195308516063
2025-09-30 18:00:00,0.6127,0.3873,1.5819777949909632
2025-09-30 19:00:00,0.6118,0.3882,1.5759917568263782
2025-09-30 20:00:00,0.6086,0.3914,1.5549310168625448
2025-09-30 21:00:00,0.6048,0.3952,1.5303643724696356
2025-09-30 22:00:00,0.6082,0.3918,1.5523226135783563
2025-09-30 23:00:00,0.6122,0.3878,1.5786487880350697
2025-10-01 00:00:00,0.6189,0.3811,1.6239832065074784
2025-10-01 01:00:00,0.6141,0.3859,1.5913449080072557
2025-10-01 02:00:00,0.6088,0.3912,1.556237218813906
2025-10-01 03:00:00,0.606,0.394,1.5380710659898476
2025-10-01 04:00:00,0.6047,0.3953,1.529724260055654
2025-10-01 05:00:00,0.6029,0.3971,1.5182573659027951
2025-10-01 06:00:00,0.6044,0.3956,1.5278058645096058
2025-10-01 07:00:00,0.6019,0.3981,1.5119316754584275
2025-10-01 08:00:00,0.5983,0.4017,1.4894199651481206
2025-10-01 09:00:00,0.5972,0.4028,1.4826216484607746
2025-10-01 10:00:00,0.594,0.406,1.463054187192118
2025-10-01 11:00:00,0.593,0.407,1.4570024570024571
2025-10-01 12:00:00,0.5926,0.4074,1.454590083456063
2025-10-01 13:00:00,0.6005,0.3995,1.5031289111389237
2025-10-01 14:00:00,0.5934,0.4066,1.4594195769798328
2025-10-01 15:00:00,0.5861,0.4139,1.4160425223483932
2025-10-01 16:00:00,0.5894,0.4106,1.4354603019970775
2025-10-01 17:00:00,0.5808,0.4192,1.3854961832061068
2025-10-01 18:00:00,0.5793,0.4207,1.376990729736154
2025-10-01 19:00:00,0.576,0.424,1.3584905660377358
2025-10-01 20:00:00,0.5743,0.4257,1.349072116513977
2025-10-01 21:00:00,0.5662,0.4338,1.3052097740894422
2025-10-01 22:00:00,0.5529,0.4471,1.2366360993066428
2025-10-01 23:00:00,0.5586,0.4414,1.2655188038060716
2025-10-02 00:00:00,0.5586,0.4414,1.2655188038060716
2025-10-02 01:00:00,0.5551,0.4449,1.2476961114857272
2025-10-02 02:00:00,0.5523,0.4477,1.233638597274961
2025-10-02 03:00:00,0.5499,0.4501,1.2217285047767164
2025-10-02 04:00:00,0.5589,0.4411,1.2670596236681024
2025-10-02 05:00:00,0.5572,0.4428,1.2583559168925023
2025-10-02 06:00:00,0.5595,0.4405,1.2701475595913734
2025-10-02 07:00:00,0.559,0.441,1.2675736961451247
2025-10-02 08:00:00,0.5541,0.4459,1.2426553038797936
2025-10-02 09:00:00,0.5504,0.4496,1.2241992882562278
2025-10-02 10:00:00,0.5484,0.4516,1.2143489813994686
2025-10-02 11:00:00,0.5482,0.4518,1.2133687472332892
2025-10-02 12:00:00,0.5459,0.4541,1.2021581149526537
2025-10-02 13:00:00,0.5454,0.4546,1.199736031676199
2025-10-02 14:00:00,0.5448,0.4552,1.196836555360281
2025-10-02 15:00:00,0.5451,0.4549,1.1982853374367992
2025-10-02 16:00:00,0.546,0.454,1.2026431718061674
2025-10-02 17:00:00,0.5457,0.4543,1.201188641866608
2025-10-02 18:00:00,0.5466,0.4534,1.2055580061755622
2025-10-02 19:00:00,0.5407,0.4593,1.177226213803614
2025-10-02 20:00:00,0.5352,0.4648,1.151462994836489
2025-10-02 21:00:00,0.5227,0.4773,1.0951183741881418
2025-10-02 22:00:00,0.5226,0.4774,1.0946795140343526
2025-10-02 23:00:00,0.524,0.476,1.1008403361344539
2025-10-03 00:00:00,0.518,0.482,1.074688796680498
2025-10-03 01:00:00,0.515,0.485,1.0618556701030928
2025-10-03 02:00:00,0.5138,0.4862,1.0567667626491155
2025-10-03 03:00:00,0.5121,0.4879,1.0496003279360524
2025-10-03 04:00:00,0.5154,0.4846,1.0635575732562939
2025-10-03 05:00:00,0.5149,0.4851,1.0614306328592045
2025-10-03 06:00:00,0.5101,0.4899,1.0412329046744233
2025-10-03 07:00:00,0.5095,0.4905,1.038735983690112
2025-10-03 08:00:00,0.511,0.489,1.0449897750511248
2025-10-03 09:00:00,0.5096,0.4904,1.039151712887439
2025-10-03 10:00:00,0.5054,0.4946,1.0218358269308532
2025-10-03 11:00:00,0.5051,0.4949,1.0206102242877348
2025-10-03 12:00:00,0.5011,0.4989,1.0044097013429545
2025-10-03 13:00:00,0.5042,0.4958,1.016942315449778
2025-10-03 14:00:00,0.5088,0.4912,1.0358306188925082
2025-10-03 15:00:00,0.5112,0.4888,1.0458265139116203
2025-10-03 16:00:00,0.5077,0.4923,1.0312817387771684
2025-10-03 17:00:00,0.507,0.493,1.028397565922921
2025-10-03 18:00:00,0.5103,0.4897,1.0420665713702266
2025-10-03 19:00:00,0.507,0.493,1.028397565922921
2025-10-03 20:00:00,0.5142,0.4858,1.0584602717167557
2025-10-03 21:00:00,0.4959,0.5041,0.9837333862328903
2025-10-03 22:00:00,0.4966,0.5034,0.986491855383393
2025-10-03 23:00:00,0.4994,0.5006,0.9976028765481422
2025-10-04 00:00:00,0.4964,0.5036,0.9857029388403494
2025-10-04 01:00:00,0.4981,0.5019,0.9924287706714484
2025-10-04 02:00:00,0.4953,0.5047,0.9813750743015652
2025-10-04 03:00:00,0.496,0.504,0.9841269841269841
2025-10-04 04:00:00,0.4951,0.5049,0.9805902158843335
2025-10-04 05:00:00,0.4969,0.5031,0.9876764062810575
2025-10-04 06:00:00,0.4941,0.5059,0.9766752322593397
2025-10-04 07:00:00,0.4947,0.5053,0.9790223629527014
2025-10-04 08:00:00,0.4964,0.5036,0.9857029388403494
2025-10-04 09:00:00,0.5,0.5,1.0
2025-10-04 10:00:00,0.4994,0.5006,0.9976028765481422
2025-10-04 11:00:00,0.4984,0.5016,0.9936204146730462
2025-10-04 12:00:00,0.4963,0.5037,0.985308715505261
2025-10-04 13:00:00,0.4961,0.5039,0.9845207382417146
2025-10-04 14:00:00,0.4959,0.5041,0.9837333862328903
2025-10-04 15:00:00,0.496,0.504,0.9841269841269841
2025-10-04 16:00:00,0.4952,0.5048,0.9809825673534072
2025-10-04 17:00:00,0.4952,0.5048,0.9809825673534072
2025-10-04 18:00:00,0.499,0.501,0.9960079840319361
2025-10-04 19:00:00,0.499,0.501,0.9960079840319361
2025-10-04 20:00:00,0.4983,0.5017,0.9932230416583615
2025-10-04 21:00:00,0.4971,0.5029,0.9884668920262477
2025-10-04 22:00:00,0.499,0.501,0.9960079840319361
2025-10-04 23:00:00,0.4962,0.5038,0.984914648670107
2025-10-05 00:00:00,0.4985,0.5015,0.9940179461615155
2025-10-05 01:00:00,0.4987,0.5013,0.9948134849391582
2025-10-05 02:00:00,0.5,0.5,1.0
2025-10-05 03:00:00,0.501,0.499,1.0040080160320641
2025-10-05 04:00:00,0.4998,0.5002,0.9992003198720513
2025-10-05 05:00:00,0.4994,0.5006,0.9976028765481422
2025-10-05 06:00:00,0.4982,0.5018,0.9928258270227182
2025-10-05 07:00:00,0.4967,0.5033,0.9868865487780648
2025-10-05 08:00:00,0.4963,0.5037,0.985308715505261
2025-10-05 09:00:00,0.5,0.5,1.0
2025-10-05 10:00:00,0.4938,0.5062,0.9755037534571316
2025-10-05 11:00:00,0.4879,0.5121,0.9527436047646944
2025-10-05 12:00:00,0.4893,0.5107,0.9580967299784608
2025-10-05 13:00:00,0.4928,0.5072,0.971608832807571
2025-10-05 14:00:00,0.4957,0.5043,0.9829466587348801
2025-10-05 15:00:00,0.503,0.497,1.012072434607646
2025-10-05 16:00:00,0.5109,0.4891,1.0445716622367616
2025-10-05 17:00:00,0.5092,0.4908,1.037489812550937
2025-10-05 18:00:00,0.5089,0.4911,1.0362451639177357
2025-10-05 19:00:00,0.5061,0.4939,1.0247013565499088
2025-10-05 20:00:00,0.504,0.496,1.0161290322580645
2025-10-05 21:00:00,0.504,0.496,1.0161290322580645
2025-10-05 22:00:00,0.5076,0.4924,1.0308692120227458
2025-10-05 23:00:00,0.5066,0.4934,1.0267531414673694
2025-10-06 00:00:00,0.5045,0.4955,1.0181634712411705
2025-10-06 01:00:00,0.5051,0.4949,1.0206102242877348
2025-10-06 02:00:00,0.5064,0.4936,1.025931928687196
2025-10-06 03:00:00,0.509,0.491,1.0366598778004075
2025-10-06 04:00:00,0.5113,0.4887,1.046245140167792
2025-10-06 05:00:00,0.5113,0.4887,1.046245140167792
2025-10-06 06:00:00,0.5113,0.4887,1.046245140167792
2025-10-06 07:00:00,0.5113,0.4887,1.046245140167792
2025-10-06 08:00:00,0.5113,0.4887,1.046245140167792
2025-10-06 09:00:00,0.5113,0.4887,1.046245140167792
2025-10-06 10:00:00,0.5113,0.4887,1.046245140167792
2025-10-06 11:00:00,0.5113,0.4887,1.046245140167792
2025-10-06 12:00:00,0.5113,0.4887,1.046245140167792
2025-10-06 13:00:00,0.5113,0.4887,1.046245140167792
2025-10-06 14:00:00,0.5113,0.4887,1.046245140167792
2025-10-06 15:00:00,0.5113,0.4887,1.046245140167792
2025-10-06 16:00:00,0.5113,0.4887,1.046245140167792
2025-10-06 17:00:00,0.5113,0.4887,1.046245140167792
2025-10-06 18:00:00,0.5113,0.4887,1.046245140167792
2025-10-06 19:00:00,0.5113,0.4887,1.046245140167792
2025-10-06 20:00:00,0.5113,0.4887,1.046245140167792
2025-10-06 21:00:00,0.5113,0.4887,1.046245140167792
2025-10-06 22:00:00,0.5113,0.4887,1.046245140167792
2025-10-06 23:00:00,0.5113,0.4887,1.046245140167792
2025-10-07 00:00:00,0.5113,0.4887,1.046245140167792
2025-10-07 01:00:00,0.5113,0.4887,1.046245140167792
2025-10-07 02:00:00,0.5113,0.4887,1.046245140167792
2025-10-07 03:00:00,0.5113,0.4887,1.046245140167792
2025-10-07 04:00:00,0.5113,0.4887,1.046245140167792
2025-10-07 05:00:00,0.5113,0.4887,1.046245140167792
2025-10-07 06:00:00,0.5113,0.4887,1.046245140167792
2025-10-07 07:00:00,0.5113,0.4887,1.046245140167792
2025-10-07 08:00:00,0.5113,0.4887,1.046245140167792
2025-10-07 09:00:00,0.5113,0.4887,1.046245140167792
2025-10-07 10:00:00,0.5113,0.4887,1.046245140167792
2025-10-07 11:00:00,0.5113,0.4887,1.046245140167792
2025-10-07 12:00:00,0.5113,0.4887,1.046245140167792
2025-10-07 13:00:00,0.5113,0.4887,1.046245140167792
2025-10-07 14:00:00,0.5113,0.4887,1.046245140167792
2025-10-07 15:00:00,0.5113,0.4887,1.046245140167792
2025-10-07 16:00:00,0.5113,0.4887,1.046245140167792
2025-10-07 17:00:00,0.5113,0.4887,1.046245140167792
2025-10-07 18:00:00,0.5113,0.4887,1.046245140167792
2025-10-07 19:00:00,0.5113,0.4887,1.046245140167792
2025-10-07 20:00:00,0.5113,0.4887,1.046245140167792
2025-10-07 21:00:00,0.5113,0.4887,1.046245140167792
2025-10-07 22:00:00,0.5113,0.4887,1.046245140167792
2025-10-07 23:00:00,0.5113,0.4887,1.046245140167792
2025-10-08 00:00:00,0.5113,0.4887,1.046245140167792
2025-10-08 01:00:00,0.5113,0.4887,1.046245140167792
2025-10-08 02:00:00,0.5113,0.4887,1.046245140167792
2025-10-08 03:00:00,0.5113,0.4887,1.046245140167792
2025-10-08 04:00:00,0.5113,0.4887,1.046245140167792
2025-10-08 05:00:00,0.5113,0.4887,1.046245140167792
2025-10-08 06:00:00,0.5113,0.4887,1.046245140167792
2025-10-08 07:00:00,0.5113,0.4887,1.046245140167792
2025-10-08 08:00:00,0.5113,0.4887,1.046245140167792
2025-10-08 09:00:00,0.5113,0.4887,1.046245140167792
2025-10-08 10:00:00,0.5113,0.4887,1.046245140167792
2025-10-08 11:00:00,0.5113,0.4887,1.046245140167792
2025-10-08 12:00:00,0.5113,0.4887,1.046245140167792
2025-10-08 13:00:00,0.5113,0.4887,1.046245140167792
2025-10-08 14:00:00,0.5113,0.4887,1.046245140167792
2025-10-08 15:00:00,0.5113,0.4887,1.046245140167792
2025-10-08 16:00:00,0.5113,0.4887,1.046245140167792
2025-10-08 17:00:00,0.5113,0.4887,1.046245140167792
2025-10-08 18:00:00,0.5113,0.4887,1.046245140167792
2025-10-08 19:00:00,0.5113,0.4887,1.046245140167792
2025-10-08 20:00:00,0.5113,0.4887,1.046245140167792
2025-10-08 21:00:00,0.5113,0.4887,1.046245140167792
2025-10-08 22:00:00,0.5113,0.4887,1.046245140167792
2025-10-08 23:00:00,0.5113,0.4887,1.046245140167792
2025-10-09 00:00:00,0.5113,0.4887,1.046245140167792
2025-10-09 01:00:00,0.5113,0.4887,1.046245140167792
2025-10-09 02:00:00,0.5113,0.4887,1.046245140167792
2025-10-09 03:00:00,0.5113,0.4887,1.046245140167792
2025-10-09 04:00:00,0.5113,0.4887,1.046245140167792
2025-10-09 05:00:00,0.5113,0.4887,1.046245140167792
2025-10-09 06:00:00,0.5113,0.4887,1.046245140167792
2025-10-09 07:00:00,0.5113,0.4887,1.046245140167792
2025-10-09 08:00:00,0.5113,0.4887,1.046245140167792
2025-10-09 09:00:00,0.5113,0.4887,1.046245140167792
2025-10-09 10:00:00,0.5113,0.4887,1.046245140167792
2025-10-09 11:00:00,0.5113,0.4887,1.046245140167792
2025-10-09 12:00:00,0.5113,0.4887,1.046245140167792
2025-10-09 13:00:00,0.5113,0.4887,1.046245140167792
2025-10-09 14:00:00,0.5113,0.4887,1.046245140167792
2025-10-09 15:00:00,0.5113,0.4887,1.046245140167792
2025-10-09 16:00:00,0.5113,0.4887,1.046245140167792
2025-10-09 17:00:00,0.5113,0.4887,1.046245140167792
2025-10-09 18:00:00,0.5113,0.4887,1.046245140167792
2025-10-09 19:00:00,0.5113,0.4887,1.046245140167792
2025-10-09 20:00:00,0.5113,0.4887,1.046245140167792
2025-10-09 21:00:00,0.5113,0.4887,1.046245140167792
2025-10-09 22:00:00,0.5113,0.4887,1.046245140167792
2025-10-09 23:00:00,0.5113,0.4887,1.046245140167792
2025-10-10 00:00:00,0.5113,0.4887,1.046245140167792
2025-10-10 01:00:00,0.5113,0.4887,1.046245140167792
2025-10-10 02:00:00,0.5113,0.4887,1.046245140167792
2025-10-10 03:00:00,0.5113,0.4887,1.046245140167792
2025-10-10 04:00:00,0.5113,0.4887,1.046245140167792
2025-10-10 05:00:00,0.5113,0.4887,1.046245140167792
2025-10-10 06:00:00,0.5113,0.4887,1.046245140167792
2025-10-10 07:00:00,0.5113,0.4887,1.046245140167792
2025-10-10 08:00:00,0.5113,0.4887,1.046245140167792
2025-10-10 09:00:00,0.5113,0.4887,1.046245140167792
2025-10-10 10:00:00,0.5113,0.4887,1.046245140167792
2025-10-10 11:00:00,0.5113,0.4887,1.046245140167792
2025-10-10 12:00:00,0.5113,0.4887,1.046245140167792
2025-10-10 13:00:00,0.5113,0.4887,1.046245140167792
2025-10-10 14:00:00,0.5113,0.4887,1.046245140167792
2025-10-10 15:00:00,0.5113,0.4887,1.046245140167792
2025-10-10 16:00:00,0.5113,0.4887,1.046245140167792
2025-10-10 17:00:00,0.5113,0.4887,1.046245140167792
2025-10-10 18:00:00,0.5113,0.4887,1.046245140167792
2025-10-10 19:00:00,0.5113,0.4887,1.046245140167792
2025-10-10 20:00:00,0.5113,0.4887,1.046245140167792
2025-10-10 21:00:00,0.5113,0.4887,1.046245140167792
2025-10-10 22:00:00,0.5113,0.4887,1.046245140167792
2025-10-10 23:00:00,0.5113,0.4887,1.046245140167792
2025-10-11 00:00:00,0.5113,0.4887,1.046245140167792
2025-10-11 01:00:00,0.5113,0.4887,1.046245140167792
2025-10-11 02:00:00,0.5113,0.4887,1.046245140167792
2025-10-11 03:00:00,0.5113,0.4887,1.046245140167792
2025-10-11 04:00:00,0.5113,0.4887,1.046245140167792
2025-10-11 05:00:00,0.5113,0.4887,1.046245140167792
2025-10-11 06:00:00,0.5113,0.4887,1.046245140167792
2025-10-11 07:00:00,0.5113,0.4887,1.046245140167792
2025-10-11 08:00:00,0.5113,0.4887,1.046245140167792
2025-10-11 09:00:00,0.5113,0.4887,1.046245140167792
2025-10-11 10:00:00,0.5113,0.4887,1.046245140167792
2025-10-11 11:00:00,0.5113,0.4887,1.046245140167792
2025-10-11 12:00:00,0.5113,0.4887,1.046245140167792
2025-10-11 13:00:00,0.5113,0.4887,1.046245140167792
2025-10-11 14:00:00,0.5113,0.4887,1.046245140167792
2025-10-11 15:00:00,0.5113,0.4887,1.046245140167792
2025-10-11 16:00:00,0.5113,0.4887,1.046245140167792
2025-10-11 17:00:00,0.5113,0.4887,1.046245140167792
2025-10-11 18:00:00,0.5113,0.4887,1.046245140167792
2025-10-11 19:00:00,0.5113,0.4887,1.046245140167792
2025-10-11 20:00:00,0.5113,0.4887,1.046245140167792
2025-10-11 21:00:00,0.5113,0.4887,1.046245140167792
2025-10-11 22:00:00,0.5113,0.4887,1.046245140167792
2025-10-11 23:00:00,0.5113,0.4887,1.046245140167792
2025-10-12 00:00:00,0.5113,0.4887,1.046245140167792
2025-10-12 01:00:00,0.5113,0.4887,1.046245140167792
2025-10-12 02:00:00,0.5113,0.4887,1.046245140167792
2025-10-12 03:00:00,0.5113,0.4887,1.046245140167792
2025-10-12 04:00:00,0.5113,0.4887,1.046245140167792
2025-10-12 05:00:00,0.5113,0.4887,1.046245140167792
2025-10-12 06:00:00,0.5113,0.4887,1.046245140167792
2025-10-12 07:00:00,0.5113,0.4887,1.046245140167792
2025-10-12 08:00:00,0.5113,0.4887,1.046245140167792
2025-10-12 09:00:00,0.5113,0.4887,1.046245140167792
2025-10-12 10:00:00,0.5113,0.4887,1.046245140167792
2025-10-12 11:00:00,0.5113,0.4887,1.046245140167792
2025-10-12 12:00:00,0.5113,0.4887,1.046245140167792
2025-10-12 13:00:00,0.5113,0.4887,1.046245140167792
2025-10-12 14:00:00,0.5113,0.4887,1.046245140167792
2025-10-12 15:00:00,0.5113,0.4887,1.046245140167792
2025-10-12 16:00:00,0.5113,0.4887,1.046245140167792
2025-10-12 17:00:00,0.5113,0.4887,1.046245140167792
2025-10-12 18:00:00,0.5113,0.4887,1.046245140167792
2025-10-12 19:00:00,0.5113,0.4887,1.046245140167792
2025-10-12 20:00:00,0.5113,0.4887,1.046245140167792
2025-10-12 21:00:00,0.5113,0.4887,1.046245140167792
2025-10-12 22:00:00,0.5113,0.4887,1.046245140167792
2025-10-12 23:00:00,0.5113,0.4887,1.046245140167792
2025-10-13 00:00:00,0.5113,0.4887,1.046245140167792
2025-10-13 01:00:00,0.5113,0.4887,1.046245140167792
2025-10-13 02:00:00,0.5113,0.4887,1.046245140167792
2025-10-13 03:00:00,0.5113,0.4887,1.046245140167792
2025-10-13 04:00:00,0.5113,0.4887,1.046245140167792
2025-10-13 05:00:00,0.5113,0.4887,1.046245140167792
2025-10-13 06:00:00,0.5113,0.4887,1.046245140167792
2025-10-13 07:00:00,0.5113,0.4887,1.046245140167792
2025-10-13 08:00:00,0.5113,0.4887,1.046245140167792
2025-10-13 09:00:00,0.5113,0.4887,1.046245140167792
2025-10-13 10:00:00,0.5113,0.4887,1.046245140167792
2025-10-13 11:00:00,0.5113,0.4887,1.046245140167792
2025-10-13 12:00:00,0.5113,0.4887,1.046245140167792
2025-10-13 13:00:00,0.5113,0.4887,1.046245140167792
2025-10-13 14:00:00,0.5113,0.4887,1.046245140167792
2025-10-13 15:00:00,0.5113,0.4887,1.046245140167792
2025-10-13 16:00:00,0.5113,0.4887,1.046245140167792
2025-10-13 17:00:00,0.5113,0.4887,1.046245140167792
2025-10-13 18:00:00,0.5113,0.4887,1.046245140167792
2025-10-13 19:00:00,0.5113,0.4887,1.046245140167792
2025-10-13 20:00:00,0.5113,0.4887,1.046245140167792
2025-10-13 21:00:00,0.5113,0.4887,1.046245140167792
2025-10-13 22:00:00,0.5113,0.4887,1.046245140167792
2025-10-13 23:00:00,0.5113,0.4887,1.046245140167792
2025-10-14 00:00:00,0.5113,0.4887,1.046245140167792
2025-10-14 01:00:00,0.5113,0.4887,1.046245140167792
2025-10-14 02:00:00,0.5113,0.4887,1.046245140167792
2025-10-14 03:00:00,0.5113,0.4887,1.046245140167792
2025-10-14 04:00:00,0.5113,0.4887,1.046245140167792
2025-10-14 05:00:00,0.5113,0.4887,1.046245140167792
2025-10-14 06:00:00,0.5113,0.4887,1.046245140167792
2025-10-14 07:00:00,0.5113,0.4887,1.046245140167792
2025-10-14 08:00:00,0.5113,0.4887,1.046245140167792
2025-10-14 09:00:00,0.5113,0.4887,1.046245140167792
2025-10-14 10:00:00,0.5113,0.4887,1.046245140167792
2025-10-14 11:00:00,0.5113,0.4887,1.046245140167792
2025-10-14 12:00:00,0.5113,0.4887,1.046245140167792
2025-10-14 13:00:00,0.5113,0.4887,1.046245140167792
2025-10-14 14:00:00,0.5113,0.4887,1.046245140167792
2025-10-14 15:00:00,0.5113,0.4887,1.046245140167792
2025-10-14 16:00:00,0.5113,0.4887,1.046245140167792
2025-10-14 17:00:00,0.5113,0.4887,1.046245140167792
2025-10-14 18:00:00,0.5113,0.4887,1.046245140167792
2025-10-14 19:00:00,0.5113,0.4887,1.046245140167792
2025-10-14 20:00:00,0.5113,0.4887,1.046245140167792
2025-10-14 21:00:00,0.5113,0.4887,1.046245140167792
2025-10-14 22:00:00,0.5113,0.4887,1.046245140167792
2025-10-14 23:00:00,0.5113,0.4887,1.046245140167792
2025-10-15 00:00:00,0.5113,0.4887,1.046245140167792
2025-10-15 01:00:00,0.5113,0.4887,1.046245140167792
2025-10-15 02:00:00,0.5113,0.4887,1.046245140167792
2025-10-15 03:00:00,0.5113,0.4887,1.046245140167792
2025-10-15 04:00:00,0.5113,0.4887,1.046245140167792
2025-10-15 05:00:00,0.5113,0.4887,1.046245140167792
2025-10-15 06:00:00,0.5113,0.4887,1.046245140167792
2025-10-15 07:00:00,0.5113,0.4887,1.046245140167792
2025-10-15 08:00:00,0.5113,0.4887,1.046245140167792
2025-10-15 09:00:00,0.5113,0.4887,1.046245140167792
2025-10-15 10:00:00,0.5113,0.4887,1.046245140167792
2025-10-15 11:00:00,0.5113,0.4887,1.046245140167792
2025-10-15 12:00:00,0.5113,0.4887,1.046245140167792
2025-10-15 13:00:00,0.5113,0.4887,1.046245140167792
2025-10-15 14:00:00,0.5113,0.4887,1.046245140167792
2025-10-15 15:00:00,0.5113,0.4887,1.046245140167792
2025-10-15 16:00:00,0.5113,0.4887,1.046245140167792
2025-10-15 17:00:00,0.5113,0.4887,1.046245140167792
2025-10-15 18:00:00,0.5113,0.4887,1.046245140167792
2025-10-15 19:00:00,0.5113,0.4887,1.046245140167792
2025-10-15 20:00:00,0.5113,0.4887,1.046245140167792
2025-10-15 21:00:00,0.5113,0.4887,1.046245140167792
2025-10-15 22:00:00,0.5113,0.4887,1.046245140167792
2025-10-15 23:00:00,0.5113,0.4887,1.046245140167792
2025-10-16 00:00:00,0.5113,0.4887,1.046245140167792
2025-10-16 01:00:00,0.5113,0.4887,1.046245140167792
2025-10-16 02:00:00,0.5113,0.4887,1.046245140167792
2025-10-16 03:00:00,0.5113,0.4887,1.046245140167792
2025-10-16 04:00:00,0.5113,0.4887,1.046245140167792
2025-10-16 05:00:00,0.5113,0.4887,1.046245140167792
2025-10-16 06:00:00,0.5113,0.4887,1.046245140167792
2025-10-16 07:00:00,0.5113,0.4887,1.046245140167792
2025-10-16 08:00:00,0.5113,0.4887,1.046245140167792
2025-10-16 09:00:00,0.5113,0.4887,1.046245140167792
2025-10-16 10:00:00,0.5113,0.4887,1.046245140167792
2025-10-16 11:00:00,0.5113,0.4887,1.046245140167792
2025-10-16 12:00:00,0.5113,0.4887,1.046245140167792
2025-10-16 13:00:00,0.5113,0.4887,1.046245140167792
2025-10-16 14:00:00,0.5113,0.4887,1.046245140167792
2025-10-16 15:00:00,0.5113,0.4887,1.046245140167792
2025-10-16 16:00:00,0.5113,0.4887,1.046245140167792
2025-10-16 17:00:00,0.5113,0.4887,1.046245140167792
2025-10-16 18:00:00,0.5113,0.4887,1.046245140167792
2025-10-16 19:00:00,0.5113,0.4887,1.046245140167792
2025-10-16 20:00:00,0.5113,0.4887,1.046245140167792
2025-10-16 21:00:00,0.5113,0.4887,1.046245140167792
2025-10-16 22:00:00,0.5113,0.4887,1.046245140167792
2025-10-16 23:00:00,0.5113,0.4887,1.046245140167792
2025-10-17 00:00:00,0.5113,0.4887,1.046245140167792
2025-10-17 01:00:00,0.5113,0.4887,1.046245140167792
2025-10-17 02:00:00,0.5113,0.4887,1.046245140167792
2025-10-17 03:00:00,0.5113,0.4887,1.046245140167792
2025-10-17 04:00:00,0.5113,0.4887,1.046245140167792
2025-10-17 05:00:00,0.5113,0.4887,1.046245140167792
2025-10-17 06:00:00,0.5113,0.4887,1.046245140167792
2025-10-17 07:00:00,0.5113,0.4887,1.046245140167792
2025-10-17 08:00:00,0.5113,0.4887,1.046245140167792
2025-10-17 09:00:00,0.5113,0.4887,1.046245140167792
2025-10-17 10:00:00,0.5113,0.4887,1.046245140167792
2025-10-17 11:00:00,0.5113,0.4887,1.046245140167792
2025-10-17 12:00:00,0.5113,0.4887,1.046245140167792
2025-10-17 13:00:00,0.5113,0.4887,1.046245140167792
2025-10-17 14:00:00,0.5113,0.4887,1.046245140167792
2025-10-17 15:00:00,0.5113,0.4887,1.046245140167792
2025-10-17 16:00:00,0.5113,0.4887,1.046245140167792
2025-10-17 17:00:00,0.5113,0.4887,1.046245140167792
2025-10-17 18:00:00,0.5113,0.4887,1.046245140167792
2025-10-17 19:00:00,0.5113,0.4887,1.046245140167792
2025-10-17 20:00:00,0.5113,0.4887,1.046245140167792
2025-10-17 21:00:00,0.5113,0.4887,1.046245140167792
2025-10-17 22:00:00,0.5113,0.4887,1.046245140167792
2025-10-17 23:00:00,0.5113,0.4887,1.046245140167792
2025-10-18 00:00:00,0.5113,0.4887,1.046245140167792
2025-10-18 01:00:00,0.5113,0.4887,1.046245140167792
2025-10-18 02:00:00,0.5113,0.4887,1.046245140167792
2025-10-18 03:00:00,0.5113,0.4887,1.046245140167792
2025-10-18 04:00:00,0.5113,0.4887,1.046245140167792
2025-10-18 05:00:00,0.5113,0.4887,1.046245140167792
2025-10-18 06:00:00,0.5113,0.4887,1.046245140167792
2025-10-18 07:00:00,0.5113,0.4887,1.046245140167792
2025-10-18 08:00:00,0.5113,0.4887,1.046245140167792
2025-10-18 09:00:00,0.5113,0.4887,1.046245140167792
2025-10-18 10:00:00,0.5113,0.4887,1.046245140167792
2025-10-18 11:00:00,0.5113,0.4887,1.046245140167792
2025-10-18 12:00:00,0.5113,0.4887,1.046245140167792
2025-10-18 13:00:00,0.5113,0.4887,1.046245140167792
2025-10-18 14:00:00,0.5113,0.4887,1.046245140167792
2025-10-18 15:00:00,0.5113,0.4887,1.046245140167792
2025-10-18 16:00:00,0.5113,0.4887,1.046245140167792
2025-10-18 17:00:00,0.5113,0.4887,1.046245140167792
2025-10-18 18:00:00,0.5113,0.4887,1.046245140167792
2025-10-18 19:00:00,0.5113,0.4887,1.046245140167792
2025-10-18 20:00:00,0.5113,0.4887,1.046245140167792
2025-10-18 21:00:00,0.5113,0.4887,1.046245140167792
2025-10-18 22:00:00,0.5113,0.4887,1.046245140167792
2025-10-18 23:00:00,0.5113,0.4887,1.046245140167792
2025-10-19 00:00:00,0.5113,0.4887,1.046245140167792
2025-10-19 01:00:00,0.5113,0.4887,1.046245140167792
2025-10-19 02:00:00,0.5113,0.4887,1.046245140167792
2025-10-19 03:00:00,0.5113,0.4887,1.046245140167792
2025-10-19 04:00:00,0.5113,0.4887,1.046245140167792
2025-10-19 05:00:00,0.5113,0.4887,1.046245140167792
2025-10-19 06:00:00,0.5113,0.4887,1.046245140167792
2025-10-19 07:00:00,0.5113,0.4887,1.046245140167792
2025-10-19 08:00:00,0.5113,0.4887,1.046245140167792
2025-10-19 09:00:00,0.5113,0.4887,1.046245140167792
2025-10-19 10:00:00,0.5113,0.4887,1.046245140167792
2025-10-19 11:00:00,0.5113,0.4887,1.046245140167792
2025-10-19 12:00:00,0.5113,0.4887,1.046245140167792
2025-10-19 13:00:00,0.5113,0.4887,1.046245140167792
2025-10-19 14:00:00,0.5113,0.4887,1.046245140167792
2025-10-19 15:00:00,0.5113,0.4887,1.046245140167792
2025-10-19 16:00:00,0.5113,0.4887,1.046245140167792
2025-10-19 17:00:00,0.5113,0.4887,1.046245140167792
2025-10-19 18:00:00,0.5113,0.4887,1.046245140167792
2025-10-19 19:00:00,0.5113,0.4887,1.046245140167792
2025-10-19 20:00:00,0.5113,0.4887,1.046245140167792
2025-10-19 21:00:00,0.5113,0.4887,1.046245140167792
2025-10-19 22:00:00,0.5113,0.4887,1.046245140167792
2025-10-19 23:00:00,0.5113,0.4887,1.046245140167792
2025-10-20 00:00:00,0.5113,0.4887,1.046245140167792
2025-10-20 01:00:00,0.5113,0.4887,1.046245140167792
2025-10-20 02:00:00,0.5113,0.4887,1.046245140167792
2025-10-20 03:00:00,0.5113,0.4887,1.046245140167792
2025-10-20 04:00:00,0.5113,0.4887,1.046245140167792
2025-10-20 05:00:00,0.5113,0.4887,1.046245140167792
2025-10-20 06:00:00,0.5113,0.4887,1.046245140167792
2025-10-20 07:00:00,0.5113,0.4887,1.046245140167792
2025-10-20 08:00:00,0.5113,0.4887,1.046245140167792
2025-10-20 09:00:00,0.5113,0.4887,1.046245140167792
2025-10-20 10:00:00,0.5113,0.4887,1.046245140167792
2025-10-20 11:00:00,0.5113,0.4887,1.046245140167792
2025-10-20 12:00:00,0.5113,0.4887,1.046245140167792
2025-10-20 13:00:00,0.5113,0.4887,1.046245140167792
2025-10-20 14:00:00,0.5113,0.4887,1.046245140167792
2025-10-20 15:00:00,0.5113,0.4887,1.046245140167792
2025-10-20 16:00:00,0.5113,0.4887,1.046245140167792
2025-10-20 17:00:00,0.5113,0.4887,1.046245140167792
2025-10-20 18:00:00,0.5113,0.4887,1.046245140167792
2025-10-20 19:00:00,0.5113,0.4887,1.046245140167792
2025-10-20 20:00:00,0.5113,0.4887,1.046245140167792
2025-10-20 21:00:00,0.5113,0.4887,1.046245140167792
2025-10-20 22:00:00,0.5113,0.4887,1.046245140167792
2025-10-20 23:00:00,0.5113,0.4887,1.046245140167792
2025-10-21 00:00:00,0.5113,0.4887,1.046245140167792
2025-10-21 01:00:00,0.5113,0.4887,1.046245140167792
2025-10-21 02:00:00,0.5113,0.4887,1.046245140167792
2025-10-21 03:00:00,0.5113,0.4887,1.046245140167792
2025-10-21 04:00:00,0.5113,0.4887,1.046245140167792
2025-10-21 05:00:00,0.5113,0.4887,1.046245140167792
2025-10-21 06:00:00,0.5113,0.4887,1.046245140167792
2025-10-21 07:00:00,0.5113,0.4887,1.046245140167792
2025-10-21 08:00:00,0.5113,0.4887,1.046245140167792
2025-10-21 09:00:00,0.5113,0.4887,1.046245140167792
2025-10-21 10:00:00,0.5113,0.4887,1.046245140167792
2025-10-21 11:00:00,0.5113,0.4887,1.046245140167792
2025-10-21 12:00:00,0.5113,0.4887,1.046245140167792
2025-10-21 13:00:00,0.5113,0.4887,1.046245140167792
2025-10-21 14:00:00,0.5113,0.4887,1.046245140167792
2025-10-21 15:00:00,0.5113,0.4887,1.046245140167792
2025-10-21 16:00:00,0.5113,0.4887,1.046245140167792
2025-10-21 17:00:00,0.5113,0.4887,1.046245140167792
2025-10-21 18:00:00,0.5113,0.4887,1.046245140167792
2025-10-21 19:00:00,0.5113,0.4887,1.046245140167792
2025-10-21 20:00:00,0.5113,0.4887,1.046245140167792
2025-10-21 21:00:00,0.5113,0.4887,1.046245140167792
2025-10-21 22:00:00,0.5113,0.4887,1.046245140167792
2025-10-21 23:00:00,0.5113,0.4887,1.046245140167792
2025-10-22 00:00:00,0.5113,0.4887,1.046245140167792
2025-10-22 01:00:00,0.5113,0.4887,1.046245140167792
2025-10-22 02:00:00,0.5113,0.4887,1.046245140167792
2025-10-22 03:00:00,0.5113,0.4887,1.046245140167792
2025-10-22 04:00:00,0.5113,0.4887,1.046245140167792
2025-10-22 05:00:00,0.5113,0.4887,1.046245140167792
2025-10-22 06:00:00,0.5113,0.4887,1.046245140167792
2025-10-22 07:00:00,0.5113,0.4887,1.046245140167792
2025-10-22 08:00:00,0.5113,0.4887,1.046245140167792
2025-10-22 09:00:00,0.5113,0.4887,1.046245140167792
2025-10-22 10:00:00,0.5113,0.4887,1.046245140167792
2025-10-22 11:00:00,0.5113,0.4887,1.046245140167792
2025-10-22 12:00:00,0.5113,0.4887,1.046245140167792
2025-10-22 13:00:00,0.5113,0.4887,1.046245140167792
2025-10-22 14:00:00,0.5113,0.4887,1.046245140167792
2025-10-22 15:00:00,0.5113,0.4887,1.046245140167792
2025-10-22 16:00:00,0.5113,0.4887,1.046245140167792
2025-10-22 17:00:00,0.5113,0.4887,1.046245140167792
2025-10-22 18:00:00,0.5113,0.4887,1.046245140167792
2025-10-22 19:00:00,0.5113,0.4887,1.046245140167792
2025-10-22 20:00:00,0.5113,0.4887,1.046245140167792
2025-10-22 21:00:00,0.5113,0.4887,1.046245140167792
2025-10-22 22:00:00,0.5113,0.4887,1.046245140167792
2025-10-22 23:00:00,0.5113,0.4887,1.046245140167792
2025-10-23 00:00:00,0.5113,0.4887,1.046245140167792
2025-10-23 01:00:00,0.5113,0.4887,1.046245140167792
2025-10-23 02:00:00,0.5113,0.4887,1.046245140167792
2025-10-23 03:00:00,0.5113,0.4887,1.046245140167792
2025-10-23 04:00:00,0.5113,0.4887,1.046245140167792
2025-10-23 05:00:00,0.5113,0.4887,1.046245140167792
2025-10-23 06:00:00,0.5113,0.4887,1.046245140167792
2025-10-23 07:00:00,0.5113,0.4887,1.046245140167792
2025-10-23 08:00:00,0.5113,0.4887,1.046245140167792
2025-10-23 09:00:00,0.5113,0.4887,1.046245140167792
2025-10-23 10:00:00,0.5113,0.4887,1.046245140167792
2025-10-23 11:00:00,0.5113,0.4887,1.046245140167792
2025-10-23 12:00:00,0.5113,0.4887,1.046245140167792
2025-10-23 13:00:00,0.5113,0.4887,1.046245140167792
2025-10-23 14:00:00,0.5113,0.4887,1.046245140167792
2025-10-23 15:00:00,0.5113,0.4887,1.046245140167792
2025-10-23 16:00:00,0.5113,0.4887,1.046245140167792
2025-10-23 17:00:00,0.5113,0.4887,1.046245140167792
2025-10-23 18:00:00,0.5113,0.4887,1.046245140167792
2025-10-23 19:00:00,0.5113,0.4887,1.046245140167792
2025-10-23 20:00:00,0.5113,0.4887,1.046245140167792
2025-10-23 21:00:00,0.5113,0.4887,1.046245140167792
2025-10-23 22:00:00,0.5113,0.4887,1.046245140167792
2025-10-23 23:00:00,0.5113,0.4887,1.046245140167792
2025-10-24 00:00:00,0.5113,0.4887,1.046245140167792
2025-10-24 01:00:00,0.5113,0.4887,1.046245140167792
2025-10-24 02:00:00,0.5113,0.4887,1.046245140167792
2025-10-24 03:00:00,0.5113,0.4887,1.046245140167792
2025-10-24 04:00:00,0.5113,0.4887,1.046245140167792
2025-10-24 05:00:00,0.5113,0.4887,1.046245140167792
2025-10-24 06:00:00,0.5113,0.4887,1.046245140167792
2025-10-24 07:00:00,0.5113,0.4887,1.046245140167792
2025-10-24 08:00:00,0.5113,0.4887,1.046245140167792
2025-10-24 09:00:00,0.5113,0.4887,1.046245140167792
2025-10-24 10:00:00,0.5113,0.4887,1.046245140167792
2025-10-24 11:00:00,0.5113,0.4887,1.046245140167792
2025-10-24 12:00:00,0.5113,0.4887,1.046245140167792
2025-10-24 13:00:00,0.5113,0.4887,1.046245140167792
2025-10-24 14:00:00,0.5113,0.4887,1.046245140167792
2025-10-24 15:00:00,0.5113,0.4887,1.046245140167792
2025-10-24 16:00:00,0.5113,0.4887,1.046245140167792
2025-10-24 17:00:00,0.5113,0.4887,1.046245140167792
2025-10-24 18:00:00,0.5113,0.4887,1.046245140167792
2025-10-24 19:00:00,0.5113,0.4887,1.046245140167792
2025-10-24 20:00:00,0.5113,0.4887,1.046245140167792
2025-10-24 21:00:00,0.5113,0.4887,1.046245140167792
2025-10-24 22:00:00,0.5113,0.4887,1.046245140167792
2025-10-24 23:00:00,0.5113,0.4887,1.046245140167792
2025-10-25 00:00:00,0.5113,0.4887,1.046245140167792
2025-10-25 01:00:00,0.5113,0.4887,1.046245140167792
2025-10-25 02:00:00,0.5113,0.4887,1.046245140167792
2025-10-25 03:00:00,0.5113,0.4887,1.046245140167792
2025-10-25 04:00:00,0.5113,0.4887,1.046245140167792
2025-10-25 05:00:00,0.5113,0.4887,1.046245140167792
2025-10-25 06:00:00,0.5113,0.4887,1.046245140167792
2025-10-25 07:00:00,0.5113,0.4887,1.046245140167792
2025-10-25 08:00:00,0.5113,0.4887,1.046245140167792
2025-10-25 09:00:00,0.5113,0.4887,1.046245140167792
2025-10-25 10:00:00,0.5113,0.4887,1.046245140167792
2025-10-25 11:00:00,0.5113,0.4887,1.046245140167792
2025-10-25 12:00:00,0.5113,0.4887,1.046245140167792
2025-10-25 13:00:00,0.5113,0.4887,1.046245140167792
2025-10-25 14:00:00,0.5113,0.4887,1.046245140167792
2025-10-25 15:00:00,0.5113,0.4887,1.046245140167792
2025-10-25 16:00:00,0.5113,0.4887,1.046245140167792
2025-10-25 17:00:00,0.5113,0.4887,1.046245140167792
2025-10-25 18:00:00,0.5113,0.4887,1.046245140167792
2025-10-25 19:00:00,0.5113,0.4887,1.046245140167792
2025-10-25 20:00:00,0.5113,0.4887,1.046245140167792
2025-10-25 21:00:00,0.5113,0.4887,1.046245140167792
2025-10-25 22:00:00,0.5113,0.4887,1.046245140167792
2025-10-25 23:00:00,0.5113,0.4887,1.046245140167792
2025-10-26 00:00:00,0.5113,0.4887,1.046245140167792
2025-10-26 01:00:00,0.5113,0.4887,1.046245140167792
2025-10-26 02:00:00,0.5113,0.4887,1.046245140167792
2025-10-26 03:00:00,0.5113,0.4887,1.046245140167792
2025-10-26 04:00:00,0.5113,0.4887,1.046245140167792
2025-10-26 05:00:00,0.5113,0.4887,1.046245140167792
2025-10-26 06:00:00,0.5113,0.4887,1.046245140167792
2025-10-26 07:00:00,0.5113,0.4887,1.046245140167792
2025-10-26 08:00:00,0.5113,0.4887,1.046245140167792
2025-10-26 09:00:00,0.5113,0.4887,1.046245140167792
2025-10-26 10:00:00,0.5113,0.4887,1.046245140167792
2025-10-26 11:00:00,0.5113,0.4887,1.046245140167792
2025-10-26 12:00:00,0.5113,0.4887,1.046245140167792
2025-10-26 13:00:00,0.5113,0.4887,1.046245140167792
2025-10-26 14:00:00,0.5113,0.4887,1.046245140167792
2025-10-26 15:00:00,0.5113,0.4887,1.046245140167792
2025-10-26 16:00:00,0.5113,0.4887,1.046245140167792
2025-10-26 17:00:00,0.5113,0.4887,1.046245140167792
2025-10-26 18:00:00,0.5113,0.4887,1.046245140167792
2025-10-26 19:00:00,0.5113,0.4887,1.046245140167792
2025-10-26 20:00:00,0.5113,0.4887,1.046245140167792
2025-10-26 21:00:00,0.5113,0.4887,1.046245140167792
2025-10-26 22:00:00,0.5113,0.4887,1.046245140167792
2025-10-26 23:00:00,0.5113,0.4887,1.046245140167792
2025-10-27 00:00:00,0.5113,0.4887,1.046245140167792
2025-10-27 01:00:00,0.5113,0.4887,1.046245140167792
2025-10-27 02:00:00,0.5113,0.4887,1.046245140167792
2025-10-27 03:00:00,0.5113,0.4887,1.046245140167792
2025-10-27 04:00:00,0.5113,0.4887,1.046245140167792
2025-10-27 05:00:00,0.5113,0.4887,1.046245140167792
2025-10-27 06:00:00,0.5113,0.4887,1.046245140167792
2025-10-27 07:00:00,0.5113,0.4887,1.046245140167792
2025-10-27 08:00:00,0.5113,0.4887,1.046245140167792
2025-10-27 09:00:00,0.5113,0.4887,1.046245140167792
2025-10-27 10:00:00,0.5113,0.4887,1.046245140167792
2025-10-27 11:00:00,0.5113,0.4887,1.046245140167792
2025-10-27 12:00:00,0.5113,0.4887,1.046245140167792
2025-10-27 13:00:00,0.5113,0.4887,1.046245140167792
2025-10-27 14:00:00,0.5113,0.4887,1.046245140167792
2025-10-27 15:00:00,0.5113,0.4887,1.046245140167792
2025-10-27 16:00:00,0.5113,0.4887,1.046245140167792
2025-10-27 17:00:00,0.5113,0.4887,1.046245140167792
2025-10-27 18:00:00,0.5113,0.4887,1.046245140167792
2025-10-27 19:00:00,0.5113,0.4887,1.046245140167792
2025-10-27 20:00:00,0.5113,0.4887,1.046245140167792
2025-10-27 21:00:00,0.5113,0.4887,1.046245140167792
2025-10-27 22:00:00,0.5113,0.4887,1.046245140167792
2025-10-27 23:00:00,0.5113,0.4887,1.046245140167792
2025-10-28 00:00:00,0.5113,0.4887,1.046245140167792
2025-10-28 01:00:00,0.5113,0.4887,1.046245140167792
2025-10-28 02:00:00,0.5113,0.4887,1.046245140167792
2025-10-28 03:00:00,0.5113,0.4887,1.046245140167792
2025-10-28 04:00:00,0.5113,0.4887,1.046245140167792
2025-10-28 05:00:00,0.5113,0.4887,1.046245140167792
2025-10-28 06:00:00,0.5113,0.4887,1.046245140167792
2025-10-28 07:00:00,0.5113,0.4887,1.046245140167792
2025-10-28 08:00:00,0.5113,0.4887,1.046245140167792
2025-10-28 09:00:00,0.5113,0.4887,1.046245140167792
2025-10-28 10:00:00,0.5113,0.4887,1.046245140167792
2025-10-28 11:00:00,0.5113,0.4887,1.046245140167792
2025-10-28 12:00:00,0.5113,0.4887,1.046245140167792
2025-10-28 13:00:00,0.5113,0.4887,1.046245140167792
2025-10-28 14:00:00,0.5113,0.4887,1.046245140167792
2025-10-28 15:00:00,0.5113,0.4887,1.046245140167792
2025-10-28 16:00:00,0.5113,0.4887,1.046245140167792
2025-10-28 17:00:00,0.5113,0.4887,1.046245140167792
2025-10-28 18:00:00,0.5113,0.4887,1.046245140167792
2025-10-28 19:00:00,0.5113,0.4887,1.046245140167792
2025-10-28 20:00:00,0.5113,0.4887,1.046245140167792
2025-10-28 21:00:00,0.5113,0.4887,1.046245140167792
2025-10-28 22:00:00,0.5113,0.4887,1.046245140167792
2025-10-28 23:00:00,0.5113,0.4887,1.046245140167792
2025-10-29 00:00:00,0.5113,0.4887,1.046245140167792
2025-10-29 01:00:00,0.5113,0.4887,1.046245140167792
2025-10-29 02:00:00,0.5113,0.4887,1.046245140167792
2025-10-29 03:00:00,0.5113,0.4887,1.046245140167792
2025-10-29 04:00:00,0.5113,0.4887,1.046245140167792
2025-10-29 05:00:00,0.5113,0.4887,1.046245140167792
2025-10-29 06:00:00,0.5113,0.4887,1.046245140167792
2025-10-29 07:00:00,0.5113,0.4887,1.046245140167792
2025-10-29 08:00:00,0.5113,0.4887,1.046245140167792
2025-10-29 09:00:00,0.5113,0.4887,1.046245140167792
2025-10-29 10:00:00,0.5113,0.4887,1.046245140167792
2025-10-29 11:00:00,0.5113,0.4887,1.046245140167792
2025-10-29 12:00:00,0.5113,0.4887,1.046245140167792
2025-10-29 13:00:00,0.5113,0.4887,1.046245140167792
2025-10-29 14:00:00,0.5113,0.4887,1.046245140167792
2025-10-29 15:00:00,0.5113,0.4887,1.046245140167792
2025-10-29 16:00:00,0.5113,0.4887,1.046245140167792
2025-10-29 17:00:00,0.5113,0.4887,1.046245140167792
2025-10-29 18:00:00,0.5113,0.4887,1.046245140167792
2025-10-29 19:00:00,0.5113,0.4887,1.046245140167792
2025-10-29 20:00:00,0.5113,0.4887,1.046245140167792
2025-10-29 21:00:00,0.5113,0.4887,1.046245140167792
2025-10-29 22:00:00,0.5113,0.4887,1.046245140167792
2025-10-29 23:00:00,0.5113,0.4887,1.046245140167792
2025-10-30 00:00:00,0.5113,0.4887,1.046245140167792
2025-10-30 01:00:00,0.5113,0.4887,1.046245140167792
2025-10-30 02:00:00,0.5113,0.4887,1.046245140167792
2025-10-30 03:00:00,0.5113,0.4887,1.046245140167792
2025-10-30 04:00:00,0.5113,0.4887,1.046245140167792
2025-10-30 05:00:00,0.5113,0.4887,1.046245140167792
2025-10-30 06:00:00,0.5113,0.4887,1.046245140167792
2025-10-30 07:00:00,0.5113,0.4887,1.046245140167792
2025-10-30 08:00:00,0.5113,0.4887,1.046245140167792
2025-10-30 09:00:00,0.5113,0.4887,1.046245140167792
2025-10-30 10:00:00,0.5113,0.4887,1.046245140167792
2025-10-30 11:00:00,0.5113,0.4887,1.046245140167792
2025-10-30 12:00:00,0.5113,0.4887,1.046245140167792
2025-10-30 13:00:00,0.5113,0.4887,1.046245140167792
2025-10-30 14:00:00,0.5113,0.4887,1.046245140167792
2025-10-30 15:00:00,0.5113,0.4887,1.046245140167792
2025-10-30 16:00:00,0.5113,0.4887,1.046245140167792
2025-10-30 17:00:00,0.5113,0.4887,1.046245140167792
2025-10-30 18:00:00,0.5113,0.4887,1.046245140167792
2025-10-30 19:00:00,0.5113,0.4887,1.046245140167792
2025-10-30 20:00:00,0.5113,0.4887,1.046245140167792
2025-10-30 21:00:00,0.5113,0.4887,1.046245140167792
2025-10-30 22:00:00,0.5113,0.4887,1.046245140167792
2025-10-30 23:00:00,0.5113,0.4887,1.046245140167792
2025-10-31 00:00:00,0.5113,0.4887,1.046245140167792
2025-10-31 01:00:00,0.5113,0.4887,1.046245140167792
2025-10-31 02:00:00,0.5113,0.4887,1.046245140167792
2025-10-31 03:00:00,0.5113,0.4887,1.046245140167792
2025-10-31 04:00:00,0.5113,0.4887,1.046245140167792
2025-10-31 05:00:00,0.5113,0.4887,1.046245140167792
2025-10-31 06:00:00,0.5113,0.4887,1.046245140167792
2025-10-31 07:00:00,0.5113,0.4887,1.046245140167792
2025-10-31 08:00:00,0.5113,0.4887,1.046245140167792
2025-10-31 09:00:00,0.5113,0.4887,1.046245140167792
2025-10-31 10:00:00,0.5113,0.4887,1.046245140167792
2025-10-31 11:00:00,0.5113,0.4887,1.046245140167792
2025-10-31 12:00:00,0.5113,0.4887,1.046245140167792
2025-10-31 13:00:00,0.5113,0.4887,1.046245140167792
2025-10-31 14:00:00,0.5113,0.4887,1.046245140167792
2025-10-31 15:00:00,0.5113,0.4887,1.046245140167792
2025-10-31 16:00:00,0.5113,0.4887,1.046245140167792
2025-10-31 17:00:00,0.5113,0.4887,1.046245140167792
2025-10-31 18:00:00,0.5113,0.4887,1.046245140167792
2025-10-31 19:00:00,0.5113,0.4887,1.046245140167792
2025-10-31 20:00:00,0.5113,0.4887,1.046245140167792
2025-10-31 21:00:00,0.5113,0.4887,1.046245140167792
2025-10-31 22:00:00,0.5113,0.4887,1.046245140167792
2025-10-31 23:00:00,0.5113,0.4887,1.046245140167792
2025-11-01 00:00:00,0.5113,0.4887,1.046245140167792
2025-11-01 01:00:00,0.5113,0.4887,1.046245140167792
2025-11-01 02:00:00,0.5113,0.4887,1.046245140167792
2025-11-01 03:00:00,0.5113,0.4887,1.046245140167792
2025-11-01 04:00:00,0.5113,0.4887,1.046245140167792
2025-11-01 05:00:00,0.5113,0.4887,1.046245140167792
2025-11-01 06:00:00,0.5113,0.4887,1.046245140167792
2025-11-01 07:00:00,0.5113,0.4887,1.046245140167792
2025-11-01 08:00:00,0.5113,0.4887,1.046245140167792
2025-11-01 09:00:00,0.5113,0.4887,1.046245140167792
2025-11-01 10:00:00,0.5113,0.4887,1.046245140167792
2025-11-01 11:00:00,0.5113,0.4887,1.046245140167792
2025-11-01 12:00:00,0.5113,0.4887,1.046245140167792
2025-11-01 13:00:00,0.5113,0.4887,1.046245140167792
2025-11-01 14:00:00,0.5113,0.4887,1.046245140167792
2025-11-01 15:00:00,0.5113,0.4887,1.046245140167792
2025-11-01 16:00:00,0.5113,0.4887,1.046245140167792
2025-11-01 17:00:00,0.5113,0.4887,1.046245140167792
2025-11-01 18:00:00,0.5113,0.4887,1.046245140167792
2025-11-01 19:00:00,0.5113,0.4887,1.046245140167792
2025-11-01 20:00:00,0.5113,0.4887,1.046245140167792
2025-11-01 21:00:00,0.5113,0.4887,1.046245140167792
2025-11-01 22:00:00,0.5113,0.4887,1.046245140167792
2025-11-01 23:00:00,0.5113,0.4887,1.046245140167792
2025-11-02 00:00:00,0.5113,0.4887,1.046245140167792
2025-11-02 01:00:00,0.5113,0.4887,1.046245140167792
2025-11-02 02:00:00,0.5113,0.4887,1.046245140167792
2025-11-02 03:00:00,0.5113,0.4887,1.046245140167792
2025-11-02 04:00:00,0.5113,0.4887,1.046245140167792
2025-11-02 05:00:00,0.5113,0.4887,1.046245140167792
2025-11-02 06:00:00,0.5113,0.4887,1.046245140167792
2025-11-02 07:00:00,0.5113,0.4887,1.046245140167792
2025-11-02 08:00:00,0.5113,0.4887,1.046245140167792
2025-11-02 09:00:00,0.5113,0.4887,1.046245140167792
2025-11-02 10:00:00,0.5113,0.4887,1.046245140167792
2025-11-02 11:00:00,0.5113,0.4887,1.046245140167792
2025-11-02 12:00:00,0.5113,0.4887,1.046245140167792
2025-11-02 13:00:00,0.5113,0.4887,1.046245140167792
2025-11-02 14:00:00,0.5113,0.4887,1.046245140167792
2025-11-02 15:00:00,0.5113,0.4887,1.046245140167792
2025-11-02 16:00:00,0.5113,0.4887,1.046245140167792
2025-11-02 17:00:00,0.5113,0.4887,1.046245140167792
2025-11-02 18:00:00,0.5113,0.4887,1.046245140167792
2025-11-02 19:00:00,0.5113,0.4887,1.046245140167792
2025-11-02 20:00:00,0.5113,0.4887,1.046245140167792
2025-11-02 21:00:00,0.5113,0.4887,1.046245140167792
2025-11-02 22:00:00,0.5113,0.4887,1.046245140167792
2025-11-02 23:00:00,0.5113,0.4887,1.046245140167792
2025-11-03 00:00:00,0.5113,0.4887,1.046245140167792
2025-11-03 01:00:00,0.5113,0.4887,1.046245140167792
2025-11-03 02:00:00,0.5113,0.4887,1.046245140167792
2025-11-03 03:00:00,0.5113,0.4887,1.046245140167792
2025-11-03 04:00:00,0.5113,0.4887,1.046245140167792
2025-11-03 05:00:00,0.5113,0.4887,1.046245140167792
2025-11-03 06:00:00,0.5113,0.4887,1.046245140167792
2025-11-03 07:00:00,0.5113,0.4887,1.046245140167792
2025-11-03 08:00:00,0.5113,0.4887,1.046245140167792
2025-11-03 09:00:00,0.5113,0.4887,1.046245140167792
2025-11-03 10:00:00,0.5113,0.4887,1.046245140167792
2025-11-03 11:00:00,0.5113,0.4887,1.046245140167792
2025-11-03 12:00:00,0.5113,0.4887,1.046245140167792
2025-11-03 13:00:00,0.5113,0.4887,1.046245140167792
2025-11-03 14:00:00,0.5113,0.4887,1.046245140167792
2025-11-03 15:00:00,0.5113,0.4887,1.046245140167792
2025-11-03 16:00:00,0.5113,0.4887,1.046245140167792
2025-11-03 17:00:00,0.5113,0.4887,1.046245140167792
2025-11-03 18:00:00,0.5113,0.4887,1.046245140167792
2025-11-03 19:00:00,0.5113,0.4887,1.046245140167792
2025-11-03 20:00:00,0.5113,0.4887,1.046245140167792
2025-11-03 21:00:00,0.5113,0.4887,1.046245140167792
2025-11-03 22:00:00,0.5113,0.4887,1.046245140167792
2025-11-03 23:00:00,0.5113,0.4887,1.046245140167792
2025-11-04 00:00:00,0.5113,0.4887,1.046245140167792
2025-11-04 01:00:00,0.5113,0.4887,1.046245140167792
2025-11-04 02:00:00,0.5113,0.4887,1.046245140167792
2025-11-04 03:00:00,0.5113,0.4887,1.046245140167792
2025-11-04 04:00:00,0.5113,0.4887,1.046245140167792
2025-11-04 05:00:00,0.5113,0.4887,1.046245140167792
2025-11-04 06:00:00,0.5113,0.4887,1.046245140167792
2025-11-04 07:00:00,0.5113,0.4887,1.046245140167792
2025-11-04 08:00:00,0.5113,0.4887,1.046245140167792
2025-11-04 09:00:00,0.5113,0.4887,1.046245140167792
2025-11-04 10:00:00,0.5113,0.4887,1.046245140167792
2025-11-04 11:00:00,0.5113,0.4887,1.046245140167792
2025-11-04 12:00:00,0.5113,0.4887,1.046245140167792
2025-11-04 13:00:00,0.5113,0.4887,1.046245140167792
2025-11-04 14:00:00,0.5113,0.4887,1.046245140167792
2025-11-04 15:00:00,0.5113,0.4887,1.046245140167792
2025-11-04 16:00:00,0.5113,0.4887,1.046245140167792
2025-11-04 17:00:00,0.5113,0.4887,1.046245140167792
2025-11-04 18:00:00,0.5113,0.4887,1.046245140167792
2025-11-04 19:00:00,0.5113,0.4887,1.046245140167792
2025-11-04 20:00:00,0.5113,0.4887,1.046245140167792
2025-11-04 21:00:00,0.5113,0.4887,1.046245140167792
2025-11-04 22:00:00,0.5113,0.4887,1.046245140167792
2025-11-04 23:00:00,0.5113,0.4887,1.046245140167792
2025-11-05 00:00:00,0.5113,0.4887,1.046245140167792
2025-11-05 01:00:00,0.5113,0.4887,1.046245140167792
2025-11-05 02:00:00,0.5113,0.4887,1.046245140167792
2025-11-05 03:00:00,0.5113,0.4887,1.046245140167792
2025-11-05 04:00:00,0.5113,0.4887,1.046245140167792
2025-11-05 05:00:00,0.5113,0.4887,1.046245140167792
2025-11-05 06:00:00,0.5113,0.4887,1.046245140167792
2025-11-05 07:00:00,0.5113,0.4887,1.046245140167792
2025-11-05 08:00:00,0.5113,0.4887,1.046245140167792
2025-11-05 09:00:00,0.5113,0.4887,1.046245140167792
2025-11-05 10:00:00,0.5113,0.4887,1.046245140167792
2025-11-05 11:00:00,0.5113,0.4887,1.046245140167792
2025-11-05 12:00:00,0.5113,0.4887,1.046245140167792
2025-11-05 13:00:00,0.5113,0.4887,1.046245140167792
2025-11-05 14:00:00,0.5113,0.4887,1.046245140167792
2025-11-05 15:00:00,0.5113,0.4887,1.046245140167792
2025-11-05 16:00:00,0.5113,0.4887,1.046245140167792
2025-11-05 17:00:00,0.5113,0.4887,1.046245140167792
2025-11-05 18:00:00,0.5113,0.4887,1.046245140167792
2025-11-05 19:00:00,0.5113,0.4887,1.046245140167792
2025-11-05 20:00:00,0.5113,0.4887,1.046245140167792
2025-11-05 21:00:00,0.5113,0.4887,1.046245140167792
2025-11-05 22:00:00,0.5113,0.4887,1.046245140167792
2025-11-05 23:00:00,0.5113,0.4887,1.046245140167792
2025-11-06 00:00:00,0.5113,0.4887,1.046245140167792
2025-11-06 01:00:00,0.5113,0.4887,1.046245140167792
2025-11-06 02:00:00,0.5113,0.4887,1.046245140167792
2025-11-06 03:00:00,0.5113,0.4887,1.046245140167792
2025-11-06 04:00:00,0.5113,0.4887,1.046245140167792
2025-11-06 05:00:00,0.5113,0.4887,1.046245140167792
2025-11-06 06:00:00,0.5113,0.4887,1.046245140167792
2025-11-06 07:00:00,0.5113,0.4887,1.046245140167792
2025-11-06 08:00:00,0.5113,0.4887,1.046245140167792
2025-11-06 09:00:00,0.5113,0.4887,1.046245140167792
2025-11-06 10:00:00,0.5113,0.4887,1.046245140167792
2025-11-06 11:00:00,0.5113,0.4887,1.046245140167792
2025-11-06 12:00:00,0.5113,0.4887,1.046245140167792
2025-11-06 13:00:00,0.5113,0.4887,1.046245140167792
2025-11-06 14:00:00,0.5113,0.4887,1.046245140167792
2025-11-06 15:00:00,0.5113,0.4887,1.046245140167792
2025-11-06 16:00:00,0.5113,0.4887,1.046245140167792
2025-11-06 17:00:00,0.5113,0.4887,1.046245140167792
2025-11-06 18:00:00,0.5113,0.4887,1.046245140167792
2025-11-06 19:00:00,0.5113,0.4887,1.046245140167792
2025-11-06 20:00:00,0.5113,0.4887,1.046245140167792
2025-11-06 21:00:00,0.5113,0.4887,1.046245140167792
2025-11-06 22:00:00,0.5113,0.4887,1.046245140167792
2025-11-06 23:00:00,0.5113,0.4887,1.046245140167792
2025-11-07 00:00:00,0.5113,0.4887,1.046245140167792
2025-11-07 01:00:00,0.5113,0.4887,1.046245140167792
2025-11-07 02:00:00,0.5113,0.4887,1.046245140167792
2025-11-07 03:00:00,0.5113,0.4887,1.046245140167792
2025-11-07 04:00:00,0.5113,0.4887,1.046245140167792
2025-11-07 05:00:00,0.5113,0.4887,1.046245140167792
2025-11-07 06:00:00,0.5113,0.4887,1.046245140167792
2025-11-07 07:00:00,0.5113,0.4887,1.046245140167792
2025-11-07 08:00:00,0.5113,0.4887,1.046245140167792
2025-11-07 09:00:00,0.5113,0.4887,1.046245140167792
2025-11-07 10:00:00,0.5113,0.4887,1.046245140167792
2025-11-07 11:00:00,0.5113,0.4887,1.046245140167792
2025-11-07 12:00:00,0.5113,0.4887,1.046245140167792
2025-11-07 13:00:00,0.5113,0.4887,1.046245140167792
2025-11-07 14:00:00,0.5113,0.4887,1.046245140167792
2025-11-07 15:00:00,0.5113,0.4887,1.046245140167792
2025-11-07 16:00:00,0.5113,0.4887,1.046245140167792
2025-11-07 17:00:00,0.5113,0.4887,1.046245140167792
2025-11-07 18:00:00,0.5113,0.4887,1.046245140167792
2025-11-07 19:00:00,0.5113,0.4887,1.046245140167792
2025-11-07 20:00:00,0.5113,0.4887,1.046245140167792
2025-11-07 21:00:00,0.5113,0.4887,1.046245140167792
2025-11-07 22:00:00,0.5113,0.4887,1.046245140167792
2025-11-07 23:00:00,0.5113,0.4887,1.046245140167792
2025-11-08 00:00:00,0.5113,0.4887,1.046245140167792
2025-11-08 01:00:00,0.5113,0.4887,1.046245140167792
2025-11-08 02:00:00,0.5113,0.4887,1.046245140167792
2025-11-08 03:00:00,0.5113,0.4887,1.046245140167792
2025-11-08 04:00:00,0.5113,0.4887,1.046245140167792
2025-11-08 05:00:00,0.5113,0.4887,1.046245140167792
2025-11-08 06:00:00,0.5113,0.4887,1.046245140167792
2025-11-08 07:00:00,0.5113,0.4887,1.046245140167792
2025-11-08 08:00:00,0.5113,0.4887,1.046245140167792
2025-11-08 09:00:00,0.5113,0.4887,1.046245140167792
2025-11-08 10:00:00,0.5113,0.4887,1.046245140167792
2025-11-08 11:00:00,0.5113,0.4887,1.046245140167792
2025-11-08 12:00:00,0.5113,0.4887,1.046245140167792
2025-11-08 13:00:00,0.5113,0.4887,1.046245140167792
2025-11-08 14:00:00,0.5113,0.4887,1.046245140167792
2025-11-08 15:00:00,0.5113,0.4887,1.046245140167792
2025-11-08 16:00:00,0.5113,0.4887,1.046245140167792
2025-11-08 17:00:00,0.5113,0.4887,1.046245140167792
2025-11-08 18:00:00,0.5113,0.4887,1.046245140167792
2025-11-08 19:00:00,0.5113,0.4887,1.046245140167792
2025-11-08 20:00:00,0.5113,0.4887,1.046245140167792
2025-11-08 21:00:00,0.5113,0.4887,1.046245140167792
2025-11-08 22:00:00,0.5113,0.4887,1.046245140167792
2025-11-08 23:00:00,0.5113,0.4887,1.046245140167792
2025-11-09 00:00:00,0.5113,0.4887,1.046245140167792
2025-11-09 01:00:00,0.5113,0.4887,1.046245140167792
2025-11-09 02:00:00,0.5113,0.4887,1.046245140167792
2025-11-09 03:00:00,0.5113,0.4887,1.046245140167792
2025-11-09 04:00:00,0.5113,0.4887,1.046245140167792
2025-11-09 05:00:00,0.5113,0.4887,1.046245140167792
2025-11-09 06:00:00,0.5113,0.4887,1.046245140167792
2025-11-09 07:00:00,0.5113,0.4887,1.046245140167792
2025-11-09 08:00:00,0.5113,0.4887,1.046245140167792
2025-11-09 09:00:00,0.5113,0.4887,1.046245140167792
2025-11-09 10:00:00,0.5113,0.4887,1.046245140167792
2025-11-09 11:00:00,0.5113,0.4887,1.046245140167792
2025-11-09 12:00:00,0.5113,0.4887,1.046245140167792
2025-11-09 13:00:00,0.5113,0.4887,1.046245140167792
2025-11-09 14:00:00,0.5113,0.4887,1.046245140167792
2025-11-09 15:00:00,0.5113,0.4887,1.046245140167792
2025-11-09 16:00:00,0.5113,0.4887,1.046245140167792
2025-11-09 17:00:00,0.5113,0.4887,1.046245140167792
2025-11-09 18:00:00,0.5113,0.4887,1.046245140167792
2025-11-09 19:00:00,0.5113,0.4887,1.046245140167792
2025-11-09 20:00:00,0.5113,0.4887,1.046245140167792
2025-11-09 21:00:00,0.5113,0.4887,1.046245140167792
2025-11-09 22:00:00,0.5113,0.4887,1.046245140167792
2025-11-09 23:00:00,0.5113,0.4887,1.046245140167792
2025-11-10 00:00:00,0.5113,0.4887,1.046245140167792
2025-11-10 01:00:00,0.5113,0.4887,1.046245140167792
2025-11-10 02:00:00,0.5113,0.4887,1.046245140167792
2025-11-10 03:00:00,0.5113,0.4887,1.046245140167792
2025-11-10 04:00:00,0.5113,0.4887,1.046245140167792
2025-11-10 05:00:00,0.5113,0.4887,1.046245140167792
2025-11-10 06:00:00,0.5113,0.4887,1.046245140167792
2025-11-10 07:00:00,0.5113,0.4887,1.046245140167792
2025-11-10 08:00:00,0.5113,0.4887,1.046245140167792
2025-11-10 09:00:00,0.5113,0.4887,1.046245140167792
2025-11-10 10:00:00,0.5113,0.4887,1.046245140167792
2025-11-10 11:00:00,0.5113,0.4887,1.046245140167792
2025-11-10 12:00:00,0.5113,0.4887,1.046245140167792
2025-11-10 13:00:00,0.5113,0.4887,1.046245140167792
2025-11-10 14:00:00,0.5113,0.4887,1.046245140167792
2025-11-10 15:00:00,0.5113,0.4887,1.046245140167792
2025-11-10 16:00:00,0.5113,0.4887,1.046245140167792
2025-11-10 17:00:00,0.5113,0.4887,1.046245140167792
2025-11-10 18:00:00,0.5113,0.4887,1.046245140167792
2025-11-10 19:00:00,0.5113,0.4887,1.046245140167792
2025-11-10 20:00:00,0.5113,0.4887,1.046245140167792
2025-11-10 21:00:00,0.5113,0.4887,1.046245140167792
2025-11-10 22:00:00,0.5113,0.4887,1.046245140167792
2025-11-10 23:00:00,0.5113,0.4887,1.046245140167792
2025-11-11 00:00:00,0.5113,0.4887,1.046245140167792
2025-11-11 01:00:00,0.5113,0.4887,1.046245140167792
2025-11-11 02:00:00,0.5113,0.4887,1.046245140167792
2025-11-11 03:00:00,0.5113,0.4887,1.046245140167792
2025-11-11 04:00:00,0.5113,0.4887,1.046245140167792
2025-11-11 05:00:00,0.5113,0.4887,1.046245140167792
2025-11-11 06:00:00,0.5113,0.4887,1.046245140167792
2025-11-11 07:00:00,0.5113,0.4887,1.046245140167792
2025-11-11 08:00:00,0.5113,0.4887,1.046245140167792
2025-11-11 09:00:00,0.5113,0.4887,1.046245140167792
2025-11-11 10:00:00,0.5113,0.4887,1.046245140167792
2025-11-11 11:00:00,0.5113,0.4887,1.046245140167792
2025-11-11 12:00:00,0.5113,0.4887,1.046245140167792
2025-11-11 13:00:00,0.5113,0.4887,1.046245140167792
2025-11-11 14:00:00,0.5113,0.4887,1.046245140167792
2025-11-11 15:00:00,0.5113,0.4887,1.046245140167792
2025-11-11 16:00:00,0.5113,0.4887,1.046245140167792
2025-11-11 17:00:00,0.5113,0.4887,1.046245140167792
2025-11-11 18:00:00,0.5113,0.4887,1.046245140167792
2025-11-11 19:00:00,0.5113,0.4887,1.046245140167792
2025-11-11 20:00:00,0.5113,0.4887,1.046245140167792
2025-11-11 21:00:00,0.5113,0.4887,1.046245140167792
2025-11-11 22:00:00,0.5113,0.4887,1.046245140167792
2025-11-11 23:00:00,0.5113,0.4887,1.046245140167792
2025-11-12 00:00:00,0.5113,0.4887,1.046245140167792
2025-11-12 01:00:00,0.5113,0.4887,1.046245140167792
2025-11-12 02:00:00,0.5113,0.4887,1.046245140167792
2025-11-12 03:00:00,0.5113,0.4887,1.046245140167792
2025-11-12 04:00:00,0.5113,0.4887,1.046245140167792
2025-11-12 05:00:00,0.5113,0.4887,1.046245140167792
2025-11-12 06:00:00,0.5113,0.4887,1.046245140167792
2025-11-12 07:00:00,0.5113,0.4887,1.046245140167792
2025-11-12 08:00:00,0.5113,0.4887,1.046245140167792
2025-11-12 09:00:00,0.5113,0.4887,1.046245140167792
2025-11-12 10:00:00,0.5113,0.4887,1.046245140167792
2025-11-12 11:00:00,0.5113,0.4887,1.046245140167792
2025-11-12 12:00:00,0.5113,0.4887,1.046245140167792
2025-11-12 13:00:00,0.5113,0.4887,1.046245140167792
2025-11-12 14:00:00,0.5113,0.4887,1.046245140167792
2025-11-12 15:00:00,0.5113,0.4887,1.046245140167792
2025-11-12 16:00:00,0.5113,0.4887,1.046245140167792
2025-11-12 17:00:00,0.5113,0.4887,1.046245140167792
2025-11-12 18:00:00,0.5113,0.4887,1.046245140167792
2025-11-12 19:00:00,0.5113,0.4887,1.046245140167792
2025-11-12 20:00:00,0.5113,0.4887,1.046245140167792
2025-11-12 21:00:00,0.5113,0.4887,1.046245140167792
2025-11-12 22:00:00,0.5113,0.4887,1.046245140167792
2025-11-12 23:00:00,0.5113,0.4887,1.046245140167792
2025-11-13 00:00:00,0.5113,0.4887,1.046245140167792
2025-11-13 01:00:00,0.5113,0.4887,1.046245140167792
2025-11-13 02:00:00,0.5113,0.4887,1.046245140167792
2025-11-13 03:00:00,0.5113,0.4887,1.046245140167792
2025-11-13 04:00:00,0.5113,0.4887,1.046245140167792
2025-11-13 05:00:00,0.5113,0.4887,1.046245140167792
2025-11-13 06:00:00,0.5113,0.4887,1.046245140167792
2025-11-13 07:00:00,0.5113,0.4887,1.046245140167792
2025-11-13 08:00:00,0.5113,0.4887,1.046245140167792
2025-11-13 09:00:00,0.5113,0.4887,1.046245140167792
2025-11-13 10:00:00,0.5113,0.4887,1.046245140167792
2025-11-13 11:00:00,0.5113,0.4887,1.046245140167792
2025-11-13 12:00:00,0.5113,0.4887,1.046245140167792
2025-11-13 13:00:00,0.5113,0.4887,1.046245140167792
2025-11-13 14:00:00,0.5113,0.4887,1.046245140167792
2025-11-13 15:00:00,0.5113,0.4887,1.046245140167792
2025-11-13 16:00:00,0.5113,0.4887,1.046245140167792
2025-11-13 17:00:00,0.5113,0.4887,1.046245140167792
2025-11-13 18:00:00,0.5113,0.4887,1.046245140167792
2025-11-13 19:00:00,0.5113,0.4887,1.046245140167792
2025-11-13 20:00:00,0.5113,0.4887,1.046245140167792
2025-11-13 21:00:00,0.5113,0.4887,1.046245140167792
2025-11-13 22:00:00,0.5113,0.4887,1.046245140167792
2025-11-13 23:00:00,0.5113,0.4887,1.046245140167792
2025-11-14 00:00:00,0.5113,0.4887,1.046245140167792
2025-11-14 01:00:00,0.5113,0.4887,1.046245140167792
2025-11-14 02:00:00,0.5113,0.4887,1.046245140167792
2025-11-14 03:00:00,0.5113,0.4887,1.046245140167792
2025-11-14 04:00:00,0.5113,0.4887,1.046245140167792
2025-11-14 05:00:00,0.5113,0.4887,1.046245140167792
2025-11-14 06:00:00,0.5113,0.4887,1.046245140167792
2025-11-14 07:00:00,0.5113,0.4887,1.046245140167792
2025-11-14 08:00:00,0.5113,0.4887,1.046245140167792
2025-11-14 09:00:00,0.5113,0.4887,1.046245140167792
2025-11-14 10:00:00,0.5113,0.4887,1.046245140167792
2025-11-14 11:00:00,0.5113,0.4887,1.046245140167792
2025-11-14 12:00:00,0.5113,0.4887,1.046245140167792
2025-11-14 13:00:00,0.5113,0.4887,1.046245140167792
2025-11-14 14:00:00,0.5113,0.4887,1.046245140167792
2025-11-14 15:00:00,0.5113,0.4887,1.046245140167792
2025-11-14 16:00:00,0.5113,0.4887,1.046245140167792
2025-11-14 17:00:00,0.5113,0.4887,1.046245140167792
2025-11-14 18:00:00,0.5113,0.4887,1.046245140167792
2025-11-14 19:00:00,0.5113,0.4887,1.046245140167792
2025-11-14 20:00:00,0.5113,0.4887,1.046245140167792
2025-11-14 21:00:00,0.5113,0.4887,1.046245140167792
2025-11-14 22:00:00,0.5113,0.4887,1.046245140167792
2025-11-14 23:00:00,0.5113,0.4887,1.046245140167792
2025-11-15 00:00:00,0.5113,0.4887,1.046245140167792
2025-11-15 01:00:00,0.5113,0.4887,1.046245140167792
2025-11-15 02:00:00,0.5113,0.4887,1.046245140167792
2025-11-15 03:00:00,0.5113,0.4887,1.046245140167792
2025-11-15 04:00:00,0.5113,0.4887,1.046245140167792
2025-11-15 05:00:00,0.5113,0.4887,1.046245140167792
2025-11-15 06:00:00,0.5113,0.4887,1.046245140167792
2025-11-15 07:00:00,0.5113,0.4887,1.046245140167792
2025-11-15 08:00:00,0.5113,0.4887,1.046245140167792
2025-11-15 09:00:00,0.5113,0.4887,1.046245140167792
2025-11-15 10:00:00,0.5113,0.4887,1.046245140167792
2025-11-15 11:00:00,0.5113,0.4887,1.046245140167792
2025-11-15 12:00:00,0.5113,0.4887,1.046245140167792
2025-11-15 13:00:00,0.5113,0.4887,1.046245140167792
2025-11-15 14:00:00,0.5113,0.4887,1.046245140167792
2025-11-15 15:00:00,0.5113,0.4887,1.046245140167792
2025-11-15 16:00:00,0.5113,0.4887,1.046245140167792
2025-11-15 17:00:00,0.5113,0.4887,1.046245140167792
2025-11-15 18:00:00,0.5113,0.4887,1.046245140167792
2025-11-15 19:00:00,0.5113,0.4887,1.046245140167792
2025-11-15 20:00:00,0.5113,0.4887,1.046245140167792
2025-11-15 21:00:00,0.5113,0.4887,1.046245140167792
2025-11-15 22:00:00,0.5113,0.4887,1.046245140167792
2025-11-15 23:00:00,0.5113,0.4887,1.046245140167792
2025-11-16 00:00:00,0.5113,0.4887,1.046245140167792
2025-11-16 01:00:00,0.5113,0.4887,1.046245140167792
2025-11-16 02:00:00,0.5113,0.4887,1.046245140167792
2025-11-16 03:00:00,0.5113,0.4887,1.046245140167792
2025-11-16 04:00:00,0.5113,0.4887,1.046245140167792
2025-11-16 05:00:00,0.5113,0.4887,1.046245140167792
2025-11-16 06:00:00,0.5113,0.4887,1.046245140167792
2025-11-16 07:00:00,0.5113,0.4887,1.046245140167792
2025-11-16 08:00:00,0.5113,0.4887,1.046245140167792
2025-11-16 09:00:00,0.5113,0.4887,1.046245140167792
2025-11-16 10:00:00,0.5113,0.4887,1.046245140167792
2025-11-16 11:00:00,0.5113,0.4887,1.046245140167792
2025-11-16 12:00:00,0.5113,0.4887,1.046245140167792
2025-11-16 13:00:00,0.5113,0.4887,1.046245140167792
2025-11-16 14:00:00,0.5113,0.4887,1.046245140167792
2025-11-16 15:00:00,0.5113,0.4887,1.046245140167792
2025-11-16 16:00:00,0.5113,0.4887,1.046245140167792
2025-11-16 17:00:00,0.5113,0.4887,1.046245140167792
2025-11-16 18:00:00,0.5113,0.4887,1.046245140167792
2025-11-16 19:00:00,0.5113,0.4887,1.046245140167792
2025-11-16 20:00:00,0.5113,0.4887,1.046245140167792
2025-11-16 21:00:00,0.5113,0.4887,1.046245140167792
2025-11-16 22:00:00,0.5113,0.4887,1.046245140167792
2025-11-16 23:00:00,0.5113,0.4887,1.046245140167792
2025-11-17 00:00:00,0.5113,0.4887,1.046245140167792
2025-11-17 01:00:00,0.5113,0.4887,1.046245140167792
2025-11-17 02:00:00,0.5113,0.4887,1.046245140167792
2025-11-17 03:00:00,0.5113,0.4887,1.046245140167792
2025-11-17 04:00:00,0.5113,0.4887,1.046245140167792
2025-11-17 05:00:00,0.5113,0.4887,1.046245140167792
2025-11-17 06:00:00,0.5113,0.4887,1.046245140167792
2025-11-17 07:00:00,0.5113,0.4887,1.046245140167792
2025-11-17 08:00:00,0.5113,0.4887,1.046245140167792
2025-11-17 09:00:00,0.5113,0.4887,1.046245140167792
2025-11-17 10:00:00,0.5113,0.4887,1.046245140167792
2025-11-17 11:00:00,0.5113,0.4887,1.046245140167792
2025-11-17 12:00:00,0.5113,0.4887,1.046245140167792
2025-11-17 13:00:00,0.5113,0.4887,1.046245140167792
2025-11-17 14:00:00,0.5113,0.4887,1.046245140167792
2025-11-17 15:00:00,0.5113,0.4887,1.046245140167792
2025-11-17 16:00:00,0.5113,0.4887,1.046245140167792
2025-11-17 17:00:00,0.5113,0.4887,1.046245140167792
2025-11-17 18:00:00,0.5113,0.4887,1.046245140167792
2025-11-17 19:00:00,0.5113,0.4887,1.046245140167792
2025-11-17 20:00:00,0.5113,0.4887,1.046245140167792
2025-11-17 21:00:00,0.5113,0.4887,1.046245140167792
2025-11-17 22:00:00,0.5113,0.4887,1.046245140167792
2025-11-17 23:00:00,0.5113,0.4887,1.046245140167792
2025-11-18 00:00:00,0.5113,0.4887,1.046245140167792
2025-11-18 01:00:00,0.5113,0.4887,1.046245140167792
2025-11-18 02:00:00,0.5113,0.4887,1.046245140167792
2025-11-18 03:00:00,0.5113,0.4887,1.046245140167792
2025-11-18 04:00:00,0.5113,0.4887,1.046245140167792
2025-11-18 05:00:00,0.5113,0.4887,1.046245140167792
2025-11-18 06:00:00,0.5113,0.4887,1.046245140167792
2025-11-18 07:00:00,0.5113,0.4887,1.046245140167792
2025-11-18 08:00:00,0.5113,0.4887,1.046245140167792
2025-11-18 09:00:00,0.5113,0.4887,1.046245140167792
2025-11-18 10:00:00,0.5113,0.4887,1.046245140167792
2025-11-18 11:00:00,0.5113,0.4887,1.046245140167792
2025-11-18 12:00:00,0.5113,0.4887,1.046245140167792
2025-11-18 13:00:00,0.5113,0.4887,1.046245140167792
2025-11-18 14:00:00,0.5113,0.4887,1.046245140167792
2025-11-18 15:00:00,0.5113,0.4887,1.046245140167792
2025-11-18 16:00:00,0.5113,0.4887,1.046245140167792
2025-11-18 17:00:00,0.5113,0.4887,1.046245140167792
2025-11-18 18:00:00,0.5113,0.4887,1.046245140167792
2025-11-18 19:00:00,0.5113,0.4887,1.046245140167792
2025-11-18 20:00:00,0.5113,0.4887,1.046245140167792
2025-11-18 21:00:00,0.5113,0.4887,1.046245140167792
2025-11-18 22:00:00,0.5113,0.4887,1.046245140167792
2025-11-18 23:00:00,0.5113,0.4887,1.046245140167792
2025-11-19 00:00:00,0.5113,0.4887,1.046245140167792
2025-11-19 01:00:00,0.5113,0.4887,1.046245140167792
2025-11-19 02:00:00,0.5113,0.4887,1.046245140167792
2025-11-19 03:00:00,0.5113,0.4887,1.046245140167792
2025-11-19 04:00:00,0.5113,0.4887,1.046245140167792
2025-11-19 05:00:00,0.5113,0.4887,1.046245140167792
2025-11-19 06:00:00,0.5113,0.4887,1.046245140167792
2025-11-19 07:00:00,0.5113,0.4887,1.046245140167792
2025-11-19 08:00:00,0.5113,0.4887,1.046245140167792
2025-11-19 09:00:00,0.5113,0.4887,1.046245140167792
2025-11-19 10:00:00,0.5113,0.4887,1.046245140167792
2025-11-19 11:00:00,0.5113,0.4887,1.046245140167792
2025-11-19 12:00:00,0.5113,0.4887,1.046245140167792
2025-11-19 13:00:00,0.5113,0.4887,1.046245140167792
2025-11-19 14:00:00,0.5113,0.4887,1.046245140167792
2025-11-19 15:00:00,0.5113,0.4887,1.046245140167792
2025-11-19 16:00:00,0.5113,0.4887,1.046245140167792
2025-11-19 17:00:00,0.5113,0.4887,1.046245140167792
2025-11-19 18:00:00,0.5113,0.4887,1.046245140167792
2025-11-19 19:00:00,0.5113,0.4887,1.046245140167792
2025-11-19 20:00:00,0.5113,0.4887,1.046245140167792
2025-11-19 21:00:00,0.5113,0.4887,1.046245140167792
2025-11-19 22:00:00,0.5113,0.4887,1.046245140167792
2025-11-19 23:00:00,0.5113,0.4887,1.046245140167792
2025-11-20 00:00:00,0.5113,0.4887,1.046245140167792
2025-11-20 01:00:00,0.5113,0.4887,1.046245140167792
2025-11-20 02:00:00,0.5113,0.4887,1.046245140167792
2025-11-20 03:00:00,0.5113,0.4887,1.046245140167792
2025-11-20 04:00:00,0.5113,0.4887,1.046245140167792
2025-11-20 05:00:00,0.5113,0.4887,1.046245140167792
2025-11-20 06:00:00,0.5113,0.4887,1.046245140167792
2025-11-20 07:00:00,0.5113,0.4887,1.046245140167792
2025-11-20 08:00:00,0.5113,0.4887,1.046245140167792
2025-11-20 09:00:00,0.5113,0.4887,1.046245140167792
2025-11-20 10:00:00,0.5113,0.4887,1.046245140167792
2025-11-20 11:00:00,0.5113,0.4887,1.046245140167792
2025-11-20 12:00:00,0.5113,0.4887,1.046245140167792
2025-11-20 13:00:00,0.5113,0.4887,1.046245140167792
2025-11-20 14:00:00,0.5113,0.4887,1.046245140167792
2025-11-20 15:00:00,0.5113,0.4887,1.046245140167792
2025-11-20 16:00:00,0.5113,0.4887,1.046245140167792
2025-11-20 17:00:00,0.5113,0.4887,1.046245140167792
2025-11-20 18:00:00,0.5113,0.4887,1.046245140167792
2025-11-20 19:00:00,0.5113,0.4887,1.046245140167792
2025-11-20 20:00:00,0.5113,0.4887,1.046245140167792
2025-11-20 21:00:00,0.5113,0.4887,1.046245140167792
2025-11-20 22:00:00,0.5113,0.4887,1.046245140167792
2025-11-20 23:00:00,0.5113,0.4887,1.046245140167792
2025-11-21 00:00:00,0.5113,0.4887,1.046245140167792
2025-11-21 01:00:00,0.5113,0.4887,1.046245140167792
2025-11-21 02:00:00,0.5113,0.4887,1.046245140167792
2025-11-21 03:00:00,0.5113,0.4887,1.046245140167792
2025-11-21 04:00:00,0.5113,0.4887,1.046245140167792
2025-11-21 05:00:00,0.5113,0.4887,1.046245140167792
2025-11-21 06:00:00,0.5113,0.4887,1.046245140167792
2025-11-21 07:00:00,0.5113,0.4887,1.046245140167792
2025-11-21 08:00:00,0.5113,0.4887,1.046245140167792
2025-11-21 09:00:00,0.5113,0.4887,1.046245140167792
2025-11-21 10:00:00,0.5113,0.4887,1.046245140167792
2025-11-21 11:00:00,0.5113,0.4887,1.046245140167792
2025-11-21 12:00:00,0.5113,0.4887,1.046245140167792
2025-11-21 13:00:00,0.5113,0.4887,1.046245140167792
2025-11-21 14:00:00,0.5113,0.4887,1.046245140167792
2025-11-21 15:00:00,0.5113,0.4887,1.046245140167792
2025-11-21 16:00:00,0.5113,0.4887,1.046245140167792
2025-11-21 17:00:00,0.5113,0.4887,1.046245140167792
2025-11-21 18:00:00,0.5113,0.4887,1.046245140167792
2025-11-21 19:00:00,0.5113,0.4887,1.046245140167792
2025-11-21 20:00:00,0.5113,0.4887,1.046245140167792
2025-11-21 21:00:00,0.5113,0.4887,1.046245140167792
2025-11-21 22:00:00,0.5113,0.4887,1.046245140167792
2025-11-21 23:00:00,0.5113,0.4887,1.046245140167792
2025-11-22 00:00:00,0.5113,0.4887,1.046245140167792
2025-11-22 01:00:00,0.5113,0.4887,1.046245140167792
2025-11-22 02:00:00,0.5113,0.4887,1.046245140167792
2025-11-22 03:00:00,0.5113,0.4887,1.046245140167792
2025-11-22 04:00:00,0.5113,0.4887,1.046245140167792
2025-11-22 05:00:00,0.5113,0.4887,1.046245140167792
2025-11-22 06:00:00,0.5113,0.4887,1.046245140167792
2025-11-22 07:00:00,0.5113,0.4887,1.046245140167792
2025-11-22 08:00:00,0.5113,0.4887,1.046245140167792
2025-11-22 09:00:00,0.5113,0.4887,1.046245140167792
2025-11-22 10:00:00,0.5113,0.4887,1.046245140167792
2025-11-22 11:00:00,0.5113,0.4887,1.046245140167792
2025-11-22 12:00:00,0.5113,0.4887,1.046245140167792
2025-11-22 13:00:00,0.5113,0.4887,1.046245140167792
2025-11-22 14:00:00,0.5113,0.4887,1.046245140167792
2025-11-22 15:00:00,0.5113,0.4887,1.046245140167792
2025-11-22 16:00:00,0.5113,0.4887,1.046245140167792
2025-11-22 17:00:00,0.5113,0.4887,1.046245140167792
2025-11-22 18:00:00,0.5113,0.4887,1.046245140167792
2025-11-22 19:00:00,0.5113,0.4887,1.046245140167792
2025-11-22 20:00:00,0.5113,0.4887,1.046245140167792
2025-11-22 21:00:00,0.5113,0.4887,1.046245140167792
2025-11-22 22:00:00,0.5113,0.4887,1.046245140167792
2025-11-22 23:00:00,0.5113,0.4887,1.046245140167792
2025-11-23 00:00:00,0.5113,0.4887,1.046245140167792
2025-11-23 01:00:00,0.5113,0.4887,1.046245140167792
2025-11-23 02:00:00,0.5113,0.4887,1.046245140167792
2025-11-23 03:00:00,0.5113,0.4887,1.046245140167792
2025-11-23 04:00:00,0.5113,0.4887,1.046245140167792
2025-11-23 05:00:00,0.5113,0.4887,1.046245140167792
2025-11-23 06:00:00,0.5113,0.4887,1.046245140167792
2025-11-23 07:00:00,0.5113,0.4887,1.046245140167792
2025-11-23 08:00:00,0.5113,0.4887,1.046245140167792
2025-11-23 09:00:00,0.5113,0.4887,1.046245140167792
2025-11-23 10:00:00,0.5113,0.4887,1.046245140167792
2025-11-23 11:00:00,0.5113,0.4887,1.046245140167792
2025-11-23 12:00:00,0.5113,0.4887,1.046245140167792
2025-11-23 13:00:00,0.5113,0.4887,1.046245140167792
2025-11-23 14:00:00,0.5113,0.4887,1.046245140167792
2025-11-23 15:00:00,0.5113,0.4887,1.046245140167792
2025-11-23 16:00:00,0.5113,0.4887,1.046245140167792
2025-11-23 17:00:00,0.5113,0.4887,1.046245140167792
2025-11-23 18:00:00,0.5113,0.4887,1.046245140167792
2025-11-23 19:00:00,0.5113,0.4887,1.046245140167792
2025-11-23 20:00:00,0.5113,0.4887,1.046245140167792
2025-11-23 21:00:00,0.5113,0.4887,1.046245140167792
2025-11-23 22:00:00,0.5113,0.4887,1.046245140167792
2025-11-23 23:00:00,0.5113,0.4887,1.046245140167792
2025-11-24 00:00:00,0.5113,0.4887,1.046245140167792
2025-11-24 01:00:00,0.5113,0.4887,1.046245140167792
2025-11-24 02:00:00,0.5113,0.4887,1.046245140167792
2025-11-24 03:00:00,0.5113,0.4887,1.046245140167792
2025-11-24 04:00:00,0.5113,0.4887,1.046245140167792
2025-11-24 05:00:00,0.5113,0.4887,1.046245140167792
2025-11-24 06:00:00,0.5113,0.4887,1.046245140167792
2025-11-24 07:00:00,0.5113,0.4887,1.046245140167792
2025-11-24 08:00:00,0.5113,0.4887,1.046245140167792
2025-11-24 09:00:00,0.5113,0.4887,1.046245140167792
2025-11-24 10:00:00,0.5113,0.4887,1.046245140167792
2025-11-24 11:00:00,0.5113,0.4887,1.046245140167792
2025-11-24 12:00:00,0.5113,0.4887,1.046245140167792
2025-11-24 13:00:00,0.5113,0.4887,1.046245140167792
2025-11-24 14:00:00,0.5113,0.4887,1.046245140167792
2025-11-24 15:00:00,0.5113,0.4887,1.046245140167792
2025-11-24 16:00:00,0.5113,0.4887,1.046245140167792
2025-11-24 17:00:00,0.5113,0.4887,1.046245140167792
2025-11-24 18:00:00,0.5113,0.4887,1.046245140167792
2025-11-24 19:00:00,0.5113,0.4887,1.046245140167792
2025-11-24 20:00:00,0.5113,0.4887,1.046245140167792
2025-11-24 21:00:00,0.5113,0.4887,1.046245140167792
2025-11-24 22:00:00,0.5113,0.4887,1.046245140167792
2025-11-24 23:00:00,0.5113,0.4887,1.046245140167792
2025-11-25 00:00:00,0.5113,0.4887,1.046245140167792
2025-11-25 01:00:00,0.5113,0.4887,1.046245140167792
2025-11-25 02:00:00,0.5113,0.4887,1.046245140167792
2025-11-25 03:00:00,0.5113,0.4887,1.046245140167792
2025-11-25 04:00:00,0.5113,0.4887,1.046245140167792
2025-11-25 05:00:00,0.5113,0.4887,1.046245140167792
2025-11-25 06:00:00,0.5113,0.4887,1.046245140167792
2025-11-25 07:00:00,0.5113,0.4887,1.046245140167792
2025-11-25 08:00:00,0.5113,0.4887,1.046245140167792
2025-11-25 09:00:00,0.5113,0.4887,1.046245140167792
2025-11-25 10:00:00,0.5113,0.4887,1.046245140167792
2025-11-25 11:00:00,0.5113,0.4887,1.046245140167792
2025-11-25 12:00:00,0.5113,0.4887,1.046245140167792
2025-11-25 13:00:00,0.5113,0.4887,1.046245140167792
2025-11-25 14:00:00,0.5113,0.4887,1.046245140167792
2025-11-25 15:00:00,0.5113,0.4887,1.046245140167792
2025-11-25 16:00:00,0.5113,0.4887,1.046245140167792
2025-11-25 17:00:00,0.5113,0.4887,1.046245140167792
2025-11-25 18:00:00,0.5113,0.4887,1.046245140167792
2025-11-25 19:00:00,0.5113,0.4887,1.046245140167792
2025-11-25 20:00:00,0.5113,0.4887,1.046245140167792
2025-11-25 21:00:00,0.5113,0.4887,1.046245140167792
2025-11-25 22:00:00,0.5113,0.4887,1.046245140167792
2025-11-25 23:00:00,0.5113,0.4887,1.046245140167792
2025-11-26 00:00:00,0.5113,0.4887,1.046245140167792
2025-11-26 01:00:00,0.5113,0.4887,1.046245140167792
2025-11-26 02:00:00,0.5113,0.4887,1.046245140167792
2025-11-26 03:00:00,0.5113,0.4887,1.046245140167792
2025-11-26 04:00:00,0.5113,0.4887,1.046245140167792
2025-11-26 05:00:00,0.5113,0.4887,1.046245140167792
2025-11-26 06:00:00,0.5113,0.4887,1.046245140167792
2025-11-26 07:00:00,0.5113,0.4887,1.046245140167792
2025-11-26 08:00:00,0.5113,0.4887,1.046245140167792
2025-11-26 09:00:00,0.5113,0.4887,1.046245140167792
2025-11-26 10:00:00,0.5113,0.4887,1.046245140167792
2025-11-26 11:00:00,0.5113,0.4887,1.046245140167792
2025-11-26 12:00:00,0.5113,0.4887,1.046245140167792
2025-11-26 13:00:00,0.5113,0.4887,1.046245140167792
2025-11-26 14:00:00,0.5113,0.4887,1.046245140167792
2025-11-26 15:00:00,0.5113,0.4887,1.046245140167792
2025-11-26 16:00:00,0.5113,0.4887,1.046245140167792
2025-11-26 17:00:00,0.5113,0.4887,1.046245140167792
2025-11-26 18:00:00,0.5113,0.4887,1.046245140167792
2025-11-26 19:00:00,0.5113,0.4887,1.046245140167792
2025-11-26 20:00:00,0.5113,0.4887,1.046245140167792
2025-11-26 21:00:00,0.5113,0.4887,1.046245140167792
2025-11-26 22:00:00,0.5113,0.4887,1.046245140167792
2025-11-26 23:00:00,0.5113,0.4887,1.046245140167792
2025-11-27 00:00:00,0.5113,0.4887,1.046245140167792
2025-11-27 01:00:00,0.5113,0.4887,1.046245140167792
2025-11-27 02:00:00,0.5113,0.4887,1.046245140167792
2025-11-27 03:00:00,0.5113,0.4887,1.046245140167792
2025-11-27 04:00:00,0.5113,0.4887,1.046245140167792
2025-11-27 05:00:00,0.5113,0.4887,1.046245140167792
2025-11-27 06:00:00,0.5113,0.4887,1.046245140167792
2025-11-27 07:00:00,0.5113,0.4887,1.046245140167792
2025-11-27 08:00:00,0.5113,0.4887,1.046245140167792
2025-11-27 09:00:00,0.5113,0.4887,1.046245140167792
2025-11-27 10:00:00,0.5113,0.4887,1.046245140167792
2025-11-27 11:00:00,0.5113,0.4887,1.046245140167792
2025-11-27 12:00:00,0.5113,0.4887,1.046245140167792
2025-11-27 13:00:00,0.5113,0.4887,1.046245140167792
2025-11-27 14:00:00,0.5113,0.4887,1.046245140167792
2025-11-27 15:00:00,0.5113,0.4887,1.046245140167792
2025-11-27 16:00:00,0.5113,0.4887,1.046245140167792
2025-11-27 17:00:00,0.5113,0.4887,1.046245140167792
2025-11-27 18:00:00,0.5113,0.4887,1.046245140167792
2025-11-27 19:00:00,0.5113,0.4887,1.046245140167792
2025-11-27 20:00:00,0.5113,0.4887,1.046245140167792
2025-11-27 21:00:00,0.5113,0.4887,1.046245140167792
2025-11-27 22:00:00,0.5113,0.4887,1.046245140167792
2025-11-27 23:00:00,0.5113,0.4887,1.046245140167792
2025-11-28 00:00:00,0.5113,0.4887,1.046245140167792
2025-11-28 01:00:00,0.5113,0.4887,1.046245140167792
2025-11-28 02:00:00,0.5113,0.4887,1.046245140167792
2025-11-28 03:00:00,0.5113,0.4887,1.046245140167792
2025-11-28 04:00:00,0.5113,0.4887,1.046245140167792
2025-11-28 05:00:00,0.5113,0.4887,1.046245140167792
2025-11-28 06:00:00,0.5113,0.4887,1.046245140167792
2025-11-28 07:00:00,0.5113,0.4887,1.046245140167792
2025-11-28 08:00:00,0.5113,0.4887,1.046245140167792
2025-11-28 09:00:00,0.5113,0.4887,1.046245140167792
2025-11-28 10:00:00,0.5113,0.4887,1.046245140167792
2025-11-28 11:00:00,0.5113,0.4887,1.046245140167792
2025-11-28 12:00:00,0.5113,0.4887,1.046245140167792
2025-11-28 13:00:00,0.5113,0.4887,1.046245140167792
2025-11-28 14:00:00,0.5113,0.4887,1.046245140167792
2025-11-28 15:00:00,0.5113,0.4887,1.046245140167792
2025-11-28 16:00:00,0.5113,0.4887,1.046245140167792
2025-11-28 17:00:00,0.5113,0.4887,1.046245140167792
2025-11-28 18:00:00,0.5113,0.4887,1.046245140167792
2025-11-28 19:00:00,0.5113,0.4887,1.046245140167792
2025-11-28 20:00:00,0.5113,0.4887,1.046245140167792
2025-11-28 21:00:00,0.5113,0.4887,1.046245140167792
2025-11-28 22:00:00,0.5113,0.4887,1.046245140167792
2025-11-28 23:00:00,0.5113,0.4887,1.046245140167792
2025-11-29 00:00:00,0.5113,0.4887,1.046245140167792
2025-11-29 01:00:00,0.5113,0.4887,1.046245140167792
2025-11-29 02:00:00,0.5113,0.4887,1.046245140167792
2025-11-29 03:00:00,0.5113,0.4887,1.046245140167792
2025-11-29 04:00:00,0.5113,0.4887,1.046245140167792
2025-11-29 05:00:00,0.5113,0.4887,1.046245140167792
2025-11-29 06:00:00,0.5113,0.4887,1.046245140167792
2025-11-29 07:00:00,0.5113,0.4887,1.046245140167792
2025-11-29 08:00:00,0.5113,0.4887,1.046245140167792
2025-11-29 09:00:00,0.5113,0.4887,1.046245140167792
2025-11-29 10:00:00,0.5113,0.4887,1.046245140167792
2025-11-29 11:00:00,0.5113,0.4887,1.046245140167792
2025-11-29 12:00:00,0.5113,0.4887,1.046245140167792
2025-11-29 13:00:00,0.5113,0.4887,1.046245140167792
2025-11-29 14:00:00,0.5113,0.4887,1.046245140167792
2025-11-29 15:00:00,0.5113,0.4887,1.046245140167792
2025-11-29 16:00:00,0.5113,0.4887,1.046245140167792
2025-11-29 17:00:00,0.5113,0.4887,1.046245140167792
2025-11-29 18:00:00,0.5113,0.4887,1.046245140167792
2025-11-29 19:00:00,0.5113,0.4887,1.046245140167792
2025-11-29 20:00:00,0.5113,0.4887,1.046245140167792
2025-11-29 21:00:00,0.5113,0.4887,1.046245140167792
2025-11-29 22:00:00,0.5113,0.4887,1.046245140167792
2025-11-29 23:00:00,0.5113,0.4887,1.046245140167792
2025-11-30 00:00:00,0.5113,0.4887,1.046245140167792
2025-11-30 01:00:00,0.5113,0.4887,1.046245140167792
2025-11-30 02:00:00,0.5113,0.4887,1.046245140167792
2025-11-30 03:00:00,0.5113,0.4887,1.046245140167792
2025-11-30 04:00:00,0.5113,0.4887,1.046245140167792
2025-11-30 05:00:00,0.5113,0.4887,1.046245140167792
2025-11-30 06:00:00,0.5113,0.4887,1.046245140167792
2025-11-30 07:00:00,0.5113,0.4887,1.046245140167792
2025-11-30 08:00:00,0.5113,0.4887,1.046245140167792
2025-11-30 09:00:00,0.5113,0.4887,1.046245140167792
2025-11-30 10:00:00,0.5113,0.4887,1.046245140167792
2025-11-30 11:00:00,0.5113,0.4887,1.046245140167792
2025-11-30 12:00:00,0.5113,0.4887,1.046245140167792
2025-11-30 13:00:00,0.5113,0.4887,1.046245140167792
2025-11-30 14:00:00,0.5113,0.4887,1.046245140167792
2025-11-30 15:00:00,0.5113,0.4887,1.046245140167792
2025-11-30 16:00:00,0.5113,0.4887,1.046245140167792
2025-11-30 17:00:00,0.5113,0.4887,1.046245140167792
2025-11-30 18:00:00,0.5113,0.4887,1.046245140167792
2025-11-30 19:00:00,0.5113,0.4887,1.046245140167792
2025-11-30 20:00:00,0.5113,0.4887,1.046245140167792
2025-11-30 21:00:00,0.5113,0.4887,1.046245140167792
2025-11-30 22:00:00,0.5113,0.4887,1.046245140167792
2025-11-30 23:00:00,0.5113,0.4887,1.046245140167792
2025-12-01 00:00:00,0.5113,0.4887,1.046245140167792
2025-12-01 01:00:00,0.5113,0.4887,1.046245140167792
2025-12-01 02:00:00,0.5113,0.4887,1.046245140167792
2025-12-01 03:00:00,0.5113,0.4887,1.046245140167792
2025-12-01 04:00:00,0.5113,0.4887,1.046245140167792
2025-12-01 05:00:00,0.5113,0.4887,1.046245140167792
2025-12-01 06:00:00,0.5113,0.4887,1.046245140167792
2025-12-01 07:00:00,0.5113,0.4887,1.046245140167792
2025-12-01 08:00:00,0.5113,0.4887,1.046245140167792
2025-12-01 09:00:00,0.5113,0.4887,1.046245140167792
2025-12-01 10:00:00,0.5113,0.4887,1.046245140167792
2025-12-01 11:00:00,0.5113,0.4887,1.046245140167792
2025-12-01 12:00:00,0.5113,0.4887,1.046245140167792
2025-12-01 13:00:00,0.5113,0.4887,1.046245140167792
2025-12-01 14:00:00,0.5113,0.4887,1.046245140167792
2025-12-01 15:00:00,0.5113,0.4887,1.046245140167792
2025-12-01 16:00:00,0.5113,0.4887,1.046245140167792
2025-12-01 17:00:00,0.5113,0.4887,1.046245140167792
2025-12-01 18:00:00,0.5113,0.4887,1.046245140167792
2025-12-01 19:00:00,0.5113,0.4887,1.046245140167792
2025-12-01 20:00:00,0.5113,0.4887,1.046245140167792
2025-12-01 21:00:00,0.5113,0.4887,1.046245140167792
2025-12-01 22:00:00,0.5113,0.4887,1.046245140167792
2025-12-01 23:00:00,0.5113,0.4887,1.046245140167792
2025-12-02 00:00:00,0.5113,0.4887,1.046245140167792
2025-12-02 01:00:00,0.5113,0.4887,1.046245140167792
2025-12-02 02:00:00,0.5113,0.4887,1.046245140167792
2025-12-02 03:00:00,0.5113,0.4887,1.046245140167792
2025-12-02 04:00:00,0.5113,0.4887,1.046245140167792
2025-12-02 05:00:00,0.5113,0.4887,1.046245140167792
2025-12-02 06:00:00,0.5113,0.4887,1.046245140167792
2025-12-02 07:00:00,0.5113,0.4887,1.046245140167792
2025-12-02 08:00:00,0.5113,0.4887,1.046245140167792
2025-12-02 09:00:00,0.5113,0.4887,1.046245140167792
2025-12-02 10:00:00,0.5113,0.4887,1.046245140167792
2025-12-02 11:00:00,0.5113,0.4887,1.046245140167792
2025-12-02 12:00:00,0.5113,0.4887,1.046245140167792
2025-12-02 13:00:00,0.5113,0.4887,1.046245140167792
2025-12-02 14:00:00,0.5113,0.4887,1.046245140167792
2025-12-02 15:00:00,0.5113,0.4887,1.046245140167792
2025-12-02 16:00:00,0.5113,0.4887,1.046245140167792
2025-12-02 17:00:00,0.5113,0.4887,1.046245140167792
2025-12-02 18:00:00,0.5113,0.4887,1.046245140167792
2025-12-02 19:00:00,0.5113,0.4887,1.046245140167792
2025-12-02 20:00:00,0.5113,0.4887,1.046245140167792
2025-12-02 21:00:00,0.5113,0.4887,1.046245140167792
2025-12-02 22:00:00,0.5113,0.4887,1.046245140167792
2025-12-02 23:00:00,0.5113,0.4887,1.046245140167792
2025-12-03 00:00:00,0.5113,0.4887,1.046245140167792
2025-12-03 01:00:00,0.5113,0.4887,1.046245140167792
2025-12-03 02:00:00,0.5113,0.4887,1.046245140167792
2025-12-03 03:00:00,0.5113,0.4887,1.046245140167792
2025-12-03 04:00:00,0.5113,0.4887,1.046245140167792
2025-12-03 05:00:00,0.5113,0.4887,1.046245140167792
2025-12-03 06:00:00,0.5113,0.4887,1.046245140167792
2025-12-03 07:00:00,0.5113,0.4887,1.046245140167792
2025-12-03 08:00:00,0.5113,0.4887,1.046245140167792
2025-12-03 09:00:00,0.5113,0.4887,1.046245140167792
2025-12-03 10:00:00,0.5113,0.4887,1.046245140167792
2025-12-03 11:00:00,0.5113,0.4887,1.046245140167792
2025-12-03 12:00:00,0.5113,0.4887,1.046245140167792
2025-12-03 13:00:00,0.5113,0.4887,1.046245140167792
2025-12-03 14:00:00,0.5113,0.4887,1.046245140167792
2025-12-03 15:00:00,0.5113,0.4887,1.046245140167792
2025-12-03 16:00:00,0.5113,0.4887,1.046245140167792
2025-12-03 17:00:00,0.5113,0.4887,1.046245140167792
2025-12-03 18:00:00,0.5113,0.4887,1.046245140167792
2025-12-03 19:00:00,0.5113,0.4887,1.046245140167792
2025-12-03 20:00:00,0.5113,0.4887,1.046245140167792
2025-12-03 21:00:00,0.5113,0.4887,1.046245140167792
2025-12-03 22:00:00,0.5113,0.4887,1.046245140167792
2025-12-03 23:00:00,0.5113,0.4887,1.046245140167792
2025-12-04 00:00:00,0.5113,0.4887,1.046245140167792
2025-12-04 01:00:00,0.5113,0.4887,1.046245140167792
2025-12-04 02:00:00,0.5113,0.4887,1.046245140167792
2025-12-04 03:00:00,0.5113,0.4887,1.046245140167792
2025-12-04 04:00:00,0.5113,0.4887,1.046245140167792
2025-12-04 05:00:00,0.5113,0.4887,1.046245140167792
2025-12-04 06:00:00,0.5113,0.4887,1.046245140167792
2025-12-04 07:00:00,0.5113,0.4887,1.046245140167792
2025-12-04 08:00:00,0.5113,0.4887,1.046245140167792
2025-12-04 09:00:00,0.6735,0.3265,2.0627871362940273
2025-12-04 10:00:00,0.671,0.329,2.0395136778115504
2025-12-04 11:00:00,0.6747,0.3253,2.0740854595757763
2025-12-04 12:00:00,0.6746,0.3254,2.073140749846343
2025-12-04 13:00:00,0.6727,0.3273,2.0553009471432935
2025-12-04 14:00:00,0.6728,0.3272,2.056234718826406
2025-12-04 15:00:00,0.67,0.33,2.0303030303030303
2025-12-04 16:00:00,0.6659,0.3341,1.9931158335827597
2025-12-04 17:00:00,0.6637,0.3363,1.9735355337496283
2025-12-04 18:00:00,0.6563,0.3437,1.909514111143439
2025-12-04 19:00:00,0.6521,0.3479,1.8743891922966371
2025-12-04 20:00:00,0.6655,0.3345,1.9895366218236172
2025-12-04 21:00:00,0.6624,0.3376,1.9620853080568719
2025-12-04 22:00:00,0.6643,0.3357,1.978850163836759
2025-12-04 23:00:00,0.6637,0.3363,1.9735355337496283
2025-12-05 00:00:00,0.6605,0.3395,1.9455081001472752
2025-12-05 01:00:00,0.6641,0.3359,1.9770765108663295
2025-12-05 02:00:00,0.6615,0.3385,1.9542097488921713
2025-12-05 03:00:00,0.6634,0.3366,1.9708853238265003
2025-12-05 04:00:00,0.6624,0.3376,1.9620853080568719
2025-12-05 05:00:00,0.6626,0.3374,1.9638411381149972
2025-12-05 06:00:00,0.6654,0.3346,1.9886431560071727
2025-12-05 07:00:00,0.6672,0.3328,2.0048076923076925
2025-12-05 08:00:00,0.6664,0.3336,1.9976019184652278
2025-12-05 09:00:00,0.6634,0.3366,1.9708853238265003
2025-12-05 10:00:00,0.6626,0.3374,1.9638411381149972
2025-12-05 11:00:00,0.6638,0.3362,1.97441998810232
2025-12-05 12:00:00,0.6641,0.3359,1.9770765108663295
2025-12-05 13:00:00,0.663,0.337,1.9673590504451037
2025-12-05 14:00:00,0.6637,0.3363,1.9735355337496283
2025-12-05 15:00:00,0.6696,0.3304,2.0266343825665856
2025-12-05 16:00:00,0.6698,0.3302,2.0284675953967293
2025-12-05 17:00:00,0.6667,0.3333,2.0003000300030003
2025-12-05 18:00:00,0.6632,0.3368,1.969121140142518
2025-12-05 19:00:00,0.6623,0.3377,1.9612081729345574
2025-12-05 20:00:00,0.6707,0.3293,2.0367446097783177
2025-12-05 21:00:00,0.6854,0.3146,2.178639542275906
2025-12-05 22:00:00,0.6953,0.3047,2.281916639317361
2025-12-05 23:00:00,0.69,0.31,2.225806451612903
2025-12-06 00:00:00,0.6946,0.3054,2.2743942370661427
2025-12-06 01:00:00,0.6925,0.3075,2.252032520325203
2025-12-06 02:00:00,0.6917,0.3083,2.243593902043464
2025-12-06 03:00:00,0.6952,0.3048,2.2808398950131235
2025-12-06 04:00:00,0.6955,0.3045,2.284072249589491
2025-12-06 05:00:00,0.6965,0.3035,2.2948929159802307
2025-12-06 06:00:00,0.6971,0.3029,2.301419610432486
2025-12-06 07:00:00,0.6964,0.3036,2.293807641633729
2025-12-06 08:00:00,0.6988,0.3012,2.3200531208499333
2025-12-06 09:00:00,0.6998,0.3002,2.331112591605596
2025-12-06 10:00:00,0.7004,0.2996,2.3377837116154874
2025-12-06 11:00:00,0.7005,0.2995,2.33889816360601
2025-12-06 12:00:00,0.7002,0.2998,2.33555703802535
2025-12-06 13:00:00,0.6957,0.3043,2.286230693394676
2025-12-06 14:00:00,0.696,0.304,2.289473684210526
2025-12-06 15:00:00,0.6952,0.3048,2.2808398950131235
2025-12-06 16:00:00,0.6964,0.3036,2.293807641633729
2025-12-06 17:00:00,0.6961,0.3039,2.290556103981573
2025-12-06 18:00:00,0.698,0.302,2.3112582781456954
2025-12-06 19:00:00,0.7085,0.2915,2.430531732418525
2025-12-06 20:00:00,0.7052,0.2948,2.3921302578018997
2025-12-06 21:00:00,0.7037,0.2963,2.374957813027337
2025-12-06 22:00:00,0.7032,0.2968,2.3692722371967654
2025-12-06 23:00:00,0.7021,0.2979,2.356831151393085
2025-12-07 00:00:00,0.6992,0.3008,2.3244680851063833
2025-12-07 01:00:00,0.7003,0.2997,2.33667000333667
2025-12-07 02:00:00,0.6999,0.3001,2.332222592469177
2025-12-07 03:00:00,0.6991,0.3009,2.3233632436025258
2025-12-07 04:00:00,0.6963,0.3037,2.2927230819888047
2025-12-07 05:00:00,0.6977,0.3023,2.3079722130334104
2025-12-07 06:00:00,0.6977,0.3023,2.3079722130334104
2025-12-07 07:00:00,0.7003,0.2997,2.33667000333667
2025-12-07 08:00:00,0.7005,0.2995,2.33889816360601
2025-12-07 09:00:00,0.7013,0.2987,2.3478406427854033
2025-12-07 10:00:00,0.7,0.3,2.3333333333333335
2025-12-07 11:00:00,0.701,0.299,2.3444816053511706
2025-12-07 12:00:00,0.701,0.299,2.3444816053511706
2025-12-07 13:00:00,0.7007,0.2993,2.341129301703976
2025-12-07 14:00:00,0.6977,0.3023,2.3079722130334104
2025-12-07 15:00:00,0.6984,0.3016,2.3156498673740056
2025-12-07 16:00:00,0.6974,0.3026,2.304692663582287
2025-12-07 17:00:00,0.6992,0.3008,2.3244680851063833
2025-12-07 18:00:00,0.6948,0.3052,2.27653997378768
2025-12-07 19:00:00,0.6961,0.3039,2.290556103981573
2025-12-07 20:00:00,0.7056,0.2944,2.3967391304347827
2025-12-07 21:00:00,0.7082,0.2918,2.4270047978067173
2025-12-07 22:00:00,0.7204,0.2796,2.57653791130186
2025-12-07 23:00:00,0.717,0.283,2.53356890459364
2025-12-08 00:00:00,0.7109,0.2891,2.459010722933241
2025-12-08 01:00:00,0.7102,0.2898,2.450655624568668
2025-12-08 02:00:00,0.7073,0.2927,2.4164673727365904
2025-12-08 03:00:00,0.7169,0.2831,2.532320734722713
2025-12-08 04:00:00,0.7185,0.2815,2.5523978685612794
2025-12-08 05:00:00,0.7207,0.2793,2.5803795202291444
2025-12-08 06:00:00,0.7215,0.2785,2.5906642728904847
2025-12-08 07:00:00,0.7224,0.2776,2.602305475504323
2025-12-08 08:00:00,0.7177,0.2823,2.5423308537017357
2025-12-08 09:00:00,0.7173,0.2827,2.537318712415989
2025-12-08 10:00:00,0.7158,0.2842,2.518648838845883
2025-12-08 11:00:00,0.7165,0.2835,2.5273368606701943
2025-12-08 12:00:00,0.7165,0.2835,2.5273368606701943
2025-12-08 13:00:00,0.7172,0.2828,2.536067892503536
2025-12-08 14:00:00,0.7147,0.2853,2.505082369435682
2025-12-08 15:00:00,0.7101,0.2899,2.4494653328734044
2025-12-08 16:00:00,0.7031,0.2969,2.368137420006736
2025-12-08 17:00:00,0.6935,0.3065,2.2626427406199023
2025-12-08 18:00:00,0.6915,0.3085,2.2414910858995136
2025-12-08 19:00:00,0.6967,0.3033,2.297065611605671
2025-12-08 20:00:00,0.7137,0.2863,2.4928396786587497
2025-12-08 21:00:00,0.7203,0.2797,2.5752592062924564
2025-12-08 22:00:00,0.7228,0.2772,2.6075036075036073
2025-12-08 23:00:00,0.7225,0.2775,2.6036036036036037
2025-12-09 00:00:00,0.7228,0.2772,2.6075036075036073
2025-12-09 01:00:00,0.7277,0.2723,2.6724201248622843
2025-12-09 02:00:00,0.7293,0.2707,2.694126339120798
2025-12-09 03:00:00,0.7239,0.2761,2.621876131836291
2025-12-09 04:00:00,0.7194,0.2806,2.563791874554526
2025-12-09 05:00:00,0.7176,0.2824,2.5410764872521248
2025-12-09 06:00:00,0.716,0.284,2.5211267605633805
2025-12-09 07:00:00,0.7172,0.2828,2.536067892503536
2025-12-09 08:00:00,0.7182,0.2818,2.5486160397444997
2025-12-09 09:00:00,0.7181,0.2819,2.5473572188719404
2025-12-09 10:00:00,0.7161,0.2839,2.522367030644593
2025-12-09 11:00:00,0.7159,0.2841,2.5198873636043646
2025-12-09 12:00:00,0.7177,0.2823,2.5423308537017357
2025-12-09 13:00:00,0.7168,0.2832,2.5310734463276834
2025-12-09 14:00:00,0.7105,0.2895,2.4542314335060453
2025-12-09 15:00:00,0.711,0.289,2.4602076124567476
2025-12-09 16:00:00,0.7123,0.2877,2.4758428919012863
2025-12-09 17:00:00,0.7167,0.2833,2.5298270384751147
2025-12-09 18:00:00,0.7149,0.2851,2.50754121360926
2025-12-09 19:00:00,0.7123,0.2877,2.4758428919012863
2025-12-09 20:00:00,0.7146,0.2854,2.5038542396636303
2025-12-09 21:00:00,0.696,0.304,2.289473684210526
2025-12-09 22:00:00,0.6727,0.3273,2.0553009471432935
2025-12-09 23:00:00,0.6631,0.3369,1.9682398337785696
2025-12-10 00:00:00,0.6588,0.3412,1.9308323563892147
2025-12-10 01:00:00,0.6542,0.3458,1.891844997108155
2025-12-10 02:00:00,0.6565,0.3435,1.9112081513828236
2025-12-10 03:00:00,0.6637,0.3363,1.9735355337496283
2025-12-10 04:00:00,0.6654,0.3346,1.9886431560071727
2025-12-10 05:00:00,0.6661,0.3339,1.994908655286014
2025-12-10 06:00:00,0.6688,0.3312,2.0193236714975846
2025-12-10 07:00:00,0.6728,0.3272,2.056234718826406
2025-12-10 08:00:00,0.6766,0.3234,2.092145949288806
2025-12-10 09:00:00,0.681,0.319,2.134796238244514
2025-12-10 10:00:00,0.6844,0.3156,2.1685678073510775
2025-12-10 11:00:00,0.687,0.313,2.194888178913738
2025-12-10 12:00:00,0.688,0.312,2.205128205128205
2025-12-10 13:00:00,0.6892,0.3108,2.2175032175032174
2025-12-10 14:00:00,0.6913,0.3087,2.2393909944930357
2025-12-10 15:00:00,0.6944,0.3056,2.2722513089005236
2025-12-10 16:00:00,0.6908,0.3092,2.2341526520051747
2025-12-10 17:00:00,0.6895,0.3105,2.2206119162640903
2025-12-10 18:00:00,0.6909,0.3091,2.2351989647363313
2025-12-10 19:00:00,0.6872,0.3128,2.1969309462915603
2025-12-10 20:00:00,0.693,0.307,2.2573289902280127
2025-12-10 21:00:00,0.7025,0.2975,2.361344537815126
2025-12-10 22:00:00,0.7052,0.2948,2.3921302578018997
2025-12-10 23:00:00,0.7093,0.2907,2.4399724802201583
2025-12-11 00:00:00,0.704,0.296,2.3783783783783785
2025-12-11 01:00:00,0.7001,0.2999,2.334444814938313
2025-12-11 02:00:00,0.7015,0.2985,2.3500837520938025
2025-12-11 03:00:00,0.6992,0.3008,2.3244680851063833
2025-12-11 04:00:00,0.698,0.302,2.3112582781456954
2025-12-11 05:00:00,0.6915,0.3085,2.2414910858995136
2025-12-11 06:00:00,0.692,0.308,2.2467532467532467
2025-12-11 07:00:00,0.6914,0.3086,2.240440699935191
2025-12-11 08:00:00,0.697,0.303,2.3003300330033003
2025-12-11 09:00:00,0.7079,0.2921,2.4234851078397806
2025-12-11 10:00:00,0.7103,0.2897,2.4518467380048325
2025-12-11 11:00:00,0.7082,0.2918,2.4270047978067173
2025-12-11 12:00:00,0.7079,0.2921,2.4234851078397806
2025-12-11 13:00:00,0.7064,0.2936,2.4059945504087192
2025-12-11 14:00:00,0.7097,0.2903,2.444712366517396
2025-12-11 15:00:00,0.7083,0.2917,2.4281796366129584
2025-12-11 16:00:00,0.708,0.292,2.4246575342465753
2025-12-11 17:00:00,0.7073,0.2927,2.4164673727365904
2025-12-11 18:00:00,0.704,0.296,2.3783783783783785
2025-12-11 19:00:00,0.7004,0.2996,2.3377837116154874
2025-12-11 20:00:00,0.7076,0.2924,2.4199726402188784
2025-12-11 21:00:00,0.7073,0.2927,2.4164673727365904
2025-12-11 22:00:00,0.7088,0.2912,2.434065934065934
2025-12-11 23:00:00,0.7132,0.2868,2.486750348675035
2025-12-12 00:00:00,0.7086,0.2914,2.431708991077557
2025-12-12 01:00:00,0.7035,0.2965,2.3726812816188874
2025-12-12 02:00:00,0.6942,0.3058,2.2701111837802483
2025-12-12 03:00:00,0.6887,0.3113,2.2123353678123996
2025-12-12 04:00:00,0.6888,0.3112,2.2133676092544987
2025-12-12 05:00:00,0.6845,0.3155,2.1695721077654517
2025-12-12 06:00:00,0.6856,0.3144,2.1806615776081424
2025-12-12 07:00:00,0.6884,0.3116,2.209242618741977
2025-12-12 08:00:00,0.6852,0.3148,2.1766200762388817
2025-12-12 09:00:00,0.6829,0.3171,2.15357931251971
2025-12-12 10:00:00,0.6809,0.3191,2.1338138514572234
2025-12-12 11:00:00,0.6811,0.3189,2.1357792411414236
2025-12-12 12:00:00,0.6802,0.3198,2.1269543464665417
2025-12-12 13:00:00,0.6789,0.3211,2.114294612270321
2025-12-12 14:00:00,0.6787,0.3213,2.1123560535325243
2025-12-12 15:00:00,0.6777,0.3223,2.102699348433137
2025-12-12 16:00:00,0.679,0.321,2.115264797507788
2025-12-12 17:00:00,0.6793,0.3207,2.1181789834736517
2025-12-12 18:00:00,0.6793,0.3207,2.1181789834736517
2025-12-12 19:00:00,0.6784,0.3216,2.109452736318408
2025-12-12 20:00:00,0.6904,0.3096,2.2299741602067185
2025-12-12 21:00:00,0.7025,0.2975,2.361344537815126
2025-12-12 22:00:00,0.7082,0.2918,2.4270047978067173
2025-12-12 23:00:00,0.709,0.291,2.436426116838488
2025-12-13 00:00:00,0.7082,0.2918,2.4270047978067173
2025-12-13 01:00:00,0.709,0.291,2.436426116838488
2025-12-13 02:00:00,0.7096,0.2904,2.443526170798898
2025-12-13 03:00:00,0.711,0.289,2.4602076124567476
2025-12-13 04:00:00,0.7113,0.2887,2.4638032559750607
2025-12-13 05:00:00,0.711,0.289,2.4602076124567476
2025-12-13 06:00:00,0.7101,0.2899,2.4494653328734044
2025-12-13 07:00:00,0.7101,0.2899,2.4494653328734044
2025-12-13 08:00:00,0.7094,0.2906,2.4411562284927735
2025-12-13 09:00:00,0.7098,0.2902,2.4458993797381114
2025-12-13 10:00:00,0.7093,0.2907,2.4399724802201583
2025-12-13 11:00:00,0.7088,0.2912,2.434065934065934
2025-12-13 12:00:00,0.7091,0.2909,2.4376074252320383
2025-12-13 13:00:00,0.7112,0.2888,2.4626038781163437
2025-12-13 14:00:00,0.7109,0.2891,2.459010722933241
2025-12-13 15:00:00,0.7121,0.2879,2.4734282737061477
2025-12-13 16:00:00,0.7092,0.2908,2.43878954607978
2025-12-13 17:00:00,0.7072,0.2928,2.4153005464480874
2025-12-13 18:00:00,0.7085,0.2915,2.430531732418525
2025-12-13 19:00:00,0.7053,0.2947,2.39328130302002
2025-12-13 20:00:00,0.7054,0.2946,2.394433129667346
2025-12-13 21:00:00,0.7052,0.2948,2.3921302578018997
2025-12-13 22:00:00,0.7038,0.2962,2.3760972316002698
2025-12-13 23:00:00,0.7051,0.2949,2.39097999321804
2025-12-14 00:00:00,0.7072,0.2928,2.4153005464480874
2025-12-14 01:00:00,0.7067,0.2933,2.4094783498124785
2025-12-14 02:00:00,0.7052,0.2948,2.3921302578018997
2025-12-14 03:00:00,0.7071,0.2929,2.4141345168999657
2025-12-14 04:00:00,0.7089,0.2911,2.435245620061834
2025-12-14 05:00:00,0.7104,0.2896,2.453038674033149
2025-12-14 06:00:00,0.7111,0.2889,2.461405330564209
2025-12-14 07:00:00,0.7113,0.2887,2.4638032559750607
2025-12-14 08:00:00,0.7108,0.2892,2.457814661134163
2025-12-14 09:00:00,0.7104,0.2896,2.453038674033149
2025-12-14 10:00:00,0.7091,0.2909,2.4376074252320383
2025-12-14 11:00:00,0.7088,0.2912,2.434065934065934
2025-12-14 12:00:00,0.7087,0.2913,2.4328870580157913
2025-12-14 13:00:00,0.7072,0.2928,2.4153005464480874
2025-12-14 14:00:00,0.7051,0.2949,2.39097999321804
2025-12-14 15:00:00,0.7051,0.2949,2.39097999321804
2025-12-14 16:00:00,0.7018,0.2982,2.3534540576794094
2025-12-14 17:00:00,0.708,0.292,2.4246575342465753
2025-12-14 18:00:00,0.7065,0.2935,2.4071550255536627
2025-12-14 19:00:00,0.7049,0.2951,2.388681802778719
2025-12-14 20:00:00,0.7062,0.2938,2.4036759700476518
2025-12-14 21:00:00,0.7061,0.2939,2.402517863218782
2025-12-14 22:00:00,0.7079,0.2921,2.4234851078397806
2025-12-14 23:00:00,0.7115,0.2885,2.466204506065858
2025-12-15 00:00:00,0.71,0.29,2.4482758620689657
2025-12-15 01:00:00,0.711,0.289,2.4602076124567476
2025-12-15 02:00:00,0.7102,0.2898,2.450655624568668
2025-12-15 03:00:00,0.7112,0.2888,2.4626038781163437
2025-12-15 04:00:00,0.7117,0.2883,2.46860908775581
2025-12-15 05:00:00,0.7167,0.2833,2.5298270384751147
2025-12-15 06:00:00,0.7266,0.2734,2.65764447695684
2025-12-15 07:00:00,0.7253,0.2747,2.6403349108117946
2025-12-15 08:00:00,0.7227,0.2773,2.606202668589975
2025-12-15 09:00:00,0.7228,0.2772,2.6075036075036073
2025-12-15 10:00:00,0.7202,0.2798,2.5739814152966405
2025-12-15 11:00:00,0.7191,0.2809,2.5599857600569598
2025-12-15 12:00:00,0.7162,0.2838,2.523608174770965
2025-12-15 13:00:00,0.7154,0.2846,2.5137034434293746
2025-12-15 14:00:00,0.7143,0.2857,2.5001750087504377
2025-12-15 15:00:00,0.709,0.291,2.436426116838488
2025-12-15 16:00:00,0.7057,0.2943,2.397893306150187
2025-12-15 17:00:00,0.7001,0.2999,2.334444814938313
2025-12-15 18:00:00,0.6935,0.3065,2.2626427406199023
2025-12-15 19:00:00,0.7016,0.2984,2.351206434316354
2025-12-15 20:00:00,0.7127,0.2873,2.4806822137138878
2025-12-15 21:00:00,0.7124,0.2876,2.477051460361613
2025-12-15 22:00:00,0.7137,0.2863,2.4928396786587497
2025-12-15 23:00:00,0.731,0.269,2.717472118959108
2025-12-16 00:00:00,0.7386,0.2614,2.8255547054322876
2025-12-16 01:00:00,0.739,0.261,2.8314176245210727
2025-12-16 02:00:00,0.7425,0.2575,2.883495145631068
2025-12-16 03:00:00,0.7441,0.2559,2.907776475185619
2025-12-16 04:00:00,0.7484,0.2516,2.97456279809221
2025-12-16 05:00:00,0.7445,0.2555,2.913894324853229
2025-12-16 06:00:00,0.7438,0.2562,2.9032006245121003
2025-12-16 07:00:00,0.7449,0.2551,2.9200313602508823
2025-12-16 08:00:00,0.7431,0.2569,2.8925652004671076
2025-12-16 09:00:00,0.7409,0.2591,2.8595137012736394
2025-12-16 10:00:00,0.7421,0.2579,2.8774718883288095
2025-12-16 11:00:00,0.7471,0.2529,2.9541320680110714
2025-12-16 12:00:00,0.7469,0.2531,2.951007506914263
2025-12-16 13:00:00,0.7493,0.2507,2.988831272437176
2025-12-16 14:00:00,0.7479,0.2521,2.9666798889329633
2025-12-16 15:00:00,0.7517,0.2483,3.027386226339106
2025-12-16 16:00:00,0.7483,0.2517,2.972983710766786
2025-12-16 17:00:00,0.7439,0.2561,2.904724716907458
2025-12-16 18:00:00,0.7287,0.2713,2.6859565057132326
2025-12-16 19:00:00,0.7311,0.2689,2.7188545927854224
2025-12-16 20:00:00,0.7309,0.2691,2.716090672612412
2025-12-16 21:00:00,0.7228,0.2772,2.6075036075036073
2025-12-16 22:00:00,0.7161,0.2839,2.522367030644593
2025-12-16 23:00:00,0.7167,0.2833,2.5298270384751147
2025-12-17 00:00:00,0.7153,0.2847,2.5124692658939236
2025-12-17 01:00:00,0.7142,0.2858,2.498950314905528
2025-12-17 02:00:00,0.7137,0.2863,2.4928396786587497
2025-12-17 03:00:00,0.7124,0.2876,2.477051460361613
2025-12-17 04:00:00,0.7093,0.2907,2.4399724802201583
2025-12-17 05:00:00,0.7061,0.2939,2.402517863218782
2025-12-17 06:00:00,0.7062,0.2938,2.4036759700476518
2025-12-17 07:00:00,0.7044,0.2956,2.3829499323410017
2025-12-17 08:00:00,0.7026,0.2974,2.3624747814391394
2025-12-17 09:00:00,0.6959,0.3041,2.288391976323578
2025-12-17 10:00:00,0.7017,0.2983,2.352329869259135
2025-12-17 11:00:00,0.7022,0.2978,2.35795836131632
2025-12-17 12:00:00,0.7054,0.2946,2.394433129667346
2025-12-17 13:00:00,0.7027,0.2973,2.3636057854019508
2025-12-17 14:00:00,0.7036,0.2964,2.3738191632928474
2025-12-17 15:00:00,0.705,0.295,2.389830508474576
2025-12-17 16:00:00,0.7057,0.2943,2.397893306150187
2025-12-17 17:00:00,0.7023,0.2977,2.359086328518643
2025-12-17 18:00:00,0.7095,0.2905,2.442340791738382
2025-12-17 19:00:00,0.7095,0.2905,2.442340791738382
2025-12-17 20:00:00,0.695,0.305,2.278688524590164
2025-12-17 21:00:00,0.7071,0.2929,2.4141345168999657
2025-12-17 22:00:00,0.704,0.296,2.3783783783783785
2025-12-17 23:00:00,0.6982,0.3018,2.313452617627568
2025-12-18 00:00:00,0.7023,0.2977,2.359086328518643
2025-12-18 01:00:00,0.7041,0.2959,2.3795201081446433
2025-12-18 02:00:00,0.7027,0.2973,2.3636057854019508
2025-12-18 03:00:00,0.7074,0.2926,2.4176349965823647
2025-12-18 04:00:00,0.7068,0.2932,2.4106412005457023
2025-12-18 05:00:00,0.7071,0.2929,2.4141345168999657
2025-12-18 06:00:00,0.7044,0.2956,2.3829499323410017
2025-12-18 07:00:00,0.7088,0.2912,2.434065934065934
2025-12-18 08:00:00,0.7079,0.2921,2.4234851078397806
2025-12-18 09:00:00,0.7073,0.2927,2.4164673727365904
2025-12-18 10:00:00,0.7068,0.2932,2.4106412005457023
2025-12-18 11:00:00,0.7068,0.2932,2.4106412005457023
2025-12-18 12:00:00,0.7057,0.2943,2.397893306150187
2025-12-18 13:00:00,0.7072,0.2928,2.4153005464480874
2025-12-18 14:00:00,0.7088,0.2912,2.434065934065934
2025-12-18 15:00:00,0.7062,0.2938,2.4036759700476518
2025-12-18 16:00:00,0.7015,0.2985,2.3500837520938025
2025-12-18 17:00:00,0.6997,0.3003,2.33000333000333
2025-12-18 18:00:00,0.6914,0.3086,2.240440699935191
2025-12-18 19:00:00,0.6778,0.3222,2.1036623215394163
2025-12-18 20:00:00,0.6742,0.3258,2.0693677102516883
2025-12-18 21:00:00,0.6747,0.3253,2.0740854595757763
2025-12-18 22:00:00,0.6972,0.3028,2.3025099075297226
2025-12-18 23:00:00,0.698,0.302,2.3112582781456954
2025-12-19 00:00:00,0.7001,0.2999,2.334444814938313
2025-12-19 01:00:00,0.7044,0.2956,2.3829499323410017
2025-12-19 02:00:00,0.7145,0.2855,2.502626970227671
2025-12-19 03:00:00,0.7126,0.2874,2.479471120389701
2025-12-19 04:00:00,0.7127,0.2873,2.4806822137138878
2025-12-19 05:00:00,0.71,0.29,2.4482758620689657
2025-12-19 06:00:00,0.7079,0.2921,2.4234851078397806
2025-12-19 07:00:00,0.7124,0.2876,2.477051460361613
2025-12-19 08:00:00,0.7096,0.2904,2.443526170798898
2025-12-19 09:00:00,0.7048,0.2952,2.3875338753387534
2025-12-19 10:00:00,0.6988,0.3012,2.3200531208499333
2025-12-19 11:00:00,0.6979,0.3021,2.3101621979476996
2025-12-19 12:00:00,0.6892,0.3108,2.2175032175032174
2025-12-19 13:00:00,0.6807,0.3193,2.131850923896023
2025-12-19 14:00:00,0.6738,0.3262,2.0656039239730224
2025-12-19 15:00:00,0.6674,0.3326,2.006614552014432
2025-12-19 16:00:00,0.6631,0.3369,1.9682398337785696
2025-12-19 17:00:00,0.6504,0.3496,1.860411899313501
2025-12-19 18:00:00,0.6449,0.3551,1.8161081385525204
2025-12-19 19:00:00,0.6429,0.3571,1.8003360403248392
2025-12-19 20:00:00,0.6394,0.3606,1.7731558513588463
2025-12-19 21:00:00,0.6394,0.3606,1.7731558513588463
2025-12-19 22:00:00,0.6389,0.3611,1.7693159789531987
2025-12-19 23:00:00,0.6422,0.3578,1.7948574622694242
2025-12-20 00:00:00,0.6517,0.3483,1.8710881424059718
2025-12-20 01:00:00,0.6533,0.3467,1.8843380444188058
2025-12-20 02:00:00,0.6509,0.3491,1.864508736751647
2025-12-20 03:00:00,0.6518,0.3482,1.8719126938541069
2025-12-20 04:00:00,0.65,0.35,1.8571428571428574
2025-12-20 05:00:00,0.6493,0.3507,1.8514399771884802
2025-12-20 06:00:00,0.6498,0.3502,1.8555111364934325
2025-12-20 07:00:00,0.6505,0.3495,1.8612303290414878
2025-12-20 08:00:00,0.6521,0.3479,1.8743891922966371
2025-12-20 09:00:00,0.6522,0.3478,1.875215641173088
2025-12-20 10:00:00,0.6547,0.3453,1.8960324355632783
2025-12-20 11:00:00,0.6548,0.3452,1.8968713789107765
2025-12-20 12:00:00,0.6524,0.3476,1.8768699654775602
2025-12-20 13:00:00,0.6536,0.3464,1.8868360277136258
2025-12-20 14:00:00,0.6525,0.3475,1.8776978417266188
2025-12-20 15:00:00,0.6494,0.3506,1.8522532800912719
2025-12-20 16:00:00,0.648,0.352,1.840909090909091
2025-12-20 17:00:00,0.6471,0.3529,1.8336639274582036
2025-12-20 18:00:00,0.6451,0.3549,1.8176951253874332
2025-12-20 19:00:00,0.6451,0.3549,1.8176951253874332
2025-12-20 20:00:00,0.6451,0.3549,1.8176951253874332
2025-12-20 21:00:00,0.6472,0.3528,1.8344671201814058
2025-12-20 22:00:00,0.6477,0.3523,1.838489923360772
2025-12-20 23:00:00,0.6483,0.3517,1.8433323855558714
2025-12-21 00:00:00,0.6499,0.3501,1.8563267637817766
2025-12-21 01:00:00,0.6506,0.3494,1.8620492272467086
2025-12-21 02:00:00,0.652,0.348,1.8735632183908049
2025-12-21 03:00:00,0.6514,0.3486,1.8686173264486516
2025-12-21 04:00:00,0.6514,0.3486,1.8686173264486516
2025-12-21 05:00:00,0.6524,0.3476,1.8768699654775602
2025-12-21 06:00:00,0.6533,0.3467,1.8843380444188058
2025-12-21 07:00:00,0.6517,0.3483,1.8710881424059718
2025-12-21 08:00:00,0.6528,0.3472,1.880184331797235
2025-12-21 09:00:00,0.6528,0.3472,1.880184331797235
2025-12-21 10:00:00,0.653,0.347,1.8818443804034584
2025-12-21 11:00:00,0.6534,0.3466,1.8851702250432774
2025-12-21 12:00:00,0.6528,0.3472,1.880184331797235
2025-12-21 13:00:00,0.6593,0.3407,1.9351335485764602
2025-12-21 14:00:00,0.6607,0.3393,1.9472443265546713
2025-12-21 15:00:00,0.6562,0.3438,1.9086678301337987
2025-12-21 16:00:00,0.6559,0.3441,1.9061319383900028
2025-12-21 17:00:00,0.655,0.345,1.8985507246376814
2025-12-21 18:00:00,0.6552,0.3448,1.900232018561485
2025-12-21 19:00:00,0.6613,0.3387,1.9524653085326247
2025-12-21 20:00:00,0.6622,0.3378,1.960331557134399
2025-12-21 21:00:00,0.6632,0.3368,1.969121140142518
2025-12-21 22:00:00,0.6623,0.3377,1.9612081729345574
2025-12-21 23:00:00,0.6605,0.3395,1.9455081001472752
2025-12-22 00:00:00,0.6618,0.3382,1.9568302779420463
2025-12-22 01:00:00,0.6616,0.3384,1.955082742316785
2025-12-22 02:00:00,0.6623,0.3377,1.9612081729345574
2025-12-22 03:00:00,0.6624,0.3376,1.9620853080568719
2025-12-22 04:00:00,0.6638,0.3362,1.97441998810232
2025-12-22 05:00:00,0.6767,0.3233,2.093102381688834
2025-12-22 06:00:00,0.6756,0.3244,2.0826140567200984
2025-12-22 07:00:00,0.6769,0.3231,2.095017022593624
2025-12-22 08:00:00,0.676,0.324,2.0864197530864197
2025-12-22 09:00:00,0.6762,0.3238,2.0883261272390365
2025-12-22 10:00:00,0.6735,0.3265,2.0627871362940273
2025-12-22 11:00:00,0.6726,0.3274,2.054367745876603
2025-12-22 12:00:00,0.6717,0.3283,2.045994517209869
2025-12-22 13:00:00,0.6698,0.3302,2.0284675953967293
2025-12-22 14:00:00,0.669,0.331,2.0211480362537766
2025-12-22 15:00:00,0.667,0.333,2.003003003003003
2025-12-22 16:00:00,0.6645,0.3355,1.9806259314456034
2025-12-22 17:00:00,0.6578,0.3422,1.9222676797194624
2025-12-22 18:00:00,0.6443,0.3557,1.8113578858588697
2025-12-22 19:00:00,0.6428,0.3572,1.7995520716685331
2025-12-22 20:00:00,0.6457,0.3543,1.822466836014677
2025-12-22 21:00:00,0.6403,0.3597,1.780094523213789
2025-12-22 22:00:00,0.6433,0.3567,1.803476310625175
2025-12-22 23:00:00,0.6446,0.3554,1.8137310073157005
2025-12-23 00:00:00,0.659,0.341,1.9325513196480937
2025-12-23 01:00:00,0.6743,0.3257,2.0703101013202336
2025-12-23 02:00:00,0.679,0.321,2.115264797507788
2025-12-23 03:00:00,0.6826,0.3174,2.15059861373661
2025-12-23 04:00:00,0.6832,0.3168,2.1565656565656566
2025-12-23 05:00:00,0.6857,0.3143,2.1816735602927135
2025-12-23 06:00:00,0.6839,0.3161,2.1635558367605188
2025-12-23 07:00:00,0.6861,0.3139,2.185727938834024
2025-12-23 08:00:00,0.6865,0.3135,2.189792663476874
2025-12-23 09:00:00,0.6843,0.3157,2.1675641431738994
2025-12-23 10:00:00,0.684,0.316,2.1645569620253164
2025-12-23 11:00:00,0.6891,0.3109,2.21646831778707
2025-12-23 12:00:00,0.6935,0.3065,2.2626427406199023
2025-12-23 13:00:00,0.6923,0.3077,2.2499187520311996
2025-12-23 14:00:00,0.6885,0.3115,2.2102728731942216
2025-12-23 15:00:00,0.6918,0.3082,2.2446463335496434
2025-12-23 16:00:00,0.6977,0.3023,2.3079722130334104
2025-12-23 17:00:00,0.6953,0.3047,2.281916639317361
2025-12-23 18:00:00,0.6911,0.3089,2.237293622531564
2025-12-23 19:00:00,0.6897,0.3103,2.2226877215597804
2025-12-23 20:00:00,0.6965,0.3035,2.2948929159802307
2025-12-23 21:00:00,0.7045,0.2955,2.3840947546531304
2025-12-23 22:00:00,0.7022,0.2978,2.35795836131632
2025-12-23 23:00:00,0.7009,0.2991,2.3433634236041456
2025-12-24 00:00:00,0.7001,0.2999,2.334444814938313
2025-12-24 01:00:00,0.7073,0.2927,2.4164673727365904
2025-12-24 02:00:00,0.7073,0.2927,2.4164673727365904
2025-12-24 03:00:00,0.7075,0.2925,2.418803418803419
2025-12-24 04:00:00,0.7078,0.2922,2.4223134839151266
2025-12-24 05:00:00,0.7079,0.2921,2.4234851078397806
2025-12-24 06:00:00,0.7085,0.2915,2.430531732418525
2025-12-24 07:00:00,0.7082,0.2918,2.4270047978067173
2025-12-24 08:00:00,0.7103,0.2897,2.4518467380048325
2025-12-24 09:00:00,0.7079,0.2921,2.4234851078397806
2025-12-24 10:00:00,0.708,0.292,2.4246575342465753
2025-12-24 11:00:00,0.7089,0.2911,2.435245620061834
2025-12-24 12:00:00,0.7111,0.2889,2.461405330564209
2025-12-24 13:00:00,0.7112,0.2888,2.4626038781163437
2025-12-24 14:00:00,0.7109,0.2891,2.459010722933241
2025-12-24 15:00:00,0.7144,0.2856,2.5014005602240896
2025-12-24 16:00:00,0.7146,0.2854,2.5038542396636303
2025-12-24 17:00:00,0.7164,0.2836,2.5260930888575457
2025-12-24 18:00:00,0.7137,0.2863,2.4928396786587497
2025-12-24 19:00:00,0.7128,0.2872,2.481894150417827
2025-12-24 20:00:00,0.7127,0.2873,2.4806822137138878
2025-12-24 21:00:00,0.7149,0.2851,2.50754121360926
2025-12-24 22:00:00,0.7145,0.2855,2.502626970227671
2025-12-24 23:00:00,0.7139,0.2861,2.495281370150297
2025-12-25 00:00:00,0.7138,0.2862,2.4940600978336827
2025-12-25 01:00:00,0.7132,0.2868,2.486750348675035
2025-12-25 02:00:00,0.7136,0.2864,2.4916201117318435
2025-12-25 03:00:00,0.7137,0.2863,2.4928396786587497
2025-12-25 04:00:00,0.7113,0.2887,2.4638032559750607
2025-12-25 05:00:00,0.7113,0.2887,2.4638032559750607
2025-12-25 06:00:00,0.7113,0.2887,2.4638032559750607
2025-12-25 07:00:00,0.7113,0.2887,2.4638032559750607
2025-12-25 08:00:00,0.7113,0.2887,2.4638032559750607
2025-12-25 09:00:00,0.7113,0.2887,2.4638032559750607
2025-12-25 10:00:00,0.7113,0.2887,2.4638032559750607
2025-12-25 11:00:00,0.7113,0.2887,2.4638032559750607
2025-12-25 12:00:00,0.7113,0.2887,2.4638032559750607
2025-12-25 13:00:00,0.7113,0.2887,2.4638032559750607
2025-12-25 14:00:00,0.7113,0.2887,2.4638032559750607
2025-12-25 15:00:00,0.7113,0.2887,2.4638032559750607
2025-12-25 16:00:00,0.7113,0.2887,2.4638032559750607
2025-12-25 17:00:00,0.7113,0.2887,2.4638032559750607
2025-12-25 18:00:00,0.7113,0.2887,2.4638032559750607
2025-12-25 19:00:00,0.7113,0.2887,2.4638032559750607
2025-12-25 20:00:00,0.7113,0.2887,2.4638032559750607
2025-12-25 21:00:00,0.7113,0.2887,2.4638032559750607
2025-12-25 22:00:00,0.7113,0.2887,2.4638032559750607
2025-12-25 23:00:00,0.7113,0.2887,2.4638032559750607
2025-12-26 00:00:00,0.7113,0.2887,2.4638032559750607
2025-12-26 01:00:00,0.7113,0.2887,2.4638032559750607
2025-12-26 02:00:00,0.7113,0.2887,2.4638032559750607
2025-12-26 03:00:00,0.7113,0.2887,2.4638032559750607
2025-12-26 04:00:00,0.7113,0.2887,2.4638032559750607
2025-12-26 05:00:00,0.7113,0.2887,2.4638032559750607
2025-12-26 06:00:00,0.7113,0.2887,2.4638032559750607
2025-12-26 07:00:00,0.7113,0.2887,2.4638032559750607
2025-12-26 08:00:00,0.7113,0.2887,2.4638032559750607
2025-12-26 09:00:00,0.7113,0.2887,2.4638032559750607
2025-12-26 10:00:00,0.7113,0.2887,2.4638032559750607
2025-12-26 11:00:00,0.7113,0.2887,2.4638032559750607
2025-12-26 12:00:00,0.7113,0.2887,2.4638032559750607
2025-12-26 13:00:00,0.7113,0.2887,2.4638032559750607
2025-12-26 14:00:00,0.7113,0.2887,2.4638032559750607
2025-12-26 15:00:00,0.7113,0.2887,2.4638032559750607
2025-12-26 16:00:00,0.7113,0.2887,2.4638032559750607
2025-12-26 17:00:00,0.7113,0.2887,2.4638032559750607
2025-12-26 18:00:00,0.7113,0.2887,2.4638032559750607
2025-12-26 19:00:00,0.7113,0.2887,2.4638032559750607
2025-12-26 20:00:00,0.7113,0.2887,2.4638032559750607
2025-12-26 21:00:00,0.7113,0.2887,2.4638032559750607
2025-12-26 22:00:00,0.7113,0.2887,2.4638032559750607
2025-12-26 23:00:00,0.7113,0.2887,2.4638032559750607
2025-12-27 00:00:00,0.7113,0.2887,2.4638032559750607
2025-12-27 01:00:00,0.7113,0.2887,2.4638032559750607
2025-12-27 02:00:00,0.7113,0.2887,2.4638032559750607
2025-12-27 03:00:00,0.7113,0.2887,2.4638032559750607
2025-12-27 04:00:00,0.7113,0.2887,2.4638032559750607
2025-12-27 05:00:00,0.7113,0.2887,2.4638032559750607
2025-12-27 06:00:00,0.7113,0.2887,2.4638032559750607
2025-12-27 07:00:00,0.7113,0.2887,2.4638032559750607
2025-12-27 08:00:00,0.7113,0.2887,2.4638032559750607
2025-12-27 09:00:00,0.7113,0.2887,2.4638032559750607
2025-12-27 10:00:00,0.7113,0.2887,2.4638032559750607
2025-12-27 11:00:00,0.7113,0.2887,2.4638032559750607
2025-12-27 12:00:00,0.7113,0.2887,2.4638032559750607
2025-12-27 13:00:00,0.7113,0.2887,2.4638032559750607
2025-12-27 14:00:00,0.7113,0.2887,2.4638032559750607
2025-12-27 15:00:00,0.7113,0.2887,2.4638032559750607
2025-12-27 16:00:00,0.7113,0.2887,2.4638032559750607
2025-12-27 17:00:00,0.7113,0.2887,2.4638032559750607
2025-12-27 18:00:00,0.7113,0.2887,2.4638032559750607
2025-12-27 19:00:00,0.7113,0.2887,2.4638032559750607
2025-12-27 20:00:00,0.7113,0.2887,2.4638032559750607
2025-12-27 21:00:00,0.7113,0.2887,2.4638032559750607
2025-12-27 22:00:00,0.7113,0.2887,2.4638032559750607
2025-12-27 23:00:00,0.7113,0.2887,2.4638032559750607
2025-12-28 00:00:00,0.7113,0.2887,2.4638032559750607
2025-12-28 01:00:00,0.7113,0.2887,2.4638032559750607
2025-12-28 02:00:00,0.7113,0.2887,2.4638032559750607
2025-12-28 03:00:00,0.7113,0.2887,2.4638032559750607
2025-12-28 04:00:00,0.7113,0.2887,2.4638032559750607
2025-12-28 05:00:00,0.7113,0.2887,2.4638032559750607
2025-12-28 06:00:00,0.7113,0.2887,2.4638032559750607
2025-12-28 07:00:00,0.7113,0.2887,2.4638032559750607
2025-12-28 08:00:00,0.7113,0.2887,2.4638032559750607
2025-12-28 09:00:00,0.7113,0.2887,2.4638032559750607
2025-12-28 10:00:00,0.7113,0.2887,2.4638032559750607
2025-12-28 11:00:00,0.7113,0.2887,2.4638032559750607
2025-12-28 12:00:00,0.7113,0.2887,2.4638032559750607
2025-12-28 13:00:00,0.7113,0.2887,2.4638032559750607
2025-12-28 14:00:00,0.7113,0.2887,2.4638032559750607
2025-12-28 15:00:00,0.7113,0.2887,2.4638032559750607
2025-12-28 16:00:00,0.7113,0.2887,2.4638032559750607
2025-12-28 17:00:00,0.7113,0.2887,2.4638032559750607
2025-12-28 18:00:00,0.7113,0.2887,2.4638032559750607
2025-12-28 19:00:00,0.7113,0.2887,2.4638032559750607
2025-12-28 20:00:00,0.7113,0.2887,2.4638032559750607
2025-12-28 21:00:00,0.7113,0.2887,2.4638032559750607
2025-12-28 22:00:00,0.7113,0.2887,2.4638032559750607
2025-12-28 23:00:00,0.7113,0.2887,2.4638032559750607
2025-12-29 00:00:00,0.7113,0.2887,2.4638032559750607
2025-12-29 01:00:00,0.7113,0.2887,2.4638032559750607
2025-12-29 02:00:00,0.7113,0.2887,2.4638032559750607
2025-12-29 03:00:00,0.7113,0.2887,2.4638032559750607
2025-12-29 04:00:00,0.7113,0.2887,2.4638032559750607
2025-12-29 05:00:00,0.7113,0.2887,2.4638032559750607
2025-12-29 06:00:00,0.7113,0.2887,2.4638032559750607
2025-12-29 07:00:00,0.7113,0.2887,2.4638032559750607
2025-12-29 08:00:00,0.7113,0.2887,2.4638032559750607
2025-12-29 09:00:00,0.7113,0.2887,2.4638032559750607
2025-12-29 10:00:00,0.7113,0.2887,2.4638032559750607
2025-12-29 11:00:00,0.7113,0.2887,2.4638032559750607
2025-12-29 12:00:00,0.7113,0.2887,2.4638032559750607
2025-12-29 13:00:00,0.7113,0.2887,2.4638032559750607
2025-12-29 14:00:00,0.7113,0.2887,2.4638032559750607
2025-12-29 15:00:00,0.7113,0.2887,2.4638032559750607
2025-12-29 16:00:00,0.7113,0.2887,2.4638032559750607
2025-12-29 17:00:00,0.7113,0.2887,2.4638032559750607
2025-12-29 18:00:00,0.7113,0.2887,2.4638032559750607
2025-12-29 19:00:00,0.7113,0.2887,2.4638032559750607
2025-12-29 20:00:00,0.7113,0.2887,2.4638032559750607
2025-12-29 21:00:00,0.7113,0.2887,2.4638032559750607
2025-12-29 22:00:00,0.7113,0.2887,2.4638032559750607
2025-12-29 23:00:00,0.7113,0.2887,2.4638032559750607
2025-12-30 00:00:00,0.7113,0.2887,2.4638032559750607
2025-12-30 01:00:00,0.7113,0.2887,2.4638032559750607
2025-12-30 02:00:00,0.7113,0.2887,2.4638032559750607
2025-12-30 03:00:00,0.7113,0.2887,2.4638032559750607
2025-12-30 04:00:00,0.7113,0.2887,2.4638032559750607
2025-12-30 05:00:00,0.7113,0.2887,2.4638032559750607
2025-12-30 06:00:00,0.7113,0.2887,2.4638032559750607
2025-12-30 07:00:00,0.7113,0.2887,2.4638032559750607
2025-12-30 08:00:00,0.7113,0.2887,2.4638032559750607
2025-12-30 09:00:00,0.7113,0.2887,2.4638032559750607
2025-12-30 10:00:00,0.7113,0.2887,2.4638032559750607
2025-12-30 11:00:00,0.7113,0.2887,2.4638032559750607
2025-12-30 12:00:00,0.7113,0.2887,2.4638032559750607
2025-12-30 13:00:00,0.7113,0.2887,2.4638032559750607
2025-12-30 14:00:00,0.7113,0.2887,2.4638032559750607
2025-12-30 15:00:00,0.7113,0.2887,2.4638032559750607
2025-12-30 16:00:00,0.7113,0.2887,2.4638032559750607
2025-12-30 17:00:00,0.7113,0.2887,2.4638032559750607
2025-12-30 18:00:00,0.7113,0.2887,2.4638032559750607
2025-12-30 19:00:00,0.7113,0.2887,2.4638032559750607
2025-12-30 20:00:00,0.7113,0.2887,2.4638032559750607
2025-12-30 21:00:00,0.7113,0.2887,2.4638032559750607
2025-12-30 22:00:00,0.7113,0.2887,2.4638032559750607
2025-12-30 23:00:00,0.7113,0.2887,2.4638032559750607
2025-12-31 00:00:00,0.7113,0.2887,2.4638032559750607
2025-12-31 01:00:00,0.7113,0.2887,2.4638032559750607
2025-12-31 02:00:00,0.7113,0.2887,2.4638032559750607
2025-12-31 03:00:00,0.7113,0.2887,2.4638032559750607
2025-12-31 04:00:00,0.7113,0.2887,2.4638032559750607
2025-12-31 05:00:00,0.7113,0.2887,2.4638032559750607
2025-12-31 06:00:00,0.7113,0.2887,2.4638032559750607
2025-12-31 07:00:00,0.7113,0.2887,2.4638032559750607
2025-12-31 08:00:00,0.7113,0.2887,2.4638032559750607
2025-12-31 09:00:00,0.7113,0.2887,2.4638032559750607
2025-12-31 10:00:00,0.7113,0.2887,2.4638032559750607
2025-12-31 11:00:00,0.7113,0.2887,2.4638032559750607
2025-12-31 12:00:00,0.7113,0.2887,2.4638032559750607
2025-12-31 13:00:00,0.7113,0.2887,2.4638032559750607
2025-12-31 14:00:00,0.7113,0.2887,2.4638032559750607
2025-12-31 15:00:00,0.7113,0.2887,2.4638032559750607
2025-12-31 16:00:00,0.7113,0.2887,2.4638032559750607
2025-12-31 17:00:00,0.7113,0.2887,2.4638032559750607
2025-12-31 18:00:00,0.7113,0.2887,2.4638032559750607
2025-12-31 19:00:00,0.7113,0.2887,2.4638032559750607
2025-12-31 20:00:00,0.7113,0.2887,2.4638032559750607
2025-12-31 21:00:00,0.7113,0.2887,2.4638032559750607
2025-12-31 22:00:00,0.7113,0.2887,2.4638032559750607
2025-12-31 23:00:00,0.7113,0.2887,2.4638032559750607
2026-01-01 00:00:00,0.7113,0.2887,2.4638032559750607
2026-01-01 01:00:00,0.7113,0.2887,2.4638032559750607
2026-01-01 02:00:00,0.7113,0.2887,2.4638032559750607
2026-01-01 03:00:00,0.7113,0.2887,2.4638032559750607
2026-01-01 04:00:00,0.7113,0.2887,2.4638032559750607
2026-01-01 05:00:00,0.7113,0.2887,2.4638032559750607
2026-01-01 06:00:00,0.7113,0.2887,2.4638032559750607
2026-01-01 07:00:00,0.7113,0.2887,2.4638032559750607
2026-01-01 08:00:00,0.7113,0.2887,2.4638032559750607
2026-01-01 09:00:00,0.7113,0.2887,2.4638032559750607
2026-01-01 10:00:00,0.7113,0.2887,2.4638032559750607
2026-01-01 11:00:00,0.7113,0.2887,2.4638032559750607
2026-01-01 12:00:00,0.7113,0.2887,2.4638032559750607
2026-01-01 13:00:00,0.7113,0.2887,2.4638032559750607
2026-01-01 14:00:00,0.7113,0.2887,2.4638032559750607
2026-01-01 15:00:00,0.7113,0.2887,2.4638032559750607
2026-01-01 16:00:00,0.7113,0.2887,2.4638032559750607
2026-01-01 17:00:00,0.7113,0.2887,2.4638032559750607
2026-01-01 18:00:00,0.7113,0.2887,2.4638032559750607
2026-01-01 19:00:00,0.7113,0.2887,2.4638032559750607
2026-01-01 20:00:00,0.7113,0.2887,2.4638032559750607
2026-01-01 21:00:00,0.7113,0.2887,2.4638032559750607
2026-01-01 22:00:00,0.7113,0.2887,2.4638032559750607
2026-01-01 23:00:00,0.7113,0.2887,2.4638032559750607
2026-01-02 00:00:00,0.7113,0.2887,2.4638032559750607
2026-01-02 01:00:00,0.7113,0.2887,2.4638032559750607
2026-01-02 02:00:00,0.7113,0.2887,2.4638032559750607
2026-01-02 03:00:00,0.7113,0.2887,2.4638032559750607
2026-01-02 04:00:00,0.7113,0.2887,2.4638032559750607
2026-01-02 05:00:00,0.7113,0.2887,2.4638032559750607
2026-01-02 06:00:00,0.7113,0.2887,2.4638032559750607
2026-01-02 07:00:00,0.7113,0.2887,2.4638032559750607
2026-01-02 08:00:00,0.7113,0.2887,2.4638032559750607
2026-01-02 09:00:00,0.7113,0.2887,2.4638032559750607
2026-01-02 10:00:00,0.7113,0.2887,2.4638032559750607
2026-01-02 11:00:00,0.7113,0.2887,2.4638032559750607
2026-01-02 12:00:00,0.7113,0.2887,2.4638032559750607
2026-01-02 13:00:00,0.7113,0.2887,2.4638032559750607
2026-01-02 14:00:00,0.7113,0.2887,2.4638032559750607
2026-01-02 15:00:00,0.7113,0.2887,2.4638032559750607
2026-01-02 16:00:00,0.7113,0.2887,2.4638032559750607
2026-01-02 17:00:00,0.7113,0.2887,2.4638032559750607
2026-01-02 18:00:00,0.7113,0.2887,2.4638032559750607
2026-01-02 19:00:00,0.7113,0.2887,2.4638032559750607
2026-01-02 20:00:00,0.7113,0.2887,2.4638032559750607
2026-01-02 21:00:00,0.7113,0.2887,2.4638032559750607
2026-01-02 22:00:00,0.7113,0.2887,2.4638032559750607
2026-01-02 23:00:00,0.7113,0.2887,2.4638032559750607
2026-01-03 00:00:00,0.7113,0.2887,2.4638032559750607
2026-01-03 01:00:00,0.7113,0.2887,2.4638032559750607
2026-01-03 02:00:00,0.7113,0.2887,2.4638032559750607
2026-01-03 03:00:00,0.7113,0.2887,2.4638032559750607
2026-01-03 04:00:00,0.7113,0.2887,2.4638032559750607
2026-01-03 05:00:00,0.7113,0.2887,2.4638032559750607
2026-01-03 06:00:00,0.7113,0.2887,2.4638032559750607
2026-01-03 07:00:00,0.7113,0.2887,2.4638032559750607
2026-01-03 08:00:00,0.7113,0.2887,2.4638032559750607
2026-01-03 09:00:00,0.7113,0.2887,2.4638032559750607
2026-01-03 10:00:00,0.7113,0.2887,2.4638032559750607
2026-01-03 11:00:00,0.7113,0.2887,2.4638032559750607
2026-01-03 12:00:00,0.7113,0.2887,2.4638032559750607
2026-01-03 13:00:00,0.7113,0.2887,2.4638032559750607
2026-01-03 14:00:00,0.7113,0.2887,2.4638032559750607
2026-01-03 15:00:00,0.7113,0.2887,2.4638032559750607
2026-01-03 16:00:00,0.7113,0.2887,2.4638032559750607
2026-01-03 17:00:00,0.7113,0.2887,2.4638032559750607
2026-01-03 18:00:00,0.7113,0.2887,2.4638032559750607
2026-01-03 19:00:00,0.7113,0.2887,2.4638032559750607
2026-01-03 20:00:00,0.7113,0.2887,2.4638032559750607
2026-01-03 21:00:00,0.7113,0.2887,2.4638032559750607
2026-01-03 22:00:00,0.7113,0.2887,2.4638032559750607
2026-01-03 23:00:00,0.7113,0.2887,2.4638032559750607
2026-01-04 00:00:00,0.7113,0.2887,2.4638032559750607
2026-01-04 01:00:00,0.7113,0.2887,2.4638032559750607
2026-01-04 02:00:00,0.7113,0.2887,2.4638032559750607
2026-01-04 03:00:00,0.7113,0.2887,2.4638032559750607
2026-01-04 04:00:00,0.7113,0.2887,2.4638032559750607
2026-01-04 05:00:00,0.7113,0.2887,2.4638032559750607
2026-01-04 06:00:00,0.7113,0.2887,2.4638032559750607
2026-01-04 07:00:00,0.7113,0.2887,2.4638032559750607
2026-01-04 08:00:00,0.7113,0.2887,2.4638032559750607
2026-01-04 09:00:00,0.7113,0.2887,2.4638032559750607
2026-01-04 10:00:00,0.7113,0.2887,2.4638032559750607
2026-01-04 11:00:00,0.7113,0.2887,2.4638032559750607
2026-01-04 12:00:00,0.7113,0.2887,2.4638032559750607
2026-01-04 13:00:00,0.7113,0.2887,2.4638032559750607
2026-01-04 14:00:00,0.7113,0.2887,2.4638032559750607
2026-01-04 15:00:00,0.7113,0.2887,2.4638032559750607
2026-01-04 16:00:00,0.7113,0.2887,2.4638032559750607
2026-01-04 17:00:00,0.7113,0.2887,2.4638032559750607
2026-01-04 18:00:00,0.7113,0.2887,2.4638032559750607
2026-01-04 19:00:00,0.7113,0.2887,2.4638032559750607
2026-01-04 20:00:00,0.7113,0.2887,2.4638032559750607
2026-01-04 21:00:00,0.7113,0.2887,2.4638032559750607
2026-01-04 22:00:00,0.7113,0.2887,2.4638032559750607
2026-01-04 23:00:00,0.7113,0.2887,2.4638032559750607
2026-01-05 00:00:00,0.7113,0.2887,2.4638032559750607
2026-01-05 01:00:00,0.7113,0.2887,2.4638032559750607
2026-01-05 02:00:00,0.7113,0.2887,2.4638032559750607
2026-01-05 03:00:00,0.7113,0.2887,2.4638032559750607
2026-01-05 04:00:00,0.7113,0.2887,2.4638032559750607
2026-01-05 05:00:00,0.7113,0.2887,2.4638032559750607
2026-01-05 06:00:00,0.7113,0.2887,2.4638032559750607
2026-01-05 07:00:00,0.7113,0.2887,2.4638032559750607
2026-01-05 08:00:00,0.7113,0.2887,2.4638032559750607
2026-01-05 09:00:00,0.7113,0.2887,2.4638032559750607
2026-01-05 10:00:00,0.7113,0.2887,2.4638032559750607
2026-01-05 11:00:00,0.7113,0.2887,2.4638032559750607
2026-01-05 12:00:00,0.7113,0.2887,2.4638032559750607
2026-01-05 13:00:00,0.7113,0.2887,2.4638032559750607
2026-01-05 14:00:00,0.7113,0.2887,2.4638032559750607
2026-01-05 15:00:00,0.7113,0.2887,2.4638032559750607
2026-01-05 16:00:00,0.7113,0.2887,2.4638032559750607
2026-01-05 17:00:00,0.7113,0.2887,2.4638032559750607
2026-01-05 18:00:00,0.7113,0.2887,2.4638032559750607
2026-01-05 19:00:00,0.7113,0.2887,2.4638032559750607
2026-01-05 20:00:00,0.7113,0.2887,2.4638032559750607
2026-01-05 21:00:00,0.7113,0.2887,2.4638032559750607
2026-01-05 22:00:00,0.7113,0.2887,2.4638032559750607
2026-01-05 23:00:00,0.7113,0.2887,2.4638032559750607
2026-01-06 00:00:00,0.7113,0.2887,2.4638032559750607
2026-01-06 01:00:00,0.7113,0.2887,2.4638032559750607
2026-01-06 02:00:00,0.7113,0.2887,2.4638032559750607
2026-01-06 03:00:00,0.7113,0.2887,2.4638032559750607
2026-01-06 04:00:00,0.7113,0.2887,2.4638032559750607
2026-01-06 05:00:00,0.7113,0.2887,2.4638032559750607
2026-01-06 06:00:00,0.7113,0.2887,2.4638032559750607
2026-01-06 07:00:00,0.7113,0.2887,2.4638032559750607
2026-01-06 08:00:00,0.7113,0.2887,2.4638032559750607
2026-01-06 09:00:00,0.7113,0.2887,2.4638032559750607
2026-01-06 10:00:00,0.7113,0.2887,2.4638032559750607
2026-01-06 11:00:00,0.7113,0.2887,2.4638032559750607
2026-01-06 12:00:00,0.7113,0.2887,2.4638032559750607
2026-01-06 13:00:00,0.7113,0.2887,2.4638032559750607
2026-01-06 14:00:00,0.7113,0.2887,2.4638032559750607
2026-01-06 15:00:00,0.7113,0.2887,2.4638032559750607
2026-01-06 16:00:00,0.7113,0.2887,2.4638032559750607
2026-01-06 17:00:00,0.7113,0.2887,2.4638032559750607
2026-01-06 18:00:00,0.7113,0.2887,2.4638032559750607
2026-01-06 19:00:00,0.7113,0.2887,2.4638032559750607
2026-01-06 20:00:00,0.7113,0.2887,2.4638032559750607
2026-01-06 21:00:00,0.7113,0.2887,2.4638032559750607
2026-01-06 22:00:00,0.7113,0.2887,2.4638032559750607
2026-01-06 23:00:00,0.7113,0.2887,2.4638032559750607
2026-01-07 00:00:00,0.7113,0.2887,2.4638032559750607
2026-01-07 01:00:00,0.7113,0.2887,2.4638032559750607
2026-01-07 02:00:00,0.7113,0.2887,2.4638032559750607
2026-01-07 03:00:00,0.7113,0.2887,2.4638032559750607
2026-01-07 04:00:00,0.7113,0.2887,2.4638032559750607
2026-01-07 05:00:00,0.7113,0.2887,2.4638032559750607
2026-01-07 06:00:00,0.7113,0.2887,2.4638032559750607
2026-01-07 07:00:00,0.7113,0.2887,2.4638032559750607
2026-01-07 08:00:00,0.7113,0.2887,2.4638032559750607
2026-01-07 09:00:00,0.7113,0.2887,2.4638032559750607
2026-01-07 10:00:00,0.7113,0.2887,2.4638032559750607
2026-01-07 11:00:00,0.7113,0.2887,2.4638032559750607
2026-01-07 12:00:00,0.7113,0.2887,2.4638032559750607
2026-01-07 13:00:00,0.7113,0.2887,2.4638032559750607
2026-01-07 14:00:00,0.7113,0.2887,2.4638032559750607
2026-01-07 15:00:00,0.7113,0.2887,2.4638032559750607
2026-01-07 16:00:00,0.7113,0.2887,2.4638032559750607
2026-01-07 17:00:00,0.7113,0.2887,2.4638032559750607
2026-01-07 18:00:00,0.7113,0.2887,2.4638032559750607
2026-01-07 19:00:00,0.7113,0.2887,2.4638032559750607
2026-01-07 20:00:00,0.7113,0.2887,2.4638032559750607
2026-01-07 21:00:00,0.7113,0.2887,2.4638032559750607
2026-01-07 22:00:00,0.7113,0.2887,2.4638032559750607
2026-01-07 23:00:00,0.7113,0.2887,2.4638032559750607
2026-01-08 00:00:00,0.7113,0.2887,2.4638032559750607
2026-01-08 01:00:00,0.7113,0.2887,2.4638032559750607
2026-01-08 02:00:00,0.7113,0.2887,2.4638032559750607
2026-01-08 03:00:00,0.7113,0.2887,2.4638032559750607
2026-01-08 04:00:00,0.7113,0.2887,2.4638032559750607
2026-01-08 05:00:00,0.7113,0.2887,2.4638032559750607
2026-01-08 06:00:00,0.7113,0.2887,2.4638032559750607
2026-01-08 07:00:00,0.7113,0.2887,2.4638032559750607
2026-01-08 08:00:00,0.7113,0.2887,2.4638032559750607
2026-01-08 09:00:00,0.7113,0.2887,2.4638032559750607
2026-01-08 10:00:00,0.7113,0.2887,2.4638032559750607
2026-01-08 11:00:00,0.7113,0.2887,2.4638032559750607
2026-01-08 12:00:00,0.7113,0.2887,2.4638032559750607
2026-01-08 13:00:00,0.7113,0.2887,2.4638032559750607
2026-01-08 14:00:00,0.7113,0.2887,2.4638032559750607
2026-01-08 15:00:00,0.7113,0.2887,2.4638032559750607
2026-01-08 16:00:00,0.7113,0.2887,2.4638032559750607
2026-01-08 17:00:00,0.7113,0.2887,2.4638032559750607
2026-01-08 18:00:00,0.7113,0.2887,2.4638032559750607
2026-01-08 19:00:00,0.7113,0.2887,2.4638032559750607
2026-01-08 20:00:00,0.7113,0.2887,2.4638032559750607
2026-01-08 21:00:00,0.7113,0.2887,2.4638032559750607
2026-01-08 22:00:00,0.7113,0.2887,2.4638032559750607
2026-01-08 23:00:00,0.7113,0.2887,2.4638032559750607
2026-01-09 00:00:00,0.7113,0.2887,2.4638032559750607
2026-01-09 01:00:00,0.7113,0.2887,2.4638032559750607
2026-01-09 02:00:00,0.7113,0.2887,2.4638032559750607
2026-01-09 03:00:00,0.7113,0.2887,2.4638032559750607
2026-01-09 04:00:00,0.7113,0.2887,2.4638032559750607
2026-01-09 05:00:00,0.7113,0.2887,2.4638032559750607
2026-01-09 06:00:00,0.7113,0.2887,2.4638032559750607
2026-01-09 07:00:00,0.7113,0.2887,2.4638032559750607
2026-01-09 08:00:00,0.7113,0.2887,2.4638032559750607
2026-01-09 09:00:00,0.7113,0.2887,2.4638032559750607
2026-01-09 10:00:00,0.7113,0.2887,2.4638032559750607
2026-01-09 11:00:00,0.7113,0.2887,2.4638032559750607
2026-01-09 12:00:00,0.7113,0.2887,2.4638032559750607
2026-01-09 13:00:00,0.7113,0.2887,2.4638032559750607
2026-01-09 14:00:00,0.7113,0.2887,2.4638032559750607
2026-01-09 15:00:00,0.7113,0.2887,2.4638032559750607
2026-01-09 16:00:00,0.7113,0.2887,2.4638032559750607
2026-01-09 17:00:00,0.7113,0.2887,2.4638032559750607
2026-01-09 18:00:00,0.7113,0.2887,2.4638032559750607
2026-01-09 19:00:00,0.7113,0.2887,2.4638032559750607
2026-01-09 20:00:00,0.7113,0.2887,2.4638032559750607
2026-01-09 21:00:00,0.7113,0.2887,2.4638032559750607
2026-01-09 22:00:00,0.7113,0.2887,2.4638032559750607
2026-01-09 23:00:00,0.7113,0.2887,2.4638032559750607
2026-01-10 00:00:00,0.7113,0.2887,2.4638032559750607
2026-01-10 01:00:00,0.7113,0.2887,2.4638032559750607
2026-01-10 02:00:00,0.7113,0.2887,2.4638032559750607
2026-01-10 03:00:00,0.7113,0.2887,2.4638032559750607
2026-01-10 04:00:00,0.7113,0.2887,2.4638032559750607
2026-01-10 05:00:00,0.7113,0.2887,2.4638032559750607
2026-01-10 06:00:00,0.7113,0.2887,2.4638032559750607
2026-01-10 07:00:00,0.7113,0.2887,2.4638032559750607
2026-01-10 08:00:00,0.7113,0.2887,2.4638032559750607
2026-01-10 09:00:00,0.7113,0.2887,2.4638032559750607
2026-01-10 10:00:00,0.7113,0.2887,2.4638032559750607
2026-01-10 11:00:00,0.7113,0.2887,2.4638032559750607
2026-01-10 12:00:00,0.7113,0.2887,2.4638032559750607
2026-01-10 13:00:00,0.7113,0.2887,2.4638032559750607
2026-01-10 14:00:00,0.7113,0.2887,2.4638032559750607
2026-01-10 15:00:00,0.7113,0.2887,2.4638032559750607
2026-01-10 16:00:00,0.7113,0.2887,2.4638032559750607
2026-01-10 17:00:00,0.7113,0.2887,2.4638032559750607
2026-01-10 18:00:00,0.7113,0.2887,2.4638032559750607
2026-01-10 19:00:00,0.7113,0.2887,2.4638032559750607
2026-01-10 20:00:00,0.7113,0.2887,2.4638032559750607
2026-01-10 21:00:00,0.7113,0.2887,2.4638032559750607
2026-01-10 22:00:00,0.7113,0.2887,2.4638032559750607
2026-01-10 23:00:00,0.7113,0.2887,2.4638032559750607
2026-01-11 00:00:00,0.7113,0.2887,2.4638032559750607
2026-01-11 01:00:00,0.7113,0.2887,2.4638032559750607
2026-01-11 02:00:00,0.7113,0.2887,2.4638032559750607
2026-01-11 03:00:00,0.7113,0.2887,2.4638032559750607
2026-01-11 04:00:00,0.7113,0.2887,2.4638032559750607
2026-01-11 05:00:00,0.7113,0.2887,2.4638032559750607
2026-01-11 06:00:00,0.7113,0.2887,2.4638032559750607
2026-01-11 07:00:00,0.7113,0.2887,2.4638032559750607
2026-01-11 08:00:00,0.7113,0.2887,2.4638032559750607
2026-01-11 09:00:00,0.7113,0.2887,2.4638032559750607
2026-01-11 10:00:00,0.7113,0.2887,2.4638032559750607
2026-01-11 11:00:00,0.7113,0.2887,2.4638032559750607
2026-01-11 12:00:00,0.7113,0.2887,2.4638032559750607
2026-01-11 13:00:00,0.7113,0.2887,2.4638032559750607
2026-01-11 14:00:00,0.7113,0.2887,2.4638032559750607
2026-01-11 15:00:00,0.7113,0.2887,2.4638032559750607
2026-01-11 16:00:00,0.7113,0.2887,2.4638032559750607
2026-01-11 17:00:00,0.7113,0.2887,2.4638032559750607
2026-01-11 18:00:00,0.7113,0.2887,2.4638032559750607
2026-01-11 19:00:00,0.7113,0.2887,2.4638032559750607
2026-01-11 20:00:00,0.7113,0.2887,2.4638032559750607
2026-01-11 21:00:00,0.7113,0.2887,2.4638032559750607
2026-01-11 22:00:00,0.7113,0.2887,2.4638032559750607
2026-01-11 23:00:00,0.7113,0.2887,2.4638032559750607
2026-01-12 00:00:00,0.7113,0.2887,2.4638032559750607
2026-01-12 01:00:00,0.7113,0.2887,2.4638032559750607
2026-01-12 02:00:00,0.7113,0.2887,2.4638032559750607
2026-01-12 03:00:00,0.7113,0.2887,2.4638032559750607
2026-01-12 04:00:00,0.7113,0.2887,2.4638032559750607
2026-01-12 05:00:00,0.7113,0.2887,2.4638032559750607
2026-01-12 06:00:00,0.7113,0.2887,2.4638032559750607
2026-01-12 07:00:00,0.7113,0.2887,2.4638032559750607
2026-01-12 08:00:00,0.7113,0.2887,2.4638032559750607
2026-01-12 09:00:00,0.7113,0.2887,2.4638032559750607
2026-01-12 10:00:00,0.7113,0.2887,2.4638032559750607
2026-01-12 11:00:00,0.7113,0.2887,2.4638032559750607
2026-01-12 12:00:00,0.7113,0.2887,2.4638032559750607
2026-01-12 13:00:00,0.7113,0.2887,2.4638032559750607
2026-01-12 14:00:00,0.7113,0.2887,2.4638032559750607
2026-01-12 15:00:00,0.7113,0.2887,2.4638032559750607
2026-01-12 16:00:00,0.7113,0.2887,2.4638032559750607
2026-01-12 17:00:00,0.7113,0.2887,2.4638032559750607
2026-01-12 18:00:00,0.7113,0.2887,2.4638032559750607
2026-01-12 19:00:00,0.7113,0.2887,2.4638032559750607
2026-01-12 20:00:00,0.7113,0.2887,2.4638032559750607
2026-01-12 21:00:00,0.7113,0.2887,2.4638032559750607
2026-01-12 22:00:00,0.7113,0.2887,2.4638032559750607
2026-01-12 23:00:00,0.7113,0.2887,2.4638032559750607
2026-01-13 00:00:00,0.7113,0.2887,2.4638032559750607
2026-01-13 01:00:00,0.7113,0.2887,2.4638032559750607
2026-01-13 02:00:00,0.7113,0.2887,2.4638032559750607
2026-01-13 03:00:00,0.7113,0.2887,2.4638032559750607
2026-01-13 04:00:00,0.7113,0.2887,2.4638032559750607
2026-01-13 05:00:00,0.7113,0.2887,2.4638032559750607
2026-01-13 06:00:00,0.7113,0.2887,2.4638032559750607
2026-01-13 07:00:00,0.7113,0.2887,2.4638032559750607
2026-01-13 08:00:00,0.7113,0.2887,2.4638032559750607
2026-01-13 09:00:00,0.7113,0.2887,2.4638032559750607
2026-01-13 10:00:00,0.7113,0.2887,2.4638032559750607
2026-01-13 11:00:00,0.7113,0.2887,2.4638032559750607
2026-01-13 12:00:00,0.7113,0.2887,2.4638032559750607
2026-01-13 13:00:00,0.7113,0.2887,2.4638032559750607
2026-01-13 14:00:00,0.7113,0.2887,2.4638032559750607
2026-01-13 15:00:00,0.7113,0.2887,2.4638032559750607
2026-01-13 16:00:00,0.7113,0.2887,2.4638032559750607
2026-01-13 17:00:00,0.7113,0.2887,2.4638032559750607
2026-01-13 18:00:00,0.7113,0.2887,2.4638032559750607
2026-01-13 19:00:00,0.7113,0.2887,2.4638032559750607
2026-01-13 20:00:00,0.7113,0.2887,2.4638032559750607
2026-01-13 21:00:00,0.7113,0.2887,2.4638032559750607
2026-01-13 22:00:00,0.7113,0.2887,2.4638032559750607
2026-01-13 23:00:00,0.7113,0.2887,2.4638032559750607
2026-01-14 00:00:00,0.7113,0.2887,2.4638032559750607
2026-01-14 01:00:00,0.7113,0.2887,2.4638032559750607
2026-01-14 02:00:00,0.7113,0.2887,2.4638032559750607
2026-01-14 03:00:00,0.7113,0.2887,2.4638032559750607
2026-01-14 04:00:00,0.7113,0.2887,2.4638032559750607
2026-01-14 05:00:00,0.7113,0.2887,2.4638032559750607
2026-01-14 06:00:00,0.7113,0.2887,2.4638032559750607
2026-01-14 07:00:00,0.7113,0.2887,2.4638032559750607
2026-01-14 08:00:00,0.7113,0.2887,2.4638032559750607
2026-01-14 09:00:00,0.7113,0.2887,2.4638032559750607
2026-01-14 10:00:00,0.7113,0.2887,2.4638032559750607
2026-01-14 11:00:00,0.7113,0.2887,2.4638032559750607
2026-01-14 12:00:00,0.7113,0.2887,2.4638032559750607
2026-01-14 13:00:00,0.7113,0.2887,2.4638032559750607
2026-01-14 14:00:00,0.7113,0.2887,2.4638032559750607
2026-01-14 15:00:00,0.7113,0.2887,2.4638032559750607
2026-01-14 16:00:00,0.7113,0.2887,2.4638032559750607
2026-01-14 17:00:00,0.7113,0.2887,2.4638032559750607
2026-01-14 18:00:00,0.7113,0.2887,2.4638032559750607
2026-01-14 19:00:00,0.7113,0.2887,2.4638032559750607
2026-01-14 20:00:00,0.7113,0.2887,2.4638032559750607
2026-01-14 21:00:00,0.7113,0.2887,2.4638032559750607
2026-01-14 22:00:00,0.7113,0.2887,2.4638032559750607
2026-01-14 23:00:00,0.7113,0.2887,2.4638032559750607
2026-01-15 00:00:00,0.7113,0.2887,2.4638032559750607
2026-01-15 01:00:00,0.7113,0.2887,2.4638032559750607
2026-01-15 02:00:00,0.7113,0.2887,2.4638032559750607
2026-01-15 03:00:00,0.7113,0.2887,2.4638032559750607
2026-01-15 04:00:00,0.7113,0.2887,2.4638032559750607
2026-01-15 05:00:00,0.7113,0.2887,2.4638032559750607
2026-01-15 06:00:00,0.7113,0.2887,2.4638032559750607
2026-01-15 07:00:00,0.7113,0.2887,2.4638032559750607
2026-01-15 08:00:00,0.7113,0.2887,2.4638032559750607
2026-01-15 09:00:00,0.7113,0.2887,2.4638032559750607
2026-01-15 10:00:00,0.7113,0.2887,2.4638032559750607
2026-01-15 11:00:00,0.7113,0.2887,2.4638032559750607
2026-01-15 12:00:00,0.7113,0.2887,2.4638032559750607
2026-01-15 13:00:00,0.7113,0.2887,2.4638032559750607
2026-01-15 14:00:00,0.7113,0.2887,2.4638032559750607
2026-01-15 15:00:00,0.7113,0.2887,2.4638032559750607
2026-01-15 16:00:00,0.7113,0.2887,2.4638032559750607
2026-01-15 17:00:00,0.7113,0.2887,2.4638032559750607
2026-01-15 18:00:00,0.7113,0.2887,2.4638032559750607
2026-01-15 19:00:00,0.7113,0.2887,2.4638032559750607
2026-01-15 20:00:00,0.7113,0.2887,2.4638032559750607
2026-01-15 21:00:00,0.7113,0.2887,2.4638032559750607
2026-01-15 22:00:00,0.7113,0.2887,2.4638032559750607
2026-01-15 23:00:00,0.7113,0.2887,2.4638032559750607
2026-01-16 00:00:00,0.7113,0.2887,2.4638032559750607
2026-01-16 01:00:00,0.7113,0.2887,2.4638032559750607
2026-01-16 02:00:00,0.7113,0.2887,2.4638032559750607
2026-01-16 03:00:00,0.7113,0.2887,2.4638032559750607
2026-01-16 04:00:00,0.7113,0.2887,2.4638032559750607
2026-01-16 05:00:00,0.7113,0.2887,2.4638032559750607
2026-01-16 06:00:00,0.7113,0.2887,2.4638032559750607
2026-01-16 07:00:00,0.7113,0.2887,2.4638032559750607
2026-01-16 08:00:00,0.7113,0.2887,2.4638032559750607
2026-01-16 09:00:00,0.7113,0.2887,2.4638032559750607
2026-01-16 10:00:00,0.7113,0.2887,2.4638032559750607
2026-01-16 11:00:00,0.7113,0.2887,2.4638032559750607
2026-01-16 12:00:00,0.7113,0.2887,2.4638032559750607
2026-01-16 13:00:00,0.7113,0.2887,2.4638032559750607
2026-01-16 14:00:00,0.7113,0.2887,2.4638032559750607
2026-01-16 15:00:00,0.7113,0.2887,2.4638032559750607
2026-01-16 16:00:00,0.7113,0.2887,2.4638032559750607
2026-01-16 17:00:00,0.7113,0.2887,2.4638032559750607
2026-01-16 18:00:00,0.7113,0.2887,2.4638032559750607
2026-01-16 19:00:00,0.7113,0.2887,2.4638032559750607
2026-01-16 20:00:00,0.7113,0.2887,2.4638032559750607
2026-01-16 21:00:00,0.7113,0.2887,2.4638032559750607
2026-01-16 22:00:00,0.7113,0.2887,2.4638032559750607
2026-01-16 23:00:00,0.7113,0.2887,2.4638032559750607
2026-01-17 00:00:00,0.7113,0.2887,2.4638032559750607
2026-01-17 01:00:00,0.7113,0.2887,2.4638032559750607
2026-01-17 02:00:00,0.7113,0.2887,2.4638032559750607
2026-01-17 03:00:00,0.7113,0.2887,2.4638032559750607
2026-01-17 04:00:00,0.7113,0.2887,2.4638032559750607
2026-01-17 05:00:00,0.7113,0.2887,2.4638032559750607
2026-01-17 06:00:00,0.7113,0.2887,2.4638032559750607
2026-01-17 07:00:00,0.7113,0.2887,2.4638032559750607
2026-01-17 08:00:00,0.7113,0.2887,2.4638032559750607
2026-01-17 09:00:00,0.7113,0.2887,2.4638032559750607
2026-01-17 10:00:00,0.7113,0.2887,2.4638032559750607
2026-01-17 11:00:00,0.7113,0.2887,2.4638032559750607
2026-01-17 12:00:00,0.7113,0.2887,2.4638032559750607
2026-01-17 13:00:00,0.7113,0.2887,2.4638032559750607
2026-01-17 14:00:00,0.7113,0.2887,2.4638032559750607
2026-01-17 15:00:00,0.7113,0.2887,2.4638032559750607
2026-01-17 16:00:00,0.7113,0.2887,2.4638032559750607
2026-01-17 17:00:00,0.7113,0.2887,2.4638032559750607
2026-01-17 18:00:00,0.7113,0.2887,2.4638032559750607
2026-01-17 19:00:00,0.7113,0.2887,2.4638032559750607
2026-01-17 20:00:00,0.7113,0.2887,2.4638032559750607
2026-01-17 21:00:00,0.7113,0.2887,2.4638032559750607
2026-01-17 22:00:00,0.7113,0.2887,2.4638032559750607
2026-01-17 23:00:00,0.7113,0.2887,2.4638032559750607
2026-01-18 00:00:00,0.7113,0.2887,2.4638032559750607
2026-01-18 01:00:00,0.7113,0.2887,2.4638032559750607
2026-01-18 02:00:00,0.7113,0.2887,2.4638032559750607
2026-01-18 03:00:00,0.7113,0.2887,2.4638032559750607
2026-01-18 04:00:00,0.7113,0.2887,2.4638032559750607
2026-01-18 05:00:00,0.7113,0.2887,2.4638032559750607
2026-01-18 06:00:00,0.7113,0.2887,2.4638032559750607
2026-01-18 07:00:00,0.7113,0.2887,2.4638032559750607
2026-01-18 08:00:00,0.7113,0.2887,2.4638032559750607
2026-01-18 09:00:00,0.7113,0.2887,2.4638032559750607
2026-01-18 10:00:00,0.7113,0.2887,2.4638032559750607
2026-01-18 11:00:00,0.7113,0.2887,2.4638032559750607
2026-01-18 12:00:00,0.7113,0.2887,2.4638032559750607
2026-01-18 13:00:00,0.7113,0.2887,2.4638032559750607
2026-01-18 14:00:00,0.7113,0.2887,2.4638032559750607
2026-01-18 15:00:00,0.7113,0.2887,2.4638032559750607
2026-01-18 16:00:00,0.7113,0.2887,2.4638032559750607
2026-01-18 17:00:00,0.7113,0.2887,2.4638032559750607
2026-01-18 18:00:00,0.7113,0.2887,2.4638032559750607
2026-01-18 19:00:00,0.7113,0.2887,2.4638032559750607
2026-01-18 20:00:00,0.7113,0.2887,2.4638032559750607
2026-01-18 21:00:00,0.7113,0.2887,2.4638032559750607
2026-01-18 22:00:00,0.7113,0.2887,2.4638032559750607
2026-01-18 23:00:00,0.7113,0.2887,2.4638032559750607
2026-01-19 00:00:00,0.7113,0.2887,2.4638032559750607
2026-01-19 01:00:00,0.7113,0.2887,2.4638032559750607
2026-01-19 02:00:00,0.7113,0.2887,2.4638032559750607
2026-01-19 03:00:00,0.7113,0.2887,2.4638032559750607
2026-01-19 04:00:00,0.7113,0.2887,2.4638032559750607
2026-01-19 05:00:00,0.7113,0.2887,2.4638032559750607
2026-01-19 06:00:00,0.7113,0.2887,2.4638032559750607
2026-01-19 07:00:00,0.7113,0.2887,2.4638032559750607
2026-01-19 08:00:00,0.7113,0.2887,2.4638032559750607
2026-01-19 09:00:00,0.7113,0.2887,2.4638032559750607
2026-01-19 10:00:00,0.7113,0.2887,2.4638032559750607
2026-01-19 11:00:00,0.7113,0.2887,2.4638032559750607
2026-01-19 12:00:00,0.7113,0.2887,2.4638032559750607
2026-01-19 13:00:00,0.7113,0.2887,2.4638032559750607
2026-01-19 14:00:00,0.7113,0.2887,2.4638032559750607
2026-01-19 15:00:00,0.7113,0.2887,2.4638032559750607
2026-01-19 16:00:00,0.7113,0.2887,2.4638032559750607
2026-01-19 17:00:00,0.7113,0.2887,2.4638032559750607
2026-01-19 18:00:00,0.7113,0.2887,2.4638032559750607
2026-01-19 19:00:00,0.7113,0.2887,2.4638032559750607
2026-01-19 20:00:00,0.7113,0.2887,2.4638032559750607
2026-01-19 21:00:00,0.7113,0.2887,2.4638032559750607
2026-01-19 22:00:00,0.7113,0.2887,2.4638032559750607
2026-01-19 23:00:00,0.7113,0.2887,2.4638032559750607
2026-01-20 00:00:00,0.7113,0.2887,2.4638032559750607
2026-01-20 01:00:00,0.7113,0.2887,2.4638032559750607
2026-01-20 02:00:00,0.7113,0.2887,2.4638032559750607
2026-01-20 03:00:00,0.7113,0.2887,2.4638032559750607
2026-01-20 04:00:00,0.7113,0.2887,2.4638032559750607
2026-01-20 05:00:00,0.7113,0.2887,2.4638032559750607
2026-01-20 06:00:00,0.7113,0.2887,2.4638032559750607
2026-01-20 07:00:00,0.7113,0.2887,2.4638032559750607
2026-01-20 08:00:00,0.7113,0.2887,2.4638032559750607
2026-01-20 09:00:00,0.7113,0.2887,2.4638032559750607
2026-01-20 10:00:00,0.7113,0.2887,2.4638032559750607
2026-01-20 11:00:00,0.7113,0.2887,2.4638032559750607
2026-01-20 12:00:00,0.7113,0.2887,2.4638032559750607
2026-01-20 13:00:00,0.7113,0.2887,2.4638032559750607
2026-01-20 14:00:00,0.7113,0.2887,2.4638032559750607
2026-01-20 15:00:00,0.7113,0.2887,2.4638032559750607
2026-01-20 16:00:00,0.7113,0.2887,2.4638032559750607
2026-01-20 17:00:00,0.7113,0.2887,2.4638032559750607
2026-01-20 18:00:00,0.7113,0.2887,2.4638032559750607
2026-01-20 19:00:00,0.7113,0.2887,2.4638032559750607
2026-01-20 20:00:00,0.7113,0.2887,2.4638032559750607
2026-01-20 21:00:00,0.7113,0.2887,2.4638032559750607
2026-01-20 22:00:00,0.7113,0.2887,2.4638032559750607
2026-01-20 23:00:00,0.7113,0.2887,2.4638032559750607
2026-01-21 00:00:00,0.7113,0.2887,2.4638032559750607
2026-01-21 01:00:00,0.7113,0.2887,2.4638032559750607
2026-01-21 02:00:00,0.7113,0.2887,2.4638032559750607
2026-01-21 03:00:00,0.7113,0.2887,2.4638032559750607
2026-01-21 04:00:00,0.7113,0.2887,2.4638032559750607
2026-01-21 05:00:00,0.7113,0.2887,2.4638032559750607
2026-01-21 06:00:00,0.7113,0.2887,2.4638032559750607
2026-01-21 07:00:00,0.7113,0.2887,2.4638032559750607
2026-01-21 08:00:00,0.7113,0.2887,2.4638032559750607
2026-01-21 09:00:00,0.7113,0.2887,2.4638032559750607
2026-01-21 10:00:00,0.7113,0.2887,2.4638032559750607
2026-01-21 11:00:00,0.7113,0.2887,2.4638032559750607
2026-01-21 12:00:00,0.7113,0.2887,2.4638032559750607
2026-01-21 13:00:00,0.7113,0.2887,2.4638032559750607
2026-01-21 14:00:00,0.7113,0.2887,2.4638032559750607
2026-01-21 15:00:00,0.7113,0.2887,2.4638032559750607
2026-01-21 16:00:00,0.7113,0.2887,2.4638032559750607
2026-01-21 17:00:00,0.7113,0.2887,2.4638032559750607
2026-01-21 18:00:00,0.7113,0.2887,2.4638032559750607
2026-01-21 19:00:00,0.7113,0.2887,2.4638032559750607
2026-01-21 20:00:00,0.7113,0.2887,2.4638032559750607
2026-01-21 21:00:00,0.7113,0.2887,2.4638032559750607
2026-01-21 22:00:00,0.7113,0.2887,2.4638032559750607
2026-01-21 23:00:00,0.7113,0.2887,2.4638032559750607
2026-01-22 00:00:00,0.7113,0.2887,2.4638032559750607
2026-01-22 01:00:00,0.7113,0.2887,2.4638032559750607
2026-01-22 02:00:00,0.7113,0.2887,2.4638032559750607
2026-01-22 03:00:00,0.7113,0.2887,2.4638032559750607
2026-01-22 04:00:00,0.7113,0.2887,2.4638032559750607
2026-01-22 05:00:00,0.7113,0.2887,2.4638032559750607
2026-01-22 06:00:00,0.7113,0.2887,2.4638032559750607
2026-01-22 07:00:00,0.7113,0.2887,2.4638032559750607
2026-01-22 08:00:00,0.7113,0.2887,2.4638032559750607
2026-01-22 09:00:00,0.7113,0.2887,2.4638032559750607
2026-01-22 10:00:00,0.7113,0.2887,2.4638032559750607
2026-01-22 11:00:00,0.7113,0.2887,2.4638032559750607
2026-01-22 12:00:00,0.7113,0.2887,2.4638032559750607
2026-01-22 13:00:00,0.7113,0.2887,2.4638032559750607
2026-01-22 14:00:00,0.7113,0.2887,2.4638032559750607
2026-01-22 15:00:00,0.7113,0.2887,2.4638032559750607
2026-01-22 16:00:00,0.7113,0.2887,2.4638032559750607
2026-01-22 17:00:00,0.7113,0.2887,2.4638032559750607
2026-01-22 18:00:00,0.7113,0.2887,2.4638032559750607
2026-01-22 19:00:00,0.7113,0.2887,2.4638032559750607
2026-01-22 20:00:00,0.7113,0.2887,2.4638032559750607
2026-01-22 21:00:00,0.7113,0.2887,2.4638032559750607
2026-01-22 22:00:00,0.7113,0.2887,2.4638032559750607
2026-01-22 23:00:00,0.7113,0.2887,2.4638032559750607
2026-01-23 00:00:00,0.7113,0.2887,2.4638032559750607
2026-01-23 01:00:00,0.7113,0.2887,2.4638032559750607
2026-01-23 02:00:00,0.7113,0.2887,2.4638032559750607
2026-01-23 03:00:00,0.7113,0.2887,2.4638032559750607
2026-01-23 04:00:00,0.7113,0.2887,2.4638032559750607
2026-01-23 05:00:00,0.7113,0.2887,2.4638032559750607
2026-01-23 06:00:00,0.7113,0.2887,2.4638032559750607
2026-01-23 07:00:00,0.7113,0.2887,2.4638032559750607
2026-01-23 08:00:00,0.7113,0.2887,2.4638032559750607
2026-01-23 09:00:00,0.7113,0.2887,2.4638032559750607
2026-01-23 10:00:00,0.7113,0.2887,2.4638032559750607
2026-01-23 11:00:00,0.7113,0.2887,2.4638032559750607
2026-01-23 12:00:00,0.7113,0.2887,2.4638032559750607
2026-01-23 13:00:00,0.7113,0.2887,2.4638032559750607
2026-01-23 14:00:00,0.7113,0.2887,2.4638032559750607
2026-01-23 15:00:00,0.7113,0.2887,2.4638032559750607
2026-01-23 16:00:00,0.7113,0.2887,2.4638032559750607
2026-01-23 17:00:00,0.7113,0.2887,2.4638032559750607
2026-01-23 18:00:00,0.7113,0.2887,2.4638032559750607
2026-01-23 19:00:00,0.7113,0.2887,2.4638032559750607
2026-01-23 20:00:00,0.7113,0.2887,2.4638032559750607
2026-01-23 21:00:00,0.7113,0.2887,2.4638032559750607
2026-01-23 22:00:00,0.7113,0.2887,2.4638032559750607
2026-01-23 23:00:00,0.7113,0.2887,2.4638032559750607
2026-01-24 00:00:00,0.7113,0.2887,2.4638032559750607
2026-01-24 01:00:00,0.7113,0.2887,2.4638032559750607
2026-01-24 02:00:00,0.7113,0.2887,2.4638032559750607
2026-01-24 03:00:00,0.7113,0.2887,2.4638032559750607
2026-01-24 04:00:00,0.7113,0.2887,2.4638032559750607
2026-01-24 05:00:00,0.7113,0.2887,2.4638032559750607
2026-01-24 06:00:00,0.7113,0.2887,2.4638032559750607
2026-01-24 07:00:00,0.7113,0.2887,2.4638032559750607
2026-01-24 08:00:00,0.7113,0.2887,2.4638032559750607
2026-01-24 09:00:00,0.7113,0.2887,2.4638032559750607
2026-01-24 10:00:00,0.7113,0.2887,2.4638032559750607
2026-01-24 11:00:00,0.7113,0.2887,2.4638032559750607
2026-01-24 12:00:00,0.7113,0.2887,2.4638032559750607
2026-01-24 13:00:00,0.7113,0.2887,2.4638032559750607
2026-01-24 14:00:00,0.7113,0.2887,2.4638032559750607
2026-01-24 15:00:00,0.7113,0.2887,2.4638032559750607
2026-01-24 16:00:00,0.7113,0.2887,2.4638032559750607
2026-01-24 17:00:00,0.7113,0.2887,2.4638032559750607
2026-01-24 18:00:00,0.7113,0.2887,2.4638032559750607
2026-01-24 19:00:00,0.7113,0.2887,2.4638032559750607
2026-01-24 20:00:00,0.7113,0.2887,2.4638032559750607
2026-01-24 21:00:00,0.7113,0.2887,2.4638032559750607
2026-01-24 22:00:00,0.7113,0.2887,2.4638032559750607
2026-01-24 23:00:00,0.7113,0.2887,2.4638032559750607
2026-01-25 00:00:00,0.7113,0.2887,2.4638032559750607
2026-01-25 01:00:00,0.7113,0.2887,2.4638032559750607
2026-01-25 02:00:00,0.7113,0.2887,2.4638032559750607
2026-01-25 03:00:00,0.7113,0.2887,2.4638032559750607
2026-01-25 04:00:00,0.7113,0.2887,2.4638032559750607
2026-01-25 05:00:00,0.7113,0.2887,2.4638032559750607
2026-01-25 06:00:00,0.7113,0.2887,2.4638032559750607
2026-01-25 07:00:00,0.7113,0.2887,2.4638032559750607
2026-01-25 08:00:00,0.7113,0.2887,2.4638032559750607
2026-01-25 09:00:00,0.7113,0.2887,2.4638032559750607
2026-01-25 10:00:00,0.7113,0.2887,2.4638032559750607
2026-01-25 11:00:00,0.7113,0.2887,2.4638032559750607
2026-01-25 12:00:00,0.7113,0.2887,2.4638032559750607
2026-01-25 13:00:00,0.7113,0.2887,2.4638032559750607
2026-01-25 14:00:00,0.7113,0.2887,2.4638032559750607
2026-01-25 15:00:00,0.7113,0.2887,2.4638032559750607
2026-01-25 16:00:00,0.7113,0.2887,2.4638032559750607
2026-01-25 17:00:00,0.7113,0.2887,2.4638032559750607
2026-01-25 18:00:00,0.7113,0.2887,2.4638032559750607
2026-01-25 19:00:00,0.7113,0.2887,2.4638032559750607
2026-01-25 20:00:00,0.7113,0.2887,2.4638032559750607
2026-01-25 21:00:00,0.7113,0.2887,2.4638032559750607
2026-01-25 22:00:00,0.7113,0.2887,2.4638032559750607
2026-01-25 23:00:00,0.7113,0.2887,2.4638032559750607
2026-01-26 00:00:00,0.7113,0.2887,2.4638032559750607
2026-01-26 01:00:00,0.7113,0.2887,2.4638032559750607
2026-01-26 02:00:00,0.7113,0.2887,2.4638032559750607
2026-01-26 03:00:00,0.7113,0.2887,2.4638032559750607
2026-01-26 04:00:00,0.7113,0.2887,2.4638032559750607
2026-01-26 05:00:00,0.7113,0.2887,2.4638032559750607
2026-01-26 06:00:00,0.7113,0.2887,2.4638032559750607
2026-01-26 07:00:00,0.7113,0.2887,2.4638032559750607
2026-01-26 08:00:00,0.7113,0.2887,2.4638032559750607
2026-01-26 09:00:00,0.7113,0.2887,2.4638032559750607
2026-01-26 10:00:00,0.7113,0.2887,2.4638032559750607
2026-01-26 11:00:00,0.7113,0.2887,2.4638032559750607
2026-01-26 12:00:00,0.7113,0.2887,2.4638032559750607
2026-01-26 13:00:00,0.7113,0.2887,2.4638032559750607
2026-01-26 14:00:00,0.7113,0.2887,2.4638032559750607
2026-01-26 15:00:00,0.7113,0.2887,2.4638032559750607
2026-01-26 16:00:00,0.7113,0.2887,2.4638032559750607
2026-01-26 17:00:00,0.7113,0.2887,2.4638032559750607
2026-01-26 18:00:00,0.7113,0.2887,2.4638032559750607
2026-01-26 19:00:00,0.7113,0.2887,2.4638032559750607
2026-01-26 20:00:00,0.7113,0.2887,2.4638032559750607
2026-01-26 21:00:00,0.7113,0.2887,2.4638032559750607
2026-01-26 22:00:00,0.7113,0.2887,2.4638032559750607
2026-01-26 23:00:00,0.7113,0.2887,2.4638032559750607
2026-01-27 00:00:00,0.7113,0.2887,2.4638032559750607
2026-01-27 01:00:00,0.7113,0.2887,2.4638032559750607
2026-01-27 02:00:00,0.7113,0.2887,2.4638032559750607
2026-01-27 03:00:00,0.7113,0.2887,2.4638032559750607
2026-01-27 04:00:00,0.7113,0.2887,2.4638032559750607
2026-01-27 05:00:00,0.7113,0.2887,2.4638032559750607
2026-01-27 06:00:00,0.7113,0.2887,2.4638032559750607
2026-01-27 07:00:00,0.7113,0.2887,2.4638032559750607
2026-01-27 08:00:00,0.7113,0.2887,2.4638032559750607
2026-01-27 09:00:00,0.7113,0.2887,2.4638032559750607
2026-01-27 10:00:00,0.7113,0.2887,2.4638032559750607
2026-01-27 11:00:00,0.7113,0.2887,2.4638032559750607
2026-01-27 12:00:00,0.7113,0.2887,2.4638032559750607
2026-01-27 13:00:00,0.7113,0.2887,2.4638032559750607
2026-01-27 14:00:00,0.7113,0.2887,2.4638032559750607
2026-01-27 15:00:00,0.7113,0.2887,2.4638032559750607
2026-01-27 16:00:00,0.7113,0.2887,2.4638032559750607
2026-01-27 17:00:00,0.7113,0.2887,2.4638032559750607
2026-01-27 18:00:00,0.7113,0.2887,2.4638032559750607
2026-01-27 19:00:00,0.7113,0.2887,2.4638032559750607
2026-01-27 20:00:00,0.7113,0.2887,2.4638032559750607
2026-01-27 21:00:00,0.7113,0.2887,2.4638032559750607
2026-01-27 22:00:00,0.7113,0.2887,2.4638032559750607
2026-01-27 23:00:00,0.7113,0.2887,2.4638032559750607
2026-01-28 00:00:00,0.7113,0.2887,2.4638032559750607
2026-01-28 01:00:00,0.7113,0.2887,2.4638032559750607
2026-01-28 02:00:00,0.7113,0.2887,2.4638032559750607
2026-01-28 03:00:00,0.7113,0.2887,2.4638032559750607
2026-01-28 04:00:00,0.7113,0.2887,2.4638032559750607
2026-01-28 05:00:00,0.7113,0.2887,2.4638032559750607
2026-01-28 06:00:00,0.7113,0.2887,2.4638032559750607
2026-01-28 07:00:00,0.7113,0.2887,2.4638032559750607
2026-01-28 08:00:00,0.7113,0.2887,2.4638032559750607
2026-01-28 09:00:00,0.7113,0.2887,2.4638032559750607
2026-01-28 10:00:00,0.7113,0.2887,2.4638032559750607
2026-01-28 11:00:00,0.7113,0.2887,2.4638032559750607
2026-01-28 12:00:00,0.7113,0.2887,2.4638032559750607
2026-01-28 13:00:00,0.7113,0.2887,2.4638032559750607
2026-01-28 14:00:00,0.7113,0.2887,2.4638032559750607
2026-01-28 15:00:00,0.7113,0.2887,2.4638032559750607
2026-01-28 16:00:00,0.7113,0.2887,2.4638032559750607
2026-01-28 17:00:00,0.7113,0.2887,2.4638032559750607
2026-01-28 18:00:00,0.7113,0.2887,2.4638032559750607
2026-01-28 19:00:00,0.7113,0.2887,2.4638032559750607
2026-01-28 20:00:00,0.7113,0.2887,2.4638032559750607
2026-01-28 21:00:00,0.7113,0.2887,2.4638032559750607
2026-01-28 22:00:00,0.7113,0.2887,2.4638032559750607
2026-01-28 23:00:00,0.7113,0.2887,2.4638032559750607
2026-01-29 00:00:00,0.7113,0.2887,2.4638032559750607
2026-01-29 01:00:00,0.7113,0.2887,2.4638032559750607
2026-01-29 02:00:00,0.7113,0.2887,2.4638032559750607
2026-01-29 03:00:00,0.7113,0.2887,2.4638032559750607
2026-01-29 04:00:00,0.7113,0.2887,2.4638032559750607
2026-01-29 05:00:00,0.7113,0.2887,2.4638032559750607
2026-01-29 06:00:00,0.7113,0.2887,2.4638032559750607
2026-01-29 07:00:00,0.7113,0.2887,2.4638032559750607
2026-01-29 08:00:00,0.7113,0.2887,2.4638032559750607
2026-01-29 09:00:00,0.7113,0.2887,2.4638032559750607
2026-01-29 10:00:00,0.7113,0.2887,2.4638032559750607
2026-01-29 11:00:00,0.7113,0.2887,2.4638032559750607
2026-01-29 12:00:00,0.7113,0.2887,2.4638032559750607
2026-01-29 13:00:00,0.7113,0.2887,2.4638032559750607
2026-01-29 14:00:00,0.7113,0.2887,2.4638032559750607
2026-01-29 15:00:00,0.7113,0.2887,2.4638032559750607
2026-01-29 16:00:00,0.7113,0.2887,2.4638032559750607
2026-01-29 17:00:00,0.7113,0.2887,2.4638032559750607
2026-01-29 18:00:00,0.7113,0.2887,2.4638032559750607
2026-01-29 19:00:00,0.7113,0.2887,2.4638032559750607
2026-01-29 20:00:00,0.7113,0.2887,2.4638032559750607
2026-01-29 21:00:00,0.7113,0.2887,2.4638032559750607
2026-01-29 22:00:00,0.7113,0.2887,2.4638032559750607
2026-01-29 23:00:00,0.7113,0.2887,2.4638032559750607
2026-01-30 00:00:00,0.7113,0.2887,2.4638032559750607
2026-01-30 01:00:00,0.7113,0.2887,2.4638032559750607
2026-01-30 02:00:00,0.7113,0.2887,2.4638032559750607
2026-01-30 03:00:00,0.7113,0.2887,2.4638032559750607
2026-01-30 04:00:00,0.7113,0.2887,2.4638032559750607
2026-01-30 05:00:00,0.7113,0.2887,2.4638032559750607
2026-01-30 06:00:00,0.7113,0.2887,2.4638032559750607
2026-01-30 07:00:00,0.7113,0.2887,2.4638032559750607
2026-01-30 08:00:00,0.7113,0.2887,2.4638032559750607
2026-01-30 09:00:00,0.7113,0.2887,2.4638032559750607
2026-01-30 10:00:00,0.7113,0.2887,2.4638032559750607
2026-01-30 11:00:00,0.7113,0.2887,2.4638032559750607
2026-01-30 12:00:00,0.7113,0.2887,2.4638032559750607
2026-01-30 13:00:00,0.7113,0.2887,2.4638032559750607
2026-01-30 14:00:00,0.7113,0.2887,2.4638032559750607
2026-01-30 15:00:00,0.7113,0.2887,2.4638032559750607
2026-01-30 16:00:00,0.7113,0.2887,2.4638032559750607
2026-01-30 17:00:00,0.7113,0.2887,2.4638032559750607
2026-01-30 18:00:00,0.7113,0.2887,2.4638032559750607
2026-01-30 19:00:00,0.7113,0.2887,2.4638032559750607
2026-01-30 20:00:00,0.7113,0.2887,2.4638032559750607
2026-01-30 21:00:00,0.7113,0.2887,2.4638032559750607
2026-01-30 22:00:00,0.7113,0.2887,2.4638032559750607
2026-01-30 23:00:00,0.7113,0.2887,2.4638032559750607
2026-01-31 00:00:00,0.7113,0.2887,2.4638032559750607
2026-01-31 01:00:00,0.7113,0.2887,2.4638032559750607
2026-01-31 02:00:00,0.7113,0.2887,2.4638032559750607
2026-01-31 03:00:00,0.7113,0.2887,2.4638032559750607
2026-01-31 04:00:00,0.7113,0.2887,2.4638032559750607
2026-01-31 05:00:00,0.7113,0.2887,2.4638032559750607
2026-01-31 06:00:00,0.7113,0.2887,2.4638032559750607
2026-01-31 07:00:00,0.7113,0.2887,2.4638032559750607
2026-01-31 08:00:00,0.7113,0.2887,2.4638032559750607
2026-01-31 09:00:00,0.7113,0.2887,2.4638032559750607
2026-01-31 10:00:00,0.7113,0.2887,2.4638032559750607
2026-01-31 11:00:00,0.7113,0.2887,2.4638032559750607
2026-01-31 12:00:00,0.7113,0.2887,2.4638032559750607
2026-01-31 13:00:00,0.7113,0.2887,2.4638032559750607
2026-01-31 14:00:00,0.7113,0.2887,2.4638032559750607
2026-01-31 15:00:00,0.7113,0.2887,2.4638032559750607
2026-01-31 16:00:00,0.7113,0.2887,2.4638032559750607
2026-01-31 17:00:00,0.7113,0.2887,2.4638032559750607
2026-01-31 18:00:00,0.7113,0.2887,2.4638032559750607
2026-01-31 19:00:00,0.7113,0.2887,2.4638032559750607
2026-01-31 20:00:00,0.7113,0.2887,2.4638032559750607
2026-01-31 21:00:00,0.7113,0.2887,2.4638032559750607
2026-01-31 22:00:00,0.7113,0.2887,2.4638032559750607
2026-01-31 23:00:00,0.7113,0.2887,2.4638032559750607
2026-02-01 00:00:00,0.7113,0.2887,2.4638032559750607
2026-02-01 01:00:00,0.7113,0.2887,2.4638032559750607
2026-02-01 02:00:00,0.7113,0.2887,2.4638032559750607
2026-02-01 03:00:00,0.7113,0.2887,2.4638032559750607
2026-02-01 04:00:00,0.7113,0.2887,2.4638032559750607
2026-02-01 05:00:00,0.7113,0.2887,2.4638032559750607
2026-02-01 06:00:00,0.7113,0.2887,2.4638032559750607
2026-02-01 07:00:00,0.7113,0.2887,2.4638032559750607
2026-02-01 08:00:00,0.7113,0.2887,2.4638032559750607
2026-02-01 09:00:00,0.7113,0.2887,2.4638032559750607
2026-02-01 10:00:00,0.7113,0.2887,2.4638032559750607
2026-02-01 11:00:00,0.7113,0.2887,2.4638032559750607
2026-02-01 12:00:00,0.7113,0.2887,2.4638032559750607
2026-02-01 13:00:00,0.7113,0.2887,2.4638032559750607
2026-02-01 14:00:00,0.7113,0.2887,2.4638032559750607
2026-02-01 15:00:00,0.7113,0.2887,2.4638032559750607
2026-02-01 16:00:00,0.7113,0.2887,2.4638032559750607
2026-02-01 17:00:00,0.7113,0.2887,2.4638032559750607
2026-02-01 18:00:00,0.7113,0.2887,2.4638032559750607
2026-02-01 19:00:00,0.7113,0.2887,2.4638032559750607
2026-02-01 20:00:00,0.7113,0.2887,2.4638032559750607
2026-02-01 21:00:00,0.7113,0.2887,2.4638032559750607
2026-02-01 22:00:00,0.7113,0.2887,2.4638032559750607
2026-02-01 23:00:00,0.7113,0.2887,2.4638032559750607
2026-02-02 00:00:00,0.7113,0.2887,2.4638032559750607
2026-02-02 01:00:00,0.7113,0.2887,2.4638032559750607
2026-02-02 02:00:00,0.7113,0.2887,2.4638032559750607
2026-02-02 03:00:00,0.7113,0.2887,2.4638032559750607
2026-02-02 04:00:00,0.7113,0.2887,2.4638032559750607
2026-02-02 05:00:00,0.7113,0.2887,2.4638032559750607
2026-02-02 06:00:00,0.7113,0.2887,2.4638032559750607
2026-02-02 07:00:00,0.7113,0.2887,2.4638032559750607
2026-02-02 08:00:00,0.7113,0.2887,2.4638032559750607
2026-02-02 09:00:00,0.7113,0.2887,2.4638032559750607
2026-02-02 10:00:00,0.7113,0.2887,2.4638032559750607
2026-02-02 11:00:00,0.7113,0.2887,2.4638032559750607
2026-02-02 12:00:00,0.7113,0.2887,2.4638032559750607
2026-02-02 13:00:00,0.7113,0.2887,2.4638032559750607
2026-02-02 14:00:00,0.7113,0.2887,2.4638032559750607
2026-02-02 15:00:00,0.7113,0.2887,2.4638032559750607
2026-02-02 16:00:00,0.7113,0.2887,2.4638032559750607
2026-02-02 17:00:00,0.7113,0.2887,2.4638032559750607
2026-02-02 18:00:00,0.7113,0.2887,2.4638032559750607
2026-02-02 19:00:00,0.7113,0.2887,2.4638032559750607
2026-02-02 20:00:00,0.7113,0.2887,2.4638032559750607
2026-02-02 21:00:00,0.7113,0.2887,2.4638032559750607
2026-02-02 22:00:00,0.7113,0.2887,2.4638032559750607
2026-02-02 23:00:00,0.7113,0.2887,2.4638032559750607
2026-02-03 00:00:00,0.7113,0.2887,2.4638032559750607
2026-02-03 01:00:00,0.7113,0.2887,2.4638032559750607
2026-02-03 02:00:00,0.7113,0.2887,2.4638032559750607
2026-02-03 03:00:00,0.7113,0.2887,2.4638032559750607
2026-02-03 04:00:00,0.7113,0.2887,2.4638032559750607
2026-02-03 05:00:00,0.7113,0.2887,2.4638032559750607
2026-02-03 06:00:00,0.7113,0.2887,2.4638032559750607
2026-02-03 07:00:00,0.7113,0.2887,2.4638032559750607
2026-02-03 08:00:00,0.7113,0.2887,2.4638032559750607
2026-02-03 09:00:00,0.7113,0.2887,2.4638032559750607
2026-02-03 10:00:00,0.7113,0.2887,2.4638032559750607
2026-02-03 11:00:00,0.7113,0.2887,2.4638032559750607
2026-02-03 12:00:00,0.7113,0.2887,2.4638032559750607
2026-02-03 13:00:00,0.7113,0.2887,2.4638032559750607
2026-02-03 14:00:00,0.7113,0.2887,2.4638032559750607
2026-02-03 15:00:00,0.7113,0.2887,2.4638032559750607
2026-02-03 16:00:00,0.7113,0.2887,2.4638032559750607
2026-02-03 17:00:00,0.7113,0.2887,2.4638032559750607
2026-02-03 18:00:00,0.7113,0.2887,2.4638032559750607
2026-02-03 19:00:00,0.7113,0.2887,2.4638032559750607
2026-02-03 20:00:00,0.7113,0.2887,2.4638032559750607
2026-02-03 21:00:00,0.7113,0.2887,2.4638032559750607
2026-02-03 22:00:00,0.7113,0.2887,2.4638032559750607
2026-02-03 23:00:00,0.7113,0.2887,2.4638032559750607
2026-02-04 00:00:00,0.7113,0.2887,2.4638032559750607
2026-02-04 01:00:00,0.7113,0.2887,2.4638032559750607
2026-02-04 02:00:00,0.7113,0.2887,2.4638032559750607
2026-02-04 03:00:00,0.7113,0.2887,2.4638032559750607
2026-02-04 04:00:00,0.7113,0.2887,2.4638032559750607
2026-02-04 05:00:00,0.7113,0.2887,2.4638032559750607
2026-02-04 06:00:00,0.7113,0.2887,2.4638032559750607
2026-02-04 07:00:00,0.7113,0.2887,2.4638032559750607
2026-02-04 08:00:00,0.7113,0.2887,2.4638032559750607
2026-02-04 09:00:00,0.7113,0.2887,2.4638032559750607
2026-02-04 10:00:00,0.7113,0.2887,2.4638032559750607
2026-02-04 11:00:00,0.7113,0.2887,2.4638032559750607
2026-02-04 12:00:00,0.7113,0.2887,2.4638032559750607
2026-02-04 13:00:00,0.7113,0.2887,2.4638032559750607
2026-02-04 14:00:00,0.7113,0.2887,2.4638032559750607
2026-02-04 15:00:00,0.7113,0.2887,2.4638032559750607
2026-02-04 16:00:00,0.7113,0.2887,2.4638032559750607
2026-02-04 17:00:00,0.7113,0.2887,2.4638032559750607
2026-02-04 18:00:00,0.7113,0.2887,2.4638032559750607
2026-02-04 19:00:00,0.7113,0.2887,2.4638032559750607
2026-02-04 20:00:00,0.7113,0.2887,2.4638032559750607
2026-02-04 21:00:00,0.7113,0.2887,2.4638032559750607
2026-02-04 22:00:00,0.7113,0.2887,2.4638032559750607
2026-02-04 23:00:00,0.7113,0.2887,2.4638032559750607
2026-02-05 00:00:00,0.7113,0.2887,2.4638032559750607
2026-02-05 01:00:00,0.7113,0.2887,2.4638032559750607
2026-02-05 02:00:00,0.7113,0.2887,2.4638032559750607
2026-02-05 03:00:00,0.7113,0.2887,2.4638032559750607
2026-02-05 04:00:00,0.7113,0.2887,2.4638032559750607
2026-02-05 05:00:00,0.7113,0.2887,2.4638032559750607
2026-02-05 06:00:00,0.7113,0.2887,2.4638032559750607
2026-02-05 07:00:00,0.7113,0.2887,2.4638032559750607
2026-02-05 08:00:00,0.7113,0.2887,2.4638032559750607
2026-02-05 09:00:00,0.7113,0.2887,2.4638032559750607
2026-02-05 10:00:00,0.7113,0.2887,2.4638032559750607
2026-02-05 11:00:00,0.7113,0.2887,2.4638032559750607
2026-02-05 12:00:00,0.7113,0.2887,2.4638032559750607
2026-02-05 13:00:00,0.7113,0.2887,2.4638032559750607
2026-02-05 14:00:00,0.7113,0.2887,2.4638032559750607
2026-02-05 15:00:00,0.7113,0.2887,2.4638032559750607
2026-02-05 16:00:00,0.7113,0.2887,2.4638032559750607
2026-02-05 17:00:00,0.7113,0.2887,2.4638032559750607
2026-02-05 18:00:00,0.7113,0.2887,2.4638032559750607
2026-02-05 19:00:00,0.7113,0.2887,2.4638032559750607
2026-02-05 20:00:00,0.7113,0.2887,2.4638032559750607
2026-02-05 21:00:00,0.7113,0.2887,2.4638032559750607
2026-02-05 22:00:00,0.7113,0.2887,2.4638032559750607
2026-02-05 23:00:00,0.7113,0.2887,2.4638032559750607
2026-02-06 00:00:00,0.7113,0.2887,2.4638032559750607
2026-02-06 01:00:00,0.7113,0.2887,2.4638032559750607
2026-02-06 02:00:00,0.7113,0.2887,2.4638032559750607
2026-02-06 03:00:00,0.7113,0.2887,2.4638032559750607
2026-02-06 04:00:00,0.7113,0.2887,2.4638032559750607
2026-02-06 05:00:00,0.7113,0.2887,2.4638032559750607
2026-02-06 06:00:00,0.7113,0.2887,2.4638032559750607
2026-02-06 07:00:00,0.7113,0.2887,2.4638032559750607
2026-02-06 08:00:00,0.7113,0.2887,2.4638032559750607
2026-02-06 09:00:00,0.7113,0.2887,2.4638032559750607
2026-02-06 10:00:00,0.7113,0.2887,2.4638032559750607
2026-02-06 11:00:00,0.7113,0.2887,2.4638032559750607
2026-02-06 12:00:00,0.7113,0.2887,2.4638032559750607
2026-02-06 13:00:00,0.7113,0.2887,2.4638032559750607
2026-02-06 14:00:00,0.7113,0.2887,2.4638032559750607
2026-02-06 15:00:00,0.7113,0.2887,2.4638032559750607
2026-02-06 16:00:00,0.7113,0.2887,2.4638032559750607
2026-02-06 17:00:00,0.7113,0.2887,2.4638032559750607
2026-02-06 18:00:00,0.7113,0.2887,2.4638032559750607
2026-02-06 19:00:00,0.7113,0.2887,2.4638032559750607
2026-02-06 20:00:00,0.7113,0.2887,2.4638032559750607
2026-02-06 21:00:00,0.7113,0.2887,2.4638032559750607
2026-02-06 22:00:00,0.7113,0.2887,2.4638032559750607
2026-02-06 23:00:00,0.7113,0.2887,2.4638032559750607
2026-02-07 00:00:00,0.7113,0.2887,2.4638032559750607
2026-02-07 01:00:00,0.7113,0.2887,2.4638032559750607
2026-02-07 02:00:00,0.7113,0.2887,2.4638032559750607
2026-02-07 03:00:00,0.7113,0.2887,2.4638032559750607
2026-02-07 04:00:00,0.7113,0.2887,2.4638032559750607
2026-02-07 05:00:00,0.7113,0.2887,2.4638032559750607
2026-02-07 06:00:00,0.7113,0.2887,2.4638032559750607
2026-02-07 07:00:00,0.7113,0.2887,2.4638032559750607
2026-02-07 08:00:00,0.7113,0.2887,2.4638032559750607
2026-02-07 09:00:00,0.7113,0.2887,2.4638032559750607
2026-02-07 10:00:00,0.7113,0.2887,2.4638032559750607
2026-02-07 11:00:00,0.7113,0.2887,2.4638032559750607
2026-02-07 12:00:00,0.7113,0.2887,2.4638032559750607
2026-02-07 13:00:00,0.7113,0.2887,2.4638032559750607
2026-02-07 14:00:00,0.7113,0.2887,2.4638032559750607
2026-02-07 15:00:00,0.7113,0.2887,2.4638032559750607
2026-02-07 16:00:00,0.7113,0.2887,2.4638032559750607
2026-02-07 17:00:00,0.7113,0.2887,2.4638032559750607
2026-02-07 18:00:00,0.7113,0.2887,2.4638032559750607
2026-02-07 19:00:00,0.7113,0.2887,2.4638032559750607
2026-02-07 20:00:00,0.7113,0.2887,2.4638032559750607
2026-02-07 21:00:00,0.7113,0.2887,2.4638032559750607
2026-02-07 22:00:00,0.7113,0.2887,2.4638032559750607
2026-02-07 23:00:00,0.7113,0.2887,2.4638032559750607
2026-02-08 00:00:00,0.7113,0.2887,2.4638032559750607
2026-02-08 01:00:00,0.7113,0.2887,2.4638032559750607
2026-02-08 02:00:00,0.7113,0.2887,2.4638032559750607
2026-02-08 03:00:00,0.7113,0.2887,2.4638032559750607
2026-02-08 04:00:00,0.7113,0.2887,2.4638032559750607
2026-02-08 05:00:00,0.7113,0.2887,2.4638032559750607
2026-02-08 06:00:00,0.7113,0.2887,2.4638032559750607
2026-02-08 07:00:00,0.7113,0.2887,2.4638032559750607
2026-02-08 08:00:00,0.7113,0.2887,2.4638032559750607
2026-02-08 09:00:00,0.7113,0.2887,2.4638032559750607
2026-02-08 10:00:00,0.7113,0.2887,2.4638032559750607
2026-02-08 11:00:00,0.7113,0.2887,2.4638032559750607
2026-02-08 12:00:00,0.7113,0.2887,2.4638032559750607
2026-02-08 13:00:00,0.7113,0.2887,2.4638032559750607
2026-02-08 14:00:00,0.7113,0.2887,2.4638032559750607
2026-02-08 15:00:00,0.7113,0.2887,2.4638032559750607
2026-02-08 16:00:00,0.7113,0.2887,2.4638032559750607
2026-02-08 17:00:00,0.7113,0.2887,2.4638032559750607
2026-02-08 18:00:00,0.7113,0.2887,2.4638032559750607
2026-02-08 19:00:00,0.7113,0.2887,2.4638032559750607
2026-02-08 20:00:00,0.7113,0.2887,2.4638032559750607
2026-02-08 21:00:00,0.7113,0.2887,2.4638032559750607
2026-02-08 22:00:00,0.7113,0.2887,2.4638032559750607
2026-02-08 23:00:00,0.7113,0.2887,2.4638032559750607
2026-02-09 00:00:00,0.7113,0.2887,2.4638032559750607
2026-02-09 01:00:00,0.7113,0.2887,2.4638032559750607
2026-02-09 02:00:00,0.7113,0.2887,2.4638032559750607
2026-02-09 03:00:00,0.7113,0.2887,2.4638032559750607
2026-02-09 04:00:00,0.7113,0.2887,2.4638032559750607
2026-02-09 05:00:00,0.7113,0.2887,2.4638032559750607
2026-02-09 06:00:00,0.7113,0.2887,2.4638032559750607
2026-02-09 07:00:00,0.7113,0.2887,2.4638032559750607
2026-02-09 08:00:00,0.7113,0.2887,2.4638032559750607
2026-02-09 09:00:00,0.7113,0.2887,2.4638032559750607
2026-02-09 10:00:00,0.7113,0.2887,2.4638032559750607
2026-02-09 11:00:00,0.7113,0.2887,2.4638032559750607
2026-02-09 12:00:00,0.7113,0.2887,2.4638032559750607
2026-02-09 13:00:00,0.7113,0.2887,2.4638032559750607
2026-02-09 14:00:00,0.7113,0.2887,2.4638032559750607
2026-02-09 15:00:00,0.7113,0.2887,2.4638032559750607
2026-02-09 16:00:00,0.7113,0.2887,2.4638032559750607
2026-02-09 17:00:00,0.7113,0.2887,2.4638032559750607
2026-02-09 18:00:00,0.7113,0.2887,2.4638032559750607
2026-02-09 19:00:00,0.7113,0.2887,2.4638032559750607
2026-02-09 20:00:00,0.7113,0.2887,2.4638032559750607
2026-02-09 21:00:00,0.7113,0.2887,2.4638032559750607
2026-02-09 22:00:00,0.7113,0.2887,2.4638032559750607
2026-02-09 23:00:00,0.7113,0.2887,2.4638032559750607
2026-02-10 00:00:00,0.7113,0.2887,2.4638032559750607
2026-02-10 01:00:00,0.7113,0.2887,2.4638032559750607
2026-02-10 02:00:00,0.7113,0.2887,2.4638032559750607
2026-02-10 03:00:00,0.7113,0.2887,2.4638032559750607
2026-02-10 04:00:00,0.7113,0.2887,2.4638032559750607
2026-02-10 05:00:00,0.7113,0.2887,2.4638032559750607
2026-02-10 06:00:00,0.7113,0.2887,2.4638032559750607
2026-02-10 07:00:00,0.7113,0.2887,2.4638032559750607
2026-02-10 08:00:00,0.7113,0.2887,2.4638032559750607
2026-02-10 09:00:00,0.7113,0.2887,2.4638032559750607
2026-02-10 10:00:00,0.7113,0.2887,2.4638032559750607
2026-02-10 11:00:00,0.7113,0.2887,2.4638032559750607
2026-02-10 12:00:00,0.7113,0.2887,2.4638032559750607
2026-02-10 13:00:00,0.7113,0.2887,2.4638032559750607
2026-02-10 14:00:00,0.7113,0.2887,2.4638032559750607
2026-02-10 15:00:00,0.7113,0.2887,2.4638032559750607
2026-02-10 16:00:00,0.7113,0.2887,2.4638032559750607
2026-02-10 17:00:00,0.7113,0.2887,2.4638032559750607
2026-02-10 18:00:00,0.7113,0.2887,2.4638032559750607
2026-02-10 19:00:00,0.7113,0.2887,2.4638032559750607
2026-02-10 20:00:00,0.7113,0.2887,2.4638032559750607
2026-02-10 21:00:00,0.7113,0.2887,2.4638032559750607
2026-02-10 22:00:00,0.7113,0.2887,2.4638032559750607
2026-02-10 23:00:00,0.7113,0.2887,2.4638032559750607
2026-02-11 00:00:00,0.7113,0.2887,2.4638032559750607
2026-02-11 01:00:00,0.7113,0.2887,2.4638032559750607
2026-02-11 02:00:00,0.7113,0.2887,2.4638032559750607
2026-02-11 03:00:00,0.7113,0.2887,2.4638032559750607
2026-02-11 04:00:00,0.7113,0.2887,2.4638032559750607
2026-02-11 05:00:00,0.7113,0.2887,2.4638032559750607
2026-02-11 06:00:00,0.7113,0.2887,2.4638032559750607
2026-02-11 07:00:00,0.7113,0.2887,2.4638032559750607
2026-02-11 08:00:00,0.7113,0.2887,2.4638032559750607
2026-02-11 09:00:00,0.7113,0.2887,2.4638032559750607
2026-02-11 10:00:00,0.7113,0.2887,2.4638032559750607
2026-02-11 11:00:00,0.7113,0.2887,2.4638032559750607
2026-02-11 12:00:00,0.7113,0.2887,2.4638032559750607
2026-02-11 13:00:00,0.7113,0.2887,2.4638032559750607
2026-02-11 14:00:00,0.7113,0.2887,2.4638032559750607
2026-02-11 15:00:00,0.7113,0.2887,2.4638032559750607
2026-02-11 16:00:00,0.7113,0.2887,2.4638032559750607
2026-02-11 17:00:00,0.7113,0.2887,2.4638032559750607
2026-02-11 18:00:00,0.7113,0.2887,2.4638032559750607
2026-02-11 19:00:00,0.7113,0.2887,2.4638032559750607
2026-02-11 20:00:00,0.7113,0.2887,2.4638032559750607
2026-02-11 21:00:00,0.7113,0.2887,2.4638032559750607
2026-02-11 22:00:00,0.7113,0.2887,2.4638032559750607
2026-02-11 23:00:00,0.7113,0.2887,2.4638032559750607
2026-02-12 00:00:00,0.7113,0.2887,2.4638032559750607
2026-02-12 01:00:00,0.7113,0.2887,2.4638032559750607
2026-02-12 02:00:00,0.7113,0.2887,2.4638032559750607
2026-02-12 03:00:00,0.7113,0.2887,2.4638032559750607
2026-02-12 04:00:00,0.7113,0.2887,2.4638032559750607
2026-02-12 05:00:00,0.7113,0.2887,2.4638032559750607
2026-02-12 06:00:00,0.7113,0.2887,2.4638032559750607
2026-02-12 07:00:00,0.7113,0.2887,2.4638032559750607
2026-02-12 08:00:00,0.7113,0.2887,2.4638032559750607
2026-02-12 09:00:00,0.7113,0.2887,2.4638032559750607
2026-02-12 10:00:00,0.7113,0.2887,2.4638032559750607
2026-02-12 11:00:00,0.7113,0.2887,2.4638032559750607
2026-02-12 12:00:00,0.7113,0.2887,2.4638032559750607
2026-02-12 13:00:00,0.7113,0.2887,2.4638032559750607
2026-02-12 14:00:00,0.7113,0.2887,2.4638032559750607
2026-02-12 15:00:00,0.7113,0.2887,2.4638032559750607
2026-02-12 16:00:00,0.7113,0.2887,2.4638032559750607
2026-02-12 17:00:00,0.7113,0.2887,2.4638032559750607
2026-02-12 18:00:00,0.7113,0.2887,2.4638032559750607
2026-02-12 19:00:00,0.7113,0.2887,2.4638032559750607
2026-02-12 20:00:00,0.7113,0.2887,2.4638032559750607
2026-02-12 21:00:00,0.7113,0.2887,2.4638032559750607
2026-02-12 22:00:00,0.7113,0.2887,2.4638032559750607
2026-02-12 23:00:00,0.7113,0.2887,2.4638032559750607
2026-02-13 00:00:00,0.7113,0.2887,2.4638032559750607
2026-02-13 01:00:00,0.7113,0.2887,2.4638032559750607
2026-02-13 02:00:00,0.7113,0.2887,2.4638032559750607
2026-02-13 03:00:00,0.7113,0.2887,2.4638032559750607
2026-02-13 04:00:00,0.7113,0.2887,2.4638032559750607
2026-02-13 05:00:00,0.7113,0.2887,2.4638032559750607
2026-02-13 06:00:00,0.7113,0.2887,2.4638032559750607
2026-02-13 07:00:00,0.7113,0.2887,2.4638032559750607
2026-02-13 08:00:00,0.7113,0.2887,2.4638032559750607
2026-02-13 09:00:00,0.7113,0.2887,2.4638032559750607
2026-02-13 10:00:00,0.7113,0.2887,2.4638032559750607
2026-02-13 11:00:00,0.7113,0.2887,2.4638032559750607
2026-02-13 12:00:00,0.7113,0.2887,2.4638032559750607
2026-02-13 13:00:00,0.7113,0.2887,2.4638032559750607
2026-02-13 14:00:00,0.7113,0.2887,2.4638032559750607
2026-02-13 15:00:00,0.7113,0.2887,2.4638032559750607
2026-02-13 16:00:00,0.7113,0.2887,2.4638032559750607
2026-02-13 17:00:00,0.7113,0.2887,2.4638032559750607
2026-02-13 18:00:00,0.7113,0.2887,2.4638032559750607
2026-02-13 19:00:00,0.7113,0.2887,2.4638032559750607
2026-02-13 20:00:00,0.7113,0.2887,2.4638032559750607
2026-02-13 21:00:00,0.7113,0.2887,2.4638032559750607
2026-02-13 22:00:00,0.7113,0.2887,2.4638032559750607
2026-02-13 23:00:00,0.7113,0.2887,2.4638032559750607
2026-02-14 00:00:00,0.7113,0.2887,2.4638032559750607
2026-02-14 01:00:00,0.7113,0.2887,2.4638032559750607
2026-02-14 02:00:00,0.7113,0.2887,2.4638032559750607
2026-02-14 03:00:00,0.7113,0.2887,2.4638032559750607
2026-02-14 04:00:00,0.7113,0.2887,2.4638032559750607
2026-02-14 05:00:00,0.7113,0.2887,2.4638032559750607
2026-02-14 06:00:00,0.7113,0.2887,2.4638032559750607
2026-02-14 07:00:00,0.7113,0.2887,2.4638032559750607
2026-02-14 08:00:00,0.7113,0.2887,2.4638032559750607
2026-02-14 09:00:00,0.7113,0.2887,2.4638032559750607
2026-02-14 10:00:00,0.7113,0.2887,2.4638032559750607
2026-02-14 11:00:00,0.7113,0.2887,2.4638032559750607
2026-02-14 12:00:00,0.7113,0.2887,2.4638032559750607
2026-02-14 13:00:00,0.7113,0.2887,2.4638032559750607
2026-02-14 14:00:00,0.7113,0.2887,2.4638032559750607
2026-02-14 15:00:00,0.7113,0.2887,2.4638032559750607
2026-02-14 16:00:00,0.7113,0.2887,2.4638032559750607
2026-02-14 17:00:00,0.7113,0.2887,2.4638032559750607
2026-02-14 18:00:00,0.7113,0.2887,2.4638032559750607
2026-02-14 19:00:00,0.7113,0.2887,2.4638032559750607
2026-02-14 20:00:00,0.7113,0.2887,2.4638032559750607
2026-02-14 21:00:00,0.7113,0.2887,2.4638032559750607
2026-02-14 22:00:00,0.7113,0.2887,2.4638032559750607
2026-02-14 23:00:00,0.7113,0.2887,2.4638032559750607
2026-02-15 00:00:00,0.7113,0.2887,2.4638032559750607
2026-02-15 01:00:00,0.7113,0.2887,2.4638032559750607
2026-02-15 02:00:00,0.7113,0.2887,2.4638032559750607
2026-02-15 03:00:00,0.7113,0.2887,2.4638032559750607
2026-02-15 04:00:00,0.7113,0.2887,2.4638032559750607
2026-02-15 05:00:00,0.7113,0.2887,2.4638032559750607
2026-02-15 06:00:00,0.7113,0.2887,2.4638032559750607
2026-02-15 07:00:00,0.7113,0.2887,2.4638032559750607
2026-02-15 08:00:00,0.7113,0.2887,2.4638032559750607
2026-02-15 09:00:00,0.7113,0.2887,2.4638032559750607
2026-02-15 10:00:00,0.7113,0.2887,2.4638032559750607
2026-02-15 11:00:00,0.7113,0.2887,2.4638032559750607
2026-02-15 12:00:00,0.7113,0.2887,2.4638032559750607
2026-02-15 13:00:00,0.7113,0.2887,2.4638032559750607
2026-02-15 14:00:00,0.7113,0.2887,2.4638032559750607
2026-02-15 15:00:00,0.7113,0.2887,2.4638032559750607
2026-02-15 16:00:00,0.7113,0.2887,2.4638032559750607
2026-02-15 17:00:00,0.7113,0.2887,2.4638032559750607
2026-02-15 18:00:00,0.7113,0.2887,2.4638032559750607
2026-02-15 19:00:00,0.7113,0.2887,2.4638032559750607
2026-02-15 20:00:00,0.7113,0.2887,2.4638032559750607
2026-02-15 21:00:00,0.7113,0.2887,2.4638032559750607
2026-02-15 22:00:00,0.7113,0.2887,2.4638032559750607
2026-02-15 23:00:00,0.7113,0.2887,2.4638032559750607
2026-02-16 00:00:00,0.7113,0.2887,2.4638032559750607
2026-02-16 01:00:00,0.7113,0.2887,2.4638032559750607
2026-02-16 02:00:00,0.7113,0.2887,2.4638032559750607
2026-02-16 03:00:00,0.7113,0.2887,2.4638032559750607
2026-02-16 04:00:00,0.7113,0.2887,2.4638032559750607
2026-02-16 05:00:00,0.7113,0.2887,2.4638032559750607
2026-02-16 06:00:00,0.7113,0.2887,2.4638032559750607
2026-02-16 07:00:00,0.7113,0.2887,2.4638032559750607
2026-02-16 08:00:00,0.7113,0.2887,2.4638032559750607
2026-02-16 09:00:00,0.7113,0.2887,2.4638032559750607
2026-02-16 10:00:00,0.7113,0.2887,2.4638032559750607
2026-02-16 11:00:00,0.7113,0.2887,2.4638032559750607
2026-02-16 12:00:00,0.7113,0.2887,2.4638032559750607
2026-02-16 13:00:00,0.7113,0.2887,2.4638032559750607
2026-02-16 14:00:00,0.7113,0.2887,2.4638032559750607
2026-02-16 15:00:00,0.7113,0.2887,2.4638032559750607
2026-02-16 16:00:00,0.7113,0.2887,2.4638032559750607
2026-02-16 17:00:00,0.7113,0.2887,2.4638032559750607
2026-02-16 18:00:00,0.7113,0.2887,2.4638032559750607
2026-02-16 19:00:00,0.7113,0.2887,2.4638032559750607
2026-02-16 20:00:00,0.7113,0.2887,2.4638032559750607
2026-02-16 21:00:00,0.7113,0.2887,2.4638032559750607
2026-02-16 22:00:00,0.7113,0.2887,2.4638032559750607
2026-02-16 23:00:00,0.7113,0.2887,2.4638032559750607
2026-02-17 00:00:00,0.7113,0.2887,2.4638032559750607
2026-02-17 01:00:00,0.7113,0.2887,2.4638032559750607
2026-02-17 02:00:00,0.7113,0.2887,2.4638032559750607
2026-02-17 03:00:00,0.7113,0.2887,2.4638032559750607
2026-02-17 04:00:00,0.7113,0.2887,2.4638032559750607
2026-02-17 05:00:00,0.7113,0.2887,2.4638032559750607
2026-02-17 06:00:00,0.7113,0.2887,2.4638032559750607
2026-02-17 07:00:00,0.7113,0.2887,2.4638032559750607
2026-02-17 08:00:00,0.7113,0.2887,2.4638032559750607
2026-02-17 09:00:00,0.7113,0.2887,2.4638032559750607
2026-02-17 10:00:00,0.7113,0.2887,2.4638032559750607
2026-02-17 11:00:00,0.7113,0.2887,2.4638032559750607
2026-02-17 12:00:00,0.7113,0.2887,2.4638032559750607
2026-02-17 13:00:00,0.7113,0.2887,2.4638032559750607
2026-02-17 14:00:00,0.7113,0.2887,2.4638032559750607
2026-02-17 15:00:00,0.7113,0.2887,2.4638032559750607
2026-02-17 16:00:00,0.7113,0.2887,2.4638032559750607
2026-02-17 17:00:00,0.7113,0.2887,2.4638032559750607
2026-02-17 18:00:00,0.7113,0.2887,2.4638032559750607
2026-02-17 19:00:00,0.7113,0.2887,2.4638032559750607
2026-02-17 20:00:00,0.7113,0.2887,2.4638032559750607
2026-02-17 21:00:00,0.7113,0.2887,2.4638032559750607
2026-02-17 22:00:00,0.7113,0.2887,2.4638032559750607
2026-02-17 23:00:00,0.7113,0.2887,2.4638032559750607
2026-02-18 00:00:00,0.7113,0.2887,2.4638032559750607
2026-02-18 01:00:00,0.7113,0.2887,2.4638032559750607
2026-02-18 02:00:00,0.7113,0.2887,2.4638032559750607
2026-02-18 03:00:00,0.7113,0.2887,2.4638032559750607
2026-02-18 04:00:00,0.7113,0.2887,2.4638032559750607
2026-02-18 05:00:00,0.7113,0.2887,2.4638032559750607
2026-02-18 06:00:00,0.7113,0.2887,2.4638032559750607
2026-02-18 07:00:00,0.7113,0.2887,2.4638032559750607
2026-02-18 08:00:00,0.7113,0.2887,2.4638032559750607
2026-02-18 09:00:00,0.7113,0.2887,2.4638032559750607
2026-02-18 10:00:00,0.7113,0.2887,2.4638032559750607
2026-02-18 11:00:00,0.7113,0.2887,2.4638032559750607
2026-02-18 12:00:00,0.7113,0.2887,2.4638032559750607
2026-02-18 13:00:00,0.7113,0.2887,2.4638032559750607
2026-02-18 14:00:00,0.7113,0.2887,2.4638032559750607
2026-02-18 15:00:00,0.7113,0.2887,2.4638032559750607
2026-02-18 16:00:00,0.7113,0.2887,2.4638032559750607
2026-02-18 17:00:00,0.7113,0.2887,2.4638032559750607
2026-02-18 18:00:00,0.7113,0.2887,2.4638032559750607
2026-02-18 19:00:00,0.7113,0.2887,2.4638032559750607
2026-02-18 20:00:00,0.7113,0.2887,2.4638032559750607
2026-02-18 21:00:00,0.7113,0.2887,2.4638032559750607
2026-02-18 22:00:00,0.7113,0.2887,2.4638032559750607
2026-02-18 23:00:00,0.7113,0.2887,2.4638032559750607
2026-02-19 00:00:00,0.7113,0.2887,2.4638032559750607
2026-02-19 01:00:00,0.7113,0.2887,2.4638032559750607
2026-02-19 02:00:00,0.7113,0.2887,2.4638032559750607
2026-02-19 03:00:00,0.7113,0.2887,2.4638032559750607
2026-02-19 04:00:00,0.7113,0.2887,2.4638032559750607
2026-02-19 05:00:00,0.7113,0.2887,2.4638032559750607
2026-02-19 06:00:00,0.7113,0.2887,2.4638032559750607
2026-02-19 07:00:00,0.7113,0.2887,2.4638032559750607
2026-02-19 08:00:00,0.7113,0.2887,2.4638032559750607
2026-02-19 09:00:00,0.7113,0.2887,2.4638032559750607
2026-02-19 10:00:00,0.7113,0.2887,2.4638032559750607
2026-02-19 11:00:00,0.7113,0.2887,2.4638032559750607
2026-02-19 12:00:00,0.7113,0.2887,2.4638032559750607
2026-02-19 13:00:00,0.7113,0.2887,2.4638032559750607
2026-02-19 14:00:00,0.7113,0.2887,2.4638032559750607
2026-02-19 15:00:00,0.7113,0.2887,2.4638032559750607
2026-02-19 16:00:00,0.7113,0.2887,2.4638032559750607
2026-02-19 17:00:00,0.7113,0.2887,2.4638032559750607
2026-02-19 18:00:00,0.7113,0.2887,2.4638032559750607
2026-02-19 19:00:00,0.7113,0.2887,2.4638032559750607
2026-02-19 20:00:00,0.7113,0.2887,2.4638032559750607
2026-02-19 21:00:00,0.7113,0.2887,2.4638032559750607
2026-02-19 22:00:00,0.7113,0.2887,2.4638032559750607
2026-02-19 23:00:00,0.7113,0.2887,2.4638032559750607
2026-02-20 00:00:00,0.7113,0.2887,2.4638032559750607
2026-02-20 01:00:00,0.7113,0.2887,2.4638032559750607
2026-02-20 02:00:00,0.7113,0.2887,2.4638032559750607
2026-02-20 03:00:00,0.7113,0.2887,2.4638032559750607
2026-02-20 04:00:00,0.7113,0.2887,2.4638032559750607
2026-02-20 05:00:00,0.7113,0.2887,2.4638032559750607
2026-02-20 06:00:00,0.7113,0.2887,2.4638032559750607
2026-02-20 07:00:00,0.7113,0.2887,2.4638032559750607
2026-02-20 08:00:00,0.7113,0.2887,2.4638032559750607
2026-02-20 09:00:00,0.7113,0.2887,2.4638032559750607
2026-02-20 10:00:00,0.7113,0.2887,2.4638032559750607
2026-02-20 11:00:00,0.7113,0.2887,2.4638032559750607
2026-02-20 12:00:00,0.7113,0.2887,2.4638032559750607
2026-02-20 13:00:00,0.7113,0.2887,2.4638032559750607
2026-02-20 14:00:00,0.7113,0.2887,2.4638032559750607
2026-02-20 15:00:00,0.7113,0.2887,2.4638032559750607
2026-02-20 16:00:00,0.7113,0.2887,2.4638032559750607
2026-02-20 17:00:00,0.7113,0.2887,2.4638032559750607
2026-02-20 18:00:00,0.7113,0.2887,2.4638032559750607
2026-02-20 19:00:00,0.7113,0.2887,2.4638032559750607
2026-02-20 20:00:00,0.7113,0.2887,2.4638032559750607
2026-02-20 21:00:00,0.7113,0.2887,2.4638032559750607
2026-02-20 22:00:00,0.7113,0.2887,2.4638032559750607
2026-02-20 23:00:00,0.7113,0.2887,2.4638032559750607
2026-02-21 00:00:00,0.7113,0.2887,2.4638032559750607
2026-02-21 01:00:00,0.7113,0.2887,2.4638032559750607
2026-02-21 02:00:00,0.7113,0.2887,2.4638032559750607
2026-02-21 03:00:00,0.7113,0.2887,2.4638032559750607
2026-02-21 04:00:00,0.7113,0.2887,2.4638032559750607
2026-02-21 05:00:00,0.7113,0.2887,2.4638032559750607
2026-02-21 06:00:00,0.7113,0.2887,2.4638032559750607
2026-02-21 07:00:00,0.7113,0.2887,2.4638032559750607
2026-02-21 08:00:00,0.7113,0.2887,2.4638032559750607
2026-02-21 09:00:00,0.7113,0.2887,2.4638032559750607
2026-02-21 10:00:00,0.7113,0.2887,2.4638032559750607
2026-02-21 11:00:00,0.7113,0.2887,2.4638032559750607
2026-02-21 12:00:00,0.7113,0.2887,2.4638032559750607
2026-02-21 13:00:00,0.7113,0.2887,2.4638032559750607
2026-02-21 14:00:00,0.7113,0.2887,2.4638032559750607
2026-02-21 15:00:00,0.7113,0.2887,2.4638032559750607
2026-02-21 16:00:00,0.7113,0.2887,2.4638032559750607
2026-02-21 17:00:00,0.7113,0.2887,2.4638032559750607
2026-02-21 18:00:00,0.7113,0.2887,2.4638032559750607
2026-02-21 19:00:00,0.7113,0.2887,2.4638032559750607
2026-02-21 20:00:00,0.7113,0.2887,2.4638032559750607
2026-02-21 21:00:00,0.7113,0.2887,2.4638032559750607
2026-02-21 22:00:00,0.7113,0.2887,2.4638032559750607
2026-02-21 23:00:00,0.7113,0.2887,2.4638032559750607
2026-02-22 00:00:00,0.7113,0.2887,2.4638032559750607
2026-02-22 01:00:00,0.7113,0.2887,2.4638032559750607
2026-02-22 02:00:00,0.7113,0.2887,2.4638032559750607
2026-02-22 03:00:00,0.7113,0.2887,2.4638032559750607
2026-02-22 04:00:00,0.7113,0.2887,2.4638032559750607
2026-02-22 05:00:00,0.7113,0.2887,2.4638032559750607
2026-02-22 06:00:00,0.7113,0.2887,2.4638032559750607
2026-02-22 07:00:00,0.7113,0.2887,2.4638032559750607
2026-02-22 08:00:00,0.7113,0.2887,2.4638032559750607
2026-02-22 09:00:00,0.643,0.357,1.8011204481792717
2026-02-22 10:00:00,0.6426,0.3574,1.7979854504756574
2026-02-22 11:00:00,0.6432,0.3568,1.8026905829596411
2026-02-22 12:00:00,0.6438,0.3562,1.807411566535654
2026-02-22 13:00:00,0.6431,0.3569,1.8019052956010086
2026-02-22 14:00:00,0.6438,0.3562,1.807411566535654
2026-02-22 15:00:00,0.6447,0.3553,1.8145229383619477
2026-02-22 16:00:00,0.6459,0.3541,1.8240609997175938
2026-02-22 17:00:00,0.6419,0.3581,1.7925160569673277
2026-02-22 18:00:00,0.6393,0.3607,1.7723870252287217
2026-02-22 19:00:00,0.6393,0.3607,1.7723870252287217
2026-02-22 20:00:00,0.6421,0.3579,1.794076557697681
2026-02-22 21:00:00,0.6422,0.3578,1.7948574622694242
2026-02-22 22:00:00,0.6421,0.3579,1.794076557697681
2026-02-22 23:00:00,0.643,0.357,1.8011204481792717
2026-02-23 00:00:00,0.644,0.356,1.808988764044944
2026-02-23 01:00:00,0.6437,0.3563,1.8066236317709796
2026-02-23 02:00:00,0.6466,0.3534,1.8296547821165816
2026-02-23 03:00:00,0.6488,0.3512,1.847380410022779
2026-02-23 04:00:00,0.6471,0.3529,1.8336639274582036
2026-02-23 05:00:00,0.6469,0.3531,1.832058906825262
2026-02-23 06:00:00,0.6604,0.3396,1.9446407538280328
2026-02-23 07:00:00,0.6708,0.3292,2.0376670716889427
2026-02-23 08:00:00,0.6736,0.3264,2.063725490196078
2026-02-23 09:00:00,0.6761,0.3239,2.0873726458783577
2026-02-23 10:00:00,0.6837,0.3163,2.161555485298767
2026-02-23 11:00:00,0.6928,0.3072,2.2552083333333335
2026-02-23 12:00:00,0.6867,0.3133,2.1918289179699966
2026-02-23 13:00:00,0.6757,0.3243,2.0835646006783843
2026-02-23 14:00:00,0.6791,0.3209,2.1162355874104084
2026-02-23 15:00:00,0.6698,0.3302,2.0284675953967293
2026-02-23 16:00:00,0.6629,0.3371,1.9664787896766538
2026-02-23 17:00:00,0.6595,0.3405,1.936857562408223
2026-02-23 18:00:00,0.6561,0.3439,1.9078220412910731
2026-02-23 19:00:00,0.6464,0.3536,1.8280542986425337
2026-02-23 20:00:00,0.6448,0.3552,1.8153153153153154
2026-02-23 21:00:00,0.6476,0.3524,1.8376844494892166
2026-02-23 22:00:00,0.6642,0.3358,1.9779630732578917
2026-02-23 23:00:00,0.6727,0.3273,2.0553009471432935
2026-02-24 00:00:00,0.6696,0.3304,2.0266343825665856
2026-02-24 01:00:00,0.6721,0.3279,2.0497102775236353
2026-02-24 02:00:00,0.678,0.322,2.1055900621118013
2026-02-24 03:00:00,0.6802,0.3198,2.1269543464665417
2026-02-24 04:00:00,0.678,0.322,2.1055900621118013
2026-02-24 05:00:00,0.6815,0.3185,2.1397174254317113
2026-02-24 06:00:00,0.6721,0.3279,2.0497102775236353
2026-02-24 07:00:00,0.6732,0.3268,2.0599755201958385
2026-02-24 08:00:00,0.6751,0.3249,2.077870113881194
2026-02-24 09:00:00,0.6814,0.3186,2.138731952291274
2026-02-24 10:00:00,0.6831,0.3169,2.155569580309246
2026-02-24 11:00:00,0.6822,0.3178,2.146633102580239
2026-02-24 12:00:00,0.6822,0.3178,2.146633102580239
2026-02-24 13:00:00,0.6866,0.3134,2.190810465858328
2026-02-24 14:00:00,0.6837,0.3163,2.161555485298767
2026-02-24 15:00:00,0.6817,0.3183,2.1416902293433866
2026-02-24 16:00:00,0.6797,0.3203,2.1220730565095223
2026-02-24 17:00:00,0.6776,0.3224,2.1017369727047144
2026-02-24 18:00:00,0.6728,0.3272,2.056234718826406
2026-02-24 19:00:00,0.6833,0.3167,2.157562361856647
2026-02-24 20:00:00,0.6856,0.3144,2.1806615776081424
2026-02-24 21:00:00,0.681,0.319,2.134796238244514
2026-02-24 22:00:00,0.6789,0.3211,2.114294612270321
2026-02-24 23:00:00,0.6745,0.3255,2.0721966205837172
2026-02-25 00:00:00,0.6743,0.3257,2.0703101013202336
2026-02-25 01:00:00,0.6713,0.3287,2.04228780042592
2026-02-25 02:00:00,0.6636,0.3364,1.9726516052318668
2026-02-25 03:00:00,0.6604,0.3396,1.9446407538280328
2026-02-25 04:00:00,0.6581,0.3419,1.9248318221702254
2026-02-25 05:00:00,0.6588,0.3412,1.9308323563892147
2026-02-25 06:00:00,0.6802,0.3198,2.1269543464665417
2026-02-25 07:00:00,0.6737,0.3263,2.0646644192460926
2026-02-25 08:00:00,0.6684,0.3316,2.0156815440289506
2026-02-25 09:00:00,0.6715,0.3285,2.0441400304414
2026-02-25 10:00:00,0.6729,0.3271,2.0571690614490983
2026-02-25 11:00:00,0.6752,0.3248,2.078817733990148
2026-02-25 12:00:00,0.6787,0.3213,2.1123560535325243
2026-02-25 13:00:00,0.6864,0.3136,2.188775510204082
2026-02-25 14:00:00,0.6807,0.3193,2.131850923896023
2026-02-25 15:00:00,0.6765,0.3235,2.0911901081916535
2026-02-25 16:00:00,0.6756,0.3244,2.0826140567200984
2026-02-25 17:00:00,0.6843,0.3157,2.1675641431738994
2026-02-25 18:00:00,0.6795,0.3205,2.1201248049921997
2026-02-25 19:00:00,0.6761,0.3239,2.0873726458783577
2026-02-25 20:00:00,0.6626,0.3374,1.9638411381149972
2026-02-25 21:00:00,0.6556,0.3444,1.9036004645760742
2026-02-25 22:00:00,0.6466,0.3534,1.8296547821165816
2026-02-25 23:00:00,0.6469,0.3531,1.832058906825262
2026-02-26 00:00:00,0.6295,0.3705,1.699055330634278
2026-02-26 01:00:00,0.6287,0.3713,1.6932399676811205
2026-02-26 02:00:00,0.6329,0.3671,1.7240533914464724
2026-02-26 03:00:00,0.6199,0.3801,1.6308866087871614
2026-02-26 04:00:00,0.6165,0.3835,1.6075619295958279
2026-02-26 05:00:00,0.6223,0.3777,1.6476039184537994
2026-02-26 06:00:00,0.6207,0.3793,1.6364355391510677
2026-02-26 07:00:00,0.6184,0.3816,1.620545073375262
2026-02-26 08:00:00,0.6187,0.3813,1.6226068712300028
2026-02-26 09:00:00,0.6252,0.3748,1.6680896478121663
2026-02-26 10:00:00,0.6254,0.3746,1.6695141484249867
2026-02-26 11:00:00,0.621,0.379,1.6385224274406331
2026-02-26 12:00:00,0.616,0.384,1.6041666666666665
2026-02-26 13:00:00,0.6176,0.3824,1.6150627615062763
2026-02-26 14:00:00,0.627,0.373,1.6809651474530831
2026-02-26 15:00:00,0.6238,0.3762,1.658160552897395
2026-02-26 16:00:00,0.6209,0.3791,1.6378264310208388
2026-02-26 17:00:00,0.6256,0.3744,1.670940170940171
2026-02-26 18:00:00,0.6251,0.3749,1.6673779674579887
2026-02-26 19:00:00,0.6196,0.3804,1.6288117770767614
2026-02-26 20:00:00,0.6226,0.3774,1.6497085320614733
2026-02-26 21:00:00,0.6255,0.3745,1.6702269692923897
2026-02-26 22:00:00,0.6292,0.3708,1.6968716289104637
2026-02-26 23:00:00,0.639,0.361,1.770083102493075
2026-02-27 00:00:00,0.646,0.354,1.824858757062147
2026-02-27 01:00:00,0.6436,0.3564,1.8058361391694724
2026-02-27 02:00:00,0.6458,0.3542,1.8232636928289103
2026-02-27 03:00:00,0.6462,0.3538,1.826455624646693
2026-02-27 04:00:00,0.6461,0.3539,1.8256569652444194
2026-02-27 05:00:00,0.6416,0.3584,1.7901785714285714
2026-02-27 06:00:00,0.6413,0.3587,1.7878449958182323
2026-02-27 07:00:00,0.6429,0.3571,1.8003360403248392
2026-02-27 08:00:00,0.6457,0.3543,1.822466836014677
2026-02-27 09:00:00,0.655,0.345,1.8985507246376814
2026-02-27 10:00:00,0.6547,0.3453,1.8960324355632783
2026-02-27 11:00:00,0.6543,0.3457,1.8926815157651142
2026-02-27 12:00:00,0.6523,0.3477,1.8760425654299684
2026-02-27 13:00:00,0.6536,0.3464,1.8868360277136258
2026-02-27 14:00:00,0.6498,0.3502,1.8555111364934325
2026-02-27 15:00:00,0.649,0.351,1.8490028490028492
2026-02-27 16:00:00,0.6541,0.3459,1.8910089621277828
2026-02-27 17:00:00,0.6573,0.3427,1.9180040852057192
2026-02-27 18:00:00,0.6718,0.3282,2.0469226081657523
2026-02-27 19:00:00,0.671,0.329,2.0395136778115504
2026-02-27 20:00:00,0.6743,0.3257,2.0703101013202336
2026-02-27 21:00:00,0.6684,0.3316,2.0156815440289506
2026-02-27 22:00:00,0.6727,0.3273,2.0553009471432935
2026-02-27 23:00:00,0.6745,0.3255,2.0721966205837172
2026-02-28 00:00:00,0.6752,0.3248,2.078817733990148
2026-02-28 01:00:00,0.6783,0.3217,2.108486167236556
2026-02-28 02:00:00,0.6794,0.3206,2.1191515907673115
2026-02-28 03:00:00,0.6781,0.3219,2.1065548306927617
2026-02-28 04:00:00,0.6861,0.3139,2.185727938834024
2026-02-28 05:00:00,0.6877,0.3123,2.202049311559398
2026-02-28 06:00:00,0.6874,0.3126,2.198976327575176
2026-02-28 07:00:00,0.6876,0.3124,2.201024327784891
2026-02-28 08:00:00,0.6878,0.3122,2.2030749519538757
2026-02-28 09:00:00,0.6851,0.3149,2.1756113051762465
2026-02-28 10:00:00,0.6828,0.3172,2.1525851197982346
2026-02-28 11:00:00,0.6654,0.3346,1.9886431560071727
2026-02-28 12:00:00,0.6748,0.3252,2.075030750307503
2026-02-28 13:00:00,0.6667,0.3333,2.0003000300030003
2026-02-28 14:00:00,0.6653,0.3347,1.9877502240812668
2026-02-28 15:00:00,0.664,0.336,1.9761904761904763
2026-02-28 16:00:00,0.6629,0.3371,1.9664787896766538
2026-02-28 17:00:00,0.6616,0.3384,1.955082742316785
2026-02-28 18:00:00,0.6727,0.3273,2.0553009471432935
2026-02-28 19:00:00,0.6684,0.3316,2.0156815440289506
2026-02-28 20:00:00,0.6654,0.3346,1.9886431560071727
2026-02-28 21:00:00,0.6644,0.3356,1.9797377830750893
2026-02-28 22:00:00,0.6644,0.3356,1.9797377830750893
2026-02-28 23:00:00,0.6712,0.3288,2.0413625304136254
2026-03-01 00:00:00,0.6708,0.3292,2.0376670716889427
2026-03-01 01:00:00,0.6702,0.3298,2.032140691328078
2026-03-01 02:00:00,0.6623,0.3377,1.9612081729345574
2026-03-01 03:00:00,0.6631,0.3369,1.9682398337785696
2026-03-01 04:00:00,0.6555,0.3445,1.902757619738752
2026-03-01 05:00:00,0.6492,0.3508,1.8506271379703534
2026-03-01 06:00:00,0.6526,0.3474,1.8785261945883707
2026-03-01 07:00:00,0.6498,0.3502,1.8555111364934325
2026-03-01 08:00:00,0.6455,0.3545,1.8208744710860367
2026-03-01 09:00:00,0.6419,0.3581,1.7925160569673277
2026-03-01 10:00:00,0.6405,0.3595,1.7816411682892905
2026-03-01 11:00:00,0.6329,0.3671,1.7240533914464724
2026-03-01 12:00:00,0.6336,0.3664,1.7292576419213974
2026-03-01 13:00:00,0.6298,0.3702,1.7012425715829282
2026-03-01 14:00:00,0.626,0.374,1.6737967914438503
2026-03-01 15:00:00,0.6262,0.3738,1.6752273943285179
2026-03-01 16:00:00,0.6266,0.3734,1.678093197643278
2026-03-01 17:00:00,0.6233,0.3767,1.6546323334218211
2026-03-01 18:00:00,0.6358,0.3642,1.7457440966501923
2026-03-01 19:00:00,0.6305,0.3695,1.706359945872801
2026-03-01 20:00:00,0.6309,0.3691,1.70929287455974
2026-03-01 21:00:00,0.6266,0.3734,1.678093197643278
2026-03-01 22:00:00,0.6226,0.3774,1.6497085320614733
2026-03-01 23:00:00,0.6218,0.3782,1.6441036488630356
2026-03-02 00:00:00,0.6198,0.3802,1.6301946344029459
2026-03-02 01:00:00,0.6194,0.3806,1.627430373095113
2026-03-02 02:00:00,0.624,0.376,1.6595744680851063
2026-03-02 03:00:00,0.6288,0.3712,1.6939655172413794
2026-03-02 04:00:00,0.6289,0.3711,1.6946914578280787
2026-03-02 05:00:00,0.6322,0.3678,1.718868950516585
2026-03-02 06:00:00,0.6334,0.3666,1.7277686852154936
2026-03-02 07:00:00,0.6342,0.3658,1.733734281027884
2026-03-02 08:00:00,0.6302,0.3698,1.7041644131963223
2026-03-02 09:00:00,0.6268,0.3732,1.679528403001072
2026-03-02 10:00:00,0.6244,0.3756,1.6624068157614482
2026-03-02 11:00:00,0.6234,0.3766,1.6553372278279341
2026-03-02 12:00:00,0.6267,0.3733,1.678810608090008
2026-03-02 13:00:00,0.6271,0.3729,1.6816840976133012
2026-03-02 14:00:00,0.6243,0.3757,1.6616981634282673
2026-03-02 15:00:00,0.6228,0.3772,1.6511134676564159
2026-03-02 16:00:00,0.6226,0.3774,1.6497085320614733
2026-03-02 17:00:00,0.6194,0.3806,1.627430373095113
2026-03-02 18:00:00,0.6209,0.3791,1.6378264310208388
2026-03-02 19:00:00,0.6249,0.3751,1.6659557451346307
2026-03-02 20:00:00,0.6026,0.3974,1.5163563160543534
2026-03-02 21:00:00,0.5901,0.4099,1.439619419370578
2026-03-02 22:00:00,0.569,0.431,1.3201856148491877
2026-03-02 23:00:00,0.5637,0.4363,1.2920009168003666
2026-03-03 00:00:00,0.5627,0.4373,1.28675966155957
2026-03-03 01:00:00,0.568,0.432,1.3148148148148147
2026-03-03 02:00:00,0.5681,0.4319,1.31535077564251
2026-03-03 03:00:00,0.5635,0.4365,1.290950744558992
2026-03-03 04:00:00,0.5605,0.4395,1.2753128555176336
2026-03-03 05:00:00,0.5615,0.4385,1.2805017103762828
2026-03-03 06:00:00,0.5615,0.4385,1.2805017103762828
2026-03-03 07:00:00,0.5625,0.4375,1.2857142857142858
2026-03-03 08:00:00,0.5631,0.4369,1.2888532845044633
2026-03-03 09:00:00,0.563,0.437,1.2883295194508009
2026-03-03 10:00:00,0.5675,0.4325,1.3121387283236994
2026-03-03 11:00:00,0.574,0.426,1.3474178403755868
2026-03-03 12:00:00,0.5789,0.4211,1.3747328425552126
2026-03-03 13:00:00,0.5881,0.4119,1.4277737314882253
2026-03-03 14:00:00,0.6091,0.3909,1.5581990278843691
2026-03-03 15:00:00,0.6247,0.3753,1.664535038635758
2026-03-03 16:00:00,0.6343,0.3657,1.7344818156959254
2026-03-03 17:00:00,0.6357,0.3643,1.744990392533626
2026-03-03 18:00:00,0.6282,0.3718,1.6896180742334588
2026-03-03 19:00:00,0.6308,0.3692,1.7085590465872158
2026-03-03 20:00:00,0.6366,0.3634,1.7517886626307102
2026-03-03 21:00:00,0.6443,0.3557,1.8113578858588697
2026-03-03 22:00:00,0.6426,0.3574,1.7979854504756574
2026-03-03 23:00:00,0.638,0.362,1.7624309392265194
2026-03-04 00:00:00,0.632,0.368,1.7173913043478262
2026-03-04 01:00:00,0.6274,0.3726,1.6838432635534084
2026-03-04 02:00:00,0.6246,0.3754,1.663825253063399
2026-03-04 03:00:00,0.6263,0.3737,1.675943270002676
2026-03-04 04:00:00,0.6248,0.3752,1.6652452025586355
2026-03-04 05:00:00,0.6227,0.3773,1.6504108136761197
2026-03-04 06:00:00,0.6222,0.3778,1.6469031233456854
2026-03-04 07:00:00,0.6237,0.3763,1.6574541589157588
2026-03-04 08:00:00,0.6225,0.3775,1.6490066225165565
2026-03-04 09:00:00,0.6209,0.3791,1.6378264310208388
2026-03-04 10:00:00,0.6236,0.3764,1.6567481402763018
2026-03-04 11:00:00,0.6216,0.3784,1.642706131078224
2026-03-04 12:00:00,0.6251,0.3749,1.6673779674579887
2026-03-04 13:00:00,0.6139,0.3861,1.59000259000259
2026-03-04 14:00:00,0.5842,0.4158,1.405002405002405
2026-03-04 15:00:00,0.5592,0.4408,1.2686025408348458
2026-03-04 16:00:00,0.5473,0.4527,1.208968411751712
2026-03-04 17:00:00,0.5537,0.4463,1.2406453058480842
2026-03-04 18:00:00,0.5525,0.4475,1.2346368715083798
2026-03-04 19:00:00,0.5469,0.4531,1.2070183182520415
2026-03-04 20:00:00,0.5604,0.4396,1.2747952684258417
2026-03-04 21:00:00,0.5462,0.4538,1.2036139268400177
2026-03-04 22:00:00,0.5414,0.4586,1.1805494984736153
2026-03-04 23:00:00,0.5381,0.4619,1.164970772894566
2026-03-05 00:00:00,0.539,0.461,1.1691973969631237
2026-03-05 01:00:00,0.5248,0.4752,1.1043771043771045
2026-03-05 02:00:00,0.5191,0.4809,1.0794343938448743
2026-03-05 03:00:00,0.5118,0.4882,1.0483408439164277
2026-03-05 04:00:00,0.5082,0.4918,1.0333468889792599
2026-03-05 05:00:00,0.511,0.489,1.0449897750511248
2026-03-05 06:00:00,0.5107,0.4893,1.0437359493153484
2026-03-05 07:00:00,0.5095,0.4905,1.038735983690112
2026-03-05 08:00:00,0.5097,0.4903,1.0395676116663268
2026-03-05 09:00:00,0.515,0.485,1.0618556701030928
2026-03-05 10:00:00,0.5149,0.4851,1.0614306328592045
2026-03-05 11:00:00,0.5172,0.4828,1.0712510356255178
2026-03-05 12:00:00,0.5174,0.4826,1.0721094073767095
2026-03-05 13:00:00,0.5209,0.4791,1.0872469213107911
2026-03-05 14:00:00,0.5238,0.4762,1.0999580008399832
2026-03-05 15:00:00,0.542,0.458,1.1834061135371179
2026-03-05 16:00:00,0.5354,0.4646,1.152389151958674
2026-03-05 17:00:00,0.5422,0.4578,1.1843599825251203
2026-03-05 18:00:00,0.5404,0.4596,1.1758050478677111
2026-03-05 19:00:00,0.5409,0.4591,1.1781746896101069
2026-03-05 20:00:00,0.547,0.453,1.2075055187637969
2026-03-05 21:00:00,0.5507,0.4493,1.2256843979523704
2026-03-05 22:00:00,0.5518,0.4482,1.2311468094600624
2026-03-05 23:00:00,0.557,0.443,1.2573363431151243
2026-03-06 00:00:00,0.564,0.436,1.293577981651376
2026-03-06 01:00:00,0.5679,0.4321,1.3142791020597084
2026-03-06 02:00:00,0.5712,0.4288,1.332089552238806
2026-03-06 03:00:00,0.5722,0.4278,1.337540906965872
2026-03-06 04:00:00,0.568,0.432,1.3148148148148147
2026-03-06 05:00:00,0.5697,0.4303,1.3239600278875203
2026-03-06 06:00:00,0.5698,0.4302,1.324500232450023
2026-03-06 07:00:00,0.5714,0.4286,1.333177788147457
2026-03-06 08:00:00,0.5705,0.4295,1.3282887077997672
2026-03-06 09:00:00,0.57,0.43,1.3255813953488371
2026-03-06 10:00:00,0.5692,0.4308,1.3212627669452182
2026-03-06 11:00:00,0.5776,0.4224,1.3674242424242424
2026-03-06 12:00:00,0.5824,0.4176,1.3946360153256705
2026-03-06 13:00:00,0.5758,0.4242,1.3573785950023574
2026-03-06 14:00:00,0.5778,0.4222,1.3685457129322596
2026-03-06 15:00:00,0.5808,0.4192,1.3854961832061068
2026-03-06 16:00:00,0.5792,0.4208,1.376425855513308
2026-03-06 17:00:00,0.5863,0.4137,1.4172105390379504
2026-03-06 18:00:00,0.5921,0.4079,1.4515812699190977
2026-03-06 19:00:00,0.6063,0.3937,1.54000508001016
2026-03-06 20:00:00,0.6178,0.3822,1.6164311878597595
2026-03-06 21:00:00,0.6221,0.3779,1.646202699126753
2026-03-06 22:00:00,0.6178,0.3822,1.6164311878597595
2026-03-06 23:00:00,0.6239,0.3761,1.6588673225206063
2026-03-07 00:00:00,0.6278,0.3722,1.6867275658248255
2026-03-07 01:00:00,0.6313,0.3687,1.7122321670735012
2026-03-07 02:00:00,0.6354,0.3646,1.7427317608337904
2026-03-07 03:00:00,0.6394,0.3606,1.7731558513588463
2026-03-07 04:00:00,0.6386,0.3614,1.767017155506364
2026-03-07 05:00:00,0.641,0.359,1.785515320334262
2026-03-07 06:00:00,0.6414,0.3586,1.7886224205242611
2026-03-07 07:00:00,0.641,0.359,1.785515320334262
2026-03-07 08:00:00,0.6439,0.3561,1.808199943836001
2026-03-07 09:00:00,0.6432,0.3568,1.8026905829596411
2026-03-07 10:00:00,0.6426,0.3574,1.7979854504756574
2026-03-07 11:00:00,0.6366,0.3634,1.7517886626307102
2026-03-07 12:00:00,0.636,0.364,1.7472527472527473
2026-03-07 13:00:00,0.6366,0.3634,1.7517886626307102
2026-03-07 14:00:00,0.6402,0.3598,1.7793218454697053
2026-03-07 15:00:00,0.6402,0.3598,1.7793218454697053
2026-03-07 16:00:00,0.6428,0.3572,1.7995520716685331
2026-03-07 17:00:00,0.6427,0.3573,1.7987685418415897
2026-03-07 18:00:00,0.6432,0.3568,1.8026905829596411
2026-03-07 19:00:00,0.643,0.357,1.8011204481792717
2026-03-07 20:00:00,0.6427,0.3573,1.7987685418415897
2026-03-07 21:00:00,0.6418,0.3582,1.7917364600781687
2026-03-07 22:00:00,0.6431,0.3569,1.8019052956010086
2026-03-07 23:00:00,0.6418,0.3582,1.7917364600781687
2026-03-08 00:00:00,0.63,0.37,1.7027027027027026
2026-03-08 01:00:00,0.6369,0.3631,1.754062241806665
2026-03-08 02:00:00,0.6364,0.3636,1.7502750275027503
2026-03-08 03:00:00,0.6354,0.3646,1.7427317608337904
2026-03-08 04:00:00,0.6369,0.3631,1.754062241806665
2026-03-08 05:00:00,0.6387,0.3613,1.7677830058123445
2026-03-08 06:00:00,0.6386,0.3614,1.767017155506364
2026-03-08 07:00:00,0.636,0.364,1.7472527472527473
2026-03-08 08:00:00,0.6365,0.3635,1.751031636863824
2026-03-08 09:00:00,0.6331,0.3669,1.7255382938130281
2026-03-08 10:00:00,0.6375,0.3625,1.7586206896551724
2026-03-08 11:00:00,0.6371,0.3629,1.7555800496004408
2026-03-08 12:00:00,0.6413,0.3587,1.7878449958182323
2026-03-08 13:00:00,0.6499,0.3501,1.8563267637817766
2026-03-08 14:00:00,0.6559,0.3441,1.9061319383900028
2026-03-08 15:00:00,0.6613,0.3387,1.9524653085326247
2026-03-08 16:00:00,0.6578,0.3422,1.9222676797194624
2026-03-08 17:00:00,0.6581,0.3419,1.9248318221702254
2026-03-08 18:00:00,0.6585,0.3415,1.9282576866764274
2026-03-08 19:00:00,0.6588,0.3412,1.9308323563892147
2026-03-08 20:00:00,0.6586,0.3414,1.9291154071470415
2026-03-08 21:00:00,0.6563,0.3437,1.909514111143439
2026-03-08 22:00:00,0.6561,0.3439,1.9078220412910731
2026-03-08 23:00:00,0.6544,0.3456,1.8935185185185184
2026-03-09 00:00:00,0.6605,0.3395,1.9455081001472752
2026-03-09 01:00:00,0.6627,0.3373,1.9647198339756893
2026-03-09 02:00:00,0.6642,0.3358,1.9779630732578917
2026-03-09 03:00:00,0.6561,0.3439,1.9078220412910731
2026-03-09 04:00:00,0.6518,0.3482,1.8719126938541069
2026-03-09 05:00:00,0.652,0.348,1.8735632183908049
2026-03-09 06:00:00,0.6525,0.3475,1.8776978417266188
2026-03-09 07:00:00,0.651,0.349,1.865329512893983
2026-03-09 08:00:00,0.6538,0.3462,1.8885037550548818
2026-03-09 09:00:00,0.6546,0.3454,1.8951939779965257
2026-03-09 10:00:00,0.6536,0.3464,1.8868360277136258
2026-03-09 11:00:00,0.6521,0.3479,1.8743891922966371
2026-03-09 12:00:00,0.6536,0.3464,1.8868360277136258
2026-03-09 13:00:00,0.6506,0.3494,1.8620492272467086
2026-03-09 14:00:00,0.6494,0.3506,1.8522532800912719
2026-03-09 15:00:00,0.6462,0.3538,1.826455624646693
2026-03-09 16:00:00,0.6483,0.3517,1.8433323855558714
2026-03-09 17:00:00,0.6464,0.3536,1.8280542986425337
2026-03-09 18:00:00,0.636,0.364,1.7472527472527473
2026-03-09 19:00:00,0.6241,0.3759,1.6602819898909285
2026-03-09 20:00:00,0.6092,0.3908,1.5588536335721597
2026-03-09 21:00:00,0.6063,0.3937,1.54000508001016
2026-03-09 22:00:00,0.6031,0.3969,1.5195263290501386
2026-03-09 23:00:00,0.6011,0.3989,1.5068939583855603
2026-03-10 00:00:00,0.6092,0.3908,1.5588536335721597
2026-03-10 01:00:00,0.6063,0.3937,1.54000508001016
2026-03-10 02:00:00,0.6051,0.3949,1.532286654849329
2026-03-10 03:00:00,0.6016,0.3984,1.5100401606425704
2026-03-10 04:00:00,0.5999,0.4001,1.4993751562109472
2026-03-10 05:00:00,0.6013,0.3987,1.5081514923501378
2026-03-10 06:00:00,0.6017,0.3983,1.5106703489831785
2026-03-10 07:00:00,0.5966,0.4034,1.478929102627665
2026-03-10 08:00:00,0.5938,0.4062,1.4618414574101428
2026-03-10 09:00:00,0.5984,0.4016,1.4900398406374502
2026-03-10 10:00:00,0.5892,0.4108,1.4342745861733202
2026-03-10 11:00:00,0.585,0.415,1.4096385542168675
2026-03-10 12:00:00,0.5838,0.4162,1.4026910139356077
2026-03-10 13:00:00,0.5748,0.4252,1.3518344308560677
2026-03-10 14:00:00,0.5741,0.4259,1.3479690068091101
2026-03-10 15:00:00,0.5675,0.4325,1.3121387283236994
2026-03-10 16:00:00,0.5624,0.4376,1.2851919561243146
2026-03-10 17:00:00,0.5611,0.4389,1.27842333105491
2026-03-10 18:00:00,0.556,0.444,1.2522522522522523
2026-03-10 19:00:00,0.5649,0.4351,1.2983222247759136
2026-03-10 20:00:00,0.5485,0.4515,1.2148394241417497
2026-03-10 21:00:00,0.5475,0.4525,1.2099447513812154
2026-03-10 22:00:00,0.5448,0.4552,1.196836555360281
2026-03-10 23:00:00,0.5469,0.4531,1.2070183182520415
2026-03-11 00:00:00,0.553,0.447,1.2371364653243848
2026-03-11 01:00:00,0.5582,0.4418,1.2634676324128564
2026-03-11 02:00:00,0.5554,0.4446,1.2492127755285651
2026-03-11 03:00:00,0.5567,0.4433,1.2558087074216104
2026-03-11 04:00:00,0.5589,0.4411,1.2670596236681024
2026-03-11 05:00:00,0.5602,0.4398,1.2737608003638017
2026-03-11 06:00:00,0.559,0.441,1.2675736961451247
2026-03-11 07:00:00,0.5564,0.4436,1.254283137962128
2026-03-11 08:00:00,0.5552,0.4448,1.248201438848921
2026-03-11 09:00:00,0.5582,0.4418,1.2634676324128564
2026-03-11 10:00:00,0.5571,0.4429,1.2578460149017838
2026-03-11 11:00:00,0.5553,0.4447,1.2487069934787498
2026-03-11 12:00:00,0.5547,0.4453,1.2456770716370986
2026-03-11 13:00:00,0.554,0.446,1.242152466367713
2026-03-11 14:00:00,0.5543,0.4457,1.2436616558223021
2026-03-11 15:00:00,0.5551,0.4449,1.2476961114857272
2026-03-11 16:00:00,0.548,0.452,1.2123893805309736
2026-03-11 17:00:00,0.5492,0.4508,1.2182786157941439
2026-03-11 18:00:00,0.5575,0.4425,1.2598870056497176
2026-03-11 19:00:00,0.5539,0.4461,1.2416498542927594
2026-03-11 20:00:00,0.5501,0.4499,1.222716159146477
2026-03-11 21:00:00,0.5498,0.4502,1.221235006663705
2026-03-11 22:00:00,0.5484,0.4516,1.2143489813994686
2026-03-11 23:00:00,0.5468,0.4532,1.206531332744925
2026-03-12 00:00:00,0.5472,0.4528,1.2084805653710249
2026-03-12 01:00:00,0.5451,0.4549,1.1982853374367992
2026-03-12 02:00:00,0.5459,0.4541,1.2021581149526537
2026-03-12 03:00:00,0.5438,0.4562,1.1920210434020166
2026-03-12 04:00:00,0.5417,0.4583,1.1819768710451668
2026-03-12 05:00:00,0.5427,0.4573,1.1867483052700634
2026-03-12 06:00:00,0.5427,0.4573,1.1867483052700634
2026-03-12 07:00:00,0.5465,0.4535,1.2050716648291069
2026-03-12 08:00:00,0.5525,0.4475,1.2346368715083798
2026-03-12 09:00:00,0.5553,0.4447,1.2487069934787498
2026-03-12 10:00:00,0.5575,0.4425,1.2598870056497176
2026-03-12 11:00:00,0.5613,0.4387,1.2794620469569182
2026-03-12 12:00:00,0.5688,0.4312,1.3191094619666046
2026-03-12 13:00:00,0.568,0.432,1.3148148148148147
2026-03-12 14:00:00,0.571,0.429,1.331002331002331
2026-03-12 15:00:00,0.5703,0.4297,1.327205026762858
2026-03-12 16:00:00,0.5605,0.4395,1.2753128555176336
2026-03-12 17:00:00,0.5563,0.4437,1.25377507324769
2026-03-12 18:00:00,0.5517,0.4483,1.230649118893598
2026-03-12 19:00:00,0.5623,0.4377,1.2846698652044781
2026-03-12 20:00:00,0.5563,0.4437,1.25377507324769
2026-03-12 21:00:00,0.5547,0.4453,1.2456770716370986
2026-03-12 22:00:00,0.5512,0.4488,1.2281639928698753
2026-03-12 23:00:00,0.5499,0.4501,1.2217285047767164
2026-03-13 00:00:00,0.5493,0.4507,1.2187708009762592
2026-03-13 01:00:00,0.5474,0.4526,1.209456473707468
2026-03-13 02:00:00,0.5483,0.4517,1.2138587558113794
2026-03-13 03:00:00,0.5488,0.4512,1.2163120567375887
2026-03-13 04:00:00,0.5493,0.4507,1.2187708009762592
2026-03-13 05:00:00,0.5566,0.4434,1.255299954894001
2026-03-13 06:00:00,0.553,0.447,1.2371364653243848
2026-03-13 07:00:00,0.5523,0.4477,1.233638597274961
2026-03-13 08:00:00,0.5543,0.4457,1.2436616558223021
2026-03-13 09:00:00,0.551,0.449,1.2271714922049
2026-03-13 10:00:00,0.5512,0.4488,1.2281639928698753
2026-03-13 11:00:00,0.547,0.453,1.2075055187637969
2026-03-13 12:00:00,0.5453,0.4547,1.1992522542335606
2026-03-13 13:00:00,0.5473,0.4527,1.208968411751712
2026-03-13 14:00:00,0.5475,0.4525,1.2099447513812154
2026-03-13 15:00:00,0.5443,0.4557,1.194426157559798
2026-03-13 16:00:00,0.5378,0.4622,1.1635655560363478
2026-03-13 17:00:00,0.5411,0.4589,1.1791239921551537
2026-03-13 18:00:00,0.5351,0.4649,1.1510002151000216
2026-03-13 19:00:00,0.5236,0.4764,1.0990764063811922
2026-03-13 20:00:00,0.5194,0.4806,1.0807324178110693
2026-03-13 21:00:00,0.5333,0.4667,1.1427040925648169
2026-03-13 22:00:00,0.5328,0.4672,1.1404109589041096
2026-03-13 23:00:00,0.5382,0.4618,1.1654395842355998
2026-03-14 00:00:00,0.5409,0.4591,1.1781746896101069
2026-03-14 01:00:00,0.5469,0.4531,1.2070183182520415
2026-03-14 02:00:00,0.5471,0.4529,1.20799293442261
2026-03-14 03:00:00,0.5456,0.4544,1.2007042253521125
2026-03-14 04:00:00,0.5489,0.4511,1.2168033695411218
2026-03-14 05:00:00,0.5481,0.4519,1.212878955521133
2026-03-14 06:00:00,0.5493,0.4507,1.2187708009762592
2026-03-14 07:00:00,0.5501,0.4499,1.222716159146477
2026-03-14 08:00:00,0.5569,0.4431,1.2568269013766644
2026-03-14 09:00:00,0.5594,0.4406,1.2696323195642307
2026-03-14 10:00:00,0.5587,0.4413,1.2660321776569226
2026-03-14 11:00:00,0.5563,0.4437,1.25377507324769
2026-03-14 12:00:00,0.5548,0.4452,1.2461814914645102
2026-03-14 13:00:00,0.5595,0.4405,1.2701475595913734
2026-03-14 14:00:00,0.5602,0.4398,1.2737608003638017
2026-03-14 15:00:00,0.5607,0.4393,1.276348736626451
2026-03-14 16:00:00,0.5656,0.4344,1.302025782688766
2026-03-14 17:00:00,0.5644,0.4356,1.295684113865932
2026-03-14 18:00:00,0.5671,0.4329,1.3100023100023102
2026-03-14 19:00:00,0.5649,0.4351,1.2983222247759136
2026-03-14 20:00:00,0.5653,0.4347,1.3004370830457788
2026-03-14 21:00:00,0.5666,0.4334,1.3073373327180433
2026-03-14 22:00:00,0.5668,0.4332,1.3084025854108956
2026-03-14 23:00:00,0.5675,0.4325,1.3121387283236994
2026-03-15 00:00:00,0.5684,0.4316,1.3169601482854496
2026-03-15 01:00:00,0.5709,0.4291,1.3304591004427873
2026-03-15 02:00:00,0.5712,0.4288,1.332089552238806
2026-03-15 03:00:00,0.5716,0.4284,1.334267040149393
2026-03-15 04:00:00,0.5776,0.4224,1.3674242424242424
2026-03-15 05:00:00,0.5776,0.4224,1.3674242424242424
2026-03-15 06:00:00,0.5776,0.4224,1.3674242424242424
2026-03-15 07:00:00,0.5776,0.4224,1.3674242424242424
2026-03-15 08:00:00,0.5776,0.4224,1.3674242424242424
2026-03-15 09:00:00,0.5776,0.4224,1.3674242424242424
2026-03-15 10:00:00,0.5776,0.4224,1.3674242424242424
2026-03-15 11:00:00,0.5776,0.4224,1.3674242424242424
2026-03-15 12:00:00,0.5776,0.4224,1.3674242424242424
2026-03-15 13:00:00,0.5776,0.4224,1.3674242424242424
2026-03-15 14:00:00,0.5776,0.4224,1.3674242424242424
2026-03-15 15:00:00,0.5776,0.4224,1.3674242424242424
2026-03-15 16:00:00,0.5776,0.4224,1.3674242424242424
2026-03-15 17:00:00,0.5776,0.4224,1.3674242424242424
2026-03-15 18:00:00,0.5776,0.4224,1.3674242424242424
2026-03-15 19:00:00,0.5776,0.4224,1.3674242424242424
2026-03-15 20:00:00,0.5776,0.4224,1.3674242424242424
2026-03-15 21:00:00,0.5776,0.4224,1.3674242424242424
2026-03-15 22:00:00,0.5776,0.4224,1.3674242424242424
2026-03-15 23:00:00,0.5776,0.4224,1.3674242424242424
2026-03-16 00:00:00,0.5776,0.4224,1.3674242424242424
2026-03-16 01:00:00,0.5776,0.4224,1.3674242424242424
2026-03-16 02:00:00,0.5776,0.4224,1.3674242424242424
2026-03-16 03:00:00,0.5776,0.4224,1.3674242424242424
2026-03-16 04:00:00,0.5776,0.4224,1.3674242424242424
2026-03-16 05:00:00,0.5776,0.4224,1.3674242424242424
2026-03-16 06:00:00,0.5776,0.4224,1.3674242424242424
2026-03-16 07:00:00,0.5776,0.4224,1.3674242424242424
2026-03-16 08:00:00,0.5776,0.4224,1.3674242424242424
2026-03-16 09:00:00,0.5776,0.4224,1.3674242424242424
2026-03-16 10:00:00,0.5776,0.4224,1.3674242424242424
2026-03-16 11:00:00,0.5776,0.4224,1.3674242424242424
2026-03-16 12:00:00,0.5776,0.4224,1.3674242424242424
2026-03-16 13:00:00,0.5776,0.4224,1.3674242424242424
2026-03-16 14:00:00,0.5776,0.4224,1.3674242424242424
2026-03-16 15:00:00,0.5776,0.4224,1.3674242424242424
2026-03-16 16:00:00,0.5776,0.4224,1.3674242424242424
2026-03-16 17:00:00,0.5776,0.4224,1.3674242424242424
2026-03-16 18:00:00,0.5776,0.4224,1.3674242424242424
2026-03-16 19:00:00,0.5776,0.4224,1.3674242424242424
2026-03-16 20:00:00,0.5776,0.4224,1.3674242424242424
2026-03-16 21:00:00,0.5776,0.4224,1.3674242424242424
2026-03-16 22:00:00,0.5776,0.4224,1.3674242424242424
2026-03-16 23:00:00,0.5776,0.4224,1.3674242424242424
2026-03-17 00:00:00,0.5776,0.4224,1.3674242424242424
2026-03-17 01:00:00,0.5776,0.4224,1.3674242424242424
2026-03-17 02:00:00,0.5776,0.4224,1.3674242424242424
2026-03-17 03:00:00,0.5776,0.4224,1.3674242424242424
2026-03-17 04:00:00,0.5776,0.4224,1.3674242424242424
2026-03-17 05:00:00,0.5776,0.4224,1.3674242424242424
2026-03-17 06:00:00,0.5776,0.4224,1.3674242424242424
2026-03-17 07:00:00,0.5776,0.4224,1.3674242424242424
2026-03-17 08:00:00,0.5776,0.4224,1.3674242424242424
2026-03-17 09:00:00,0.5776,0.4224,1.3674242424242424
2026-03-17 10:00:00,0.5776,0.4224,1.3674242424242424
2026-03-17 11:00:00,0.5776,0.4224,1.3674242424242424
2026-03-17 12:00:00,0.5776,0.4224,1.3674242424242424
2026-03-17 13:00:00,0.5776,0.4224,1.3674242424242424
2026-03-17 14:00:00,0.5776,0.4224,1.3674242424242424
2026-03-17 15:00:00,0.5776,0.4224,1.3674242424242424
2026-03-17 16:00:00,0.5776,0.4224,1.3674242424242424
2026-03-17 17:00:00,0.5776,0.4224,1.3674242424242424
2026-03-17 18:00:00,0.5776,0.4224,1.3674242424242424
2026-03-17 19:00:00,0.5776,0.4224,1.3674242424242424
2026-03-17 20:00:00,0.5776,0.4224,1.3674242424242424
2026-03-17 21:00:00,0.5776,0.4224,1.3674242424242424
2026-03-17 22:00:00,0.5776,0.4224,1.3674242424242424
2026-03-17 23:00:00,0.5776,0.4224,1.3674242424242424
2026-03-18 00:00:00,0.5776,0.4224,1.3674242424242424
2026-03-18 01:00:00,0.5776,0.4224,1.3674242424242424
2026-03-18 02:00:00,0.5776,0.4224,1.3674242424242424
2026-03-18 03:00:00,0.5776,0.4224,1.3674242424242424
2026-03-18 04:00:00,0.5776,0.4224,1.3674242424242424
2026-03-18 05:00:00,0.5776,0.4224,1.3674242424242424
2026-03-18 06:00:00,0.5776,0.4224,1.3674242424242424
2026-03-18 07:00:00,0.5776,0.4224,1.3674242424242424
2026-03-18 08:00:00,0.5776,0.4224,1.3674242424242424
2026-03-18 09:00:00,0.5776,0.4224,1.3674242424242424
2026-03-18 10:00:00,0.5776,0.4224,1.3674242424242424
2026-03-18 11:00:00,0.5776,0.4224,1.3674242424242424
2026-03-18 12:00:00,0.5776,0.4224,1.3674242424242424
2026-03-18 13:00:00,0.5776,0.4224,1.3674242424242424
2026-03-18 14:00:00,0.5776,0.4224,1.3674242424242424
2026-03-18 15:00:00,0.5776,0.4224,1.3674242424242424
2026-03-18 16:00:00,0.5776,0.4224,1.3674242424242424
2026-03-18 17:00:00,0.5776,0.4224,1.3674242424242424
2026-03-18 18:00:00,0.5776,0.4224,1.3674242424242424
2026-03-18 19:00:00,0.5776,0.4224,1.3674242424242424
2026-03-18 20:00:00,0.5776,0.4224,1.3674242424242424
2026-03-18 21:00:00,0.5776,0.4224,1.3674242424242424
2026-03-18 22:00:00,0.5776,0.4224,1.3674242424242424
2026-03-18 23:00:00,0.5776,0.4224,1.3674242424242424
2026-03-19 00:00:00,0.5776,0.4224,1.3674242424242424
2026-03-19 01:00:00,0.5776,0.4224,1.3674242424242424
2026-03-19 02:00:00,0.5776,0.4224,1.3674242424242424
2026-03-19 03:00:00,0.5776,0.4224,1.3674242424242424
2026-03-19 04:00:00,0.5776,0.4224,1.3674242424242424
2026-03-19 05:00:00,0.5776,0.4224,1.3674242424242424
2026-03-19 06:00:00,0.5776,0.4224,1.3674242424242424
2026-03-19 07:00:00,0.5776,0.4224,1.3674242424242424
2026-03-19 08:00:00,0.5776,0.4224,1.3674242424242424
2026-03-19 09:00:00,0.5776,0.4224,1.3674242424242424
2026-03-19 10:00:00,0.5776,0.4224,1.3674242424242424
2026-03-19 11:00:00,0.5776,0.4224,1.3674242424242424
2026-03-19 12:00:00,0.5776,0.4224,1.3674242424242424
2026-03-19 13:00:00,0.5776,0.4224,1.3674242424242424
2026-03-19 14:00:00,0.5776,0.4224,1.3674242424242424
2026-03-19 15:00:00,0.5776,0.4224,1.3674242424242424
2026-03-19 16:00:00,0.5776,0.4224,1.3674242424242424
2026-03-19 17:00:00,0.5776,0.4224,1.3674242424242424
2026-03-19 18:00:00,0.5776,0.4224,1.3674242424242424
2026-03-19 19:00:00,0.5776,0.4224,1.3674242424242424
2026-03-19 20:00:00,0.5776,0.4224,1.3674242424242424
2026-03-19 21:00:00,0.5776,0.4224,1.3674242424242424
2026-03-19 22:00:00,0.5776,0.4224,1.3674242424242424
2026-03-19 23:00:00,0.5776,0.4224,1.3674242424242424
2026-03-20 00:00:00,0.5776,0.4224,1.3674242424242424
2026-03-20 01:00:00,0.5776,0.4224,1.3674242424242424
2026-03-20 02:00:00,0.5776,0.4224,1.3674242424242424
2026-03-20 03:00:00,0.5776,0.4224,1.3674242424242424
2026-03-20 04:00:00,0.5776,0.4224,1.3674242424242424
2026-03-20 05:00:00,0.5776,0.4224,1.3674242424242424
2026-03-20 06:00:00,0.5776,0.4224,1.3674242424242424
2026-03-20 07:00:00,0.5776,0.4224,1.3674242424242424
2026-03-20 08:00:00,0.5776,0.4224,1.3674242424242424
2026-03-20 09:00:00,0.5776,0.4224,1.3674242424242424
2026-03-20 10:00:00,0.5776,0.4224,1.3674242424242424
2026-03-20 11:00:00,0.5776,0.4224,1.3674242424242424
2026-03-20 12:00:00,0.5776,0.4224,1.3674242424242424
2026-03-20 13:00:00,0.5776,0.4224,1.3674242424242424
2026-03-20 14:00:00,0.5776,0.4224,1.3674242424242424
2026-03-20 15:00:00,0.5776,0.4224,1.3674242424242424
2026-03-20 16:00:00,0.5776,0.4224,1.3674242424242424
2026-03-20 17:00:00,0.5776,0.4224,1.3674242424242424
2026-03-20 18:00:00,0.5776,0.4224,1.3674242424242424
2026-03-20 19:00:00,0.5776,0.4224,1.3674242424242424
2026-03-20 20:00:00,0.5776,0.4224,1.3674242424242424
2026-03-20 21:00:00,0.5776,0.4224,1.3674242424242424
2026-03-20 22:00:00,0.5776,0.4224,1.3674242424242424
2026-03-20 23:00:00,0.5776,0.4224,1.3674242424242424
2026-03-21 00:00:00,0.5776,0.4224,1.3674242424242424
2026-03-21 01:00:00,0.5776,0.4224,1.3674242424242424
2026-03-21 02:00:00,0.5776,0.4224,1.3674242424242424
2026-03-21 03:00:00,0.5776,0.4224,1.3674242424242424
2026-03-21 04:00:00,0.5776,0.4224,1.3674242424242424
2026-03-21 05:00:00,0.5776,0.4224,1.3674242424242424
2026-03-21 06:00:00,0.5776,0.4224,1.3674242424242424
2026-03-21 07:00:00,0.5776,0.4224,1.3674242424242424
2026-03-21 08:00:00,0.5776,0.4224,1.3674242424242424
2026-03-21 09:00:00,0.5776,0.4224,1.3674242424242424
2026-03-21 10:00:00,0.5776,0.4224,1.3674242424242424
2026-03-21 11:00:00,0.5776,0.4224,1.3674242424242424
2026-03-21 12:00:00,0.5776,0.4224,1.3674242424242424
2026-03-21 13:00:00,0.5776,0.4224,1.3674242424242424
2026-03-21 14:00:00,0.5776,0.4224,1.3674242424242424
2026-03-21 15:00:00,0.5776,0.4224,1.3674242424242424
2026-03-21 16:00:00,0.5776,0.4224,1.3674242424242424
2026-03-21 17:00:00,0.5776,0.4224,1.3674242424242424
2026-03-21 18:00:00,0.5776,0.4224,1.3674242424242424
2026-03-21 19:00:00,0.5776,0.4224,1.3674242424242424
2026-03-21 20:00:00,0.5776,0.4224,1.3674242424242424
2026-03-21 21:00:00,0.5776,0.4224,1.3674242424242424
2026-03-21 22:00:00,0.5776,0.4224,1.3674242424242424
2026-03-21 23:00:00,0.5776,0.4224,1.3674242424242424
2026-03-22 00:00:00,0.5776,0.4224,1.3674242424242424
2026-03-22 01:00:00,0.5776,0.4224,1.3674242424242424
2026-03-22 02:00:00,0.5776,0.4224,1.3674242424242424
2026-03-22 03:00:00,0.5776,0.4224,1.3674242424242424
2026-03-22 04:00:00,0.5776,0.4224,1.3674242424242424
2026-03-22 05:00:00,0.5776,0.4224,1.3674242424242424
2026-03-22 06:00:00,0.5776,0.4224,1.3674242424242424
2026-03-22 07:00:00,0.5776,0.4224,1.3674242424242424
2026-03-22 08:00:00,0.5776,0.4224,1.3674242424242424
2026-03-22 09:00:00,0.5776,0.4224,1.3674242424242424
2026-03-22 10:00:00,0.5776,0.4224,1.3674242424242424
2026-03-22 11:00:00,0.5776,0.4224,1.3674242424242424
2026-03-22 12:00:00,0.5776,0.4224,1.3674242424242424
2026-03-22 13:00:00,0.5776,0.4224,1.3674242424242424
2026-03-22 14:00:00,0.5776,0.4224,1.3674242424242424
2026-03-22 15:00:00,0.5776,0.4224,1.3674242424242424
2026-03-22 16:00:00,0.5776,0.4224,1.3674242424242424
2026-03-22 17:00:00,0.5776,0.4224,1.3674242424242424
2026-03-22 18:00:00,0.5776,0.4224,1.3674242424242424
2026-03-22 19:00:00,0.5776,0.4224,1.3674242424242424
2026-03-22 20:00:00,0.5776,0.4224,1.3674242424242424
2026-03-22 21:00:00,0.5776,0.4224,1.3674242424242424
2026-03-22 22:00:00,0.5776,0.4224,1.3674242424242424
2026-03-22 23:00:00,0.5776,0.4224,1.3674242424242424
2026-03-23 00:00:00,0.5776,0.4224,1.3674242424242424
2026-03-23 01:00:00,0.5776,0.4224,1.3674242424242424
2026-03-23 02:00:00,0.5776,0.4224,1.3674242424242424
2026-03-23 03:00:00,0.5776,0.4224,1.3674242424242424
2026-03-23 04:00:00,0.5776,0.4224,1.3674242424242424
2026-03-23 05:00:00,0.5776,0.4224,1.3674242424242424
2026-03-23 06:00:00,0.5776,0.4224,1.3674242424242424
2026-03-23 07:00:00,0.5776,0.4224,1.3674242424242424
2026-03-23 08:00:00,0.5776,0.4224,1.3674242424242424
2026-03-23 09:00:00,0.5776,0.4224,1.3674242424242424
2026-03-23 10:00:00,0.5776,0.4224,1.3674242424242424
2026-03-23 11:00:00,0.5776,0.4224,1.3674242424242424
2026-03-23 12:00:00,0.5776,0.4224,1.3674242424242424
2026-03-23 13:00:00,0.5776,0.4224,1.3674242424242424
2026-03-23 14:00:00,0.5776,0.4224,1.3674242424242424
2026-03-23 15:00:00,0.5776,0.4224,1.3674242424242424
2026-03-23 16:00:00,0.5776,0.4224,1.3674242424242424
2026-03-23 17:00:00,0.5776,0.4224,1.3674242424242424
2026-03-23 18:00:00,0.5776,0.4224,1.3674242424242424
2026-03-23 19:00:00,0.5776,0.4224,1.3674242424242424
2026-03-23 20:00:00,0.5776,0.4224,1.3674242424242424
2026-03-23 21:00:00,0.5776,0.4224,1.3674242424242424
2026-03-23 22:00:00,0.5776,0.4224,1.3674242424242424
2026-03-23 23:00:00,0.5776,0.4224,1.3674242424242424
2026-03-24 00:00:00,0.5776,0.4224,1.3674242424242424
2026-03-24 01:00:00,0.5776,0.4224,1.3674242424242424
2026-03-24 02:00:00,0.5776,0.4224,1.3674242424242424
2026-03-24 03:00:00,0.5776,0.4224,1.3674242424242424
2026-03-24 04:00:00,0.5776,0.4224,1.3674242424242424
2026-03-24 05:00:00,0.5776,0.4224,1.3674242424242424
2026-03-24 06:00:00,0.5776,0.4224,1.3674242424242424
2026-03-24 07:00:00,0.5776,0.4224,1.3674242424242424
2026-03-24 08:00:00,0.5776,0.4224,1.3674242424242424
2026-03-24 09:00:00,0.5776,0.4224,1.3674242424242424
2026-03-24 10:00:00,0.5776,0.4224,1.3674242424242424
2026-03-24 11:00:00,0.5776,0.4224,1.3674242424242424
2026-03-24 12:00:00,0.5776,0.4224,1.3674242424242424
2026-03-24 13:00:00,0.5776,0.4224,1.3674242424242424
2026-03-24 14:00:00,0.5776,0.4224,1.3674242424242424
2026-03-24 15:00:00,0.5776,0.4224,1.3674242424242424
2026-03-24 16:00:00,0.5776,0.4224,1.3674242424242424
2026-03-24 17:00:00,0.5776,0.4224,1.3674242424242424
2026-03-24 18:00:00,0.5776,0.4224,1.3674242424242424
2026-03-24 19:00:00,0.5776,0.4224,1.3674242424242424
2026-03-24 20:00:00,0.5776,0.4224,1.3674242424242424
2026-03-24 21:00:00,0.5776,0.4224,1.3674242424242424
2026-03-24 22:00:00,0.5776,0.4224,1.3674242424242424
2026-03-24 23:00:00,0.5776,0.4224,1.3674242424242424
2026-03-25 00:00:00,0.5776,0.4224,1.3674242424242424
2026-03-25 01:00:00,0.5776,0.4224,1.3674242424242424
2026-03-25 02:00:00,0.5776,0.4224,1.3674242424242424
2026-03-25 03:00:00,0.5776,0.4224,1.3674242424242424
2026-03-25 04:00:00,0.5776,0.4224,1.3674242424242424
2026-03-25 05:00:00,0.5776,0.4224,1.3674242424242424
2026-03-25 06:00:00,0.5776,0.4224,1.3674242424242424
2026-03-25 07:00:00,0.5776,0.4224,1.3674242424242424
2026-03-25 08:00:00,0.5776,0.4224,1.3674242424242424
2026-03-25 09:00:00,0.5776,0.4224,1.3674242424242424
2026-03-25 10:00:00,0.5776,0.4224,1.3674242424242424
2026-03-25 11:00:00,0.5776,0.4224,1.3674242424242424
2026-03-25 12:00:00,0.5776,0.4224,1.3674242424242424
2026-03-25 13:00:00,0.5776,0.4224,1.3674242424242424
2026-03-25 14:00:00,0.5776,0.4224,1.3674242424242424
2026-03-25 15:00:00,0.5776,0.4224,1.3674242424242424
2026-03-25 16:00:00,0.5776,0.4224,1.3674242424242424
2026-03-25 17:00:00,0.5776,0.4224,1.3674242424242424
2026-03-25 18:00:00,0.5776,0.4224,1.3674242424242424
2026-03-25 19:00:00,0.5776,0.4224,1.3674242424242424
2026-03-25 20:00:00,0.5776,0.4224,1.3674242424242424
2026-03-25 21:00:00,0.5776,0.4224,1.3674242424242424
2026-03-25 22:00:00,0.5776,0.4224,1.3674242424242424
2026-03-25 23:00:00,0.5776,0.4224,1.3674242424242424
2026-03-26 00:00:00,0.5776,0.4224,1.3674242424242424
2026-03-26 01:00:00,0.5776,0.4224,1.3674242424242424
2026-03-26 02:00:00,0.5776,0.4224,1.3674242424242424
2026-03-26 03:00:00,0.5776,0.4224,1.3674242424242424
2026-03-26 04:00:00,0.5776,0.4224,1.3674242424242424
2026-03-26 05:00:00,0.5776,0.4224,1.3674242424242424
2026-03-26 06:00:00,0.5776,0.4224,1.3674242424242424
2026-03-26 07:00:00,0.5776,0.4224,1.3674242424242424
2026-03-26 08:00:00,0.5776,0.4224,1.3674242424242424
2026-03-26 09:00:00,0.5776,0.4224,1.3674242424242424
2026-03-26 10:00:00,0.5776,0.4224,1.3674242424242424
2026-03-26 11:00:00,0.5776,0.4224,1.3674242424242424
2026-03-26 12:00:00,0.5776,0.4224,1.3674242424242424
2026-03-26 13:00:00,0.5776,0.4224,1.3674242424242424
2026-03-26 14:00:00,0.5776,0.4224,1.3674242424242424
2026-03-26 15:00:00,0.5776,0.4224,1.3674242424242424
2026-03-26 16:00:00,0.5776,0.4224,1.3674242424242424
2026-03-26 17:00:00,0.5776,0.4224,1.3674242424242424
2026-03-26 18:00:00,0.5776,0.4224,1.3674242424242424
2026-03-26 19:00:00,0.5776,0.4224,1.3674242424242424
2026-03-26 20:00:00,0.5776,0.4224,1.3674242424242424
2026-03-26 21:00:00,0.5776,0.4224,1.3674242424242424
2026-03-26 22:00:00,0.5776,0.4224,1.3674242424242424
2026-03-26 23:00:00,0.5776,0.4224,1.3674242424242424
2026-03-27 00:00:00,0.5776,0.4224,1.3674242424242424
2026-03-27 01:00:00,0.5776,0.4224,1.3674242424242424
2026-03-27 02:00:00,0.5776,0.4224,1.3674242424242424
2026-03-27 03:00:00,0.5776,0.4224,1.3674242424242424
2026-03-27 04:00:00,0.5776,0.4224,1.3674242424242424
2026-03-27 05:00:00,0.5776,0.4224,1.3674242424242424
2026-03-27 06:00:00,0.5776,0.4224,1.3674242424242424
2026-03-27 07:00:00,0.5776,0.4224,1.3674242424242424
2026-03-27 08:00:00,0.5776,0.4224,1.3674242424242424
2026-03-27 09:00:00,0.5776,0.4224,1.3674242424242424
2026-03-27 10:00:00,0.5776,0.4224,1.3674242424242424
2026-03-27 11:00:00,0.5776,0.4224,1.3674242424242424
2026-03-27 12:00:00,0.5776,0.4224,1.3674242424242424
2026-03-27 13:00:00,0.5776,0.4224,1.3674242424242424
2026-03-27 14:00:00,0.5776,0.4224,1.3674242424242424
2026-03-27 15:00:00,0.5776,0.4224,1.3674242424242424
2026-03-27 16:00:00,0.5776,0.4224,1.3674242424242424
2026-03-27 17:00:00,0.5776,0.4224,1.3674242424242424
2026-03-27 18:00:00,0.5776,0.4224,1.3674242424242424
2026-03-27 19:00:00,0.5776,0.4224,1.3674242424242424
2026-03-27 20:00:00,0.5776,0.4224,1.3674242424242424
2026-03-27 21:00:00,0.5776,0.4224,1.3674242424242424
2026-03-27 22:00:00,0.5776,0.4224,1.3674242424242424
2026-03-27 23:00:00,0.5776,0.4224,1.3674242424242424
2026-03-28 00:00:00,0.5776,0.4224,1.3674242424242424
2026-03-28 01:00:00,0.5776,0.4224,1.3674242424242424
2026-03-28 02:00:00,0.5776,0.4224,1.3674242424242424
2026-03-28 03:00:00,0.5776,0.4224,1.3674242424242424
2026-03-28 04:00:00,0.5776,0.4224,1.3674242424242424
2026-03-28 05:00:00,0.5776,0.4224,1.3674242424242424
2026-03-28 06:00:00,0.5776,0.4224,1.3674242424242424
2026-03-28 07:00:00,0.5776,0.4224,1.3674242424242424
2026-03-28 08:00:00,0.5776,0.4224,1.3674242424242424
2026-03-28 09:00:00,0.5776,0.4224,1.3674242424242424
2026-03-28 10:00:00,0.5776,0.4224,1.3674242424242424
2026-03-28 11:00:00,0.5776,0.4224,1.3674242424242424
2026-03-28 12:00:00,0.5776,0.4224,1.3674242424242424
2026-03-28 13:00:00,0.5776,0.4224,1.3674242424242424
2026-03-28 14:00:00,0.5776,0.4224,1.3674242424242424
2026-03-28 15:00:00,0.5776,0.4224,1.3674242424242424
2026-03-28 16:00:00,0.5776,0.4224,1.3674242424242424
2026-03-28 17:00:00,0.5776,0.4224,1.3674242424242424
2026-03-28 18:00:00,0.5776,0.4224,1.3674242424242424
2026-03-28 19:00:00,0.5776,0.4224,1.3674242424242424
2026-03-28 20:00:00,0.5776,0.4224,1.3674242424242424
2026-03-28 21:00:00,0.5776,0.4224,1.3674242424242424
2026-03-28 22:00:00,0.5776,0.4224,1.3674242424242424
2026-03-28 23:00:00,0.5776,0.4224,1.3674242424242424
2026-03-29 00:00:00,0.5776,0.4224,1.3674242424242424
2026-03-29 01:00:00,0.5776,0.4224,1.3674242424242424
2026-03-29 02:00:00,0.5776,0.4224,1.3674242424242424
2026-03-29 03:00:00,0.5776,0.4224,1.3674242424242424
2026-03-29 04:00:00,0.5776,0.4224,1.3674242424242424
2026-03-29 05:00:00,0.5776,0.4224,1.3674242424242424
2026-03-29 06:00:00,0.5776,0.4224,1.3674242424242424
2026-03-29 07:00:00,0.5776,0.4224,1.3674242424242424
2026-03-29 08:00:00,0.5776,0.4224,1.3674242424242424
2026-03-29 09:00:00,0.5776,0.4224,1.3674242424242424
2026-03-29 10:00:00,0.5776,0.4224,1.3674242424242424
2026-03-29 11:00:00,0.5776,0.4224,1.3674242424242424
2026-03-29 12:00:00,0.5776,0.4224,1.3674242424242424
2026-03-29 13:00:00,0.5776,0.4224,1.3674242424242424
2026-03-29 14:00:00,0.5776,0.4224,1.3674242424242424
2026-03-29 15:00:00,0.5776,0.4224,1.3674242424242424
2026-03-29 16:00:00,0.5776,0.4224,1.3674242424242424
2026-03-29 17:00:00,0.5776,0.4224,1.3674242424242424
2026-03-29 18:00:00,0.5776,0.4224,1.3674242424242424
2026-03-29 19:00:00,0.5776,0.4224,1.3674242424242424
2026-03-29 20:00:00,0.5776,0.4224,1.3674242424242424
2026-03-29 21:00:00,0.5776,0.4224,1.3674242424242424
2026-03-29 22:00:00,0.5776,0.4224,1.3674242424242424
2026-03-29 23:00:00,0.5776,0.4224,1.3674242424242424
2026-03-30 00:00:00,0.5776,0.4224,1.3674242424242424
2026-03-30 01:00:00,0.5776,0.4224,1.3674242424242424
2026-03-30 02:00:00,0.5776,0.4224,1.3674242424242424
2026-03-30 03:00:00,0.5776,0.4224,1.3674242424242424
2026-03-30 04:00:00,0.5776,0.4224,1.3674242424242424
2026-03-30 05:00:00,0.5776,0.4224,1.3674242424242424
2026-03-30 06:00:00,0.5776,0.4224,1.3674242424242424
2026-03-30 07:00:00,0.5776,0.4224,1.3674242424242424
2026-03-30 08:00:00,0.5776,0.4224,1.3674242424242424
2026-03-30 09:00:00,0.5776,0.4224,1.3674242424242424
2026-03-30 10:00:00,0.5776,0.4224,1.3674242424242424
2026-03-30 11:00:00,0.5776,0.4224,1.3674242424242424
2026-03-30 12:00:00,0.5776,0.4224,1.3674242424242424
2026-03-30 13:00:00,0.5776,0.4224,1.3674242424242424
2026-03-30 14:00:00,0.5776,0.4224,1.3674242424242424
2026-03-30 15:00:00,0.5776,0.4224,1.3674242424242424
2026-03-30 16:00:00,0.5776,0.4224,1.3674242424242424
2026-03-30 17:00:00,0.5776,0.4224,1.3674242424242424
2026-03-30 18:00:00,0.5776,0.4224,1.3674242424242424
2026-03-30 19:00:00,0.5776,0.4224,1.3674242424242424
2026-03-30 20:00:00,0.5776,0.4224,1.3674242424242424
2026-03-30 21:00:00,0.5776,0.4224,1.3674242424242424
2026-03-30 22:00:00,0.5776,0.4224,1.3674242424242424
2026-03-30 23:00:00,0.5776,0.4224,1.3674242424242424
2026-03-31 00:00:00,0.5776,0.4224,1.3674242424242424
2026-03-31 01:00:00,0.5776,0.4224,1.3674242424242424
2026-03-31 02:00:00,0.5776,0.4224,1.3674242424242424
2026-03-31 03:00:00,0.5776,0.4224,1.3674242424242424
2026-03-31 04:00:00,0.5776,0.4224,1.3674242424242424
2026-03-31 05:00:00,0.5776,0.4224,1.3674242424242424
2026-03-31 06:00:00,0.5776,0.4224,1.3674242424242424
2026-03-31 07:00:00,0.5776,0.4224,1.3674242424242424
2026-03-31 08:00:00,0.5776,0.4224,1.3674242424242424
2026-03-31 09:00:00,0.5776,0.4224,1.3674242424242424
2026-03-31 10:00:00,0.5776,0.4224,1.3674242424242424
2026-03-31 11:00:00,0.5776,0.4224,1.3674242424242424
2026-03-31 12:00:00,0.5776,0.4224,1.3674242424242424
2026-03-31 13:00:00,0.5776,0.4224,1.3674242424242424
2026-03-31 14:00:00,0.5776,0.4224,1.3674242424242424
2026-03-31 15:00:00,0.5776,0.4224,1.3674242424242424
2026-03-31 16:00:00,0.5776,0.4224,1.3674242424242424
2026-03-31 17:00:00,0.5776,0.4224,1.3674242424242424
2026-03-31 18:00:00,0.5776,0.4224,1.3674242424242424
2026-03-31 19:00:00,0.5776,0.4224,1.3674242424242424
2026-03-31 20:00:00,0.5776,0.4224,1.3674242424242424
2026-03-31 21:00:00,0.5776,0.4224,1.3674242424242424
2026-03-31 22:00:00,0.5776,0.4224,1.3674242424242424
2026-03-31 23:00:00,0.5776,0.4224,1.3674242424242424
2026-04-01 00:00:00,0.5776,0.4224,1.3674242424242424
2026-04-01 01:00:00,0.5776,0.4224,1.3674242424242424
2026-04-01 02:00:00,0.5776,0.4224,1.3674242424242424
2026-04-01 03:00:00,0.5776,0.4224,1.3674242424242424
2026-04-01 04:00:00,0.5776,0.4224,1.3674242424242424
2026-04-01 05:00:00,0.5776,0.4224,1.3674242424242424
2026-04-01 06:00:00,0.5776,0.4224,1.3674242424242424
2026-04-01 07:00:00,0.5776,0.4224,1.3674242424242424
2026-04-01 08:00:00,0.5776,0.4224,1.3674242424242424
2026-04-01 09:00:00,0.5776,0.4224,1.3674242424242424
2026-04-01 10:00:00,0.5776,0.4224,1.3674242424242424
2026-04-01 11:00:00,0.5776,0.4224,1.3674242424242424
2026-04-01 12:00:00,0.5776,0.4224,1.3674242424242424
2026-04-01 13:00:00,0.5776,0.4224,1.3674242424242424
2026-04-01 14:00:00,0.5776,0.4224,1.3674242424242424
2026-04-01 15:00:00,0.5776,0.4224,1.3674242424242424
2026-04-01 16:00:00,0.5776,0.4224,1.3674242424242424
2026-04-01 17:00:00,0.5776,0.4224,1.3674242424242424
2026-04-01 18:00:00,0.5776,0.4224,1.3674242424242424
2026-04-01 19:00:00,0.5776,0.4224,1.3674242424242424
2026-04-01 20:00:00,0.5776,0.4224,1.3674242424242424
2026-04-01 21:00:00,0.5776,0.4224,1.3674242424242424
2026-04-01 22:00:00,0.5776,0.4224,1.3674242424242424
2026-04-01 23:00:00,0.5776,0.4224,1.3674242424242424
2026-04-02 00:00:00,0.5776,0.4224,1.3674242424242424
2026-04-02 01:00:00,0.5776,0.4224,1.3674242424242424
2026-04-02 02:00:00,0.5776,0.4224,1.3674242424242424
2026-04-02 03:00:00,0.5776,0.4224,1.3674242424242424
2026-04-02 04:00:00,0.5776,0.4224,1.3674242424242424
2026-04-02 05:00:00,0.5776,0.4224,1.3674242424242424
2026-04-02 06:00:00,0.5776,0.4224,1.3674242424242424
2026-04-02 07:00:00,0.5776,0.4224,1.3674242424242424
2026-04-02 08:00:00,0.5776,0.4224,1.3674242424242424
2026-04-02 09:00:00,0.5776,0.4224,1.3674242424242424
2026-04-02 10:00:00,0.5776,0.4224,1.3674242424242424
2026-04-02 11:00:00,0.5776,0.4224,1.3674242424242424
2026-04-02 12:00:00,0.5776,0.4224,1.3674242424242424
2026-04-02 13:00:00,0.5776,0.4224,1.3674242424242424
2026-04-02 14:00:00,0.5776,0.4224,1.3674242424242424
2026-04-02 15:00:00,0.5776,0.4224,1.3674242424242424
2026-04-02 16:00:00,0.5776,0.4224,1.3674242424242424
2026-04-02 17:00:00,0.5776,0.4224,1.3674242424242424
2026-04-02 18:00:00,0.5776,0.4224,1.3674242424242424
2026-04-02 19:00:00,0.5776,0.4224,1.3674242424242424
2026-04-02 20:00:00,0.5776,0.4224,1.3674242424242424
2026-04-02 21:00:00,0.5776,0.4224,1.3674242424242424
2026-04-02 22:00:00,0.5776,0.4224,1.3674242424242424
2026-04-02 23:00:00,0.5776,0.4224,1.3674242424242424
2026-04-03 00:00:00,0.5776,0.4224,1.3674242424242424
2026-04-03 01:00:00,0.5776,0.4224,1.3674242424242424
2026-04-03 02:00:00,0.5776,0.4224,1.3674242424242424
2026-04-03 03:00:00,0.5776,0.4224,1.3674242424242424
2026-04-03 04:00:00,0.5776,0.4224,1.3674242424242424
2026-04-03 05:00:00,0.5776,0.4224,1.3674242424242424
2026-04-03 06:00:00,0.5776,0.4224,1.3674242424242424
2026-04-03 07:00:00,0.5776,0.4224,1.3674242424242424
2026-04-03 08:00:00,0.5776,0.4224,1.3674242424242424
2026-04-03 09:00:00,0.5776,0.4224,1.3674242424242424
2026-04-03 10:00:00,0.5776,0.4224,1.3674242424242424
2026-04-03 11:00:00,0.5776,0.4224,1.3674242424242424
2026-04-03 12:00:00,0.5776,0.4224,1.3674242424242424
2026-04-03 13:00:00,0.5776,0.4224,1.3674242424242424
2026-04-03 14:00:00,0.5776,0.4224,1.3674242424242424
2026-04-03 15:00:00,0.5776,0.4224,1.3674242424242424
2026-04-03 16:00:00,0.5776,0.4224,1.3674242424242424
2026-04-03 17:00:00,0.5776,0.4224,1.3674242424242424
2026-04-03 18:00:00,0.5776,0.4224,1.3674242424242424
2026-04-03 19:00:00,0.5776,0.4224,1.3674242424242424
2026-04-03 20:00:00,0.5776,0.4224,1.3674242424242424
2026-04-03 21:00:00,0.5776,0.4224,1.3674242424242424
2026-04-03 22:00:00,0.5776,0.4224,1.3674242424242424
2026-04-03 23:00:00,0.5776,0.4224,1.3674242424242424
2026-04-04 00:00:00,0.5776,0.4224,1.3674242424242424
2026-04-04 01:00:00,0.5776,0.4224,1.3674242424242424
2026-04-04 02:00:00,0.5776,0.4224,1.3674242424242424
2026-04-04 03:00:00,0.5776,0.4224,1.3674242424242424
2026-04-04 04:00:00,0.5776,0.4224,1.3674242424242424
2026-04-04 05:00:00,0.5776,0.4224,1.3674242424242424
2026-04-04 06:00:00,0.5776,0.4224,1.3674242424242424
2026-04-04 07:00:00,0.5776,0.4224,1.3674242424242424
2026-04-04 08:00:00,0.5776,0.4224,1.3674242424242424
2026-04-04 09:00:00,0.5776,0.4224,1.3674242424242424
2026-04-04 10:00:00,0.5776,0.4224,1.3674242424242424
2026-04-04 11:00:00,0.5776,0.4224,1.3674242424242424
2026-04-04 12:00:00,0.5776,0.4224,1.3674242424242424
2026-04-04 13:00:00,0.5776,0.4224,1.3674242424242424
2026-04-04 14:00:00,0.5776,0.4224,1.3674242424242424
2026-04-04 15:00:00,0.5776,0.4224,1.3674242424242424
2026-04-04 16:00:00,0.5776,0.4224,1.3674242424242424
2026-04-04 17:00:00,0.5776,0.4224,1.3674242424242424
2026-04-04 18:00:00,0.5776,0.4224,1.3674242424242424
2026-04-04 19:00:00,0.5776,0.4224,1.3674242424242424
2026-04-04 20:00:00,0.5776,0.4224,1.3674242424242424
2026-04-04 21:00:00,0.5776,0.4224,1.3674242424242424
2026-04-04 22:00:00,0.5776,0.4224,1.3674242424242424
2026-04-04 23:00:00,0.5776,0.4224,1.3674242424242424
2026-04-05 00:00:00,0.5776,0.4224,1.3674242424242424
2026-04-05 01:00:00,0.5776,0.4224,1.3674242424242424
2026-04-05 02:00:00,0.5776,0.4224,1.3674242424242424
2026-04-05 03:00:00,0.5776,0.4224,1.3674242424242424
2026-04-05 04:00:00,0.5776,0.4224,1.3674242424242424
2026-04-05 05:00:00,0.5776,0.4224,1.3674242424242424
2026-04-05 06:00:00,0.5776,0.4224,1.3674242424242424
2026-04-05 07:00:00,0.5776,0.4224,1.3674242424242424
2026-04-05 08:00:00,0.5776,0.4224,1.3674242424242424
2026-04-05 09:00:00,0.5776,0.4224,1.3674242424242424
2026-04-05 10:00:00,0.5776,0.4224,1.3674242424242424
2026-04-05 11:00:00,0.5776,0.4224,1.3674242424242424
2026-04-05 12:00:00,0.5776,0.4224,1.3674242424242424
2026-04-05 13:00:00,0.5776,0.4224,1.3674242424242424
2026-04-05 14:00:00,0.5776,0.4224,1.3674242424242424
2026-04-05 15:00:00,0.5776,0.4224,1.3674242424242424
2026-04-05 16:00:00,0.5776,0.4224,1.3674242424242424
2026-04-05 17:00:00,0.5776,0.4224,1.3674242424242424
2026-04-05 18:00:00,0.5776,0.4224,1.3674242424242424
2026-04-05 19:00:00,0.5776,0.4224,1.3674242424242424
2026-04-05 20:00:00,0.5776,0.4224,1.3674242424242424
2026-04-05 21:00:00,0.5776,0.4224,1.3674242424242424
2026-04-05 22:00:00,0.5776,0.4224,1.3674242424242424
2026-04-05 23:00:00,0.5776,0.4224,1.3674242424242424
2026-04-06 00:00:00,0.5776,0.4224,1.3674242424242424
2026-04-06 01:00:00,0.5776,0.4224,1.3674242424242424
2026-04-06 02:00:00,0.5776,0.4224,1.3674242424242424
2026-04-06 03:00:00,0.5776,0.4224,1.3674242424242424
2026-04-06 04:00:00,0.5776,0.4224,1.3674242424242424
2026-04-06 05:00:00,0.5776,0.4224,1.3674242424242424
2026-04-06 06:00:00,0.5776,0.4224,1.3674242424242424
2026-04-06 07:00:00,0.5776,0.4224,1.3674242424242424
2026-04-06 08:00:00,0.5776,0.4224,1.3674242424242424
2026-04-06 09:00:00,0.5776,0.4224,1.3674242424242424
2026-04-06 10:00:00,0.5776,0.4224,1.3674242424242424
2026-04-06 11:00:00,0.5776,0.4224,1.3674242424242424
2026-04-06 12:00:00,0.5776,0.4224,1.3674242424242424
2026-04-06 13:00:00,0.5776,0.4224,1.3674242424242424
2026-04-06 14:00:00,0.5776,0.4224,1.3674242424242424
2026-04-06 15:00:00,0.5776,0.4224,1.3674242424242424
2026-04-06 16:00:00,0.5776,0.4224,1.3674242424242424
2026-04-06 17:00:00,0.5776,0.4224,1.3674242424242424
2026-04-06 18:00:00,0.5776,0.4224,1.3674242424242424
2026-04-06 19:00:00,0.5776,0.4224,1.3674242424242424
2026-04-06 20:00:00,0.5776,0.4224,1.3674242424242424
2026-04-06 21:00:00,0.5776,0.4224,1.3674242424242424
2026-04-06 22:00:00,0.5776,0.4224,1.3674242424242424
2026-04-06 23:00:00,0.5776,0.4224,1.3674242424242424
2026-04-07 00:00:00,0.5776,0.4224,1.3674242424242424
2026-04-07 01:00:00,0.5776,0.4224,1.3674242424242424
2026-04-07 02:00:00,0.5776,0.4224,1.3674242424242424
2026-04-07 03:00:00,0.5776,0.4224,1.3674242424242424
2026-04-07 04:00:00,0.5776,0.4224,1.3674242424242424
2026-04-07 05:00:00,0.5776,0.4224,1.3674242424242424
2026-04-07 06:00:00,0.5776,0.4224,1.3674242424242424
2026-04-07 07:00:00,0.5776,0.4224,1.3674242424242424
2026-04-07 08:00:00,0.5776,0.4224,1.3674242424242424
2026-04-07 09:00:00,0.5776,0.4224,1.3674242424242424
2026-04-07 10:00:00,0.5776,0.4224,1.3674242424242424
2026-04-07 11:00:00,0.5776,0.4224,1.3674242424242424
2026-04-07 12:00:00,0.5776,0.4224,1.3674242424242424
2026-04-07 13:00:00,0.5776,0.4224,1.3674242424242424
2026-04-07 14:00:00,0.5776,0.4224,1.3674242424242424
2026-04-07 15:00:00,0.5776,0.4224,1.3674242424242424
2026-04-07 16:00:00,0.5776,0.4224,1.3674242424242424
2026-04-07 17:00:00,0.5776,0.4224,1.3674242424242424
2026-04-07 18:00:00,0.5776,0.4224,1.3674242424242424
2026-04-07 19:00:00,0.5776,0.4224,1.3674242424242424
2026-04-07 20:00:00,0.5776,0.4224,1.3674242424242424
2026-04-07 21:00:00,0.5776,0.4224,1.3674242424242424
2026-04-07 22:00:00,0.5776,0.4224,1.3674242424242424
2026-04-07 23:00:00,0.5776,0.4224,1.3674242424242424
2026-04-08 00:00:00,0.5776,0.4224,1.3674242424242424
2026-04-08 01:00:00,0.5776,0.4224,1.3674242424242424
2026-04-08 02:00:00,0.5776,0.4224,1.3674242424242424
2026-04-08 03:00:00,0.5776,0.4224,1.3674242424242424
2026-04-08 04:00:00,0.5776,0.4224,1.3674242424242424
2026-04-08 05:00:00,0.5776,0.4224,1.3674242424242424
2026-04-08 06:00:00,0.5776,0.4224,1.3674242424242424
2026-04-08 07:00:00,0.5776,0.4224,1.3674242424242424
2026-04-08 08:00:00,0.5776,0.4224,1.3674242424242424
2026-04-08 09:00:00,0.5776,0.4224,1.3674242424242424
2026-04-08 10:00:00,0.5776,0.4224,1.3674242424242424
2026-04-08 11:00:00,0.5776,0.4224,1.3674242424242424
2026-04-08 12:00:00,0.5776,0.4224,1.3674242424242424
2026-04-08 13:00:00,0.5776,0.4224,1.3674242424242424
2026-04-08 14:00:00,0.5776,0.4224,1.3674242424242424
2026-04-08 15:00:00,0.5776,0.4224,1.3674242424242424
2026-04-08 16:00:00,0.5776,0.4224,1.3674242424242424
2026-04-08 17:00:00,0.5776,0.4224,1.3674242424242424
2026-04-08 18:00:00,0.5776,0.4224,1.3674242424242424
2026-04-08 19:00:00,0.5776,0.4224,1.3674242424242424
2026-04-08 20:00:00,0.5776,0.4224,1.3674242424242424
2026-04-08 21:00:00,0.5776,0.4224,1.3674242424242424
2026-04-08 22:00:00,0.5776,0.4224,1.3674242424242424
2026-04-08 23:00:00,0.5776,0.4224,1.3674242424242424
2026-04-09 00:00:00,0.5776,0.4224,1.3674242424242424
2026-04-09 01:00:00,0.5776,0.4224,1.3674242424242424
2026-04-09 02:00:00,0.5776,0.4224,1.3674242424242424
2026-04-09 03:00:00,0.5776,0.4224,1.3674242424242424
2026-04-09 04:00:00,0.5776,0.4224,1.3674242424242424
2026-04-09 05:00:00,0.5776,0.4224,1.3674242424242424
2026-04-09 06:00:00,0.5776,0.4224,1.3674242424242424
2026-04-09 07:00:00,0.5776,0.4224,1.3674242424242424
2026-04-09 08:00:00,0.5776,0.4224,1.3674242424242424
2026-04-09 09:00:00,0.5776,0.4224,1.3674242424242424
2026-04-09 10:00:00,0.5776,0.4224,1.3674242424242424
2026-04-09 11:00:00,0.5776,0.4224,1.3674242424242424
2026-04-09 12:00:00,0.5776,0.4224,1.3674242424242424
2026-04-09 13:00:00,0.5776,0.4224,1.3674242424242424
2026-04-09 14:00:00,0.5776,0.4224,1.3674242424242424
2026-04-09 15:00:00,0.5776,0.4224,1.3674242424242424
2026-04-09 16:00:00,0.5776,0.4224,1.3674242424242424
2026-04-09 17:00:00,0.5776,0.4224,1.3674242424242424
2026-04-09 18:00:00,0.5776,0.4224,1.3674242424242424
2026-04-09 19:00:00,0.5776,0.4224,1.3674242424242424
2026-04-09 20:00:00,0.5776,0.4224,1.3674242424242424
2026-04-09 21:00:00,0.5776,0.4224,1.3674242424242424
2026-04-09 22:00:00,0.5776,0.4224,1.3674242424242424
2026-04-09 23:00:00,0.5776,0.4224,1.3674242424242424
2026-04-10 00:00:00,0.5776,0.4224,1.3674242424242424
2026-04-10 01:00:00,0.5776,0.4224,1.3674242424242424
2026-04-10 02:00:00,0.5776,0.4224,1.3674242424242424
2026-04-10 03:00:00,0.5776,0.4224,1.3674242424242424
2026-04-10 04:00:00,0.5776,0.4224,1.3674242424242424
2026-04-10 05:00:00,0.5776,0.4224,1.3674242424242424
2026-04-10 06:00:00,0.5776,0.4224,1.3674242424242424
2026-04-10 07:00:00,0.5776,0.4224,1.3674242424242424
2026-04-10 08:00:00,0.5776,0.4224,1.3674242424242424
2026-04-10 09:00:00,0.5776,0.4224,1.3674242424242424
2026-04-10 10:00:00,0.5776,0.4224,1.3674242424242424
2026-04-10 11:00:00,0.5776,0.4224,1.3674242424242424
2026-04-10 12:00:00,0.5776,0.4224,1.3674242424242424
2026-04-10 13:00:00,0.5776,0.4224,1.3674242424242424
2026-04-10 14:00:00,0.5776,0.4224,1.3674242424242424
2026-04-10 15:00:00,0.5776,0.4224,1.3674242424242424
2026-04-10 16:00:00,0.5776,0.4224,1.3674242424242424
2026-04-10 17:00:00,0.5776,0.4224,1.3674242424242424
2026-04-10 18:00:00,0.5776,0.4224,1.3674242424242424
2026-04-10 19:00:00,0.5776,0.4224,1.3674242424242424
2026-04-10 20:00:00,0.5776,0.4224,1.3674242424242424
2026-04-10 21:00:00,0.5776,0.4224,1.3674242424242424
2026-04-10 22:00:00,0.5776,0.4224,1.3674242424242424
2026-04-10 23:00:00,0.5776,0.4224,1.3674242424242424
2026-04-11 00:00:00,0.5776,0.4224,1.3674242424242424
2026-04-11 01:00:00,0.5776,0.4224,1.3674242424242424
2026-04-11 02:00:00,0.5776,0.4224,1.3674242424242424
2026-04-11 03:00:00,0.5776,0.4224,1.3674242424242424
2026-04-11 04:00:00,0.5776,0.4224,1.3674242424242424
2026-04-11 05:00:00,0.5776,0.4224,1.3674242424242424
2026-04-11 06:00:00,0.5776,0.4224,1.3674242424242424
2026-04-11 07:00:00,0.5776,0.4224,1.3674242424242424
2026-04-11 08:00:00,0.5776,0.4224,1.3674242424242424
2026-04-11 09:00:00,0.5776,0.4224,1.3674242424242424
2026-04-11 10:00:00,0.5776,0.4224,1.3674242424242424
2026-04-11 11:00:00,0.5776,0.4224,1.3674242424242424
2026-04-11 12:00:00,0.5776,0.4224,1.3674242424242424
2026-04-11 13:00:00,0.5776,0.4224,1.3674242424242424
2026-04-11 14:00:00,0.5776,0.4224,1.3674242424242424
2026-04-11 15:00:00,0.5776,0.4224,1.3674242424242424
2026-04-11 16:00:00,0.5776,0.4224,1.3674242424242424
2026-04-11 17:00:00,0.5776,0.4224,1.3674242424242424
2026-04-11 18:00:00,0.5776,0.4224,1.3674242424242424
2026-04-11 19:00:00,0.5776,0.4224,1.3674242424242424
2026-04-11 20:00:00,0.5776,0.4224,1.3674242424242424
2026-04-11 21:00:00,0.5776,0.4224,1.3674242424242424
2026-04-11 22:00:00,0.5776,0.4224,1.3674242424242424
2026-04-11 23:00:00,0.5776,0.4224,1.3674242424242424
2026-04-12 00:00:00,0.5776,0.4224,1.3674242424242424
2026-04-12 01:00:00,0.5776,0.4224,1.3674242424242424
2026-04-12 02:00:00,0.5776,0.4224,1.3674242424242424
2026-04-12 03:00:00,0.5776,0.4224,1.3674242424242424
2026-04-12 04:00:00,0.5776,0.4224,1.3674242424242424
2026-04-12 05:00:00,0.5776,0.4224,1.3674242424242424
2026-04-12 06:00:00,0.5776,0.4224,1.3674242424242424
2026-04-12 07:00:00,0.5776,0.4224,1.3674242424242424
2026-04-12 08:00:00,0.5776,0.4224,1.3674242424242424
2026-04-12 09:00:00,0.5776,0.4224,1.3674242424242424
2026-04-12 10:00:00,0.5776,0.4224,1.3674242424242424
2026-04-12 11:00:00,0.5776,0.4224,1.3674242424242424
2026-04-12 12:00:00,0.5776,0.4224,1.3674242424242424
2026-04-12 13:00:00,0.5776,0.4224,1.3674242424242424
2026-04-12 14:00:00,0.5776,0.4224,1.3674242424242424
2026-04-12 15:00:00,0.5776,0.4224,1.3674242424242424
2026-04-12 16:00:00,0.5776,0.4224,1.3674242424242424
2026-04-12 17:00:00,0.5776,0.4224,1.3674242424242424
2026-04-12 18:00:00,0.5776,0.4224,1.3674242424242424
2026-04-12 19:00:00,0.5776,0.4224,1.3674242424242424
2026-04-12 20:00:00,0.5776,0.4224,1.3674242424242424
2026-04-12 21:00:00,0.5776,0.4224,1.3674242424242424
2026-04-12 22:00:00,0.5776,0.4224,1.3674242424242424
2026-04-12 23:00:00,0.5776,0.4224,1.3674242424242424
2026-04-13 00:00:00,0.5776,0.4224,1.3674242424242424
2026-04-13 01:00:00,0.5776,0.4224,1.3674242424242424
2026-04-13 02:00:00,0.5776,0.4224,1.3674242424242424
2026-04-13 03:00:00,0.5776,0.4224,1.3674242424242424
2026-04-13 04:00:00,0.5776,0.4224,1.3674242424242424
2026-04-13 05:00:00,0.5776,0.4224,1.3674242424242424
2026-04-13 06:00:00,0.5776,0.4224,1.3674242424242424
2026-04-13 07:00:00,0.5776,0.4224,1.3674242424242424
2026-04-13 08:00:00,0.5776,0.4224,1.3674242424242424
2026-04-13 09:00:00,0.5776,0.4224,1.3674242424242424
2026-04-13 10:00:00,0.5776,0.4224,1.3674242424242424
2026-04-13 11:00:00,0.5776,0.4224,1.3674242424242424
2026-04-13 12:00:00,0.5776,0.4224,1.3674242424242424
2026-04-13 13:00:00,0.5776,0.4224,1.3674242424242424
2026-04-13 14:00:00,0.5776,0.4224,1.3674242424242424
2026-04-13 15:00:00,0.5776,0.4224,1.3674242424242424
2026-04-13 16:00:00,0.5776,0.4224,1.3674242424242424
2026-04-13 17:00:00,0.5776,0.4224,1.3674242424242424
2026-04-13 18:00:00,0.5776,0.4224,1.3674242424242424
2026-04-13 19:00:00,0.5776,0.4224,1.3674242424242424
2026-04-13 20:00:00,0.5776,0.4224,1.3674242424242424
2026-04-13 21:00:00,0.5776,0.4224,1.3674242424242424
2026-04-13 22:00:00,0.5776,0.4224,1.3674242424242424
2026-04-13 23:00:00,0.5776,0.4224,1.3674242424242424
2026-04-14 00:00:00,0.5776,0.4224,1.3674242424242424
2026-04-14 01:00:00,0.5776,0.4224,1.3674242424242424
2026-04-14 02:00:00,0.5776,0.4224,1.3674242424242424
2026-04-14 03:00:00,0.5776,0.4224,1.3674242424242424
2026-04-14 04:00:00,0.5776,0.4224,1.3674242424242424
2026-04-14 05:00:00,0.5776,0.4224,1.3674242424242424
2026-04-14 06:00:00,0.5776,0.4224,1.3674242424242424
2026-04-14 07:00:00,0.5776,0.4224,1.3674242424242424
2026-04-14 08:00:00,0.5776,0.4224,1.3674242424242424
2026-04-14 09:00:00,0.5776,0.4224,1.3674242424242424
2026-04-14 10:00:00,0.5776,0.4224,1.3674242424242424
2026-04-14 11:00:00,0.5776,0.4224,1.3674242424242424
2026-04-14 12:00:00,0.5776,0.4224,1.3674242424242424
2026-04-14 13:00:00,0.5776,0.4224,1.3674242424242424
2026-04-14 14:00:00,0.5776,0.4224,1.3674242424242424
2026-04-14 15:00:00,0.5776,0.4224,1.3674242424242424
2026-04-14 16:00:00,0.5776,0.4224,1.3674242424242424
2026-04-14 17:00:00,0.5776,0.4224,1.3674242424242424
2026-04-14 18:00:00,0.5776,0.4224,1.3674242424242424
2026-04-14 19:00:00,0.5776,0.4224,1.3674242424242424
2026-04-14 20:00:00,0.5776,0.4224,1.3674242424242424
2026-04-14 21:00:00,0.5776,0.4224,1.3674242424242424
2026-04-14 22:00:00,0.5776,0.4224,1.3674242424242424
2026-04-14 23:00:00,0.5776,0.4224,1.3674242424242424
2026-04-15 00:00:00,0.5776,0.4224,1.3674242424242424
2026-04-15 01:00:00,0.5776,0.4224,1.3674242424242424
2026-04-15 02:00:00,0.5776,0.4224,1.3674242424242424
2026-04-15 03:00:00,0.5776,0.4224,1.3674242424242424
2026-04-15 04:00:00,0.5776,0.4224,1.3674242424242424
2026-04-15 05:00:00,0.5776,0.4224,1.3674242424242424
2026-04-15 06:00:00,0.5776,0.4224,1.3674242424242424
2026-04-15 07:00:00,0.5776,0.4224,1.3674242424242424
2026-04-15 08:00:00,0.5776,0.4224,1.3674242424242424
2026-04-15 09:00:00,0.5776,0.4224,1.3674242424242424
2026-04-15 10:00:00,0.5776,0.4224,1.3674242424242424
2026-04-15 11:00:00,0.5776,0.4224,1.3674242424242424
2026-04-15 12:00:00,0.5776,0.4224,1.3674242424242424
2026-04-15 13:00:00,0.5776,0.4224,1.3674242424242424
2026-04-15 14:00:00,0.5776,0.4224,1.3674242424242424
2026-04-15 15:00:00,0.5776,0.4224,1.3674242424242424
2026-04-15 16:00:00,0.5776,0.4224,1.3674242424242424
2026-04-15 17:00:00,0.5776,0.4224,1.3674242424242424
2026-04-15 18:00:00,0.5776,0.4224,1.3674242424242424
2026-04-15 19:00:00,0.5776,0.4224,1.3674242424242424
2026-04-15 20:00:00,0.5776,0.4224,1.3674242424242424
2026-04-15 21:00:00,0.5776,0.4224,1.3674242424242424
2026-04-15 22:00:00,0.5776,0.4224,1.3674242424242424
2026-04-15 23:00:00,0.5776,0.4224,1.3674242424242424
2026-04-16 00:00:00,0.5776,0.4224,1.3674242424242424
2026-04-16 01:00:00,0.5776,0.4224,1.3674242424242424
2026-04-16 02:00:00,0.5776,0.4224,1.3674242424242424
2026-04-16 03:00:00,0.5776,0.4224,1.3674242424242424
2026-04-16 04:00:00,0.5776,0.4224,1.3674242424242424
2026-04-16 05:00:00,0.5776,0.4224,1.3674242424242424
2026-04-16 06:00:00,0.5776,0.4224,1.3674242424242424
2026-04-16 07:00:00,0.5776,0.4224,1.3674242424242424
2026-04-16 08:00:00,0.5776,0.4224,1.3674242424242424
2026-04-16 09:00:00,0.5776,0.4224,1.3674242424242424
2026-04-16 10:00:00,0.5776,0.4224,1.3674242424242424
2026-04-16 11:00:00,0.5776,0.4224,1.3674242424242424
2026-04-16 12:00:00,0.5776,0.4224,1.3674242424242424
2026-04-16 13:00:00,0.5776,0.4224,1.3674242424242424
2026-04-16 14:00:00,0.5776,0.4224,1.3674242424242424
2026-04-16 15:00:00,0.5776,0.4224,1.3674242424242424
2026-04-16 16:00:00,0.5776,0.4224,1.3674242424242424
2026-04-16 17:00:00,0.5776,0.4224,1.3674242424242424
2026-04-16 18:00:00,0.5776,0.4224,1.3674242424242424
2026-04-16 19:00:00,0.5776,0.4224,1.3674242424242424
2026-04-16 20:00:00,0.5776,0.4224,1.3674242424242424
2026-04-16 21:00:00,0.5776,0.4224,1.3674242424242424
2026-04-16 22:00:00,0.5776,0.4224,1.3674242424242424
2026-04-16 23:00:00,0.5776,0.4224,1.3674242424242424
2026-04-17 00:00:00,0.5776,0.4224,1.3674242424242424
2026-04-17 01:00:00,0.5776,0.4224,1.3674242424242424
2026-04-17 02:00:00,0.5776,0.4224,1.3674242424242424
2026-04-17 03:00:00,0.5776,0.4224,1.3674242424242424
2026-04-17 04:00:00,0.5776,0.4224,1.3674242424242424
2026-04-17 05:00:00,0.5776,0.4224,1.3674242424242424
2026-04-17 06:00:00,0.5776,0.4224,1.3674242424242424
2026-04-17 07:00:00,0.5776,0.4224,1.3674242424242424
2026-04-17 08:00:00,0.5776,0.4224,1.3674242424242424
2026-04-17 09:00:00,0.5776,0.4224,1.3674242424242424
2026-04-17 10:00:00,0.5776,0.4224,1.3674242424242424
2026-04-17 11:00:00,0.5776,0.4224,1.3674242424242424
2026-04-17 12:00:00,0.5776,0.4224,1.3674242424242424
2026-04-17 13:00:00,0.5776,0.4224,1.3674242424242424
2026-04-17 14:00:00,0.5776,0.4224,1.3674242424242424
2026-04-17 15:00:00,0.5776,0.4224,1.3674242424242424
2026-04-17 16:00:00,0.5776,0.4224,1.3674242424242424
2026-04-17 17:00:00,0.5776,0.4224,1.3674242424242424
2026-04-17 18:00:00,0.5776,0.4224,1.3674242424242424
2026-04-17 19:00:00,0.5776,0.4224,1.3674242424242424
2026-04-17 20:00:00,0.5776,0.4224,1.3674242424242424
2026-04-17 21:00:00,0.5776,0.4224,1.3674242424242424
2026-04-17 22:00:00,0.5776,0.4224,1.3674242424242424
2026-04-17 23:00:00,0.5776,0.4224,1.3674242424242424
2026-04-18 00:00:00,0.5776,0.4224,1.3674242424242424
2026-04-18 01:00:00,0.5776,0.4224,1.3674242424242424
2026-04-18 02:00:00,0.5776,0.4224,1.3674242424242424
2026-04-18 03:00:00,0.5776,0.4224,1.3674242424242424
2026-04-18 04:00:00,0.5776,0.4224,1.3674242424242424
2026-04-18 05:00:00,0.5776,0.4224,1.3674242424242424
2026-04-18 06:00:00,0.5776,0.4224,1.3674242424242424
2026-04-18 07:00:00,0.5776,0.4224,1.3674242424242424
2026-04-18 08:00:00,0.5776,0.4224,1.3674242424242424
2026-04-18 09:00:00,0.5776,0.4224,1.3674242424242424
2026-04-18 10:00:00,0.5776,0.4224,1.3674242424242424
2026-04-18 11:00:00,0.5776,0.4224,1.3674242424242424
2026-04-18 12:00:00,0.5776,0.4224,1.3674242424242424
2026-04-18 13:00:00,0.5776,0.4224,1.3674242424242424
2026-04-18 14:00:00,0.5776,0.4224,1.3674242424242424
2026-04-18 15:00:00,0.5776,0.4224,1.3674242424242424
2026-04-18 16:00:00,0.5776,0.4224,1.3674242424242424
2026-04-18 17:00:00,0.5776,0.4224,1.3674242424242424
2026-04-18 18:00:00,0.5776,0.4224,1.3674242424242424
2026-04-18 19:00:00,0.5776,0.4224,1.3674242424242424
2026-04-18 20:00:00,0.5776,0.4224,1.3674242424242424
2026-04-18 21:00:00,0.5776,0.4224,1.3674242424242424
2026-04-18 22:00:00,0.5776,0.4224,1.3674242424242424
2026-04-18 23:00:00,0.5776,0.4224,1.3674242424242424
2026-04-19 00:00:00,0.5776,0.4224,1.3674242424242424
2026-04-19 01:00:00,0.5776,0.4224,1.3674242424242424
2026-04-19 02:00:00,0.5776,0.4224,1.3674242424242424
2026-04-19 03:00:00,0.5776,0.4224,1.3674242424242424
2026-04-19 04:00:00,0.5776,0.4224,1.3674242424242424
2026-04-19 05:00:00,0.5776,0.4224,1.3674242424242424
2026-04-19 06:00:00,0.5776,0.4224,1.3674242424242424
2026-04-19 07:00:00,0.5776,0.4224,1.3674242424242424
2026-04-19 08:00:00,0.5776,0.4224,1.3674242424242424
2026-04-19 09:00:00,0.5776,0.4224,1.3674242424242424
2026-04-19 10:00:00,0.5776,0.4224,1.3674242424242424
2026-04-19 11:00:00,0.5776,0.4224,1.3674242424242424
2026-04-19 12:00:00,0.5776,0.4224,1.3674242424242424
2026-04-19 13:00:00,0.5776,0.4224,1.3674242424242424
2026-04-19 14:00:00,0.5776,0.4224,1.3674242424242424
2026-04-19 15:00:00,0.5776,0.4224,1.3674242424242424
2026-04-19 16:00:00,0.5776,0.4224,1.3674242424242424
2026-04-19 17:00:00,0.5776,0.4224,1.3674242424242424
2026-04-19 18:00:00,0.5776,0.4224,1.3674242424242424
2026-04-19 19:00:00,0.5776,0.4224,1.3674242424242424
2026-04-19 20:00:00,0.5776,0.4224,1.3674242424242424
2026-04-19 21:00:00,0.5776,0.4224,1.3674242424242424
2026-04-19 22:00:00,0.5776,0.4224,1.3674242424242424
2026-04-19 23:00:00,0.5776,0.4224,1.3674242424242424
2026-04-20 00:00:00,0.5776,0.4224,1.3674242424242424
2026-04-20 01:00:00,0.5776,0.4224,1.3674242424242424
2026-04-20 02:00:00,0.5776,0.4224,1.3674242424242424
2026-04-20 03:00:00,0.5776,0.4224,1.3674242424242424
2026-04-20 04:00:00,0.5776,0.4224,1.3674242424242424
2026-04-20 05:00:00,0.5776,0.4224,1.3674242424242424
2026-04-20 06:00:00,0.5776,0.4224,1.3674242424242424
2026-04-20 07:00:00,0.5776,0.4224,1.3674242424242424
2026-04-20 08:00:00,0.5776,0.4224,1.3674242424242424
2026-04-20 09:00:00,0.5776,0.4224,1.3674242424242424
2026-04-20 10:00:00,0.5776,0.4224,1.3674242424242424
2026-04-20 11:00:00,0.5776,0.4224,1.3674242424242424
2026-04-20 12:00:00,0.5776,0.4224,1.3674242424242424
2026-04-20 13:00:00,0.5776,0.4224,1.3674242424242424
2026-04-20 14:00:00,0.5776,0.4224,1.3674242424242424
2026-04-20 15:00:00,0.5776,0.4224,1.3674242424242424
2026-04-20 16:00:00,0.5776,0.4224,1.3674242424242424
2026-04-20 17:00:00,0.5776,0.4224,1.3674242424242424
2026-04-20 18:00:00,0.5776,0.4224,1.3674242424242424
2026-04-20 19:00:00,0.5776,0.4224,1.3674242424242424
2026-04-20 20:00:00,0.5776,0.4224,1.3674242424242424
2026-04-20 21:00:00,0.5776,0.4224,1.3674242424242424
2026-04-20 22:00:00,0.5776,0.4224,1.3674242424242424
2026-04-20 23:00:00,0.5776,0.4224,1.3674242424242424
2026-04-21 00:00:00,0.5776,0.4224,1.3674242424242424
2026-04-21 01:00:00,0.5776,0.4224,1.3674242424242424
2026-04-21 02:00:00,0.5776,0.4224,1.3674242424242424
2026-04-21 03:00:00,0.5776,0.4224,1.3674242424242424
2026-04-21 04:00:00,0.5776,0.4224,1.3674242424242424
2026-04-21 05:00:00,0.5776,0.4224,1.3674242424242424
2026-04-21 06:00:00,0.5776,0.4224,1.3674242424242424
2026-04-21 07:00:00,0.5776,0.4224,1.3674242424242424
2026-04-21 08:00:00,0.5776,0.4224,1.3674242424242424
2026-04-21 09:00:00,0.5776,0.4224,1.3674242424242424
2026-04-21 10:00:00,0.5776,0.4224,1.3674242424242424
2026-04-21 11:00:00,0.5776,0.4224,1.3674242424242424
2026-04-21 12:00:00,0.5776,0.4224,1.3674242424242424
2026-04-21 13:00:00,0.5776,0.4224,1.3674242424242424
2026-04-21 14:00:00,0.5776,0.4224,1.3674242424242424
2026-04-21 15:00:00,0.5776,0.4224,1.3674242424242424
2026-04-21 16:00:00,0.5776,0.4224,1.3674242424242424
2026-04-21 17:00:00,0.5776,0.4224,1.3674242424242424
2026-04-21 18:00:00,0.5776,0.4224,1.3674242424242424
2026-04-21 19:00:00,0.5776,0.4224,1.3674242424242424
2026-04-21 20:00:00,0.5776,0.4224,1.3674242424242424
2026-04-21 21:00:00,0.5776,0.4224,1.3674242424242424
2026-04-21 22:00:00,0.5776,0.4224,1.3674242424242424
2026-04-21 23:00:00,0.5776,0.4224,1.3674242424242424
2026-04-22 00:00:00,0.5776,0.4224,1.3674242424242424
2026-04-22 01:00:00,0.5776,0.4224,1.3674242424242424
2026-04-22 02:00:00,0.5776,0.4224,1.3674242424242424
2026-04-22 03:00:00,0.5776,0.4224,1.3674242424242424
2026-04-22 04:00:00,0.5776,0.4224,1.3674242424242424
2026-04-22 05:00:00,0.5776,0.4224,1.3674242424242424
2026-04-22 06:00:00,0.5776,0.4224,1.3674242424242424
2026-04-22 07:00:00,0.5776,0.4224,1.3674242424242424
2026-04-22 08:00:00,0.5776,0.4224,1.3674242424242424
2026-04-22 09:00:00,0.5776,0.4224,1.3674242424242424
2026-04-22 10:00:00,0.5776,0.4224,1.3674242424242424
2026-04-22 11:00:00,0.5776,0.4224,1.3674242424242424
2026-04-22 12:00:00,0.5776,0.4224,1.3674242424242424
2026-04-22 13:00:00,0.5776,0.4224,1.3674242424242424
2026-04-22 14:00:00,0.5776,0.4224,1.3674242424242424
2026-04-22 15:00:00,0.5776,0.4224,1.3674242424242424
2026-04-22 16:00:00,0.5776,0.4224,1.3674242424242424
2026-04-22 17:00:00,0.5776,0.4224,1.3674242424242424
2026-04-22 18:00:00,0.5776,0.4224,1.3674242424242424
2026-04-22 19:00:00,0.5776,0.4224,1.3674242424242424
2026-04-22 20:00:00,0.5776,0.4224,1.3674242424242424
2026-04-22 21:00:00,0.5776,0.4224,1.3674242424242424
2026-04-22 22:00:00,0.5776,0.4224,1.3674242424242424
2026-04-22 23:00:00,0.5776,0.4224,1.3674242424242424
2026-04-23 00:00:00,0.5776,0.4224,1.3674242424242424
2026-04-23 01:00:00,0.5776,0.4224,1.3674242424242424
2026-04-23 02:00:00,0.5776,0.4224,1.3674242424242424
2026-04-23 03:00:00,0.5776,0.4224,1.3674242424242424
2026-04-23 04:00:00,0.5776,0.4224,1.3674242424242424
2026-04-23 05:00:00,0.5776,0.4224,1.3674242424242424
2026-04-23 06:00:00,0.5776,0.4224,1.3674242424242424
2026-04-23 07:00:00,0.5776,0.4224,1.3674242424242424
2026-04-23 08:00:00,0.5776,0.4224,1.3674242424242424
2026-04-23 09:00:00,0.5776,0.4224,1.3674242424242424
2026-04-23 10:00:00,0.5776,0.4224,1.3674242424242424
2026-04-23 11:00:00,0.5776,0.4224,1.3674242424242424
2026-04-23 12:00:00,0.5776,0.4224,1.3674242424242424
2026-04-23 13:00:00,0.5776,0.4224,1.3674242424242424
2026-04-23 14:00:00,0.5776,0.4224,1.3674242424242424
2026-04-23 15:00:00,0.5776,0.4224,1.3674242424242424
2026-04-23 16:00:00,0.5776,0.4224,1.3674242424242424
2026-04-23 17:00:00,0.5776,0.4224,1.3674242424242424
2026-04-23 18:00:00,0.5776,0.4224,1.3674242424242424
2026-04-23 19:00:00,0.5776,0.4224,1.3674242424242424
2026-04-23 20:00:00,0.5776,0.4224,1.3674242424242424
2026-04-23 21:00:00,0.5776,0.4224,1.3674242424242424
2026-04-23 22:00:00,0.5776,0.4224,1.3674242424242424
2026-04-23 23:00:00,0.5776,0.4224,1.3674242424242424
2026-04-24 00:00:00,0.5776,0.4224,1.3674242424242424
2026-04-24 01:00:00,0.5776,0.4224,1.3674242424242424
2026-04-24 02:00:00,0.5776,0.4224,1.3674242424242424
2026-04-24 03:00:00,0.5776,0.4224,1.3674242424242424
2026-04-24 04:00:00,0.5776,0.4224,1.3674242424242424
2026-04-24 05:00:00,0.5776,0.4224,1.3674242424242424
2026-04-24 06:00:00,0.5776,0.4224,1.3674242424242424
2026-04-24 07:00:00,0.5776,0.4224,1.3674242424242424
2026-04-24 08:00:00,0.5776,0.4224,1.3674242424242424
2026-04-24 09:00:00,0.5776,0.4224,1.3674242424242424
2026-04-24 10:00:00,0.5776,0.4224,1.3674242424242424
2026-04-24 11:00:00,0.5776,0.4224,1.3674242424242424
2026-04-24 12:00:00,0.5776,0.4224,1.3674242424242424
2026-04-24 13:00:00,0.5776,0.4224,1.3674242424242424
2026-04-24 14:00:00,0.5776,0.4224,1.3674242424242424
2026-04-24 15:00:00,0.5776,0.4224,1.3674242424242424
2026-04-24 16:00:00,0.5776,0.4224,1.3674242424242424
2026-04-24 17:00:00,0.5776,0.4224,1.3674242424242424
2026-04-24 18:00:00,0.5776,0.4224,1.3674242424242424
2026-04-24 19:00:00,0.5776,0.4224,1.3674242424242424
2026-04-24 20:00:00,0.5776,0.4224,1.3674242424242424
2026-04-24 21:00:00,0.5776,0.4224,1.3674242424242424
2026-04-24 22:00:00,0.5776,0.4224,1.3674242424242424
2026-04-24 23:00:00,0.5776,0.4224,1.3674242424242424
2026-04-25 00:00:00,0.5776,0.4224,1.3674242424242424
2026-04-25 01:00:00,0.5776,0.4224,1.3674242424242424
2026-04-25 02:00:00,0.5776,0.4224,1.3674242424242424
2026-04-25 03:00:00,0.5776,0.4224,1.3674242424242424
2026-04-25 04:00:00,0.5776,0.4224,1.3674242424242424
2026-04-25 05:00:00,0.5776,0.4224,1.3674242424242424
2026-04-25 06:00:00,0.5776,0.4224,1.3674242424242424
2026-04-25 07:00:00,0.5776,0.4224,1.3674242424242424
2026-04-25 08:00:00,0.5776,0.4224,1.3674242424242424
2026-04-25 09:00:00,0.5776,0.4224,1.3674242424242424
2026-04-25 10:00:00,0.5776,0.4224,1.3674242424242424
2026-04-25 11:00:00,0.5776,0.4224,1.3674242424242424
2026-04-25 12:00:00,0.5776,0.4224,1.3674242424242424
2026-04-25 13:00:00,0.5776,0.4224,1.3674242424242424
2026-04-25 14:00:00,0.5776,0.4224,1.3674242424242424
2026-04-25 15:00:00,0.5776,0.4224,1.3674242424242424
2026-04-25 16:00:00,0.5776,0.4224,1.3674242424242424
2026-04-25 17:00:00,0.5776,0.4224,1.3674242424242424
2026-04-25 18:00:00,0.5776,0.4224,1.3674242424242424
2026-04-25 19:00:00,0.5776,0.4224,1.3674242424242424
2026-04-25 20:00:00,0.5776,0.4224,1.3674242424242424
2026-04-25 21:00:00,0.5776,0.4224,1.3674242424242424
2026-04-25 22:00:00,0.5776,0.4224,1.3674242424242424
2026-04-25 23:00:00,0.5776,0.4224,1.3674242424242424
2026-04-26 00:00:00,0.5776,0.4224,1.3674242424242424
2026-04-26 01:00:00,0.5776,0.4224,1.3674242424242424
2026-04-26 02:00:00,0.5776,0.4224,1.3674242424242424
2026-04-26 03:00:00,0.5776,0.4224,1.3674242424242424
2026-04-26 04:00:00,0.5776,0.4224,1.3674242424242424
2026-04-26 05:00:00,0.5776,0.4224,1.3674242424242424
2026-04-26 06:00:00,0.5776,0.4224,1.3674242424242424
2026-04-26 07:00:00,0.5776,0.4224,1.3674242424242424
2026-04-26 08:00:00,0.5776,0.4224,1.3674242424242424
2026-04-26 09:00:00,0.5776,0.4224,1.3674242424242424
2026-04-26 10:00:00,0.5776,0.4224,1.3674242424242424
2026-04-26 11:00:00,0.5776,0.4224,1.3674242424242424
2026-04-26 12:00:00,0.5776,0.4224,1.3674242424242424
2026-04-26 13:00:00,0.5776,0.4224,1.3674242424242424
2026-04-26 14:00:00,0.5776,0.4224,1.3674242424242424
2026-04-26 15:00:00,0.5776,0.4224,1.3674242424242424
2026-04-26 16:00:00,0.5776,0.4224,1.3674242424242424
2026-04-26 17:00:00,0.5776,0.4224,1.3674242424242424
2026-04-26 18:00:00,0.5776,0.4224,1.3674242424242424
2026-04-26 19:00:00,0.5776,0.4224,1.3674242424242424
2026-04-26 20:00:00,0.5776,0.4224,1.3674242424242424
2026-04-26 21:00:00,0.5776,0.4224,1.3674242424242424
2026-04-26 22:00:00,0.5776,0.4224,1.3674242424242424
2026-04-26 23:00:00,0.5776,0.4224,1.3674242424242424
2026-04-27 00:00:00,0.5776,0.4224,1.3674242424242424
2026-04-27 01:00:00,0.5776,0.4224,1.3674242424242424
2026-04-27 02:00:00,0.5776,0.4224,1.3674242424242424
2026-04-27 03:00:00,0.5776,0.4224,1.3674242424242424
2026-04-27 04:00:00,0.5776,0.4224,1.3674242424242424
2026-04-27 05:00:00,0.5776,0.4224,1.3674242424242424
2026-04-27 06:00:00,0.5776,0.4224,1.3674242424242424
2026-04-27 07:00:00,0.5776,0.4224,1.3674242424242424
2026-04-27 08:00:00,0.5776,0.4224,1.3674242424242424
2026-04-27 09:00:00,0.5776,0.4224,1.3674242424242424
2026-04-27 10:00:00,0.5776,0.4224,1.3674242424242424
2026-04-27 11:00:00,0.5776,0.4224,1.3674242424242424
2026-04-27 12:00:00,0.5776,0.4224,1.3674242424242424
2026-04-27 13:00:00,0.5776,0.4224,1.3674242424242424
2026-04-27 14:00:00,0.5776,0.4224,1.3674242424242424
2026-04-27 15:00:00,0.5776,0.4224,1.3674242424242424
2026-04-27 16:00:00,0.5776,0.4224,1.3674242424242424
2026-04-27 17:00:00,0.5776,0.4224,1.3674242424242424
2026-04-27 18:00:00,0.5776,0.4224,1.3674242424242424
2026-04-27 19:00:00,0.5776,0.4224,1.3674242424242424
2026-04-27 20:00:00,0.5776,0.4224,1.3674242424242424
2026-04-27 21:00:00,0.5776,0.4224,1.3674242424242424
2026-04-27 22:00:00,0.5776,0.4224,1.3674242424242424
2026-04-27 23:00:00,0.5776,0.4224,1.3674242424242424
2026-04-28 00:00:00,0.5776,0.4224,1.3674242424242424
2026-04-28 01:00:00,0.5776,0.4224,1.3674242424242424
2026-04-28 02:00:00,0.5776,0.4224,1.3674242424242424
2026-04-28 03:00:00,0.5776,0.4224,1.3674242424242424
2026-04-28 04:00:00,0.5776,0.4224,1.3674242424242424
2026-04-28 05:00:00,0.5776,0.4224,1.3674242424242424
2026-04-28 06:00:00,0.5776,0.4224,1.3674242424242424
2026-04-28 07:00:00,0.5776,0.4224,1.3674242424242424
2026-04-28 08:00:00,0.5776,0.4224,1.3674242424242424
2026-04-28 09:00:00,0.5776,0.4224,1.3674242424242424
2026-04-28 10:00:00,0.5776,0.4224,1.3674242424242424
2026-04-28 11:00:00,0.5776,0.4224,1.3674242424242424
2026-04-28 12:00:00,0.5776,0.4224,1.3674242424242424
2026-04-28 13:00:00,0.5776,0.4224,1.3674242424242424
2026-04-28 14:00:00,0.5776,0.4224,1.3674242424242424
2026-04-28 15:00:00,0.5776,0.4224,1.3674242424242424
2026-04-28 16:00:00,0.5776,0.4224,1.3674242424242424
2026-04-28 17:00:00,0.5776,0.4224,1.3674242424242424
2026-04-28 18:00:00,0.5776,0.4224,1.3674242424242424
2026-04-28 19:00:00,0.5776,0.4224,1.3674242424242424
2026-04-28 20:00:00,0.5776,0.4224,1.3674242424242424
2026-04-28 21:00:00,0.5776,0.4224,1.3674242424242424
2026-04-28 22:00:00,0.5776,0.4224,1.3674242424242424
2026-04-28 23:00:00,0.5776,0.4224,1.3674242424242424
2026-04-29 00:00:00,0.5776,0.4224,1.3674242424242424
2026-04-29 01:00:00,0.5776,0.4224,1.3674242424242424
2026-04-29 02:00:00,0.5776,0.4224,1.3674242424242424
2026-04-29 03:00:00,0.5776,0.4224,1.3674242424242424
2026-04-29 04:00:00,0.5776,0.4224,1.3674242424242424
2026-04-29 05:00:00,0.5776,0.4224,1.3674242424242424
2026-04-29 06:00:00,0.5776,0.4224,1.3674242424242424
2026-04-29 07:00:00,0.5776,0.4224,1.3674242424242424
2026-04-29 08:00:00,0.5776,0.4224,1.3674242424242424
2026-04-29 09:00:00,0.5776,0.4224,1.3674242424242424
2026-04-29 10:00:00,0.5776,0.4224,1.3674242424242424
2026-04-29 11:00:00,0.5776,0.4224,1.3674242424242424
2026-04-29 12:00:00,0.5776,0.4224,1.3674242424242424
2026-04-29 13:00:00,0.5776,0.4224,1.3674242424242424
2026-04-29 14:00:00,0.5776,0.4224,1.3674242424242424
2026-04-29 15:00:00,0.5776,0.4224,1.3674242424242424
2026-04-29 16:00:00,0.5776,0.4224,1.3674242424242424
2026-04-29 17:00:00,0.5776,0.4224,1.3674242424242424
2026-04-29 18:00:00,0.5776,0.4224,1.3674242424242424
2026-04-29 19:00:00,0.5776,0.4224,1.3674242424242424
2026-04-29 20:00:00,0.5776,0.4224,1.3674242424242424
2026-04-29 21:00:00,0.5776,0.4224,1.3674242424242424
2026-04-29 22:00:00,0.5776,0.4224,1.3674242424242424
2026-04-29 23:00:00,0.5776,0.4224,1.3674242424242424
2026-04-30 00:00:00,0.5776,0.4224,1.3674242424242424
2026-04-30 01:00:00,0.5776,0.4224,1.3674242424242424
2026-04-30 02:00:00,0.5776,0.4224,1.3674242424242424
2026-04-30 03:00:00,0.5776,0.4224,1.3674242424242424
2026-04-30 04:00:00,0.5776,0.4224,1.3674242424242424
2026-04-30 05:00:00,0.5776,0.4224,1.3674242424242424
2026-04-30 06:00:00,0.5776,0.4224,1.3674242424242424
2026-04-30 07:00:00,0.5776,0.4224,1.3674242424242424
2026-04-30 08:00:00,0.5776,0.4224,1.3674242424242424
2026-04-30 09:00:00,0.5776,0.4224,1.3674242424242424
2026-04-30 10:00:00,0.5776,0.4224,1.3674242424242424
2026-04-30 11:00:00,0.5776,0.4224,1.3674242424242424
2026-04-30 12:00:00,0.5776,0.4224,1.3674242424242424
2026-04-30 13:00:00,0.5776,0.4224,1.3674242424242424
2026-04-30 14:00:00,0.5776,0.4224,1.3674242424242424
2026-04-30 15:00:00,0.5776,0.4224,1.3674242424242424
2026-04-30 16:00:00,0.5776,0.4224,1.3674242424242424
2026-04-30 17:00:00,0.5776,0.4224,1.3674242424242424
2026-04-30 18:00:00,0.5776,0.4224,1.3674242424242424
2026-04-30 19:00:00,0.5776,0.4224,1.3674242424242424
2026-04-30 20:00:00,0.5776,0.4224,1.3674242424242424
2026-04-30 21:00:00,0.5776,0.4224,1.3674242424242424
2026-04-30 22:00:00,0.5776,0.4224,1.3674242424242424
2026-04-30 23:00:00,0.5776,0.4224,1.3674242424242424
2026-05-01 00:00:00,0.5776,0.4224,1.3674242424242424
2026-05-01 01:00:00,0.5776,0.4224,1.3674242424242424
2026-05-01 02:00:00,0.5776,0.4224,1.3674242424242424
2026-05-01 03:00:00,0.5776,0.4224,1.3674242424242424
2026-05-01 04:00:00,0.5776,0.4224,1.3674242424242424
2026-05-01 05:00:00,0.5776,0.4224,1.3674242424242424
2026-05-01 06:00:00,0.5776,0.4224,1.3674242424242424
2026-05-01 07:00:00,0.5776,0.4224,1.3674242424242424
2026-05-01 08:00:00,0.5776,0.4224,1.3674242424242424
2026-05-01 09:00:00,0.5776,0.4224,1.3674242424242424
2026-05-01 10:00:00,0.5776,0.4224,1.3674242424242424
2026-05-01 11:00:00,0.5776,0.4224,1.3674242424242424
2026-05-01 12:00:00,0.5776,0.4224,1.3674242424242424
2026-05-01 13:00:00,0.5776,0.4224,1.3674242424242424
2026-05-01 14:00:00,0.5776,0.4224,1.3674242424242424
2026-05-01 15:00:00,0.5776,0.4224,1.3674242424242424
2026-05-01 16:00:00,0.5776,0.4224,1.3674242424242424
2026-05-01 17:00:00,0.5776,0.4224,1.3674242424242424
2026-05-01 18:00:00,0.5776,0.4224,1.3674242424242424
2026-05-01 19:00:00,0.5776,0.4224,1.3674242424242424
2026-05-01 20:00:00,0.5776,0.4224,1.3674242424242424
2026-05-01 21:00:00,0.5776,0.4224,1.3674242424242424
2026-05-01 22:00:00,0.5776,0.4224,1.3674242424242424
2026-05-01 23:00:00,0.5776,0.4224,1.3674242424242424
2026-05-02 00:00:00,0.5776,0.4224,1.3674242424242424
2026-05-02 01:00:00,0.5776,0.4224,1.3674242424242424
2026-05-02 02:00:00,0.5776,0.4224,1.3674242424242424
2026-05-02 03:00:00,0.5776,0.4224,1.3674242424242424
2026-05-02 04:00:00,0.5776,0.4224,1.3674242424242424
2026-05-02 05:00:00,0.5776,0.4224,1.3674242424242424
2026-05-02 06:00:00,0.5776,0.4224,1.3674242424242424
2026-05-02 07:00:00,0.5776,0.4224,1.3674242424242424
2026-05-02 08:00:00,0.5776,0.4224,1.3674242424242424
2026-05-02 09:00:00,0.5776,0.4224,1.3674242424242424
2026-05-02 10:00:00,0.5776,0.4224,1.3674242424242424
2026-05-02 11:00:00,0.5776,0.4224,1.3674242424242424
2026-05-02 12:00:00,0.5776,0.4224,1.3674242424242424
2026-05-02 13:00:00,0.5776,0.4224,1.3674242424242424
2026-05-02 14:00:00,0.5776,0.4224,1.3674242424242424
2026-05-02 15:00:00,0.5776,0.4224,1.3674242424242424
2026-05-02 16:00:00,0.5776,0.4224,1.3674242424242424
2026-05-02 17:00:00,0.5776,0.4224,1.3674242424242424
2026-05-02 18:00:00,0.5776,0.4224,1.3674242424242424
2026-05-02 19:00:00,0.5776,0.4224,1.3674242424242424
2026-05-02 20:00:00,0.5776,0.4224,1.3674242424242424
2026-05-02 21:00:00,0.5776,0.4224,1.3674242424242424
2026-05-02 22:00:00,0.5776,0.4224,1.3674242424242424
2026-05-02 23:00:00,0.5776,0.4224,1.3674242424242424
2026-05-03 00:00:00,0.5776,0.4224,1.3674242424242424
2026-05-03 01:00:00,0.5776,0.4224,1.3674242424242424
2026-05-03 02:00:00,0.5776,0.4224,1.3674242424242424
2026-05-03 03:00:00,0.5776,0.4224,1.3674242424242424
2026-05-03 04:00:00,0.5776,0.4224,1.3674242424242424
2026-05-03 05:00:00,0.5776,0.4224,1.3674242424242424
2026-05-03 06:00:00,0.5776,0.4224,1.3674242424242424
2026-05-03 07:00:00,0.5776,0.4224,1.3674242424242424
2026-05-03 08:00:00,0.5776,0.4224,1.3674242424242424
2026-05-03 09:00:00,0.5776,0.4224,1.3674242424242424
2026-05-03 10:00:00,0.5776,0.4224,1.3674242424242424
2026-05-03 11:00:00,0.5776,0.4224,1.3674242424242424
2026-05-03 12:00:00,0.5776,0.4224,1.3674242424242424
2026-05-03 13:00:00,0.5776,0.4224,1.3674242424242424
2026-05-03 14:00:00,0.5776,0.4224,1.3674242424242424
2026-05-03 15:00:00,0.5776,0.4224,1.3674242424242424
2026-05-03 16:00:00,0.5776,0.4224,1.3674242424242424
2026-05-03 17:00:00,0.5776,0.4224,1.3674242424242424
2026-05-03 18:00:00,0.5776,0.4224,1.3674242424242424
2026-05-03 19:00:00,0.5776,0.4224,1.3674242424242424
2026-05-03 20:00:00,0.5776,0.4224,1.3674242424242424
2026-05-03 21:00:00,0.5776,0.4224,1.3674242424242424
2026-05-03 22:00:00,0.5776,0.4224,1.3674242424242424
2026-05-03 23:00:00,0.5776,0.4224,1.3674242424242424
2026-05-04 00:00:00,0.5776,0.4224,1.3674242424242424
2026-05-04 01:00:00,0.5776,0.4224,1.3674242424242424
2026-05-04 02:00:00,0.5776,0.4224,1.3674242424242424
2026-05-04 03:00:00,0.5776,0.4224,1.3674242424242424
2026-05-04 04:00:00,0.5776,0.4224,1.3674242424242424
2026-05-04 05:00:00,0.5776,0.4224,1.3674242424242424
2026-05-04 06:00:00,0.5776,0.4224,1.3674242424242424
2026-05-04 07:00:00,0.5776,0.4224,1.3674242424242424
2026-05-04 08:00:00,0.5776,0.4224,1.3674242424242424
2026-05-04 09:00:00,0.5776,0.4224,1.3674242424242424
2026-05-04 10:00:00,0.5776,0.4224,1.3674242424242424
2026-05-04 11:00:00,0.5776,0.4224,1.3674242424242424
2026-05-04 12:00:00,0.5776,0.4224,1.3674242424242424
2026-05-04 13:00:00,0.5776,0.4224,1.3674242424242424
2026-05-04 14:00:00,0.5776,0.4224,1.3674242424242424
2026-05-04 15:00:00,0.5776,0.4224,1.3674242424242424
2026-05-04 16:00:00,0.5776,0.4224,1.3674242424242424
2026-05-04 17:00:00,0.5776,0.4224,1.3674242424242424
2026-05-04 18:00:00,0.5776,0.4224,1.3674242424242424
2026-05-04 19:00:00,0.5776,0.4224,1.3674242424242424
2026-05-04 20:00:00,0.5776,0.4224,1.3674242424242424
2026-05-04 21:00:00,0.5776,0.4224,1.3674242424242424
2026-05-04 22:00:00,0.5776,0.4224,1.3674242424242424
2026-05-04 23:00:00,0.5776,0.4224,1.3674242424242424
2026-05-05 00:00:00,0.5776,0.4224,1.3674242424242424
2026-05-05 01:00:00,0.5776,0.4224,1.3674242424242424
2026-05-05 02:00:00,0.5776,0.4224,1.3674242424242424
2026-05-05 03:00:00,0.5776,0.4224,1.3674242424242424
2026-05-05 04:00:00,0.5776,0.4224,1.3674242424242424
2026-05-05 05:00:00,0.5776,0.4224,1.3674242424242424
2026-05-05 06:00:00,0.5776,0.4224,1.3674242424242424
2026-05-05 07:00:00,0.5776,0.4224,1.3674242424242424
2026-05-05 08:00:00,0.5776,0.4224,1.3674242424242424
2026-05-05 09:00:00,0.5776,0.4224,1.3674242424242424
2026-05-05 10:00:00,0.5776,0.4224,1.3674242424242424
2026-05-05 11:00:00,0.5776,0.4224,1.3674242424242424
2026-05-05 12:00:00,0.5776,0.4224,1.3674242424242424
2026-05-05 13:00:00,0.5776,0.4224,1.3674242424242424
2026-05-05 14:00:00,0.5776,0.4224,1.3674242424242424
2026-05-05 15:00:00,0.5776,0.4224,1.3674242424242424
2026-05-05 16:00:00,0.5776,0.4224,1.3674242424242424
2026-05-05 17:00:00,0.5776,0.4224,1.3674242424242424
2026-05-05 18:00:00,0.5776,0.4224,1.3674242424242424
2026-05-05 19:00:00,0.5776,0.4224,1.3674242424242424
2026-05-05 20:00:00,0.5776,0.4224,1.3674242424242424
2026-05-05 21:00:00,0.5776,0.4224,1.3674242424242424
2026-05-05 22:00:00,0.5776,0.4224,1.3674242424242424
2026-05-05 23:00:00,0.5776,0.4224,1.3674242424242424
2026-05-06 00:00:00,0.5776,0.4224,1.3674242424242424
2026-05-06 01:00:00,0.5776,0.4224,1.3674242424242424
2026-05-06 02:00:00,0.5776,0.4224,1.3674242424242424
2026-05-06 03:00:00,0.5776,0.4224,1.3674242424242424
2026-05-06 04:00:00,0.5776,0.4224,1.3674242424242424
2026-05-06 05:00:00,0.5776,0.4224,1.3674242424242424
2026-05-06 06:00:00,0.5776,0.4224,1.3674242424242424
2026-05-06 07:00:00,0.5776,0.4224,1.3674242424242424
2026-05-06 08:00:00,0.5776,0.4224,1.3674242424242424
2026-05-06 09:00:00,0.5776,0.4224,1.3674242424242424
2026-05-06 10:00:00,0.5776,0.4224,1.3674242424242424
2026-05-06 11:00:00,0.5776,0.4224,1.3674242424242424
2026-05-06 12:00:00,0.5776,0.4224,1.3674242424242424
2026-05-06 13:00:00,0.5776,0.4224,1.3674242424242424
2026-05-06 14:00:00,0.5776,0.4224,1.3674242424242424
2026-05-06 15:00:00,0.5776,0.4224,1.3674242424242424
2026-05-06 16:00:00,0.5776,0.4224,1.3674242424242424
2026-05-06 17:00:00,0.5776,0.4224,1.3674242424242424
2026-05-06 18:00:00,0.5776,0.4224,1.3674242424242424
2026-05-06 19:00:00,0.5776,0.4224,1.3674242424242424
2026-05-06 20:00:00,0.5776,0.4224,1.3674242424242424
2026-05-06 21:00:00,0.5776,0.4224,1.3674242424242424
2026-05-06 22:00:00,0.5776,0.4224,1.3674242424242424
2026-05-06 23:00:00,0.5776,0.4224,1.3674242424242424
2026-05-07 00:00:00,0.5776,0.4224,1.3674242424242424
2026-05-07 01:00:00,0.5776,0.4224,1.3674242424242424
2026-05-07 02:00:00,0.5776,0.4224,1.3674242424242424
2026-05-07 03:00:00,0.5776,0.4224,1.3674242424242424
2026-05-07 04:00:00,0.5776,0.4224,1.3674242424242424
2026-05-07 05:00:00,0.5776,0.4224,1.3674242424242424
2026-05-07 06:00:00,0.5776,0.4224,1.3674242424242424
2026-05-07 07:00:00,0.5776,0.4224,1.3674242424242424
2026-05-07 08:00:00,0.5776,0.4224,1.3674242424242424
2026-05-07 09:00:00,0.5776,0.4224,1.3674242424242424
2026-05-07 10:00:00,0.5776,0.4224,1.3674242424242424
2026-05-07 11:00:00,0.5776,0.4224,1.3674242424242424
2026-05-07 12:00:00,0.5776,0.4224,1.3674242424242424
2026-05-07 13:00:00,0.5776,0.4224,1.3674242424242424
2026-05-07 14:00:00,0.5776,0.4224,1.3674242424242424
2026-05-07 15:00:00,0.5776,0.4224,1.3674242424242424
2026-05-07 16:00:00,0.5776,0.4224,1.3674242424242424
2026-05-07 17:00:00,0.5776,0.4224,1.3674242424242424
2026-05-07 18:00:00,0.5776,0.4224,1.3674242424242424
2026-05-07 19:00:00,0.5776,0.4224,1.3674242424242424
2026-05-07 20:00:00,0.5776,0.4224,1.3674242424242424
2026-05-07 21:00:00,0.5776,0.4224,1.3674242424242424
2026-05-07 22:00:00,0.5776,0.4224,1.3674242424242424
2026-05-07 23:00:00,0.5776,0.4224,1.3674242424242424
2026-05-08 00:00:00,0.5776,0.4224,1.3674242424242424
2026-05-08 01:00:00,0.5776,0.4224,1.3674242424242424
2026-05-08 02:00:00,0.5776,0.4224,1.3674242424242424
2026-05-08 03:00:00,0.5776,0.4224,1.3674242424242424
2026-05-08 04:00:00,0.5776,0.4224,1.3674242424242424
2026-05-08 05:00:00,0.5776,0.4224,1.3674242424242424
2026-05-08 06:00:00,0.5776,0.4224,1.3674242424242424
2026-05-08 07:00:00,0.5776,0.4224,1.3674242424242424
2026-05-08 08:00:00,0.5776,0.4224,1.3674242424242424
2026-05-08 09:00:00,0.5776,0.4224,1.3674242424242424
2026-05-08 10:00:00,0.5776,0.4224,1.3674242424242424
2026-05-08 11:00:00,0.5776,0.4224,1.3674242424242424
2026-05-08 12:00:00,0.5776,0.4224,1.3674242424242424
2026-05-08 13:00:00,0.5776,0.4224,1.3674242424242424
2026-05-08 14:00:00,0.5776,0.4224,1.3674242424242424
2026-05-08 15:00:00,0.5776,0.4224,1.3674242424242424
2026-05-08 16:00:00,0.5776,0.4224,1.3674242424242424
2026-05-08 17:00:00,0.5776,0.4224,1.3674242424242424
2026-05-08 18:00:00,0.5776,0.4224,1.3674242424242424
2026-05-08 19:00:00,0.5776,0.4224,1.3674242424242424
2026-05-08 20:00:00,0.5776,0.4224,1.3674242424242424
2026-05-08 21:00:00,0.5776,0.4224,1.3674242424242424
2026-05-08 22:00:00,0.5776,0.4224,1.3674242424242424
2026-05-08 23:00:00,0.5776,0.4224,1.3674242424242424
2026-05-09 00:00:00,0.5776,0.4224,1.3674242424242424
2026-05-09 01:00:00,0.5776,0.4224,1.3674242424242424
2026-05-09 02:00:00,0.5776,0.4224,1.3674242424242424
2026-05-09 03:00:00,0.5776,0.4224,1.3674242424242424
2026-05-09 04:00:00,0.5776,0.4224,1.3674242424242424
2026-05-09 05:00:00,0.5776,0.4224,1.3674242424242424
2026-05-09 06:00:00,0.5776,0.4224,1.3674242424242424
2026-05-09 07:00:00,0.5776,0.4224,1.3674242424242424
2026-05-09 08:00:00,0.5776,0.4224,1.3674242424242424
2026-05-09 09:00:00,0.5776,0.4224,1.3674242424242424
2026-05-09 10:00:00,0.5776,0.4224,1.3674242424242424
2026-05-09 11:00:00,0.5776,0.4224,1.3674242424242424
2026-05-09 12:00:00,0.5776,0.4224,1.3674242424242424
2026-05-09 13:00:00,0.5776,0.4224,1.3674242424242424
2026-05-09 14:00:00,0.5776,0.4224,1.3674242424242424
2026-05-09 15:00:00,0.5776,0.4224,1.3674242424242424
2026-05-09 16:00:00,0.5776,0.4224,1.3674242424242424
2026-05-09 17:00:00,0.5776,0.4224,1.3674242424242424
2026-05-09 18:00:00,0.5776,0.4224,1.3674242424242424
2026-05-09 19:00:00,0.5776,0.4224,1.3674242424242424
2026-05-09 20:00:00,0.5776,0.4224,1.3674242424242424
2026-05-09 21:00:00,0.5776,0.4224,1.3674242424242424
2026-05-09 22:00:00,0.5776,0.4224,1.3674242424242424
2026-05-09 23:00:00,0.5776,0.4224,1.3674242424242424
2026-05-10 00:00:00,0.5776,0.4224,1.3674242424242424
2026-05-10 01:00:00,0.5776,0.4224,1.3674242424242424
2026-05-10 02:00:00,0.5776,0.4224,1.3674242424242424
2026-05-10 03:00:00,0.5776,0.4224,1.3674242424242424
2026-05-10 04:00:00,0.5776,0.4224,1.3674242424242424
2026-05-10 05:00:00,0.5776,0.4224,1.3674242424242424
2026-05-10 06:00:00,0.5776,0.4224,1.3674242424242424
2026-05-10 07:00:00,0.5776,0.4224,1.3674242424242424
2026-05-10 08:00:00,0.5776,0.4224,1.3674242424242424
2026-05-10 09:00:00,0.5776,0.4224,1.3674242424242424
2026-05-10 10:00:00,0.5776,0.4224,1.3674242424242424
2026-05-10 11:00:00,0.5776,0.4224,1.3674242424242424
2026-05-10 12:00:00,0.5776,0.4224,1.3674242424242424
2026-05-10 13:00:00,0.5776,0.4224,1.3674242424242424
2026-05-10 14:00:00,0.5776,0.4224,1.3674242424242424
2026-05-10 15:00:00,0.5776,0.4224,1.3674242424242424
2026-05-10 16:00:00,0.5776,0.4224,1.3674242424242424
2026-05-10 17:00:00,0.5776,0.4224,1.3674242424242424
2026-05-10 18:00:00,0.5776,0.4224,1.3674242424242424
2026-05-10 19:00:00,0.5776,0.4224,1.3674242424242424
2026-05-10 20:00:00,0.5776,0.4224,1.3674242424242424
2026-05-10 21:00:00,0.5776,0.4224,1.3674242424242424
2026-05-10 22:00:00,0.5776,0.4224,1.3674242424242424
2026-05-10 23:00:00,0.5776,0.4224,1.3674242424242424
2026-05-11 00:00:00,0.5776,0.4224,1.3674242424242424
2026-05-11 01:00:00,0.5776,0.4224,1.3674242424242424
2026-05-11 02:00:00,0.5776,0.4224,1.3674242424242424
2026-05-11 03:00:00,0.5776,0.4224,1.3674242424242424
2026-05-11 04:00:00,0.5776,0.4224,1.3674242424242424
2026-05-11 05:00:00,0.5776,0.4224,1.3674242424242424
2026-05-11 06:00:00,0.5776,0.4224,1.3674242424242424
2026-05-11 07:00:00,0.5776,0.4224,1.3674242424242424
2026-05-11 08:00:00,0.5776,0.4224,1.3674242424242424
2026-05-11 09:00:00,0.5776,0.4224,1.3674242424242424
2026-05-11 10:00:00,0.5776,0.4224,1.3674242424242424
2026-05-11 11:00:00,0.5776,0.4224,1.3674242424242424
2026-05-11 12:00:00,0.5776,0.4224,1.3674242424242424
2026-05-11 13:00:00,0.5776,0.4224,1.3674242424242424
2026-05-11 14:00:00,0.5776,0.4224,1.3674242424242424
2026-05-11 15:00:00,0.5776,0.4224,1.3674242424242424
2026-05-11 16:00:00,0.5776,0.4224,1.3674242424242424
2026-05-11 17:00:00,0.5776,0.4224,1.3674242424242424
2026-05-11 18:00:00,0.5776,0.4224,1.3674242424242424
2026-05-11 19:00:00,0.5776,0.4224,1.3674242424242424
2026-05-11 20:00:00,0.5776,0.4224,1.3674242424242424
2026-05-11 21:00:00,0.5776,0.4224,1.3674242424242424
2026-05-11 22:00:00,0.5776,0.4224,1.3674242424242424
2026-05-11 23:00:00,0.5776,0.4224,1.3674242424242424
2026-05-12 00:00:00,0.5776,0.4224,1.3674242424242424
2026-05-12 01:00:00,0.5776,0.4224,1.3674242424242424
2026-05-12 02:00:00,0.5776,0.4224,1.3674242424242424
2026-05-12 03:00:00,0.5776,0.4224,1.3674242424242424
2026-05-12 04:00:00,0.5776,0.4224,1.3674242424242424
2026-05-12 05:00:00,0.5776,0.4224,1.3674242424242424
2026-05-12 06:00:00,0.5776,0.4224,1.3674242424242424
2026-05-12 07:00:00,0.5776,0.4224,1.3674242424242424
2026-05-12 08:00:00,0.5776,0.4224,1.3674242424242424
2026-05-12 09:00:00,0.5776,0.4224,1.3674242424242424
2026-05-12 10:00:00,0.5776,0.4224,1.3674242424242424
2026-05-12 11:00:00,0.5776,0.4224,1.3674242424242424
2026-05-12 12:00:00,0.5776,0.4224,1.3674242424242424
2026-05-12 13:00:00,0.5776,0.4224,1.3674242424242424
2026-05-12 14:00:00,0.5776,0.4224,1.3674242424242424
2026-05-12 15:00:00,0.5776,0.4224,1.3674242424242424
2026-05-12 16:00:00,0.5776,0.4224,1.3674242424242424
2026-05-12 17:00:00,0.5776,0.4224,1.3674242424242424
2026-05-12 18:00:00,0.5776,0.4224,1.3674242424242424
2026-05-12 19:00:00,0.5776,0.4224,1.3674242424242424
2026-05-12 20:00:00,0.5776,0.4224,1.3674242424242424
2026-05-12 21:00:00,0.5776,0.4224,1.3674242424242424
2026-05-12 22:00:00,0.5776,0.4224,1.3674242424242424
2026-05-12 23:00:00,0.5776,0.4224,1.3674242424242424
2026-05-13 00:00:00,0.5776,0.4224,1.3674242424242424
2026-05-13 01:00:00,0.5776,0.4224,1.3674242424242424
2026-05-13 02:00:00,0.5776,0.4224,1.3674242424242424
2026-05-13 03:00:00,0.5776,0.4224,1.3674242424242424
2026-05-13 04:00:00,0.5776,0.4224,1.3674242424242424
2026-05-13 05:00:00,0.5776,0.4224,1.3674242424242424
2026-05-13 06:00:00,0.5776,0.4224,1.3674242424242424
2026-05-13 07:00:00,0.5776,0.4224,1.3674242424242424
2026-05-13 08:00:00,0.5776,0.4224,1.3674242424242424
2026-05-13 09:00:00,0.4839,0.5161,0.9376089905057159
2026-05-13 10:00:00,0.4801,0.5199,0.9234468166955184
2026-05-13 11:00:00,0.4795,0.5205,0.9212295869356388
2026-05-13 12:00:00,0.4788,0.5212,0.9186492709132771
2026-05-13 13:00:00,0.482,0.518,0.9305019305019304
2026-05-13 14:00:00,0.483,0.517,0.9342359767891683
2026-05-13 15:00:00,0.4832,0.5168,0.9349845201238389
2026-05-13 16:00:00,0.4857,0.5143,0.9443904335990668
2026-05-13 17:00:00,0.493,0.507,0.9723865877712031
2026-05-13 18:00:00,0.4935,0.5065,0.9743336623889438
2026-05-13 19:00:00,0.5044,0.4956,1.0177562550443906
2026-05-13 20:00:00,0.5027,0.4973,1.0108586366378445
2026-05-13 21:00:00,0.5168,0.4832,1.0695364238410596
2026-05-13 22:00:00,0.5222,0.4778,1.092925910422771
2026-05-13 23:00:00,0.5179,0.4821,1.0742584526031944
2026-05-14 00:00:00,0.5164,0.4836,1.0678246484698097
2026-05-14 01:00:00,0.517,0.483,1.0703933747412009
2026-05-14 02:00:00,0.5155,0.4845,1.0639834881320949
2026-05-14 03:00:00,0.5147,0.4853,1.0605810838656502
2026-05-14 04:00:00,0.5142,0.4858,1.0584602717167557
2026-05-14 05:00:00,0.5163,0.4837,1.067397146991937
2026-05-14 06:00:00,0.5163,0.4837,1.067397146991937
2026-05-14 07:00:00,0.5161,0.4839,1.0665426741062203
2026-05-14 08:00:00,0.5121,0.4879,1.0496003279360524
2026-05-14 09:00:00,0.5144,0.4856,1.0593080724876442
2026-05-14 10:00:00,0.5157,0.4843,1.0648358455502789
2026-05-14 11:00:00,0.5135,0.4865,1.0554984583761562
2026-05-14 12:00:00,0.512,0.488,1.0491803278688525
2026-05-14 13:00:00,0.5112,0.4888,1.0458265139116203
2026-05-14 14:00:00,0.5089,0.4911,1.0362451639177357
2026-05-14 15:00:00,0.5091,0.4909,1.0370747606437156
2026-05-14 16:00:00,0.508,0.492,1.032520325203252
2026-05-14 17:00:00,0.513,0.487,1.053388090349076
2026-05-14 18:00:00,0.5091,0.4909,1.0370747606437156
2026-05-14 19:00:00,0.5001,0.4999,1.0004000800160031
2026-05-14 20:00:00,0.4828,0.5172,0.9334880123743233
2026-05-14 21:00:00,0.4778,0.5222,0.9149751053236308
2026-05-14 22:00:00,0.4713,0.5287,0.8914318138831095
2026-05-14 23:00:00,0.4678,0.5322,0.8789928598271326
2026-05-15 00:00:00,0.4638,0.5362,0.8649757553151809
2026-05-15 01:00:00,0.4623,0.5377,0.859773107680863
2026-05-15 02:00:00,0.4625,0.5375,0.8604651162790699
2026-05-15 03:00:00,0.4629,0.5371,0.861850679575498
2026-05-15 04:00:00,0.4608,0.5392,0.8545994065281899
2026-05-15 05:00:00,0.4636,0.5364,0.8642803877703207
2026-05-15 06:00:00,0.4639,0.5361,0.8653236336504383
2026-05-15 07:00:00,0.4643,0.5357,0.8667164457718873
2026-05-15 08:00:00,0.4654,0.5346,0.8705574261129817
2026-05-15 09:00:00,0.4661,0.5339,0.8730099269526128
2026-05-15 10:00:00,0.4769,0.5231,0.9116803670426304
2026-05-15 11:00:00,0.4841,0.5159,0.9383601473153711
2026-05-15 12:00:00,0.4864,0.5136,0.9470404984423677
2026-05-15 13:00:00,0.487,0.513,0.949317738791423
2026-05-15 14:00:00,0.487,0.513,0.949317738791423
2026-05-15 15:00:00,0.4925,0.5075,0.9704433497536946
2026-05-15 16:00:00,0.4953,0.5047,0.9813750743015652
2026-05-15 17:00:00,0.4937,0.5063,0.9751135690302194
2026-05-15 18:00:00,0.5114,0.4886,1.0466639377814162
2026-05-15 19:00:00,0.5243,0.4757,1.1021652301870926
2026-05-15 20:00:00,0.5273,0.4727,1.1155066638459912
2026-05-15 21:00:00,0.5303,0.4697,1.1290185224611453
2026-05-15 22:00:00,0.5328,0.4672,1.1404109589041096
2026-05-15 23:00:00,0.5316,0.4684,1.134927412467976
2026-05-16 00:00:00,0.5302,0.4698,1.1285653469561516
2026-05-16 01:00:00,0.5304,0.4696,1.129471890971039
2026-05-16 02:00:00,0.5305,0.4695,1.1299254526091587
2026-05-16 03:00:00,0.532,0.468,1.1367521367521367
2026-05-16 04:00:00,0.5327,0.4673,1.139952921035737
2026-05-16 05:00:00,0.5341,0.4659,1.1463833440652502
2026-05-16 06:00:00,0.5337,0.4663,1.1445421402530558
2026-05-16 07:00:00,0.5343,0.4657,1.1473051320592655
2026-05-16 08:00:00,0.535,0.465,1.1505376344086022
2026-05-16 09:00:00,0.5333,0.4667,1.1427040925648169
2026-05-16 10:00:00,0.5334,0.4666,1.143163309044149
2026-05-16 11:00:00,0.5238,0.4762,1.0999580008399832
2026-05-16 12:00:00,0.5249,0.4751,1.1048200378867608
2026-05-16 13:00:00,0.5276,0.4724,1.1168501270110076
2026-05-16 14:00:00,0.5274,0.4726,1.1159542953872195
2026-05-16 15:00:00,0.5288,0.4712,1.1222410865874364
2026-05-16 16:00:00,0.5336,0.4664,1.1440823327615781
2026-05-16 17:00:00,0.5353,0.4647,1.151925973746503
2026-05-16 18:00:00,0.5369,0.4631,1.1593608291945585
2026-05-16 19:00:00,0.5426,0.4574,1.1862702229995628
2026-05-16 20:00:00,0.5453,0.4547,1.1992522542335606
2026-05-16 21:00:00,0.5464,0.4536,1.2045855379188712
2026-05-16 22:00:00,0.547,0.453,1.2075055187637969
2026-05-16 23:00:00,0.5466,0.4534,1.2055580061755622
2026-05-17 00:00:00,0.5469,0.4531,1.2070183182520415
2026-05-17 01:00:00,0.5475,0.4525,1.2099447513812154
2026-05-17 02:00:00,0.5472,0.4528,1.2084805653710249
2026-05-17 03:00:00,0.546,0.454,1.2026431718061674
2026-05-17 04:00:00,0.5448,0.4552,1.196836555360281
2026-05-17 05:00:00,0.5401,0.4599,1.1743857360295717
2026-05-17 06:00:00,0.5393,0.4607,1.1706099413935316
2026-05-17 07:00:00,0.5397,0.4603,1.1724961981316533
2026-05-17 08:00:00,0.5421,0.4579,1.1838829438742084
2026-05-17 09:00:00,0.5445,0.4555,1.1953896816684961
2026-05-17 10:00:00,0.5455,0.4545,1.2002200220022001
2026-05-17 11:00:00,0.5452,0.4548,1.1987686895338612
2026-05-17 12:00:00,0.5459,0.4541,1.2021581149526537
2026-05-17 13:00:00,0.5446,0.4554,1.1958717610891523
2026-05-17 14:00:00,0.5465,0.4535,1.2050716648291069
2026-05-17 15:00:00,0.5544,0.4456,1.244165170556553
2026-05-17 16:00:00,0.556,0.444,1.2522522522522523
2026-05-17 17:00:00,0.5582,0.4418,1.2634676324128564
2026-05-17 18:00:00,0.5561,0.4439,1.2527596305474207
2026-05-17 19:00:00,0.554,0.446,1.242152466367713
2026-05-17 20:00:00,0.5547,0.4453,1.2456770716370986
2026-05-17 21:00:00,0.556,0.444,1.2522522522522523
2026-05-17 22:00:00,0.5553,0.4447,1.2487069934787498
2026-05-17 23:00:00,0.5571,0.4429,1.2578460149017838
2026-05-18 00:00:00,0.5583,0.4417,1.2639800769753227
2026-05-18 01:00:00,0.5584,0.4416,1.2644927536231885
2026-05-18 02:00:00,0.559,0.441,1.2675736961451247
2026-05-18 03:00:00,0.5575,0.4425,1.2598870056497176
2026-05-18 04:00:00,0.5409,0.4591,1.1781746896101069
2026-05-18 05:00:00,0.5412,0.4588,1.1795989537925022
2026-05-18 06:00:00,0.5434,0.4566,1.190100744634253
2026-05-18 07:00:00,0.5444,0.4556,1.1949078138718174
2026-05-18 08:00:00,0.5474,0.4526,1.209456473707468
2026-05-18 09:00:00,0.551,0.449,1.2271714922049
2026-05-18 10:00:00,0.5532,0.4468,1.2381378692927485
2026-05-18 11:00:00,0.5546,0.4454,1.2451728783116298
2026-05-18 12:00:00,0.556,0.444,1.2522522522522523
2026-05-18 13:00:00,0.5593,0.4407,1.269117313365101
2026-05-18 14:00:00,0.5595,0.4405,1.2701475595913734
2026-05-18 15:00:00,0.5589,0.4411,1.2670596236681024
2026-05-18 16:00:00,0.5636,0.4364,1.29147571035747
2026-05-18 17:00:00,0.5662,0.4338,1.3052097740894422
2026-05-18 18:00:00,0.5621,0.4379,1.2836263987211693
2026-05-18 19:00:00,0.5548,0.4452,1.2461814914645102
2026-05-18 20:00:00,0.5652,0.4348,1.299908003679853
2026-05-18 21:00:00,0.5679,0.4321,1.3142791020597084
2026-05-18 22:00:00,0.5701,0.4299,1.3261223540358225
2026-05-18 23:00:00,0.566,0.434,1.3041474654377878
2026-05-19 00:00:00,0.5705,0.4295,1.3282887077997672
2026-05-19 01:00:00,0.569,0.431,1.3201856148491877
2026-05-19 02:00:00,0.5695,0.4305,1.3228803716608595
2026-05-19 03:00:00,0.5689,0.4311,1.3196474135931338
2026-05-19 04:00:00,0.5678,0.4322,1.3137436372049978
2026-05-19 05:00:00,0.5688,0.4312,1.3191094619666046
2026-05-19 06:00:00,0.5658,0.4342,1.3030861354214647
2026-05-19 07:00:00,0.5651,0.4349,1.2993791676247415
2026-05-19 08:00:00,0.5661,0.4339,1.3046784973496197
2026-05-19 09:00:00,0.5665,0.4335,1.306805074971165
2026-05-19 10:00:00,0.5672,0.4328,1.310536044362292
2026-05-19 11:00:00,0.5695,0.4305,1.3228803716608595
2026-05-19 12:00:00,0.5714,0.4286,1.333177788147457
2026-05-19 13:00:00,0.57,0.43,1.3255813953488371
2026-05-19 14:00:00,0.5681,0.4319,1.31535077564251
2026-05-19 15:00:00,0.5701,0.4299,1.3261223540358225
2026-05-19 16:00:00,0.5693,0.4307,1.3218017181332713
2026-05-19 17:00:00,0.5696,0.4304,1.3234200743494424
2026-05-19 18:00:00,0.5662,0.4338,1.3052097740894422
2026-05-19 19:00:00,0.5654,0.4346,1.300966405890474
2026-05-19 20:00:00,0.5669,0.4331,1.3089355806972984
2026-05-19 21:00:00,0.5693,0.4307,1.3218017181332713
2026-05-19 22:00:00,0.5662,0.4338,1.3052097740894422
2026-05-19 23:00:00,0.5655,0.4345,1.3014959723820483
2026-05-20 00:00:00,0.5669,0.4331,1.3089355806972984
2026-05-20 01:00:00,0.5672,0.4328,1.310536044362292
2026-05-20 02:00:00,0.5684,0.4316,1.3169601482854496
2026-05-20 03:00:00,0.5665,0.4335,1.306805074971165
2026-05-20 04:00:00,0.5658,0.4342,1.3030861354214647
2026-05-20 05:00:00,0.567,0.433,1.3094688221709005
2026-05-20 06:00:00,0.5667,0.4333,1.3078698361412415
2026-05-20 07:00:00,0.5678,0.4322,1.3137436372049978
2026-05-20 08:00:00,0.568,0.432,1.3148148148148147
2026-05-20 09:00:00,0.5687,0.4313,1.3185717597959656
2026-05-20 10:00:00,0.5691,0.4309,1.3207240659085635
2026-05-20 11:00:00,0.5718,0.4282,1.335357309668379
2026-05-20 12:00:00,0.5706,0.4294,1.328830926874709
2026-05-20 13:00:00,0.5712,0.4288,1.332089552238806
2026-05-20 14:00:00,0.57,0.43,1.3255813953488371
2026-05-20 15:00:00,0.5697,0.4303,1.3239600278875203
2026-05-20 16:00:00,0.566,0.434,1.3041474654377878
2026-05-20 17:00:00,0.5697,0.4303,1.3239600278875203
2026-05-20 18:00:00,0.5675,0.4325,1.3121387283236994
2026-05-20 19:00:00,0.5699,0.4301,1.3250406882120436
2026-05-20 20:00:00,0.5716,0.4284,1.334267040149393
2026-05-20 21:00:00,0.5689,0.4311,1.3196474135931338
2026-05-20 22:00:00,0.5684,0.4316,1.3169601482854496
2026-05-20 23:00:00,0.5676,0.4324,1.312673450508788
2026-05-21 00:00:00,0.5673,0.4327,1.3110700254217704
2026-05-21 01:00:00,0.5674,0.4326,1.3116042533518262
2026-05-21 02:00:00,0.5664,0.4336,1.3062730627306274
2026-05-21 03:00:00,0.567,0.433,1.3094688221709005
2026-05-21 04:00:00,0.5667,0.4333,1.3078698361412415
2026-05-21 05:00:00,0.5705,0.4295,1.3282887077997672
2026-05-21 06:00:00,0.5686,0.4314,1.3180343069077423
2026-05-21 07:00:00,0.5661,0.4339,1.3046784973496197
2026-05-21 08:00:00,0.5657,0.4343,1.3025558369790466
2026-05-21 09:00:00,0.5645,0.4355,1.296211251435132
2026-05-21 10:00:00,0.5623,0.4377,1.2846698652044781
2026-05-21 11:00:00,0.5623,0.4377,1.2846698652044781
2026-05-21 12:00:00,0.5649,0.4351,1.2983222247759136
2026-05-21 13:00:00,0.5626,0.4374,1.2862368541380886
2026-05-21 14:00:00,0.5632,0.4368,1.2893772893772895
2026-05-21 15:00:00,0.5632,0.4368,1.2893772893772895
2026-05-21 16:00:00,0.5646,0.4354,1.2967386311437759
2026-05-21 17:00:00,0.5651,0.4349,1.2993791676247415
2026-05-21 18:00:00,0.5664,0.4336,1.3062730627306274
2026-05-21 19:00:00,0.565,0.435,1.2988505747126435
2026-05-21 20:00:00,0.568,0.432,1.3148148148148147
2026-05-21 21:00:00,0.5685,0.4315,1.3174971031286211
2026-05-21 22:00:00,0.558,0.442,1.2624434389140273
2026-05-21 23:00:00,0.5634,0.4366,1.2904260192395787
2026-05-22 00:00:00,0.5637,0.4363,1.2920009168003666
2026-05-22 01:00:00,0.5639,0.4361,1.2930520522815867
2026-05-22 02:00:00,0.5621,0.4379,1.2836263987211693
2026-05-22 03:00:00,0.5607,0.4393,1.276348736626451
2026-05-22 04:00:00,0.5614,0.4386,1.279981760145919
2026-05-22 05:00:00,0.5605,0.4395,1.2753128555176336
2026-05-22 06:00:00,0.5607,0.4393,1.276348736626451
2026-05-22 07:00:00,0.5608,0.4392,1.2768670309653916
2026-05-22 08:00:00,0.5607,0.4393,1.276348736626451
2026-05-22 09:00:00,0.5607,0.4393,1.276348736626451
2026-05-22 10:00:00,0.5614,0.4386,1.279981760145919
2026-05-22 11:00:00,0.5623,0.4377,1.2846698652044781
2026-05-22 12:00:00,0.5635,0.4365,1.290950744558992
2026-05-22 13:00:00,0.5631,0.4369,1.2888532845044633
2026-05-22 14:00:00,0.5628,0.4372,1.2872827081427265
2026-05-22 15:00:00,0.563,0.437,1.2883295194508009
2026-05-22 16:00:00,0.5646,0.4354,1.2967386311437759
2026-05-22 17:00:00,0.5656,0.4344,1.302025782688766
2026-05-22 18:00:00,0.5647,0.4353,1.297266253158741
2026-05-22 19:00:00,0.5657,0.4343,1.3025558369790466
2026-05-22 20:00:00,0.5666,0.4334,1.3073373327180433
2026-05-22 21:00:00,0.5683,0.4317,1.3164234422052352
2026-05-22 22:00:00,0.5677,0.4323,1.313208420078649
2026-05-22 23:00:00,0.558,0.442,1.2624434389140273
2026-05-23 00:00:00,0.5633,0.4367,1.289901534234028
2026-05-23 01:00:00,0.566,0.434,1.3041474654377878
2026-05-23 02:00:00,0.5682,0.4318,1.315886984715146
2026-05-23 03:00:00,0.5675,0.4325,1.3121387283236994
2026-05-23 04:00:00,0.5665,0.4335,1.306805074971165
2026-05-23 05:00:00,0.5651,0.4349,1.2993791676247415
2026-05-23 06:00:00,0.5671,0.4329,1.3100023100023102
2026-05-23 07:00:00,0.5691,0.4309,1.3207240659085635
2026-05-23 08:00:00,0.5717,0.4283,1.3348120476301657
2026-05-23 09:00:00,0.5715,0.4285,1.3337222870478413
2026-05-23 10:00:00,0.5708,0.4292,1.329916123019571
2026-05-23 11:00:00,0.5698,0.4302,1.324500232450023
2026-05-23 12:00:00,0.5673,0.4327,1.3110700254217704
2026-05-23 13:00:00,0.5711,0.4289,1.3315458148752624
2026-05-23 14:00:00,0.5739,0.4261,1.346866932644919
2026-05-23 15:00:00,0.5758,0.4242,1.3573785950023574
2026-05-23 16:00:00,0.5759,0.4241,1.357934449422306
2026-05-23 17:00:00,0.573,0.427,1.3419203747072599
2026-05-23 18:00:00,0.5763,0.4237,1.3601604909133822
2026-05-23 19:00:00,0.5741,0.4259,1.3479690068091101
2026-05-23 20:00:00,0.5679,0.4321,1.3142791020597084
2026-05-23 21:00:00,0.5654,0.4346,1.300966405890474
2026-05-23 22:00:00,0.5631,0.4369,1.2888532845044633
2026-05-23 23:00:00,0.5686,0.4314,1.3180343069077423
2026-05-24 00:00:00,0.5678,0.4322,1.3137436372049978
2026-05-24 01:00:00,0.5638,0.4362,1.2925263640531865
2026-05-24 02:00:00,0.558,0.442,1.2624434389140273
2026-05-24 03:00:00,0.5552,0.4448,1.248201438848921
2026-05-24 04:00:00,0.5554,0.4446,1.2492127755285651
2026-05-24 05:00:00,0.5541,0.4459,1.2426553038797936
2026-05-24 06:00:00,0.5539,0.4461,1.2416498542927594
2026-05-24 07:00:00,0.5525,0.4475,1.2346368715083798
2026-05-24 08:00:00,0.5519,0.4481,1.231644722160232
2026-05-24 09:00:00,0.5504,0.4496,1.2241992882562278
2026-05-24 10:00:00,0.547,0.453,1.2075055187637969
2026-05-24 11:00:00,0.5477,0.4523,1.2109219544550076
2026-05-24 12:00:00,0.5463,0.4537,1.2040996253030638
2026-05-24 13:00:00,0.5466,0.4534,1.2055580061755622
2026-05-24 14:00:00,0.5481,0.4519,1.212878955521133
2026-05-24 15:00:00,0.5474,0.4526,1.209456473707468
2026-05-24 16:00:00,0.5474,0.4526,1.209456473707468
2026-05-24 17:00:00,0.5423,0.4577,1.184837229626393
2026-05-24 18:00:00,0.5358,0.4642,1.154243860404998
2026-05-24 19:00:00,0.5423,0.4577,1.184837229626393
2026-05-24 20:00:00,0.5421,0.4579,1.1838829438742084
2026-05-24 21:00:00,0.5412,0.4588,1.1795989537925022
2026-05-24 22:00:00,0.542,0.458,1.1834061135371179
2026-05-24 23:00:00,0.5404,0.4596,1.1758050478677111
2026-05-25 00:00:00,0.5402,0.4598,1.174858634188778
2026-05-25 01:00:00,0.54,0.46,1.173913043478261
2026-05-25 02:00:00,0.5363,0.4637,1.1565667457407807
2026-05-25 03:00:00,0.5366,0.4634,1.1579628830384117
2026-05-25 04:00:00,0.5399,0.4601,1.1734405564007826
2026-05-25 05:00:00,0.5397,0.4603,1.1724961981316533
2026-05-25 06:00:00,0.5379,0.4621,1.1640337589266394
2026-05-25 07:00:00,0.5412,0.4588,1.1795989537925022
2026-05-25 08:00:00,0.5396,0.4604,1.1720243266724588
2026-05-25 09:00:00,0.5386,0.4614,1.1673168617251841
2026-05-25 10:00:00,0.5375,0.4625,1.162162162162162
2026-05-25 11:00:00,0.537,0.463,1.1598272138228942
2026-05-25 12:00:00,0.5359,0.4641,1.1547080370609784
2026-05-25 13:00:00,0.5345,0.4655,1.1482277121374864
2026-05-25 14:00:00,0.5378,0.4622,1.1635655560363478
2026-05-25 15:00:00,0.5358,0.4642,1.154243860404998
2026-05-25 16:00:00,0.5328,0.4672,1.1404109589041096
2026-05-25 17:00:00,0.5315,0.4685,1.134471718249733
2026-05-25 18:00:00,0.5294,0.4706,1.1249468763280916
2026-05-25 19:00:00,0.534,0.466,1.145922746781116
2026-05-25 20:00:00,0.5332,0.4668,1.1422450728363325
2026-05-25 21:00:00,0.5325,0.4675,1.13903743315508
2026-05-25 22:00:00,0.5307,0.4693,1.1308331557639035
2026-05-25 23:00:00,0.5308,0.4692,1.1312872975277068
2026-05-26 00:00:00,0.5286,0.4714,1.1213406873143827
2026-05-26 01:00:00,0.5264,0.4736,1.1114864864864864
2026-05-26 02:00:00,0.5257,0.4743,1.108370229812355
2026-05-26 03:00:00,0.5246,0.4754,1.1034917963819941
2026-05-26 04:00:00,0.5247,0.4753,1.103934357248054
2026-05-26 05:00:00,0.5279,0.4721,1.1181952976064393
2026-05-26 06:00:00,0.5258,0.4742,1.1088148460565164
2026-05-26 07:00:00,0.527,0.473,1.1141649048625795
2026-05-26 08:00:00,0.5298,0.4702,1.126754572522331
2026-05-26 09:00:00,0.5331,0.4669,1.1417862497322768
2026-05-26 10:00:00,0.5366,0.4634,1.1579628830384117
2026-05-26 11:00:00,0.5342,0.4658,1.1468441391155002
2026-05-26 12:00:00,0.5332,0.4668,1.1422450728363325
2026-05-26 13:00:00,0.5341,0.4659,1.1463833440652502
2026-05-26 14:00:00,0.5326,0.4674,1.1394950791613179
2026-05-26 15:00:00,0.5341,0.4659,1.1463833440652502
2026-05-26 16:00:00,0.5297,0.4703,1.1263023601956197
2026-05-26 17:00:00,0.5374,0.4626,1.1616947686986596
2026-05-26 18:00:00,0.5397,0.4603,1.1724961981316533
2026-05-26 19:00:00,0.5473,0.4527,1.208968411751712
2026-05-26 20:00:00,0.5446,0.4554,1.1958717610891523
2026-05-26 21:00:00,0.5448,0.4552,1.196836555360281
2026-05-26 22:00:00,0.5427,0.4573,1.1867483052700634
2026-05-26 23:00:00,0.545,0.455,1.1978021978021978
2026-05-27 00:00:00,0.5495,0.4505,1.2197558268590454
2026-05-27 01:00:00,0.5516,0.4484,1.2301516503122212
2026-05-27 02:00:00,0.5518,0.4482,1.2311468094600624
2026-05-27 03:00:00,0.5502,0.4498,1.223210315695865
2026-05-27 04:00:00,0.5523,0.4477,1.233638597274961
2026-05-27 05:00:00,0.5546,0.4454,1.2451728783116298
2026-05-27 06:00:00,0.5558,0.4442,1.2512381809995496
2026-05-27 07:00:00,0.556,0.444,1.2522522522522523
2026-05-27 08:00:00,0.5561,0.4439,1.2527596305474207
2026-05-27 09:00:00,0.5586,0.4414,1.2655188038060716
2026-05-27 10:00:00,0.5627,0.4373,1.28675966155957
2026-05-27 11:00:00,0.5668,0.4332,1.3084025854108956
2026-05-27 12:00:00,0.5685,0.4315,1.3174971031286211
2026-05-27 13:00:00,0.5696,0.4304,1.3234200743494424
2026-05-27 14:00:00,0.5704,0.4296,1.3277467411545625
2026-05-27 15:00:00,0.5714,0.4286,1.333177788147457
2026-05-27 16:00:00,0.5707,0.4293,1.3293733985557885
2026-05-27 17:00:00,0.5723,0.4277,1.3380874444704232
2026-05-27 18:00:00,0.5737,0.4263,1.345765892563922
2026-05-27 19:00:00,0.5771,0.4229,1.3646252069047056
2026-05-27 20:00:00,0.5789,0.4211,1.3747328425552126
2026-05-27 21:00:00,0.5785,0.4215,1.372479240806643
2026-05-27 22:00:00,0.5748,0.4252,1.3518344308560677
2026-05-27 23:00:00,0.5769,0.4231,1.363507445048452
2026-05-28 00:00:00,0.5773,0.4227,1.3657440264963332
2026-05-28 01:00:00,0.5783,0.4217,1.3713540431586435
2026-05-28 02:00:00,0.5746,0.4254,1.3507287259050305
2026-05-28 03:00:00,0.5786,0.4214,1.3730422401518747
2026-05-28 04:00:00,0.5788,0.4212,1.3741690408357075
2026-05-28 05:00:00,0.5807,0.4193,1.3849272597185784
2026-05-28 06:00:00,0.5786,0.4214,1.3730422401518747
2026-05-28 07:00:00,0.5785,0.4215,1.372479240806643
2026-05-28 08:00:00,0.5746,0.4254,1.3507287259050305
2026-05-28 09:00:00,0.5824,0.4176,1.3946360153256705
2026-05-28 10:00:00,0.5843,0.4157,1.4055809477988934
2026-05-28 11:00:00,0.5885,0.4115,1.4301336573511545
2026-05-28 12:00:00,0.5968,0.4032,1.4801587301587302
2026-05-28 13:00:00,0.5962,0.4038,1.4764735017335313
2026-05-28 14:00:00,0.6003,0.3997,1.5018764073054789
2026-05-28 15:00:00,0.5992,0.4008,1.4950099800399201
2026-05-28 16:00:00,0.5973,0.4027,1.4832381425378696
2026-05-28 17:00:00,0.5964,0.4036,1.4777006937561943
2026-05-28 18:00:00,0.592,0.408,1.4509803921568627
2026-05-28 19:00:00,0.5959,0.4041,1.4746349913387775
2026-05-28 20:00:00,0.5992,0.4008,1.4950099800399201
2026-05-28 21:00:00,0.6019,0.3981,1.5119316754584275
2026-05-28 22:00:00,0.6031,0.3969,1.5195263290501386
2026-05-28 23:00:00,0.6025,0.3975,1.5157232704402517
2026-05-29 00:00:00,0.5981,0.4019,1.488181139586962
2026-05-29 01:00:00,0.598,0.402,1.4875621890547261
2026-05-29 02:00:00,0.6022,0.3978,1.513826043237808
2026-05-29 03:00:00,0.5998,0.4002,1.498750624687656
2026-05-29 04:00:00,0.5994,0.4006,1.4962556165751373
2026-05-29 05:00:00,0.5993,0.4007,1.4956326428749689
2026-05-29 06:00:00,0.5981,0.4019,1.488181139586962
2026-05-29 07:00:00,0.5918,0.4082,1.449779519843214
2026-05-29 08:00:00,0.5915,0.4085,1.447980416156671
2026-05-29 09:00:00,0.5921,0.4079,1.4515812699190977
2026-05-29 10:00:00,0.592,0.408,1.4509803921568627
2026-05-29 11:00:00,0.5917,0.4083,1.4491795248591721
2026-05-29 12:00:00,0.5915,0.4085,1.447980416156671
2026-05-29 13:00:00,0.5904,0.4096,1.44140625
2026-05-29 14:00:00,0.5901,0.4099,1.439619419370578
2026-05-29 15:00:00,0.5902,0.4098,1.4402147388970228
2026-05-29 16:00:00,0.5891,0.4109,1.433682161109759
2026-05-29 17:00:00,0.5885,0.4115,1.4301336573511545
2026-05-29 18:00:00,0.5882,0.4118,1.4283632831471587
2026-05-29 19:00:00,0.5896,0.4104,1.4366471734892787
2026-05-29 20:00:00,0.5848,0.4152,1.4084778420038535
2026-05-29 21:00:00,0.5823,0.4177,1.3940627244433805
2026-05-29 22:00:00,0.581,0.419,1.3866348448687351
2026-05-29 23:00:00,0.5802,0.4198,1.3820867079561696
2026-05-30 00:00:00,0.5799,0.4201,1.3803856224708404
2026-05-30 01:00:00,0.5806,0.4194,1.3843586075345733
2026-05-30 02:00:00,0.5803,0.4197,1.382654276864427
2026-05-30 03:00:00,0.5801,0.4199,1.3815194093831864
2026-05-30 04:00:00,0.5801,0.4199,1.3815194093831864
2026-05-30 05:00:00,0.5814,0.4186,1.3889154323936932
2026-05-30 06:00:00,0.5823,0.4177,1.3940627244433805
2026-05-30 07:00:00,0.5835,0.4165,1.4009603841536615
2026-05-30 08:00:00,0.5826,0.4174,1.3957834211787254
2026-05-30 09:00:00,0.5829,0.4171,1.397506593143131
2026-05-30 10:00:00,0.5834,0.4166,1.400384061449832
2026-05-30 11:00:00,0.5825,0.4175,1.3952095808383234
2026-05-30 12:00:00,0.5815,0.4185,1.3894862604540026
2026-05-30 13:00:00,0.5822,0.4178,1.3934897079942556
2026-05-30 14:00:00,0.5828,0.4172,1.3969319271332694
2026-05-30 15:00:00,0.5824,0.4176,1.3946360153256705
2026-05-30 16:00:00,0.5823,0.4177,1.3940627244433805
2026-05-30 17:00:00,0.5828,0.4172,1.3969319271332694
2026-05-30 18:00:00,0.5828,0.4172,1.3969319271332694
2026-05-30 19:00:00,0.5822,0.4178,1.3934897079942556
2026-05-30 20:00:00,0.5797,0.4203,1.3792529145848202
2026-05-30 21:00:00,0.5797,0.4203,1.3792529145848202
2026-05-30 22:00:00,0.5789,0.4211,1.3747328425552126
2026-05-30 23:00:00,0.579,0.421,1.3752969121140142
2026-05-31 00:00:00,0.5783,0.4217,1.3713540431586435
2026-05-31 01:00:00,0.5762,0.4238,1.3596035865974516
2026-05-31 02:00:00,0.5761,0.4239,1.359046945034206
2026-05-31 03:00:00,0.5745,0.4255,1.3501762632197416
2026-05-31 04:00:00,0.5743,0.4257,1.349072116513977
2026-05-31 05:00:00,0.5744,0.4256,1.3496240601503762
2026-05-31 06:00:00,0.5752,0.4248,1.3540489642184559
2026-05-31 07:00:00,0.5752,0.4248,1.3540489642184559
2026-05-31 08:00:00,0.5772,0.4228,1.3651844843897825
2026-05-31 09:00:00,0.5767,0.4233,1.3623907394283015
2026-05-31 10:00:00,0.5761,0.4239,1.359046945034206
2026-05-31 11:00:00,0.5758,0.4242,1.3573785950023574
2026-05-31 12:00:00,0.5738,0.4262,1.3463162834350069
2026-05-31 13:00:00,0.574,0.426,1.3474178403755868
2026-05-31 14:00:00,0.5744,0.4256,1.3496240601503762
2026-05-31 15:00:00,0.5727,0.4273,1.3402761525860052
2026-05-31 16:00:00,0.574,0.426,1.3474178403755868
2026-05-31 17:00:00,0.5742,0.4258,1.3485204321277595
2026-05-31 18:00:00,0.5739,0.4261,1.346866932644919
2026-05-31 19:00:00,0.5713,0.4287,1.3326335432703522
2026-05-31 20:00:00,0.5709,0.4291,1.3304591004427873
2026-05-31 21:00:00,0.5682,0.4318,1.315886984715146
2026-05-31 22:00:00,0.5696,0.4304,1.3234200743494424
2026-05-31 23:00:00,0.569,0.431,1.3201856148491877
2026-06-01 00:00:00,0.5683,0.4317,1.3164234422052352
2026-06-01 01:00:00,0.5696,0.4304,1.3234200743494424
2026-06-01 02:00:00,0.5721,0.4279,1.3369946249123628
2026-06-01 03:00:00,0.5735,0.4265,1.3446658851113718
2026-06-01 04:00:00,0.5757,0.4243,1.3568230025925052
2026-06-01 05:00:00,0.5753,0.4247,1.3546032493524842
2026-06-01 06:00:00,0.5732,0.4268,1.3430178069353327
2026-06-01 07:00:00,0.5735,0.4265,1.3446658851113718
2026-06-01 08:00:00,0.5718,0.4282,1.335357309668379
2026-06-01 09:00:00,0.5743,0.4257,1.349072116513977
2026-06-01 10:00:00,0.5752,0.4248,1.3540489642184559
2026-06-01 11:00:00,0.5741,0.4259,1.3479690068091101
2026-06-01 12:00:00,0.5779,0.4221,1.369106846718787
2026-06-01 13:00:00,0.5823,0.4177,1.3940627244433805
2026-06-01 14:00:00,0.5858,0.4142,1.4142926122646065
2026-06-01 15:00:00,0.5861,0.4139,1.4160425223483932
2026-06-01 16:00:00,0.5791,0.4209,1.3758612497030172
2026-06-01 17:00:00,0.5844,0.4156,1.4061597690086622
2026-06-01 18:00:00,0.588,0.412,1.4271844660194175
2026-06-01 19:00:00,0.5944,0.4056,1.4654832347140039
2026-06-01 20:00:00,0.596,0.404,1.475247524752475
2026-06-01 21:00:00,0.606,0.394,1.5380710659898476
2026-06-01 22:00:00,0.6068,0.3932,1.54323499491353
2026-06-01 23:00:00,0.6057,0.3943,1.5361399949277201
2026-06-02 00:00:00,0.6063,0.3937,1.54000508001016
2026-06-02 01:00:00,0.6071,0.3929,1.5451768897938405
2026-06-02 02:00:00,0.6066,0.3934,1.541942043721403
2026-06-02 03:00:00,0.61,0.39,1.564102564102564
2026-06-02 04:00:00,0.6103,0.3897,1.5660764690787785
2026-06-02 05:00:00,0.6076,0.3924,1.54841997961264
2026-06-02 06:00:00,0.6042,0.3958,1.5265285497726124
2026-06-02 07:00:00,0.5998,0.4002,1.498750624687656
2026-06-02 08:00:00,0.6017,0.3983,1.5106703489831785
2026-06-02 09:00:00,0.6034,0.3966,1.5214321734745335
2026-06-02 10:00:00,0.6011,0.3989,1.5068939583855603
2026-06-02 11:00:00,0.6002,0.3998,1.5012506253126563
2026-06-02 12:00:00,0.6009,0.3991,1.505637684790779
2026-06-02 13:00:00,0.5972,0.4028,1.4826216484607746
2026-06-02 14:00:00,0.5932,0.4068,1.4582104228121926
2026-06-02 15:00:00,0.5974,0.4026,1.4838549428713363
2026-06-02 16:00:00,0.598,0.402,1.4875621890547261
2026-06-02 17:00:00,0.5921,0.4079,1.4515812699190977
2026-06-02 18:00:00,0.591,0.409,1.4449877750611246
2026-06-02 19:00:00,0.6017,0.3983,1.5106703489831785
2026-06-02 20:00:00,0.5976,0.4024,1.4850894632206761
2026-06-02 21:00:00,0.6076,0.3924,1.54841997961264
2026-06-02 22:00:00,0.6128,0.3872,1.5826446280991737
2026-06-02 23:00:00,0.6112,0.3888,1.5720164609053497
2026-06-03 00:00:00,0.606,0.394,1.5380710659898476
2026-06-03 01:00:00,0.6117,0.3883,1.5753283543651817
2026-06-03 02:00:00,0.6193,0.3807,1.6267402153926975
2026-06-03 03:00:00,0.613,0.387,1.5839793281653747
2026-06-03 04:00:00,0.612,0.388,1.577319587628866
2026-06-03 05:00:00,0.6138,0.3862,1.589331952356292
2026-06-03 06:00:00,0.6129,0.3871,1.5833118057349522
2026-06-03 07:00:00,0.6139,0.3861,1.59000259000259
2026-06-03 08:00:00,0.6105,0.3895,1.5673940949935816
2026-06-03 09:00:00,0.6113,0.3887,1.572678157962439
2026-06-03 10:00:00,0.6208,0.3792,1.637130801687764
2026-06-03 11:00:00,0.6249,0.3751,1.6659557451346307
2026-06-03 12:00:00,0.6275,0.3725,1.6845637583892616
2026-06-03 13:00:00,0.6235,0.3765,1.656042496679947
2026-06-03 14:00:00,0.6201,0.3799,1.6322716504343247
2026-06-03 15:00:00,0.6238,0.3762,1.658160552897395
